tree
version=v4
num_class=1
num_tree_per_iteration=1
label_index=0
max_feature_idx=17
objective=binary sigmoid:1
feature_names=p1 rk_s1 gap_s1 rk_o gap_o max_o_other sum_s1 sum_o nsort aset ajac akey_eq a_exact anum_first_eq w ncore_eq sk_r sk_set
feature_infos=[1.0843643138969128e-07:0.99999719858169556] [1:60] [-0.9999968409538269:0] [1:105] [-0.99999558925628662:0] [2.3280627203803306e-07:0.99999737739562988] [0:15.35551643371582] [0:36.961750030517578] [0:100] [0:100] [0:1] [0:1] [0:1] [0:1] [1:73] [0:1] [0:100] [0:100]
tree_sizes=3393 3439 3437 3442 3439 3463 3460 3467 3428 3465 3476 3447 3458 3492 3462 3466 3461 3464 3474 3476 3484 3497 3487 3477 3489 3471 3506 3469 3486 3467 3468 3480 3470 3471 3496 3479 3488 3454 3483 3507 3489 3490 3502 3496 3495 3496 3465 3474 3475 3486 3485 3479 3484 3503 3498 3458 3480 3505 3507 3491 3467 3493 3494 3492 3530 3495 3507 3480 3490 3511 3504 3489 3507 3527 3502 3499 3501 3481 3500 3506 3491 3530 3495 3507 3508 3517 3511 3531 3529 3486 3524 3520 3545 3506 3497 3511 3532 3500 3477 3514 3538 3516 3520 3535 3521 3495 3478 3540 3504 3525 3546 3523 3521 3520 3506 3482 3478 3507 3527 3496 3497 3479 3501 3512 3519 3511 3500 3502 3518 3497 3519 3469 3501 3510 3517 3520 3504 3535 3514 3507 3504 3530 3523 3517 3518 3519 3488 3489 3513 3455 3513 3509 3498 3484 3486 3455 3552 3511 3511 3479 3566 3498 3554 3520 3523 3445 3535 3589 3467 3512 3498 3482 3541 3499 3503 3467 3536 3562 3507 3535 3502 3479 3527 3490 3511 3544 3535 3514 3502 3540 3497 3481 3522 3506 3457 3475 3511 3548 3502 3473

Tree=0
num_leaves=31
num_cat=0
split_feature=0 4 0 7 5 5 7 7 7 14 9 0 7 4 5 14 7 5 7 7 9 4 4 5 7 5 2 0 7 9
split_gain=1.7742e+07 69633.4 38741.9 23705.1 16555.7 8961.34 6467.69 3720.41 3553.77 3110.59 2866.36 2243.71 3916.31 2039.72 1929.88 1859.34 1747.91 1485.9 1270.43 1171.96 1071.51 1036.15 877.524 1520.33 852.435 808.828 609.877 582.781 1975.3 837.225
threshold=0.34205599129199987 -0.02666106820106506 0.03805800527334214 0.8590485453605653 0.77991238236427318 0.99067899584770214 1.8965213894844057 5.27071169926785e-05 3.609237909317017 13.500000000000002 73.357315063476577 0.016710898838937286 6.4794403442647322e-05 -0.22878473997116086 0.93470215797424328 17.500000000000004 0.0098283044062554854 0.17076727002859118 3.609237909317017 3.609237909317017 87.112743377685561 -0.61291360855102528 -0.001151748525444418 0.99809545278549205 0.36193761229515081 0.49479787051677709 -0.89004525542259205 0.0025836817221716051 0.00036341324448585516 70.286651611328139
decision_type=2 2 2 2 2 2 2 2 2 2 2 2 2 2 2 2 2 2 2 2 2 2 2 2 2 2 2 2 2 2
left_child=2 5 11 7 8 13 14 15 9 -3 16 27 20 -2 -6 -4 -9 -12 -15 -8 -13 -5 23 -16 -14 -11 -18 -1 29 -29
right_child=1 4 3 21 6 -7 19 10 -10 25 17 12 24 18 22 -17 26 -19 -20 -21 -22 -23 -24 -25 -26 -27 -28 28 -30 -31
leaf_value=-2.5740538440804865 -2.3294285575537708 -1.8063899878995704 -1.8934078880924692 -2.5667711234637252 -1.7547786342646949 -2.5653106279159554 -1.8172272649817813 -1.9301743608290196 -2.3096568842466341 -2.0736524379882466 -2.3883415981347391 -1.9487928200001852 -2.4326516636874578 -1.9752968177902299 -1.8244273261111292 -2.2361073672668339 -2.3676707022712344 -2.1852986826015042 -2.1865861218060028 -1.9615981161643741 -2.3583664116182654 -2.3934396880781303 -1.7123659298261782 -2.569004127577279 -2.5669206137701752 -1.9259800499752451 -2.1133215191571777 -2.2662762991078731 -2.5641145196145132 -2.4736644285186644
leaf_weight=169755.77571324259 149.93254394084215 1232.85546759516 265.68116813153028 792.36030181497335 4342.4472577273846 252.65196791291237 541.95777036994696 169.78608343750238 68.950572043657303 187.78086780011654 273.14359184354544 55.726303927600384 254.71715387701988 233.15656286478043 70.918077781796455 75.555828630924225 60.02217398583889 249.55069387704134 195.19143471121788 373.6405316889286 40.306769013404846 146.23492869734764 168654.48629073799 11.266397550702093 508.20414815843105 672.87194745987654 82.375569738447666 102.21837098151445 2760.0110258981586 219.6204621270299
leaf_count=2440304 1591 3221 1041 11303 7940 3599 1500 758 709 1254 3148 259 3109 1206 195 691 671 2097 1643 1859 444 1696 199291 162 7251 2987 597 984 39257 2819
internal_value=-2.14308 -1.71901 -2.57 -2.31479 -1.71643 -2.26734 -1.71437 -2.13545 -1.88226 -1.86828 -2.20435 -2.5731 -2.4764 -2.13728 -1.71352 -1.96827 -2.06048 -2.29097 -2.0706 -1.87548 -2.11737 -2.53967 -1.71247 -1.92599 -2.52205 -1.95766 -2.2188 -2.57358 -2.5477 -2.40725
internal_weight=352799 176988 175811 2114.71 176157 830.933 173995 1176.12 2162.46 2093.51 834.878 173697 858.954 578.281 173079 341.237 312.184 522.694 428.348 915.598 96.0331 938.595 168737 82.1845 762.921 860.653 142.398 172838 3081.85 321.839
internal_count=2743586 227157 2516429 22002 219118 8039 210947 9003 8171 7462 7271 2494427 11063 4440 207588 1732 2026 5245 2849 3359 703 12999 199648 357 10360 4241 1268 2483364 43060 3803
is_linear=0
shrinkage=1


Tree=1
num_leaves=31
num_cat=0
split_feature=0 4 0 7 0 5 14 3 5 4 10 7 7 8 7 5 1 0 7 10 7 0 7 9 9 7 5 3 6 6
split_gain=6.25766e+06 33109.7 7205.02 6304.47 4631.78 3298.46 1822.79 1599.22 1809.68 1026.83 947.874 1580.04 815.356 689.572 838.383 697.194 564.296 494.542 1749.14 643.038 437.792 386.173 423.108 378.596 375.404 557.128 537.379 367.995 359.083 317.035
threshold=0.1069132797420025 -0.090820938348770128 0.016710898838937286 0.0049877783749252566 0.69954499602317821 0.97129335999488842 11.500000000000002 1.5000000000000002 0.99809545278549205 -0.61291360855102528 0.30217391252517706 0.030745055526494983 0.72611209750175487 65.485893249511733 0.00097512963111512374 0.2359685152769089 6.5000000000000009 0.0025836817221716051 0.0002046219015028328 0.37797619402408605 2.1401023864746098 0.96672680974006664 0.94700521230697643 75.083892822265639 71.707641601562514 6.4794403442647322e-05 0.085427075624465956 13.500000000000002 0.33056092262268072 4.9957077503204355
decision_type=2 2 2 2 2 2 2 2 2 2 2 2 2 2 2 2 2 2 2 2 2 2 2 2 2 2 2 2 2 2
left_child=2 5 17 6 10 9 16 21 -9 -2 11 -3 -5 14 -12 29 24 -1 19 -19 -13 22 23 -6 -4 -26 -27 -11 -17 -15
right_child=1 4 3 12 7 -7 -8 8 -10 27 13 20 -14 15 -16 28 -18 18 -20 -21 -22 -23 -24 -25 25 26 -28 -29 -30 -31
leaf_value=-0.064325009552525764 -0.025230334039296923 0.4052110212594856 0.35636297302614695 0.060584145007601203 0.39584085579007072 -0.054370439078126998 0.053907856597049678 0.33705875151288006 -0.063847977300845765 0.21343881932147302 0.37352366286543359 0.31720776323270178 -0.058143981197232103 0.19078624683367296 0.20949543030998199 0.095633763350700965 0.1136422853090656 0.19463153872492578 -0.054453679421633865 0.012924062304267235 0.19745476299287928 0.39230847725376838 0.34691627002600345 0.37614176172742886 0.31740566205872817 0.055037744206481866 0.39878572872820778 0.065620839894599797 0.29290406578783551 -0.036195264347524465
leaf_weight=160572.16918759048 94.050600618124008 960.25143717974424 174.71875598281622 268.55761666595936 7224.2870514392853 503.76282755285501 227.20523042231798 1254.3776441588998 41.584158375859261 407.49231904000044 617.33088567107916 289.65079787373543 915.57548673450947 151.11571253836155 142.6159506291151 35.446899302303791 81.095145665109158 138.04233279824257 2685.4788339361548 141.73423140496016 189.25767797231674 306849.20733298361 1224.1061087176204 8448.0012309029698 131.16766330599785 79.157070279121399 19.788527622818947 72.513597123324871 1156.9380121305585 25.590508431196213
leaf_count=2439304 1343 1400 570 2968 5199 7416 2391 3278 585 2852 1187 904 13638 1100 760 249 690 1159 39917 1803 1388 193944 2307 9060 477 895 103 765 4384 286
internal_value=0.238592 0.389691 -0.0625277 0.0537024 0.39078 0.0576276 0.194507 0.391529 0.324155 0.155835 0.32249 0.360567 -0.0311884 0.296594 0.343057 0.270573 0.260001 -0.0638764 -0.0395724 0.102953 0.270393 0.391797 0.382491 0.385247 0.288967 0.236475 0.127087 0.191291 0.287125 0.157896
internal_weight=495122 329688 165435 1897.27 328610 1077.82 713.132 325042 1295.96 574.057 3568.2 1439.16 1184.13 2129.04 759.947 1369.09 485.927 163537 2965.26 279.777 478.908 323746 16896.4 15672.3 404.832 230.113 98.9456 480.006 1192.38 176.706
internal_count=2742322 238407 2503915 21732 226031 12376 5126 214373 3863 4960 11658 3692 16606 7966 1947 6019 2735 2482183 42879 2962 2292 210510 16566 14259 2045 1475 998 3617 4633 1386
is_linear=0
shrinkage=0.06


Tree=2
num_leaves=31
num_cat=0
split_feature=0 4 0 7 5 5 7 7 10 7 10 14 0 7 10 8 4 5 16 6 4 5 5 4 6 9 7 5 4 7
split_gain=3.78009e+06 16458.2 7078.87 4701.52 2653.16 2196.92 1145.32 1004.83 1066.32 776.927 781.222 667.517 643.101 1812.87 675.937 551.053 495.165 486.509 434.259 415.012 356.584 1353.49 356.309 360.079 334.674 302.963 312.12 279.229 263.457 252.991
threshold=0.1069132797420025 -0.12251034751534461 0.016710898838937286 0.72611209750175487 0.6510990858078004 0.94936829805374157 3.609237909317017 0.00016148779832292351 0.23205128312110904 0.14056493341922763 0.31414473056793218 19.500000000000004 0.0025836817221716051 0.00036341324448585516 0.40370370447635656 62.575302124023445 -0.46498078107833857 0.17076727002859118 86.72955703735353 3.9871296882629399 -0.0001726094487821683 0.99809545278549205 0.99350962042808544 -0.38312463462352747 5.6526088714599618 34.716482162475593 4.1304887417936704e-05 0.004444266203790904 -0.008631088770925997 3.609237909317017
decision_type=2 2 2 2 2 2 2 2 2 2 2 2 2 2 2 2 2 2 2 2 2 2 2 2 2 2 2 2 2 2
left_child=2 5 12 7 9 16 20 11 18 10 -3 -4 -1 14 19 -12 -2 -17 -9 25 21 -6 23 -7 -20 -14 -27 -28 -15 -18
right_child=1 4 3 -5 6 22 -8 8 -10 -11 15 -13 13 28 -16 17 29 -19 24 -21 -22 -23 -24 -25 -26 26 27 -29 -30 -31
leaf_value=-0.064040424906611604 0.041092557429458436 0.2801913446346237 0.23127143219495094 -0.054144490804951144 0.26334897815836622 -0.025275507677740113 0.21933486773544722 0.10049095442619126 0.017915637200560414 0.14168069385958421 0.25841202062753355 0.037938001385542874 -0.0621374744862754 -0.062574278884680021 -0.002750811524358712 0.058386371468897171 0.22522210817881658 0.20535437617493807 0.28638636693296377 0.043595286951911227 0.28413726947134349 -0.063442779878623651 -0.062434112310750293 0.15362444513762843 -0.015634359419953562 0.34772427893598146 -0.028989677988979463 0.2383158184368831 -0.010838755359774846 0.11553792315121349
leaf_weight=151875.72674034536 123.63812658190727 1217.3579351007938 387.48572817444801 869.42224838584661 1182.8494901880622 110.8996054828167 1005.4907482564449 144.66995090991259 377.03945130854845 312.81289675086737 840.9113450422883 77.566417165100574 11.962511926889418 2084.2063833624125 165.79763680696487 87.53933896869421 197.55234105139971 1292.0026835799217 115.72240532189608 73.161065466701984 416304.37941153347 47.092106536030769 414.24258308112621 62.599341601133347 14.780525065958498 59.649737991392612 20.43900328874588 42.767326511442661 427.46462243795395 128.7263073772192
leaf_count=2438849 1358 1601 1315 13571 1950 1453 3324 1251 4076 1641 1621 795 124 32851 2151 758 933 4631 555 694 210555 718 6540 417 161 258 225 281 6399 1033
internal_value=0.189646 0.282847 -0.0620624 0.0504557 0.283433 0.0441388 0.283885 0.131828 0.0835751 0.232989 0.241254 0.199176 -0.0635072 -0.0354267 0.0876977 0.21979 0.14377 0.196078 0.173151 0.15947 0.28404 0.250795 -0.0322437 0.039783 0.252321 0.221567 0.24947 0.152772 -0.0537772 0.182434
internal_weight=580076 423328 156748 1986.69 422290 1037.66 418540 1117.26 652.212 3750.62 3437.81 465.052 154761 2885.45 373.777 2220.45 449.917 1379.54 275.173 207.98 417534 1229.94 587.742 173.499 130.503 134.819 122.856 63.2063 2511.67 326.279
internal_count=2742089 238533 2503556 21724 226799 11734 216547 8153 6043 10252 8611 2110 2481832 42983 3733 7010 3324 5389 1967 1582 213223 2668 8410 1870 716 888 764 506 39250 1966
is_linear=0
shrinkage=0.06


Tree=3
num_leaves=31
num_cat=0
split_feature=0 4 0 7 5 5 4 5 10 7 0 7 17 10 5 10 4 5 7 7 5 2 4 6 6 6 7 0 8 5
split_gain=2.65442e+06 11126.7 6163.1 3559.26 1834.96 1356.37 814.929 841.825 722.779 700.553 632.682 1501.43 585.268 570.088 542.141 483.578 399.14 378.445 286.849 273.356 254.356 249.752 246.643 220.666 220.313 206.936 189.353 173.449 168.953 157.553
threshold=0.1069132797420025 -0.17105547338724134 0.016710898838937286 0.0044254653621464976 0.87587347626686107 0.96463587880134594 -0.014686733018606899 0.99588444828987133 0.29520697891712194 3.609237909317017 0.0025836817221716051 0.00036341324448585516 73.798625946044936 0.41885964572429663 0.9047992229461671 0.37797619402408605 -0.61291360855102528 0.41130582988262182 3.4592276278999641e-05 2.8240580832061827e-05 0.06023716367781163 -0.044832766056060784 -0.035882027819752686 0.97775015234947216 5.0969426631927499 7.0089135169982919 1.7159025073051455 0.99218881130218517 60.910972595214851 0.49479787051677709
decision_type=2 2 2 2 2 2 2 2 2 2 2 2 2 2 2 2 2 2 2 2 2 2 2 2 2 2 2 2 2 2
left_child=2 5 10 8 9 16 7 -6 -4 13 -1 15 19 25 -5 -12 -2 18 -15 -10 -21 28 -13 -20 -25 -3 -8 -28 -19 -11
right_child=1 4 3 14 6 -7 26 -9 12 29 11 22 -14 17 -16 -17 -18 21 23 20 -22 -23 -24 24 -26 -27 27 -29 -30 -31
leaf_value=-0.063796212634604388 -0.029104601016239944 0.22235991195267213 0.19931567268471129 0.02581206385471406 0.18445001831104602 -0.055937792632028055 0.22878625779493059 -0.051364578774510991 0.20230476509858508 0.054127554683117876 0.12983827825851926 -0.062905827584568891 0.020630123240526682 0.2021454077388592 -0.059960336848268354 -0.0024453300621140634 0.11482047758712034 0.22102627667213595 -0.039225894337080618 0.028960779878012405 0.18801121507702442 0.11922515538889998 -0.015440741690834604 0.15408450175714677 0.041301790022661856 0.11704685635468495 0.20342770359799511 0.24542206261357402 0.19449221580255668 0.14465038888074253
leaf_weight=143697.84437257797 83.739908568561077 5058.0978405326605 343.370800383389 417.51808003336191 714.53575137257576 444.75483798608184 476254.37943681329 58.575447332113981 148.87051476538181 96.073581516742706 226.59150536358356 1891.9266751408577 252.03654403984547 342.38176189363003 724.42042650654912 176.67807563394308 393.42054955661297 1327.2322045564651 25.329726867377758 98.765147961676121 56.556493774056435 138.26592798531055 498.73940396308899 512.56711156666279 71.977656215429306 71.59607982635498 1997.1369772441685 467.36168183758855 3015.8443022668362 263.18454392254353
leaf_count=2439897 1210 5146 1073 4666 1829 7148 203888 907 368 738 1515 31505 2497 743 12010 2283 2564 1185 203 909 292 400 7632 2147 460 211 3020 229 4937 1236
internal_value=0.16046 0.227651 -0.0618034 0.0417104 0.228042 0.0193806 0.228598 0.16654 0.1309 0.20363 -0.0632462 -0.0349478 0.0883842 0.20644 -0.0286049 0.0720203 0.0895541 0.192739 0.157908 0.14427 0.0877073 0.200103 -0.0530143 0.132783 0.140291 0.220913 0.228698 0.211488 0.20265 0.12066
internal_weight=639870 491336 148533 2041.54 490415 921.915 479492 773.111 899.6 10922.6 146492 2793.94 556.229 10563.3 1141.94 403.27 477.16 5433.6 952.256 304.192 155.322 4481.34 2390.67 609.874 584.545 5129.69 478719 2464.5 4343.08 359.258
internal_count=2742848 238201 2504647 21815 227279 10922 209873 2736 5139 17406 2482832 42935 4066 15432 16676 3798 3774 10075 3553 1569 1201 6522 39137 2810 2607 5357 207137 3249 6122 1974
is_linear=0
shrinkage=0.06


Tree=4
num_leaves=31
num_cat=0
split_feature=0 4 0 7 0 4 0 7 10 7 7 10 10 7 2 2 8 0 7 7 10 7 1 14 9 7 10 1 7 16
split_gain=2.01175e+06 7672 5647.98 3034.03 1556.6 1159.95 724.944 1536.89 527.54 650.585 513.574 484.76 404.058 284.045 330.234 278.11 269.583 246.753 235.048 233.854 218.054 266.177 206.733 203.959 185.562 230.581 173.647 156.543 148.562 193.467
threshold=0.1069132797420025 -0.090820938348770128 0.016710898838937286 0.72611209750175487 0.69954499602317821 -0.54152429103851307 0.0025836817221716051 0.0018947893404401841 0.23669467866420749 0.00016148779832292351 3.609237909317017 0.12973351776599887 0.36602871119976049 8.2751699665095671e-05 -0.83011069893836964 -0.99568235874176014 83.414241790771499 0.96672680974006664 3.609237909317017 0.99719533324241649 0.30217391252517706 3.609237909317017 8.5000000000000018 19.500000000000004 88.953113555908217 0.014719572849571707 0.042572464793920524 5.5000000000000009 3.1340188797912567e-05 23.669467926025394
decision_type=2 2 2 2 2 2 2 2 2 2 2 2 2 2 2 2 2 2 2 2 2 2 2 2 2 2 2 2 2 2
left_child=2 5 6 8 13 -2 -1 12 26 16 17 18 15 23 24 -8 -10 -6 -7 -13 21 -16 -17 -3 25 -15 -4 -28 29 -14
right_child=1 4 3 -5 10 11 7 -9 9 -11 -12 19 28 14 20 22 -18 -19 -20 -21 -22 -23 -24 -25 -26 -27 27 -29 -30 -31
leaf_value=-0.063496407071934102 -0.037924960768464716 0.18993093381689358 0.08269779545807511 -0.055516322196936585 0.18852513104269389 0.1483579651488188 0.0061993174520492611 -0.056515692099814982 0.1415580526298604 0.0084294319708153181 0.15359224071348995 0.097855623337800915 0.28543746882880894 0.16249826058702632 0.18330979528006253 0.1480388186649047 0.016899114537383075 0.19433576103120959 0.070018702230941449 -0.028294894981629546 0.14243961853242132 0.11345642826449956 -0.035035791662930464 0.14450614414040275 0.0021321496067620844 -0.00258451505945854 0.19451628693288078 0.11098897573513387 -0.026430979064895544 0.026352406405668348
leaf_weight=135803.29355610162 417.17921798303723 1694.753543548286 132.53058844804764 791.90783465653658 28996.972402986139 327.19173370301723 90.42404193803668 2103.170067563653 319.73779513686895 393.0526450574398 1155.6750339195132 77.75801744684577 11.809543296694754 113.30023747682571 1381.4944331422448 217.44518546015024 77.917961284518242 505514.71018070728 243.25816739723086 160.23788611218333 1818.1408678889275 236.28286267071962 24.337292347103357 474.79917528480291 72.206533402204514 41.483141005039215 227.52500732988119 133.38307867944241 212.1225519105792 55.98077779263258
leaf_count=2438621 6524 1640 776 13550 17591 1400 955 36412 1127 4079 2598 395 93 296 1618 1523 701 194221 1649 2398 4729 1241 283 1339 560 241 739 786 3008 670
internal_value=0.140859 0.193258 -0.0614102 0.0368062 0.193597 0.0432714 -0.0628825 -0.0321675 0.0937386 0.0632282 0.193934 0.0851659 0.0514456 0.162668 0.152319 0.0960888 0.117236 0.194021 0.115133 0.013158 0.156961 0.173184 0.129543 0.180061 0.0816697 0.118522 0.142403 0.164039 -0.00169139 0.0749801
internal_weight=683320 542725 140595 2076.05 541500 1225.63 138519 2715.29 1284.15 790.708 535667 808.446 612.119 5832.46 3662.91 332.207 397.656 534512 570.45 237.996 3435.92 1617.78 241.782 2169.55 226.99 154.783 493.439 360.908 279.913 67.7903
internal_count=2741763 238440 2503323 21758 226074 12366 2481565 42944 8208 5907 214410 5842 6532 11664 8685 2761 1828 211812 3049 2793 7588 2859 1806 2979 1097 537 2301 1525 3771 763
is_linear=0
shrinkage=0.06


Tree=5
num_leaves=31
num_cat=0
split_feature=0 4 0 7 0 5 7 0 7 5 5 7 6 14 10 4 10 10 3 5 9 2 1 10 6 2 1 7 7 5
split_gain=1.60145e+06 5845.91 5436.44 2556.87 1736.43 857.259 731.015 721.624 1336.28 647.529 586.974 439.184 414.804 406.61 379.08 311.701 294.448 286.006 256.409 562.59 209.283 235.106 207.638 192.367 192.02 182.696 181.539 175.817 166.294 161.042
threshold=0.1069132797420025 -0.29934647679328913 0.016710898838937286 0.72611209750175487 0.91612541675567638 0.99350962042808544 2.1401023864746098 0.0025836817221716051 0.00018585209181765097 0.91870546340942394 0.49479787051677709 0.0010448396787978711 2.9991497993469243 18.500000000000004 0.53589746356010448 -0.035882027819752686 0.23205128312110904 0.3390804678201676 1.5000000000000002 0.99809545278549205 72.240142822265639 -0.99481073021888722 6.5000000000000009 0.053342817351222045 0.080883663147687926 -0.83011069893836964 6.5000000000000009 4.1304887417936704e-05 1.5949402950354855e-05 0.57806041836738598
decision_type=2 2 2 2 2 2 2 2 2 2 2 2 2 2 2 2 2 2 2 2 2 2 2 2 2 2 2 2 2 2
left_child=2 9 7 11 5 6 10 -1 14 -2 12 13 -3 26 22 -10 -13 -12 -6 -20 21 -17 23 -9 -19 -14 -4 -25 -28 -8
right_child=1 4 3 -5 18 -7 29 8 15 -11 17 16 25 -15 -16 20 -18 24 19 -21 -22 -23 -24 27 -26 -27 28 -29 -30 -31
leaf_value=-0.063259810817696147 0.076130021175296547 0.15547365760741677 0.14316492982339676 -0.053960304119123767 0.17049015592216454 -0.063071359001549157 0.055070020010638751 -0.065055410303119038 -0.061445774406276778 -0.042613100401142856 0.16972438516645483 0.081029651738833502 0.064685239553458396 0.025993780341423391 -0.031813212353797318 -0.037939920595507798 -0.0099202848674868581 0.077229195143086307 0.15062684673640672 -0.064974851596013503 -0.044515910995333322 0.075349212419508635 0.022720085464001925 0.20388370556969038 0.15418813439586734 0.12033666556394765 0.13454959313703574 0.082686138616198154 -0.024249690476582573 0.1174009651731642
leaf_weight=128442.87887060642 253.94668758660555 1518.1957490593195 584.03050631284714 758.52522394433618 558868.73525035381 65.831605017185211 175.76348151266575 14.540256932377813 1704.2937859594822 469.31929166615009 7235.7308137863874 280.99901504069567 253.6334947347641 166.82364820688963 89.372490555047989 112.29435910284519 234.52216003835201 121.56592664122581 1206.1771388351917 44.67422728985548 300.79698323458433 157.14892885088921 72.548031933605671 114.52132122218609 7796.2007819861174 1440.8609145656228 44.793032214045525 72.112524151802063 48.76327258348465 1097.8815716803074
leaf_count=2439811 1892 2582 1712 13614 202943 1139 1094 124 31498 7471 4291 1739 1080 1645 1180 1736 2503 286 1559 572 4807 2035 603 435 7445 3318 120 486 395 3094
internal_value=0.12655 0.169599 -0.0610807 0.0342553 0.169812 0.152266 0.152991 -0.0626217 -0.0315378 -0.000873528 0.156046 0.0834625 0.132612 0.110092 0.0752093 -0.0486039 0.0397154 0.161005 0.170429 0.142881 -0.0101827 0.0281686 0.110142 0.1414 0.153016 0.11205 0.130728 0.157745 0.0523994 0.108849
internal_weight=713747 580549 133199 2118.46 579825 19705.7 19639.8 131081 2637.63 723.266 18366.2 1359.93 3212.69 844.41 363.095 2274.53 515.521 15153.5 560120 1250.85 570.24 269.443 273.722 201.174 7917.77 1694.49 677.587 186.634 93.5563 1273.65
internal_count=2743209 238766 2504443 21728 229403 24329 23190 2482715 42904 9363 19002 8114 6980 3872 2828 40076 4242 12022 205074 2131 8578 3771 1648 1045 7731 4398 2227 921 515 4188
is_linear=0
shrinkage=0.06


Tree=6
num_leaves=31
num_cat=0
split_feature=0 4 5 0 7 5 9 4 5 6 4 6 7 6 5 2 7 6 5 7 7 14 3 14 0 7 6 2 8 10
split_gain=1.31559e+06 8363.5 2253.62 2105.37 1983.28 1256.34 716.828 637.39 667.944 399.463 398.286 304.497 263.339 260.694 233.017 227.321 254.504 216.351 215.496 203.337 202.276 195.992 181.908 179.995 159.281 814.758 208.776 243.33 157.688 141.956
threshold=0.03805800527334214 -0.17105547338724134 0.71638363599777233 0.0052573319990187892 0.0044254653621464976 0.97129335999488842 75.083892822265639 -0.0003079321031691506 0.99809545278549205 4.9985370635986337 -0.61291360855102528 0.79617789387702953 3.1511646056969771e-06 1.9994091987609866 0.97644221782684337 -0.83011069893836964 0.0011997189139947297 2.4383826255798344 0.49479787051677709 0.63824188709259044 0.90090259909629833 26.500000000000004 5.5000000000000009 11.500000000000002 0.00156373274512589 4.516459739534185e-05 1.450055778026581 -0.94335177540779103 46.894290924072273 0.16904762387275699
decision_type=2 2 2 2 2 2 2 2 2 2 2 2 2 2 2 2 2 2 2 2 2 2 2 2 2 2 2 2 2 2
left_child=3 5 9 24 6 10 17 8 22 11 -2 -3 28 -13 20 16 21 -5 23 -6 -9 -15 -4 -11 -1 26 27 -26 -8 -18
right_child=1 2 7 4 19 -7 12 14 -10 18 -12 13 -14 15 -16 -17 29 -19 -20 -21 -22 -23 -24 -25 25 -27 -28 -29 -30 -31
leaf_value=-0.063097231175434684 -0.022349724008054756 0.062940830510043497 0.13237662047857449 0.18039775085882795 -0.0080976001292713661 -0.058847511849452229 0.15797471714249123 0.14978743645244899 -0.064179991458150815 0.086903242274474088 0.08032410504110625 0.1527835624652043 -0.007607911916914404 0.1274108764251024 0.15328667882411362 0.12856466406909198 0.090850904113493849 0.089748016965470218 0.11544821488659653 -0.060738434241316565 0.13432661017272468 0.022192354341438417 0.070880596316312119 0.019571938725105709 0.38763430294799511 -0.055706491589764096 0.064891030250907158 -0.058350572724750548 -0.015401126723080711 -0.0018175868597396171
leaf_weight=120310.08854050562 177.20639366656542 263.13046481460333 2223.0562317632139 152.05933071300387 347.53533893078566 620.65197858959436 62.597437024116516 35766.67100507021 66.683230366557837 464.27135980129242 578.8325637280941 1346.5221193358302 371.94366586580873 532.03183568269014 556098.30534428358 4177.1157541498542 110.34580034762621 261.12167537584901 620.04722152650356 1104.6547203622758 3439.4216109514236 72.923391856253147 191.85104128718376 207.32593075186014 15.309816844761373 2159.0718037486076 104.57049684971571 5.7078690305352202 26.625333897769451 127.74969770759344
leaf_count=2418088 2913 894 3091 515 4746 11533 218 16417 1022 1541 3371 1795 4259 1319 190743 6556 479 1473 1025 21385 3107 611 643 1091 66 41266 1017 68 223 1006
internal_value=0.115595 0.152083 0.152419 -0.0617256 -0.0051804 0.00436164 0.0661685 0.15284 0.122347 0.120582 0.0562609 0.126545 0.0146787 0.129164 0.152967 0.122799 0.0941133 0.123464 0.0899008 -0.0481548 0.148435 0.114785 0.127522 0.0661777 -0.0627986 -0.0470536 0.100968 0.269367 0.10664 0.0413302
internal_weight=732005 607084 605707 124921 2326.54 1376.69 874.347 597786 2481.59 7921.46 756.039 6629.82 461.166 6366.69 595304 5020.17 843.051 413.181 1291.64 1452.19 39206.1 604.955 2414.91 671.597 122595 2284.66 125.588 21.0177 89.2228 238.095
internal_count=2742481 249157 231340 2493324 32819 17817 6688 215023 4756 16317 6284 12660 4700 11766 210267 9971 3415 1988 3657 26131 19524 1930 3734 2632 2460505 42417 1151 134 441 1485
is_linear=0
shrinkage=0.06


Tree=7
num_leaves=31
num_cat=0
split_feature=0 4 5 0 7 5 3 5 9 5 7 10 5 6 4 7 16 8 17 9 2 0 7 4 16 6 6 6 6 6
split_gain=1.10779e+06 7083.34 2227.28 1991.52 1713.73 797.729 748.939 665.911 439.257 411.988 345.637 322.193 249.748 235.111 234.641 224.992 216.29 187.207 165.994 186.408 159.928 159.255 797.161 153.617 161.496 152.318 388.025 184.758 176.476 425.145
threshold=0.03805800527334214 -0.22878473997116086 0.71638363599777233 0.0052573319990187892 0.0044254653621464976 0.97129335999488842 1.5000000000000002 0.99809545278549205 69.779552459716811 0.17076727002859118 3.609237909317017 0.28801843523979193 0.9047992229461671 2.9991497993469243 -0.54152429103851307 2.8240580832061827e-05 93.813774108886733 55.29115295410157 31.698564529418949 82.626663208007827 -0.83011069893836964 0.0012689431314356627 0.00040071853436529642 -0.29934647679328913 99.206348419189467 2.9991497993469243 3.0268198251724248 0.79617789387702953 3.9971848726272587 4.093024969100953
decision_type=2 2 2 2 2 2 2 2 2 2 2 2 2 2 2 2 2 2 2 2 2 2 2 2 2 2 2 2 2 2
left_child=3 5 9 21 8 14 12 -8 -5 13 11 -11 -4 20 -2 16 -10 -13 -15 -20 -3 -1 -23 -6 -25 27 -27 -19 -28 -30
right_child=1 2 6 4 23 -7 7 -9 15 10 -12 17 -14 18 -16 -17 -18 25 19 -21 -22 22 -24 24 -26 26 28 -29 29 -31
leaf_value=-0.062905663029848999 -0.0082363851321660877 0.11721122030926627 0.13005951142805303 0.10796268519398247 -0.059134561535614756 -0.058124556563789689 0.11378583782326511 -0.063786106399761039 0.10742813203298915 0.13450307403142814 0.054278207826708391 0.12661361423456394 0.1398542226609035 0.11753818035713599 0.067256687026028938 -0.0033744922625674805 -0.065399939654879086 0.035815024539065342 0.069996688000236187 0.0021148073084865013 0.02686231596831001 0.040117071357548557 -0.060113269633481972 -0.036608355772656517 0.061459119652599044 0.00052441227790230493 0.1257163633549741 0.12040506747814218 -0.0076836927739920872 0.098774239561528768
leaf_weight=113165.63895946741 233.66682228446007 521.3508488163352 9728.8356662392616 366.87499286979437 1075.4336486048996 567.92274369671941 2819.0525882840157 77.531763028353453 150.71621704101562 2438.2803201377392 334.08141760528088 1246.2706096619368 602445.64746551216 121.79269567131996 403.34844054281712 372.77667070552707 30.771819613873959 101.71574751287699 336.68618430942297 256.17825142294168 82.347667798399925 323.69099205359817 2391.4444443397224 234.15749170258641 80.395037081092596 169.92976009845734 492.40017020702362 1223.5929114669561 161.06528183817863 830.57769177109003
leaf_count=2407145 3396 1443 6178 1552 21823 11179 4222 1305 571 2219 1610 1374 204048 366 2283 4351 346 382 1242 1854 391 4071 49434 3413 923 594 751 1874 594 1719
internal_value=0.106982 0.138856 0.139137 -0.0614605 -0.00630784 -0.00647301 0.139554 0.109012 0.0571239 0.108258 0.114066 0.117055 0.139699 0.0773695 0.0395952 0.0233392 0.0779268 0.106957 0.0539555 0.0407177 0.104952 -0.0625604 -0.0481537 -0.0483547 -0.0114284 0.0986945 0.0864131 0.113945 0.0962408 0.0814927
internal_weight=742784 624592 623387 118192 2311.13 1204.94 615071 2896.58 921.14 8316.27 6997.91 6663.83 612174 1318.36 637.015 554.265 181.488 4225.55 714.657 592.864 603.699 115881 2715.14 1389.99 314.553 2979.28 1653.97 1325.31 1484.04 991.643
internal_count=2742653 249024 232166 2493629 32979 16858 215753 5527 6820 16413 11117 9507 210226 5296 5679 5268 917 7288 3462 3096 1834 2460650 53505 26159 4336 5914 3658 2256 3064 2313
is_linear=0
shrinkage=0.06


Tree=8
num_leaves=31
num_cat=0
split_feature=0 4 5 0 3 5 7 4 5 14 7 7 7 14 16 3 16 6 6 2 0 0 6 6 6 14 3 4 6 6
split_gain=949792 6274.95 2062.54 1774.94 1687.36 1326.87 551.62 495.703 452.471 324.888 240.974 240.101 227.131 261.151 186.243 179.819 168.411 159.53 154.132 169.725 152.569 134.955 130.755 195.841 123.911 122.111 119.535 117.951 109.507 224.753
threshold=0.03805800527334214 -0.066907644271850572 0.83325815200805675 0.0035933539038524036 1.5000000000000002 0.99350962042808544 1.7159025073051455 -0.61291360855102528 0.31739783287048345 11.500000000000002 6.4794403442647322e-05 0.0010448396787978711 3.609237909317017 16.500000000000004 49.528301239013679 5.5000000000000009 86.57657623291017 0.080883663147687926 3.9916747808456425 -0.51479646563529957 0.1069132797420025 0.99218881130218517 1.9977397322654726 1.450055778026581 6.0343182086944589 10.500000000000002 28.500000000000004 -0.74363002181053151 4.9957077503204355 5.0281038284301767
decision_type=2 2 2 2 2 2 2 2 2 2 2 2 2 2 2 2 2 2 2 2 2 2 2 2 2 2 2 2 2 2
left_child=3 5 8 -1 10 7 -4 22 9 11 25 -3 13 -10 -12 21 -13 -15 19 -11 -20 -8 23 -2 26 -5 -9 -25 -19 -30
right_child=1 2 6 4 -6 -7 15 24 12 18 14 16 -14 17 -16 -17 -18 28 20 -21 -22 -23 -24 27 -26 -27 -28 -29 29 -31
leaf_value=-0.062531655949281173 -0.027648319294084431 0.11175345027404857 0.12936941767260651 0.08773655052144308 -0.054139506860941634 -0.061715944171577095 0.10452193672594669 0.076589538181177169 0.11945045683195929 0.077755690236838135 -0.033232243469781451 0.041971847090204621 0.060678731040014075 -0.0039826070721159616 0.036347821774340282 0.032210852401569054 0.1062887535813604 0.1049053769060332 -0.067726792907952152 -0.052814796610591852 0.038777561396028927 0.1355391749510918 -0.05509454486482749 0.39981093291980008 0.0071319028138977971 -0.0012446751064745653 -0.029866496949685722 -0.046569090656644829 -0.032383380378841635 0.089113188819595957
leaf_weight=108904.08977091685 21.112894728779796 1240.4780604317784 616237.05878815055 382.45502811670303 1608.1720289252698 528.01580661535263 3372.7338830158114 986.44522316008806 6277.0015790760517 511.26972366124392 183.42681860923767 395.15206998586655 321.62379515171051 53.792495131492615 556.18482517451048 113.01835736632347 234.28912389278412 2723.2933025211096 63.442894354462624 37.85457144677639 193.97365495562553 610.13550026714802 175.49687662348151 7.0984431467950344 116.40784835070372 64.889059595763683 38.991745181381702 2.6303009279072267 62.087715998291969 439.43132863938808
leaf_count=2449274 369 1920 206142 1430 33157 11022 4043 4102 4688 1859 2507 1804 1259 204 5514 345 542 3566 630 266 809 219 3175 78 666 627 367 43 225 727
internal_value=0.10002 0.128411 0.128736 -0.0613199 -0.0141035 0.0188342 0.129223 0.050404 0.104632 0.0826721 0.04014 0.09641 0.110573 0.112246 0.0190701 0.107187 0.0660424 0.0984204 0.0507416 0.068675 0.012368 0.109306 -0.0350471 0.0771757 0.0658627 0.0748555 0.0725164 0.286034 0.100129 0.0740375
internal_weight=746462 634763 632887 111699 2795.13 1876.2 620333 1348.18 12553.7 2676.46 1186.96 1869.92 9877.23 9555.61 739.612 4095.89 629.441 3278.6 806.541 549.124 257.417 3982.87 206.339 30.8416 1141.84 447.344 1025.44 9.72874 3224.81 501.519
internal_count=2741579 249070 229248 2492509 43235 19822 210749 8800 18499 7830 10078 4266 10669 9410 8021 4607 2346 4722 3564 2125 1439 4262 3665 490 5135 2057 4469 121 4518 952
is_linear=0
shrinkage=0.06


Tree=9
num_leaves=31
num_cat=0
split_feature=0 4 5 0 5 4 7 10 4 7 5 14 5 14 7 7 0 7 6 16 6 10 16 7 6 0 10 5 6 3
split_gain=824592 5510.36 2143.48 1916.58 1502.52 1378.09 503.759 484.33 368.405 328.639 298.003 255.87 237.797 200.173 254.507 174.468 172.717 654.929 170.808 164.37 155.544 134.052 127.261 128.26 127.24 117.902 114.215 113.196 111.494 143.023
threshold=0.03805800527334214 -0.035882027819752686 0.71638363599777233 0.0052573319990187892 0.99067899584770214 -0.0042324815876781932 2.1401023864746098 0.23669467866420749 -0.68011146783828724 2.8240580832061827e-05 0.17076727002859118 13.500000000000002 0.9047992229461671 11.500000000000002 0.011774214450269939 0.00046431329974439001 0.00156373274512589 0.00041937545756809419 6.2692110538482675 90.399383544921889 0.79617789387702953 0.35857143998146063 80.425533294677749 3.609237909317017 3.9994803667068486 0.99218881130218517 0.18350168317556384 0.49479787051677709 3.0794523954391484 12.500000000000002
decision_type=2 2 2 2 2 2 2 2 2 2 2 2 2 2 2 2 2 2 2 2 2 2 2 2 2 2 2 2 2 2
left_child=3 4 10 16 8 -5 12 19 -2 -9 11 15 21 14 -12 -3 -1 -18 20 -7 -10 -4 -16 -24 -13 -8 -17 -25 29 -22
right_child=1 2 6 5 -6 7 25 9 18 -11 13 24 -14 -15 22 26 17 -19 -20 -21 28 -23 23 27 -26 -27 -28 -29 -30 -31
leaf_value=-0.062520222125928518 -0.031552909350392254 0.096286438135748942 0.11943859607780941 -0.05213212702548492 -0.059005853581567562 0.063154240596286521 0.089648679004818807 0.071338381725086025 -0.043694056149075955 -0.020892492249481667 0.11187416633195686 0.038933726079167376 0.12095371973094902 0.08285349724788478 0.037739112574146014 0.080766871639295884 0.039952006969150827 -0.058567769395171006 -0.00061653585971044105 0.13962672374209531 0.099015664330789843 0.10534074279417677 0.10493333466747011 -0.021660348341784704 -0.04974529330571556 0.12906892818701859 0.017542768352164669 0.075539244591277949 0.057300640210580026 0.0097483404042628709
leaf_weight=101462.53134491295 161.96556900441647 693.64603310823441 4467.2369336485863 1135.8679780177772 531.15603778138757 296.74150624126196 2320.5186886526644 203.30058245360851 42.816935520619154 434.75798513740301 3188.4739592373371 209.65487316250801 614835.29288582131 2842.3114846646786 232.57562881708145 191.30652868747711 282.10541562736034 1720.2387381382287 140.54519818350673 155.44451906532049 614.2180856987834 5627.0259975194931 526.29066005349159 57.909667536616325 79.560876928269863 315.94781795144081 222.71291521936655 163.81264251470566 894.81347141042352 72.454898130148649
leaf_count=2418099 3001 1190 1983 24396 11468 1744 3088 883 256 5238 2594 1265 203558 5257 553 548 3375 39280 752 581 1771 4051 552 351 768 116 1331 568 3595 507
internal_value=0.0942434 0.119942 0.120289 -0.0609902 0.0302642 -0.00590427 0.120692 0.0422617 0.0548907 0.0085601 0.0901688 0.0647663 0.120803 0.0952198 0.103629 0.0778788 -0.0621753 -0.0446745 0.0628373 0.0896927 0.0683247 0.111591 0.0767319 0.0887891 0.0144515 0.0944199 0.046881 0.0501693 0.0713832 0.0896244
internal_weight=744123 638432 635974 105691 2457.97 2226.11 627566 1090.24 1926.81 638.059 8408.26 1396.88 624930 7011.37 4169.06 1107.67 103465 2002.34 1764.85 452.186 1624.3 10094.3 980.589 748.013 289.216 2636.47 414.019 221.722 1581.49 686.673
internal_count=2742719 249123 227773 2493596 21350 32842 212796 8446 9882 6121 14977 5102 209592 9875 4618 3069 2460754 42655 6881 2325 6129 6034 2024 1471 2033 3204 1879 919 5873 2278
is_linear=0
shrinkage=0.06


Tree=10
num_leaves=31
num_cat=0
split_feature=0 0 5 0 3 4 5 1 5 10 7 10 0 17 5 7 7 0 7 7 6 6 14 7 1 7 17 7 14 10
split_gain=724001 4891.08 2437.9 1776.85 1178 817.916 524.509 436.925 356.475 267.181 256.499 422.866 244.034 257.898 240.051 225.105 218.046 171.403 760.661 186.637 172.624 192.803 176.576 161.614 153.741 136.24 135.127 132.558 125.667 121.04
threshold=0.03805800527334214 0.69954499602317821 0.9047992229461671 0.0052573319990187892 1.5000000000000002 -0.00045764316746499384 0.99809545278549205 7.5000000000000009 0.96463587880134594 0.3514705896377564 3.609237909317017 0.29520697891712194 0.34205599129199987 82.842723846435561 0.97129335999488842 3.609237909317017 3.1511646056969771e-06 0.00078332840348593902 6.0680162278003997e-05 0.0011997189139947297 1.450055778026581 0.92558395862579357 3.5000000000000004 0.0010448396787978711 7.5000000000000009 0.0017394067253917458 92.495311737060561 1.8748372895061042e-05 13.500000000000002 0.19292803853750232
decision_type=2 2 2 2 2 2 2 2 2 2 2 2 2 2 2 2 2 2 2 2 2 2 2 2 2 2 2 2 2 2
left_child=3 2 7 17 9 6 -3 10 15 24 11 25 13 23 26 28 -11 -1 20 -20 21 -19 -23 -13 -5 -2 -4 29 -7 -22
right_child=1 5 14 4 -6 8 -8 -9 -10 16 -12 12 -14 -15 -16 -17 -18 18 19 -21 27 22 -24 -25 -26 -27 -28 -29 -30 -31
leaf_value=-0.062444664673451632 0.11373553863067665 0.084377540040489071 -0.056299273287831478 0.077230831995053761 -0.05096728984595348 0.11072274377359584 -0.063826161490784739 0.020414398300484575 0.1141001608107915 0.083938333520806277 0.041567650814842108 0.091859064083389078 0.083838859101188282 0.031348527267286819 -0.058091641312819749 0.073416602456458688 -0.015555219767139935 -0.058910909501223498 -0.016691234974567936 -0.060712043333411209 -0.022508708669097401 0.15363840436658452 0.52286128566241152 0.030444202137532989 -0.0072121985379895743 0.088938124506715108 0.035167277188600396 -0.037656416229934001 0.1022463540126837 0.11321706861824711
leaf_weight=94060.00244108215 1718.3857247829437 2370.5118048861623 78.29987046867609 501.18894620239735 1100.4266535006464 23376.791845977306 88.50772613286972 426.69250306859612 591768.2445769459 98.195977963507175 517.5550265237689 689.02166601270437 3230.4715028107166 818.28021021559834 471.63982574641705 685.54263193905354 394.36143411323428 7.6630731932818916 391.74683425948024 3078.9230250157416 32.264994390308857 15.582604300230743 6.6184476502239695 200.35059951990843 91.616255823522806 1546.7677969671786 217.16672220826149 53.179920986294746 8925.8172406256199 84.71033601090312
leaf_count=2373889 1184 3509 1214 2394 24651 10215 1638 1830 194303 392 2534 1113 4559 3592 10840 1078 4600 122 7818 76083 429 110 41 1076 778 3139 1945 873 5362 895
internal_value=0.0894138 0.112963 0.0711371 -0.0607507 -0.00724524 0.113624 0.0790195 0.0797525 0.11376 0.0370897 0.0826531 0.0852399 0.0741267 0.0557152 -0.0315693 0.107659 0.00440964 -0.0619473 -0.0491894 -0.0557495 0.0643503 0.195073 0.281501 0.0780738 0.0641902 0.102019 0.0108201 0.0404013 0.108384 0.0759067
internal_weight=737047 637130 9914.63 99916.5 2185.79 627215 2459.02 9147.53 624756 1085.36 8720.83 8203.28 4938.12 1707.65 767.106 32988.2 492.557 97730.7 3670.69 3470.67 200.019 29.8641 22.2011 889.372 592.805 3265.15 295.467 170.155 32302.6 116.975
internal_count=2742206 249131 33026 2493075 32815 216105 5147 19027 210958 8164 17197 14663 10340 5781 13999 16655 4992 2460260 86371 83901 2470 273 151 2189 3172 4323 3159 2197 15577 1324
is_linear=0
shrinkage=0.06


Tree=11
num_leaves=31
num_cat=0
split_feature=0 0 5 0 7 7 0 0 5 9 7 14 5 0 17 10 5 9 6 5 7 9 8 7 10 10 8 7 6 10
split_gain=640847 4536.3 2178.01 1941.08 1538.58 818.453 322.912 319.696 296.115 267.476 229.475 288.016 208.597 176.848 170.253 155.153 137.547 137.198 127.452 123.828 122.293 176.997 127.964 120.631 146.352 145.572 120.345 117.771 113.422 109.092
threshold=0.03805800527334214 0.69954499602317821 0.9047992229461671 0.0025836817221716051 0.001115475199185312 1.7159025073051455 0.34205599129199987 0.91612541675567638 0.6510990858078004 88.953113555908217 0.14056493341922763 13.500000000000002 0.99067899584770214 0.99218881130218517 92.495311737060561 0.32795698940753942 0.99067899584770214 94.602687835693374 2.9998129606246953 0.2359685152769089 3.609237909317017 81.848690032958999 87.138130187988295 2.4993221813929271e-05 0.31698563694953924 0.056349206715822227 93.127067565917983 3.609237909317017 4.9414081573486337 0.14495798945426944
decision_type=2 2 2 2 2 2 2 2 2 2 2 2 2 2 2 2 2 2 2 2 2 2 2 2 2 2 2 2 2 2
left_child=3 2 6 -1 9 7 10 15 29 23 11 18 14 16 -4 -3 27 -16 -2 28 21 -8 -23 25 -25 -5 -11 -7 -13 -6
right_child=1 5 12 4 8 13 20 -9 -10 26 -12 19 -14 -15 17 -17 -18 -19 -20 -21 -22 22 -24 24 -26 -27 -28 -29 -30 -31
leaf_value=-0.061995271274276266 0.094460272089899752 0.10604486888230939 -0.064731289492256108 -0.0064734172685111295 0.0178135502345475 0.087276509116246404 0.099195122861167828 0.10816056199898856 -0.060425280593263381 -0.0077600888458518548 0.027887793683106944 0.030185448160682655 -0.060668953284684884 0.11159365655137776 0.024397731221837748 0.09301458282066942 -0.049648331175637016 0.42323972295061713 0.065277957730446382 0.065463643273871067 0.051652136430422387 0.087515411005006247 0.062723796285105757 0.064429765316306981 -0.013385204331852514 0.10760104711967809 0.18585725417090504 0.06593221877549478 -0.051002317401144734 -0.030966439024894297
leaf_weight=91334.942271225154 1047.7596597000957 6011.7968551926315 94.737437304109335 46.965525805950165 264.332280613482 2328.619482062757 2254.3343720585108 603880.16847762838 1388.4557866081595 324.99187473207712 624.34367929399014 411.80313174426556 403.87373454123735 650.33950327336788 241.92104037106037 7549.1251388974488 29.689308796077967 2.1507450081408015 1138.6477581933141 335.86511386930943 398.33633050322533 1781.1309922263026 1321.5238434523344 305.71944766491652 121.0473301820457 277.01498832553625 10.981664702296255 1586.7011732310057 71.952397502958775 436.157715305686
leaf_count=2439473 1513 3025 1664 202 4135 2220 1899 201666 34919 3460 3569 2031 9984 231 2290 5768 408 7 2707 808 1496 1981 2403 1782 1350 647 91 2805 610 7397
internal_value=0.0853322 0.107118 0.067275 -0.0603919 -0.0142726 0.107767 0.0751014 0.107955 -0.0443882 0.0436046 0.061049 0.067925 -0.0315998 0.0824923 0.00312833 0.0987985 0.0776678 0.029625 0.0792994 0.0375232 0.0839533 0.086345 0.0769795 0.0634953 0.0423788 0.0910953 -0.000898725 0.0786457 0.0180295 -0.01256
internal_weight=726675 632165 10128.4 94510.6 3175.67 622036 9385.7 617441 2088.95 1086.72 3630.37 3006.03 742.683 4595.35 338.809 13560.9 3945.01 244.072 2186.41 819.621 5755.33 5356.99 3102.65 750.747 426.767 323.981 335.974 3915.32 483.756 700.49
internal_count=2742541 249085 32962 2493456 53983 216123 19017 210459 46451 7532 11238 7669 13945 5664 3961 8793 5433 2297 4220 3449 7779 6283 4384 3981 3132 849 3551 5025 2641 11532
is_linear=0
shrinkage=0.06


Tree=12
num_leaves=31
num_cat=0
split_feature=0 0 5 0 3 7 0 7 10 17 9 7 1 5 5 16 5 0 10 7 5 2 2 6 17 9 6 6 6 4
split_gain=572231 4679.11 1855.93 1677.85 1275.11 913.503 357.596 302.422 386.356 262.681 259.205 281.428 243.311 223.358 214.359 198.276 187.661 177.964 170.31 165.941 147.157 146.84 132.85 131.718 131.034 136.548 126.339 119.409 113.872 105.487
threshold=0.03805800527334214 0.69954499602317821 0.9047992229461671 0.0025836817221716051 1.5000000000000002 1.7159025073051455 0.91612541675567638 0.030745055526494983 0.30901856720447546 99.206348419189467 70.286651611328139 3.1340188797912567e-05 4.5000000000000009 0.99067899584770214 0.41130582988262182 93.813774108886733 0.96463587880134594 0.99218881130218517 0.3514705896377564 0.0002354165990254842 0.99067899584770214 -0.74151420593261708 -0.1708688139915466 0.97775015234947216 92.495311737060561 94.602687835693374 0.79617789387702953 2.9215167760849003 1.0020086169242861 -0.88000279664993275
decision_type=2 2 2 2 2 2 2 2 2 2 2 2 2 2 2 2 2 2 2 2 2 2 2 2 2 2 2 2 2 2
left_child=3 2 7 -1 10 6 16 8 -2 19 27 15 26 24 23 -12 18 20 -3 -10 22 -14 -7 -11 -4 -26 -9 28 -5 -6
right_child=1 5 13 4 29 17 -8 12 9 14 11 -13 21 -15 -16 -17 -18 -19 -20 -21 -22 -23 -24 -25 25 -27 -28 -29 -30 -31
leaf_value=-0.061857445748360905 0.093706040445391547 0.10075648067335041 -0.056566638107389593 -0.01394572369173477 -0.061202943975758387 0.027899923757897887 0.1031820557507737 -0.014388331866495208 0.092293999076539762 -0.060965138406015279 0.0743962085295089 -0.023052299943631973 -0.0047475051986262387 -0.062326707638425814 0.065345970487308044 -0.066732561098905893 -0.0032920092752947525 0.10538528674779658 0.087124744709236729 0.053254347308667384 -0.068296167835031688 0.043751855519747022 0.074926890163600546 0.036221097179967611 0.019863677995405185 0.31016220135792499 0.073462838814058504 0.033387100925063432 0.10482754791873948 -0.02628323546380822
leaf_weight=86229.946076191962 2494.6502609029412 6525.7773515582085 91.824587974697351 33.706195816397667 1245.2473399974406 231.4269033819437 594759.84067014977 62.288170672953129 1429.098884396255 51.985428482294083 226.4202698469162 529.84691458195448 343.18810119107366 381.92009646072984 1856.1168639659882 41.734396703541279 72.023381516337395 642.36043538153172 6867.9678452163935 547.256552554667 26.303782042115927 649.13808951899409 3676.3153452277184 994.54863929003477 245.3754795640707 4.9834670871496192 1002.9473732039332 388.23615068569779 200.29640872403979 418.19977927207947
leaf_count=2439001 2217 2952 1679 213 33179 634 201567 301 1351 334 855 7063 2251 9995 2958 451 954 239 4877 1402 408 1819 4405 3733 2300 8 2703 2603 844 8858
internal_value=0.0817287 0.102092 0.0616872 -0.0603023 -0.0168085 0.102761 0.102962 0.0687942 0.0744752 0.0646252 0.0249381 0.00229059 0.048409 -0.0308468 0.0531003 0.0522652 0.0932541 0.0760148 0.0937735 0.0815162 0.0711935 0.0269908 0.0721497 0.0313399 0.00436791 0.0268531 0.0683172 0.0539326 0.0877327 -0.052445
internal_weight=712271 622957 10155.3 89313.6 3083.69 612802 608226 9431.22 7373.66 4879.01 1420.24 798.002 2057.56 724.104 2902.65 268.155 13465.8 4576.41 13393.7 1976.36 3934.05 992.326 3907.74 1046.53 342.184 250.359 1065.24 622.239 234.003 1663.45
internal_count=2742154 249087 33051 2493067 54066 216036 210350 19069 11995 9778 12029 8369 7074 13982 7025 1306 8783 5686 7829 2753 5447 4070 5039 4067 3987 2308 3004 3660 1057 42037
is_linear=0
shrinkage=0.06


Tree=13
num_leaves=31
num_cat=0
split_feature=2 1 4 2 3 5 5 4 5 3 5 7 7 14 6 5 4 5 1 6 5 10 7 7 6 5 17 17 9 10
split_gain=479788 26071.8 5134.19 3852.31 2729.13 2537.47 1586.94 1016.98 464.494 294.701 858.294 384.451 291.13 345.854 253.227 246.717 237.14 234.2 420.947 225.457 206.851 244.375 198.5 190.902 181.844 176.766 175.385 163.218 160.491 157.395
threshold=-0.83011069893836964 9.5000000000000018 -0.38312463462352747 -0.98880416154861439 1.5000000000000002 0.83325815200805675 0.085427075624465956 -0.00045764316746499384 0.99809545278549205 1.5000000000000002 0.00075815391028299939 6.0680162278003997e-05 3.609237909317017 11.500000000000002 7.357795476913453 0.96463587880134594 -0.61291360855102528 0.87587347626686107 7.5000000000000009 1.9866719245910647 0.0011921658297069373 0.30901856720447546 0.8009229600429536 0.0018947893404401841 0.17130543291568759 0.0024838369572535162 90.399383544921889 70.13513565063478 97.57275772094728 0.41885964572429663
decision_type=2 2 2 2 2 2 2 2 2 2 2 2 2 2 2 2 2 2 2 2 2 2 2 2 2 2 2 2 2 2
left_child=3 2 16 9 20 6 -4 8 -7 10 -1 19 13 -8 -3 22 -2 18 28 25 -5 23 -9 -22 -15 29 -13 -23 -6 -12
right_child=1 14 5 4 17 7 12 15 -10 -11 11 26 -14 24 -16 -17 -18 -19 -20 -21 21 27 -24 -25 -26 -27 -28 -29 -30 -31
leaf_value=-0.060543782937604894 -0.059079007116192905 -0.061953244195596224 -0.051633044829181927 -0.061220694969374129 0.016598372397412978 0.066121798842884619 0.085685047657317714 0.095195789951415088 -0.063812882004262633 -0.061997323371195685 0.45687301736038438 -0.039722460401307787 0.032284814376685553 -0.010045216079936211 0.030663719692752993 0.099025766953440328 0.00677883930779486 -0.061317620519590825 -0.05485540508729609 0.037593676738876911 0.083379195876006007 0.046750125383591142 0.080180376514128501 0.02611058427400045 0.066491043210765821 0.09958846194291758 0.029649793838977808 0.00025668798073481656 0.23730059675751031 -0.046005460367960119
leaf_weight=3259.6644097492099 691.34880482777953 3716.3140241913497 365.85593200474977 65.491666954010725 390.08020697906613 2473.9398034848273 6904.7121761105955 23795.920610189438 102.4125402495265 72711.335030954331 10.450359005481003 504.81382355093956 548.98021234944463 114.23398703709245 108.83740276843309 566949.09932686388 274.74896742403507 1616.6111257039011 644.40970782935619 261.04965622723103 745.70738686621189 630.07429054006934 3706.8299461305141 292.96002339199185 4685.9909755289555 31.164436284452677 176.32254868745804 477.51767639070749 11.244367897510527 2.5718896612524977
leaf_count=97656 19567 111278 8607 1958 4396 3830 6187 10337 1972 2177151 99 10198 2075 430 528 194255 2847 46519 17666 2678 1454 2709 3027 1431 6535 83 2821 3782 67 51
internal_value=0.0786555 0.0968319 0.0978102 -0.057823 -0.00609323 0.0980292 0.0713915 0.0985921 0.060934 -0.0610992 -0.0457085 0.0033291 0.0750685 0.0770721 -0.0593107 0.0987552 -0.040362 -0.0470068 -0.0248462 0.0591754 0.0431546 0.0463665 0.093175 0.067267 0.0646679 0.183024 -0.0217473 0.0267237 0.0233565 0.361357
internal_weight=696271 614439 610614 81831.5 4874.1 609648 12619.8 597028 2576.35 76957.4 4246.04 986.373 12253.9 11704.9 3825.15 594452 966.098 2662.35 1045.73 305.236 2211.75 2146.26 27502.8 1038.67 4800.22 44.1867 681.136 1107.59 401.325 13.0222
internal_count=2742194 371475 259669 2370719 79982 237255 23834 213421 5802 2290737 113586 15930 15227 13152 111806 207619 22414 68648 22129 2911 11334 9376 13364 2885 6965 233 13019 6491 4463 150
is_linear=0
shrinkage=0.06


Tree=14
num_leaves=31
num_cat=0
split_feature=3 5 9 5 4 5 5 5 5 7 3 14 7 7 9 8 14 5 9 14 5 17 6 1 9 8 9 7 7 6
split_gain=430940 22745.8 13171.7 2583.67 1632.28 1560.15 599.858 364.149 318.301 284.256 272.025 242.974 282.505 239.852 223.274 174.72 173.073 168.536 155.342 148.259 162.764 151.148 145.439 145.36 140.858 117.271 115.406 165.04 114.124 106.996
threshold=1.5000000000000002 0.022658575326204303 1.0000000180025095e-35 0.77991238236427318 -0.68011146783828724 0.00075815391028299939 0.2359685152769089 0.49479787051677709 0.96463587880134594 6.0680162278003997e-05 3.5000000000000004 12.500000000000002 0.00068212967016734194 3.609237909317017 66.828475952148452 60.910972595214851 25.500000000000004 0.004444266203790904 84.248119354248061 3.5000000000000004 0.0024838369572535162 74.754901885986342 5.9503896236419687 8.5000000000000018 62.532051086425788 58.898942947387702 98.53299713134767 0.99890038371086132 0.92747986316680919 2.8437114953994755
decision_type=2 2 2 2 2 2 2 2 2 2 2 2 2 2 2 2 2 2 2 2 2 2 2 2 2 2 2 2 2 2
left_child=1 5 4 7 -2 -1 -6 11 13 15 -8 12 -3 -5 17 19 26 -11 28 -7 21 -21 24 -14 -13 -20 -4 -28 -9 -19
right_child=2 3 16 8 6 9 10 18 -10 14 -12 22 23 -15 -16 -17 -18 29 25 20 -22 -23 -24 -25 -26 -27 27 -29 -30 -31
leaf_value=-0.059556211922762392 -0.057929879773290151 0.075047459039016176 -0.061362506785519064 0.089581424151034553 -0.052290594361235558 0.051651896912425097 0.071184094501779108 0.09103335087957222 0.09532813389705648 -0.012803019172872179 0.037846633653290163 0.10000186822119864 0.043954043539305959 0.048488018437812946 -0.030252128484118176 0.003245818912567219 0.078582730261010397 0.11316022436738324 0.08584869920376216 0.11417254452870849 0.10450401188728915 0.50920869260862167 -0.036183091252372394 -0.063598525634820574 0.033605968267805195 0.060177362272939655 0.070718179827016739 -0.05915113391779505 0.044105523975217283 0.030115217157918147
leaf_weight=3317.0779134258628 515.26744935289025 2362.6898860633373 74835.240394238383 28291.748843207955 178.08089074119925 232.08337990194559 2643.192568089813 2327.1399321109056 554357.83603571355 204.33270259201527 1327.8356989175081 124.98157918453217 1241.2768329754472 524.58818912506104 537.11436313390732 176.40196453779936 31.066326152533293 88.797006674110889 893.98835733532906 7.6506692357361299 76.393026262521744 6.8232282064855099 97.365828566253185 46.097117573022842 1369.573838584125 2340.3126792758703 57.325443267822266 87.974968623369932 205.90065075457096 150.60725769773126
leaf_count=105098 14884 3047 2359389 13594 4319 1998 3797 1354 194369 4795 5717 117 3413 808 10021 1416 245 414 612 134 198 43 570 295 4780 3126 347 2129 517 1094
internal_value=0.0759753 0.0934131 -0.0551165 0.0944637 0.0427071 -0.0367046 0.0552159 0.0656553 0.0950074 0.0145107 0.060049 0.0541858 0.0627205 0.088835 -0.00425813 0.0513123 -0.0611998 0.0272032 0.0760689 0.0774761 0.142154 0.321272 0.0345897 0.0400565 0.0392215 0.0672975 -0.0612588 -0.00778057 0.0872377 0.0612599
internal_weight=678657 598981 79676 594183 4664.38 4797.28 4149.11 11009.3 583174 1480.2 3971.03 5241.99 3650.06 28816.3 980.851 499.352 75011.6 443.737 5767.34 322.95 90.8669 14.4739 1591.92 1287.37 1494.56 3234.3 74980.5 145.3 2533.04 239.404
internal_count=2742640 351813 2390827 226602 28717 125211 13833 17831 208771 20113 9514 12222 6755 14402 16324 3789 2362110 6303 5609 2373 375 177 5467 3708 4897 3738 2361865 2476 1871 1508
is_linear=0
shrinkage=0.06


Tree=15
num_leaves=31
num_cat=0
split_feature=0 0 0 5 7 7 0 0 5 7 9 1 5 14 0 9 7 8 14 14 7 14 4 2 7 9 14 9 4 14
split_gain=419916 4595.99 1782.14 1316.82 1088.85 974.604 421.444 237.404 215.039 209.084 191.001 230.534 168.76 165.205 162.108 132.326 128.076 155.233 127.593 123.717 181.531 121.355 118.559 118.145 117.361 136.288 118.894 125.382 215.123 215.683
threshold=0.03805800527334214 0.69954499602317821 0.0025836817221716051 0.87587347626686107 0.46130828559398657 1.7159025073051455 0.91612541675567638 0.34205599129199987 0.95523107051849376 1.1933377385139468 79.022300720214858 8.5000000000000018 0.98860448598861705 12.500000000000002 0.99218881130218517 71.707641601562514 8.2751699665095671e-05 85.215545654296889 3.5000000000000004 19.500000000000004 0.023711605928838256 5.5000000000000009 -0.035882027819752686 -0.0088853212073445303 2.4993221813929271e-05 88.953113555908217 41.500000000000007 99.80237197875978 -0.001726467511616647 2.5000000000000004
decision_type=2 2 2 2 2 2 2 2 2 2 2 2 2 2 2 2 2 2 2 2 2 2 2 2 2 2 2 2 2 2
left_child=2 3 -1 7 10 6 8 9 13 15 11 18 -5 -3 22 -2 17 -17 -4 20 -9 -20 -7 -15 25 -12 27 -26 29 -29
right_child=1 5 4 12 -6 14 -8 19 -10 -11 24 -13 -14 23 -16 16 -18 -19 21 -21 -22 -23 -24 -25 26 -27 -28 28 -30 -31
leaf_value=-0.061393977638301601 0.06437640126190973 0.086481936058256201 0.020872944751604745 -0.00037630930207462922 -0.057680325972858972 0.035116773245829888 0.091985559567999073 0.0783571313557654 -0.020994066280538036 -0.0065145576223148392 0.087476175858153191 -0.039944402595856153 -0.059710539480543896 0.073658606584273992 0.093567582399235308 0.070231460492639133 0.028381415949851434 0.0090275012455388482 0.13860849572814468 0.05100747733287242 0.050299723757508061 0.053273909157740017 0.064070819767613418 0.011267568720935671 -0.033636233553784853 -0.011228179919667396 0.14988803195358788 0.66439206057205613 -0.012755373647945932 -0.044527751159797443
leaf_weight=72626.309614060447 1279.0292277336121 8520.6890662610531 419.79047609120607 357.97918287664652 1183.7824341263622 602.2651736959815 555706.85916413739 2872.3857677727938 73.60641099140048 262.71395144984126 87.600224837660789 131.97451186180115 332.20576502382755 4258.2337717264891 588.4713990688324 720.62625621259212 1346.4336120337248 188.47292787581682 70.736641954630613 1743.4419570118189 1178.8598313778639 389.48029009997845 3444.5428932383657 112.54457752406597 469.04359792917967 116.22517845034599 13.029309421777723 3.141623482108117 13.960807155817747 2.2751429788768291
leaf_count=2439435 2368 4390 3555 4103 36671 1569 201701 2290 986 1776 223 2006 10158 3218 229 978 5258 721 267 2879 2552 2628 3890 203 7461 836 141 16 181 43
internal_value=0.0735703 0.0907989 -0.0595519 0.0510315 -0.0134319 0.0915121 0.0917355 0.0567912 0.0810125 0.0451044 0.0170864 0.0337788 -0.0289806 0.0815965 0.0640813 0.0489419 0.0401649 0.0575666 0.0448678 0.0644404 0.0702072 0.0666622 0.0597715 0.072055 -0.00687903 0.031413 -0.0224752 -0.0273701 0.118512 0.406097
internal_weight=659117 583589 75527.3 10282.1 2901.04 573307 568672 9591.96 12965.1 3797.28 1717.26 1011.98 690.185 12891.5 4635.28 3534.56 2255.53 909.099 880.007 5794.69 4051.25 460.217 4046.81 4370.78 705.276 203.825 501.45 488.421 19.3776 5.41677
internal_count=2742732 249269 2493463 33083 54028 216186 210498 18822 8797 11101 17357 8456 14261 7811 5688 9325 6957 1699 6450 7721 4842 2895 5459 3421 8901 1059 7842 7701 240 59
is_linear=0
shrinkage=0.06


Tree=16
num_leaves=31
num_cat=0
split_feature=2 1 3 2 3 5 5 6 6 7 10 6 5 7 5 2 6 5 5 5 7 6 8 7 4 1 9 16 5 9
split_gain=356428 20225.9 4538.12 2800.32 2444.21 2378.69 1792.21 670.411 463.683 295.287 280.093 243.224 252.115 237.277 230.144 177.529 169.68 167.579 162.057 161.421 156.847 174.553 134.62 128.31 127.751 220.508 137.863 126.53 118.708 115.127
threshold=-0.89004525542259205 9.5000000000000018 1.5000000000000002 -0.99481073021888722 1.5000000000000002 0.83325815200805675 0.99350962042808544 0.92558395862579357 0.92558395862579357 1.7159025073051455 0.30217391252517706 2.9991497993469243 0.0011921658297069373 0.90090259909629833 0.49479787051677709 -0.37693089246749872 7.357795476913453 0.0021058855345472698 0.94936829805374157 0.085427075624465956 5.27071169926785e-05 2.0000146627426152 74.239631652832045 3.609237909317017 -0.88000279664993275 8.5000000000000018 97.57275772094728 65.058139801025405 0.98173660039901745 69.255905151367202
decision_type=2 2 2 2 2 2 2 2 2 2 2 2 2 2 2 2 2 2 2 2 2 2 2 2 2 2 2 2 2 2
left_child=3 2 5 -1 11 8 7 22 19 18 13 12 -5 -10 20 -9 -3 27 -7 -2 -12 -22 -4 -17 -6 26 -26 -14 -11 -19
right_child=1 16 6 4 24 9 -8 15 10 28 14 -13 17 -15 -16 23 -18 29 -20 -21 21 -23 -24 -25 25 -27 -28 -29 -30 -31
leaf_value=-0.061101657482348783 -0.036865051590512614 -0.061584180789874723 -0.063088177598267139 -0.060790688309923423 -0.061819764579670616 0.082906521450450271 -0.057708364766199102 0.029653220290000365 0.081186647311968452 0.059554543259991405 0.061486815592088392 0.016433959597220462 -0.041425950785638835 0.026395009099410217 0.064796914616912324 0.068099797825761754 0.012094337794786742 0.086712064285566673 0.089227320575419586 0.030862403144920884 0.072236935418891465 0.018657024354437921 0.010695078327877906 0.042907966997054854 -0.0081032102052588477 -0.057414204008689823 0.17519779985230011 0.50696507056213047 0.091063973691635172 0.041920067222695964
leaf_weight=63721.276580365375 178.84453293681145 3276.6616079118103 210.82229750044644 60.124097069725394 1707.3744048289955 15224.469992563128 691.54439747147262 934.44515110738575 3858.7749296221882 1732.6925784945488 885.50104369781911 1277.1292074732482 1.9245492741465557 308.486473351717 5003.7942510843277 2116.304012272507 116.21486090309918 392.79849725030363 530821.75771643221 427.9079452008009 271.44018509797752 1120.308073528111 153.11957305110991 1121.088737770915 405.75344385765493 638.20454460568726 14.328043352812527 4.2798376977443695 579.72816622257233 442.36106905527413
leaf_count=2260565 3564 116505 6768 2127 58850 7667 21416 5223 2703 1832 1236 8046 49 849 4992 2285 699 845 197154 886 468 3016 1706 2212 7116 21414 94 45 217 2582
internal_value=0.0714033 0.0869856 0.0878617 -0.0577265 -0.0142245 0.0883807 0.0322078 0.0459265 0.0620055 0.0889604 0.0647144 0.0332982 0.0571449 0.0771379 0.0575943 0.0527395 -0.0590577 0.0656348 0.0890512 0.0108715 0.0417464 0.0291514 -0.0321014 0.059392 -0.0516584 -0.0352218 -0.00145 0.35472 0.06749 0.0630655
internal_weight=637699 569034 565641 68665.6 4944.28 560414 5227.32 4535.78 12055.1 548359 11448.3 2178.62 901.488 4167.26 7281.04 4171.84 3392.88 841.364 546046 606.752 2277.25 1391.75 363.942 3237.39 2765.66 1058.29 420.081 6.20439 2312.42 835.16
internal_count=2743131 381398 264194 2361733 101168 224584 39610 18194 17714 206870 13264 13694 5648 3552 9712 9720 117204 3521 204821 4450 4720 3484 8474 4497 87474 28624 7210 94 2049 3427
is_linear=0
shrinkage=0.06


Tree=17
num_leaves=31
num_cat=0
split_feature=0 0 5 7 0 7 0 7 10 7 0 7 14 5 10 1 10 3 5 16 2 1 16 14 2 2 8 1 7 5
split_gain=348412 5671.99 1438.63 1130.04 692.845 576.001 475.038 263.511 246.982 252.059 247.346 192.898 179.831 175.911 165.934 120.622 127.505 116.278 115.627 98.227 98.1773 156.946 94.5972 91.9586 89.593 88.7379 89.521 113.868 87.9111 84.3978
threshold=0.016710898838937286 0.69954499602317821 0.9047992229461671 1.7159025073051455 0.0025836817221716051 0.19754115492105487 0.91612541675567638 7.825135980965571e-05 0.25357143580913549 0.011774214450269939 0.34205599129199987 3.609237909317017 18.500000000000004 0.99067899584770214 0.32795698940753942 8.5000000000000018 0.40370370447635656 7.5000000000000009 0.94936829805374157 91.168830871582045 -0.51479646563529957 2.5000000000000004 77.09790420532228 4.5000000000000009 -0.016607834957540032 -0.91912096738815297 93.127067565917983 4.5000000000000009 0.030745055526494983 0.98173660039901745
decision_type=2 2 2 2 2 2 2 2 2 2 2 2 2 2 2 2 2 2 2 2 2 2 2 2 2 2 2 2 2 2
left_child=4 2 7 6 -1 15 14 12 9 -9 20 -5 -2 22 18 16 -6 19 -3 23 21 -10 -4 -11 -16 26 -23 -28 -12 -8
right_child=1 3 13 11 5 -7 29 8 10 17 28 -13 -14 -15 24 -17 -18 -19 -20 -21 -22 25 -24 -25 -26 -27 27 -29 -30 -31
leaf_value=-0.061101767747443837 0.069903210724753834 0.08368471005135085 -0.05680939036405621 0.065644242015030052 0.029617215100998996 -0.060090667250666828 0.08331478311788032 0.074808391512779168 0.08107830843867779 0.037924694427272913 0.047658722234168352 0.039749220134304139 0.037201323784459769 -0.060032285387331706 0.069658470412445203 -0.044557886708675762 -0.019610904597894611 0.0095745713583367809 0.013004583751530276 0.057454673130767804 -0.06280123439496707 -0.020790801878647239 0.013355643470203755 -0.026182763994876936 0.02792614840287666 0.019545525397434316 0.26363108789092915 -0.058369095483916097 0.0020823593099948139 0.08679390155531394
leaf_weight=64728.344386314973 2657.6804626062512 5338.829214155674 90.669820174574852 2744.2877220083028 610.93744554929435 876.41638769209385 27128.420716494322 1279.2393103316426 118.60283439606428 435.01043469645083 1983.4490329772234 1673.9508920945227 788.972406886518 436.1751174647361 6744.5426786541939 144.52091043256223 273.49743444658816 356.24632820114493 85.053057242184877 1123.5320093892515 59.396587643772364 369.45925958827138 280.92302713915706 98.055846596136689 192.27381245046854 894.02862399071455 8.0964223742485029 6.4574389308691016 165.13036964833736 495448.32164553925
leaf_count=2439641 2626 2556 1992 2708 5624 30462 12089 1448 318 1666 2925 2910 1949 14980 5445 2689 4289 2093 469 2833 459 3362 3238 543 302 3071 32 70 393 189670
internal_value=0.069528 0.0852126 0.0428508 0.0860883 -0.060052 -0.024375 0.086338 0.0488734 0.0420902 0.0539752 0.0312237 0.0558445 0.0624304 -0.0342336 0.0746874 0.00607466 0.0143892 0.0407043 0.082579 0.0473888 0.0121196 0.0153484 -0.00387137 0.0261054 0.0685059 0.00919006 -0.0149068 0.126195 0.0441585 0.0866135
internal_weight=617141 550507 11151.1 539356 66633.7 1905.37 534937 10343.4 6896.7 3292.08 3604.62 4418.24 3446.65 807.768 12360.7 1028.96 884.435 2012.84 5423.88 1656.6 1456.04 1396.64 371.593 533.066 6936.82 1278.04 384.013 14.5539 2148.58 522577
internal_count=2742852 260147 43998 216149 2482705 43064 210531 23788 19213 8583 10630 5618 4575 20210 8772 12602 9913 7135 3025 5042 7312 6853 5230 2209 5747 6535 3464 102 3318 201759
is_linear=0
shrinkage=0.06


Tree=18
num_leaves=31
num_cat=0
split_feature=0 0 5 7 0 7 0 6 2 10 0 9 7 2 9 14 5 5 2 7 10 7 7 10 10 6 3 5 2 7
split_gain=318295 5731.11 1372.12 1109.37 776.945 878.178 533.309 312.804 180.675 176.166 175.453 171.038 223.893 168.45 162.572 138.834 132.41 130.628 111.812 111.488 107.796 132.011 107.588 148.543 146.102 120.212 100.24 144.364 98.1168 105.487
threshold=0.016710898838937286 0.69954499602317821 0.9047992229461671 1.7159025073051455 0.00156373274512589 0.0098283044062554854 0.91612541675567638 4.9985370635986337 -0.25812765955924982 0.3390804678201676 0.99218881130218517 70.286651611328139 3.1340188797912567e-05 -0.74151420593261708 88.953113555908217 3.5000000000000004 0.99067899584770214 0.0024838369572535162 -0.74151420593261708 0.55332806706428539 0.41885964572429663 1.8965213894844057 0.00016148779832292351 0.17445652186870578 0.040833333507180221 1.9977397322654726 1.5000000000000002 0.99783298373222362 -0.83011069893836964 0.0011997189139947297
decision_type=2 2 2 2 2 2 2 2 2 2 2 2 2 2 2 2 2 2 2 2 2 2 2 2 2 2 2 2 2 2
left_child=4 2 7 6 -1 11 9 8 13 19 -5 15 14 22 17 -6 -4 -13 -9 -3 21 -15 -2 24 -24 -25 -8 -28 29 -27
right_child=1 3 16 10 5 -7 26 18 -10 -11 -12 12 -14 20 -16 -17 -18 -19 -20 -21 -22 -23 23 25 -26 28 27 -29 -30 -31
leaf_value=-0.061105065306652433 0.05440542285316792 0.083048055036136395 -0.010155291275565949 0.049680320527570827 0.0064532353535003981 -0.057587710551624142 0.084396718456442227 0.0026353325416278821 0.010357296310416503 0.064551449095655147 0.085938266480155207 0.30056775421187581 -0.035625328751952491 0.07415183157808293 -0.019552135101032386 0.069109071039170022 -0.059831213573379477 0.07282438307394655 0.034161589343122536 0.060555867559868422 0.050384882245392074 0.039849774532182559 0.023214108203193418 0.060778895311130267 0.079816952818134279 0.019342323632569262 0.0653763980814379 -0.064605641180403781 0.035090906331785569 -0.034681807979102898
leaf_weight=60485.702071018517 1190.0178949460387 4697.8847900629044 361.37368459999561 3948.6793612167239 239.80314202606678 1408.0315821263939 504884.20984914899 629.42459316179156 382.07526572421193 6267.7390132881701 548.88760966807604 9.289905369281767 361.70503096096218 2119.6653203256428 75.213186509907246 270.9515510071069 415.2016963083297 90.12568785622716 1135.7135084122419 971.51652669534087 2670.7405941002071 503.85589369758964 318.5907172113657 172.18964267894626 340.21648323535919 242.18551111966372 425.68738085031509 32.36627134680748 266.6739807613194 278.98532099276781
leaf_count=2417316 2351 2115 5196 5476 2671 51090 201129 3430 1288 5373 227 109 7129 1762 754 2349 15092 309 2183 1214 3774 1505 1879 580 819 1339 350 410 598 2258
internal_value=0.0678383 0.0829119 0.0401008 0.0838166 -0.0597619 -0.0266588 0.0840747 0.0459267 0.0507079 0.0715171 0.0541234 0.0149469 -0.00871457 0.0526089 0.0469106 0.0397618 -0.0367577 0.0968872 0.0229276 0.0792051 0.0589178 0.0675817 0.0407011 0.0305996 0.0525212 0.0155172 0.0843712 0.0560711 0.00556041 -0.0095881
internal_weight=595745 532804 11026.9 521777 62940.8 2455.12 517279 10250.3 8485.2 11937.1 4497.57 1047.09 536.334 8103.12 174.629 510.755 776.575 99.4156 1765.14 5669.4 5294.26 2623.52 2808.86 1618.84 658.807 960.034 505342 458.054 787.845 521.171
internal_count=2742075 260348 44054 216294 2481727 64411 210591 23766 18153 8702 5703 13321 8301 16865 1172 5020 20288 418 5613 3329 7041 3267 9824 7473 2698 4775 201889 760 4195 3597
is_linear=0
shrinkage=0.06


Tree=19
num_leaves=31
num_cat=0
split_feature=0 0 4 7 0 7 0 6 2 7 0 10 6 2 7 9 2 7 4 10 0 2 9 6 7 7 0 7 7 2
split_gain=292300 5644.05 1156.6 1147.48 714.315 663.213 563.589 290.318 188.563 182.124 172.366 169.294 151.761 130.307 124.828 121.226 114.199 113.516 113.461 112.914 144.422 146.817 108.161 106.812 105.311 101.997 101.33 98.8486 94.1316 88.1896
threshold=0.016710898838937286 0.69954499602317821 -0.61291360855102528 1.7159025073051455 0.00156373274512589 0.46130828559398657 0.91612541675567638 4.9985370635986337 -0.25812765955924982 7.825135980965571e-05 0.99218881130218517 0.32795698940753942 2.9991497993469243 -0.99160954356193531 0.8009229600429536 92.908306121826186 -0.51479646563529957 0.00085727043915539991 -0.001151748525444418 0.094494048506021514 0.0035933539038524036 -0.64716216921806324 99.80237197875978 0.080883663147687926 3.609237909317017 0.040095711126923568 0.0035933539038524036 0.0081255468539893645 6.921829117345625e-05 -0.74151420593261708
decision_type=2 2 2 2 2 2 2 2 2 2 2 2 2 2 2 2 2 2 2 2 2 2 2 2 2 2 2 2 2 2
left_child=4 2 -2 6 -1 9 11 8 12 15 24 14 17 -11 -3 26 28 -4 -8 20 21 -15 -21 -13 -5 -24 -6 -22 -14 -9
right_child=1 3 7 10 5 -7 18 29 -10 13 -12 23 16 19 -16 -17 -18 -19 -20 22 27 -23 25 -25 -26 -27 -28 -29 -30 -31
leaf_value=-0.060996255775566936 -0.044310769427765843 0.081325723993825552 0.065505380607621649 0.055728541853552888 0.099658547906422312 -0.060874246150599803 0.042847353863731473 0.0022841642117975109 0.0058833088935783002 -0.031274112913116256 0.083603407413469222 0.002192971664997388 0.050198197038428163 0.5109517958922849 0.055845899055460453 -0.041975561702716588 0.053783488622633067 0.044723007665991958 0.082378047996131409 -0.0078884689164148026 0.10635056444187747 -0.044488876641361468 -0.047677212833540566 0.063669325438990912 0.035925098722328221 0.3778617848988311 0.028245561963181773 -0.060335925611772423 0.025774032411471619 0.030461516910545321
leaf_weight=57115.402200384066 575.01940824277699 4349.9035322666168 2542.4369111508131 2274.2490309253335 101.76623377203941 1119.8440684080124 264.869314994663 600.98514018207788 374.55164343491197 530.01760489679873 534.95631019771099 103.42344811931252 839.23886372894049 4.2497062459588051 835.15933427214622 60.326106954365969 1666.8970473073423 1525.3090638127178 486044.6501660347 246.89951575361192 39.627666093409061 2.3208517432212821 3.0203953571617594 6543.8502870537341 1697.1717177182436 4.1280303150415421 239.65061290934682 17.927397523075342 1770.9056640919298 1194.9451394509524
leaf_count=2419025 18574 1974 3232 2573 852 44716 649 3050 1316 12352 232 193 1351 51 1097 753 2588 4116 200914 3815 175 63 60 5579 2924 16 1002 370 6550 3220
internal_value=0.0662552 0.0808345 0.0384909 0.0817687 -0.0596568 -0.027362 0.0820414 0.0430226 0.0475477 0.0026871 0.0516067 0.0690821 0.0494169 -0.0130751 0.0772332 0.0359153 0.0415033 0.0577254 0.0823566 0.017244 0.0877286 0.334798 -0.00082158 0.0627133 0.0472768 0.214275 0.0497605 0.0542869 0.0336433 0.0210388
internal_weight=573224 513739 11090.3 502648 59485.2 2369.78 498142 10515.3 8719.34 1249.93 4506.38 11832.3 8344.79 848.191 5185.06 401.743 4277.04 4067.75 486310 318.174 64.1256 6.57056 254.048 6647.27 3971.42 7.14843 341.417 57.5551 2610.14 1795.93
internal_count=2743382 260132 43997 216135 2483250 64225 210406 25423 19153 19509 5729 8843 17837 16902 3071 2607 10489 7348 201563 4550 659 114 3891 5772 5497 76 1854 545 7901 6270
is_linear=0
shrinkage=0.06


Tree=20
num_leaves=31
num_cat=0
split_feature=0 0 0 4 5 5 7 5 7 10 7 10 17 9 7 5 7 7 2 6 0 5 4 6 2 9 4 8 6 17
split_gain=268711 4999.66 1598.51 1511.67 977.666 748.34 516.029 444.41 217.657 233.362 185.358 289.267 246.036 168.706 155.874 133.008 131.862 117.175 109.879 109.535 108.516 103.411 165.942 101.565 98.5963 91.8857 114.504 94.5857 90.4171 89.6322
threshold=0.03805800527334214 0.91612541675567638 0.00156373274512589 -0.035882027819752686 0.17076727002859118 0.57806041836738598 1.7159025073051455 0.99350962042808544 3.609237909317017 0.31414473056793218 0.0057773799635469922 0.31414473056793218 82.480819702148452 76.970855712890639 0.00097512963111512374 0.2359685152769089 2.4993221813929271e-05 0.63824188709259044 -0.91912096738815297 0.080883663147687926 0.99218881130218517 0.98564207553863536 -0.0010189995518885551 3.0419229269027714 -0.74151420593261708 99.80237197875978 -0.001726467511616647 92.612083435058608 0.79617789387702953 54.72370910644532
decision_type=2 2 2 2 2 2 2 2 2 2 2 2 2 2 2 2 2 2 2 2 2 2 2 2 2 2 2 2 2 2
left_child=2 3 -1 7 13 10 21 23 9 17 11 -5 18 14 -4 -14 29 -7 -13 -11 -8 -3 -23 28 -25 27 -27 -18 -2 -15
right_child=1 6 4 5 -6 8 20 -9 -10 19 -12 12 15 16 -16 -17 25 -19 -20 -21 -22 22 -24 24 -26 26 -28 -29 -30 -31
leaf_value=-0.060919524804149083 -0.04287104066160391 0.076956433303837404 0.044711901570409635 0.06530583624842505 -0.057035341802967807 0.079115745710390581 0.050395653721709323 -0.061694138997273926 0.028635824219536438 0.00604656533279455 0.016753070413690074 0.010065474230123413 -0.0045354370183505258 0.048685618934338835 -0.0020111640874339205 0.030241900570670235 -0.036197472334909844 0.058519769588954544 0.060288830279137104 0.060026637548257517 0.081350462203352056 -0.020576804312292644 0.080788525170138514 -0.025393349406135943 0.014679979983904932 0.25119603822797831 -0.015698157808084534 0.10647877698237157 0.037431828247544367 -0.032221169475035061
leaf_weight=53864.908448286355 53.098650600761175 27598.828169554472 648.242640953511 1600.3125309571624 1299.0585223175585 4779.1809565275908 2498.6039610393345 300.05413191579282 589.92671231925488 137.97799469530582 1075.0802402794361 180.41699661314487 533.71777832508087 177.39974990487099 425.38070377148688 1529.5686856806278 512.94500138610601 1275.7300777286291 1221.2220195904374 7738.4856334924698 490.75576356053352 57.783521518111229 440709.0064919889 287.45131541416049 944.9745938424021 8.4507097937166691 14.647278899326921 16.342304920777678 790.75045135244727 67.318033520132303
leaf_count=2417971 412 13515 3561 1529 53047 2291 2907 10978 1207 262 2910 563 2613 754 7232 2878 9651 1117 1420 6599 224 473 187733 3276 3095 56 194 139 3192 571
internal_value=0.0648316 0.0790576 -0.0584828 0.0517611 -0.0170691 0.0569732 0.0803916 0.00643843 0.0644002 0.0659125 0.0394015 0.0442043 0.0344423 0.0106997 0.0262151 0.0212481 -0.0102046 0.0747867 0.0538359 0.0590819 0.0555029 0.0805503 0.0807752 0.0163096 0.00532026 -0.0264347 0.0883205 -0.0315997 0.0323341 0.0263889
internal_weight=551428 494393 57034.7 23037.9 3169.78 20661.6 471355 2376.33 14521.3 13931.4 6140.32 5065.24 3464.93 1870.73 1073.62 2063.29 797.103 6054.91 1401.64 7876.46 2989.36 468366 440767 2076.28 1232.43 552.385 23.098 529.287 843.849 244.718
internal_count=2742370 249194 2493176 44342 75205 23389 204852 20953 11476 10269 11913 9003 7474 22158 10793 5491 11365 3408 1983 6861 3131 201721 188206 9975 6371 10040 250 9790 3604 1325
is_linear=0
shrinkage=0.06


Tree=21
num_leaves=31
num_cat=0
split_feature=2 3 9 3 5 5 5 6 6 9 7 5 7 17 7 4 2 5 1 5 5 7 10 7 6 8 9 2 5 6
split_gain=231141 12673 3773.83 3373.68 2733.94 2197.6 528.61 383.973 351.044 330.205 309.483 297.454 250.563 241.564 178.283 177.827 157.547 172.757 208.139 154.938 153.72 134.4 126.059 124.46 130.516 123.139 133.877 121.019 105.384 100.379
threshold=-0.83011069893836964 1.5000000000000002 1.0000000180025095e-35 1.5000000000000002 0.87587347626686107 0.00062795073608867835 0.085427075624465956 1.3162558078765871 2.9824775457382207 82.626663208007827 1.7159025073051455 0.99809545278549205 0.030745055526494983 77.913280487060561 0.054103799164295203 -0.090820938348770128 -0.98880416154861439 0.96463587880134594 9.5000000000000018 0.6510990858078004 0.98173660039901745 6.4794403442647322e-05 0.25357143580913549 0.0011997189139947297 2.001102209091187 97.01425933837892 39.905212402343757 -0.51479646563529957 0.98173660039901745 0.036448605358600623
decision_type=2 2 2 2 2 2 2 2 2 2 2 2 2 2 2 2 2 2 2 2 2 2 2 2 2 2 2 2 2 2
left_child=3 4 15 5 6 -1 25 -4 23 12 20 -9 -8 14 -11 -3 -5 18 -18 -15 -6 -10 -23 -7 -25 -2 -27 -14 -12 -21
right_child=1 2 7 16 10 8 9 11 21 13 28 -13 27 19 -16 -17 17 -19 -20 29 -22 22 -24 24 -26 26 -28 -29 -30 -31
leaf_value=-0.05841854024050374 -0.045782611587989908 0.014659592813797523 -0.059970117769636254 -0.061077030346921753 0.074506907061973104 0.056089683379034284 0.07039140101019456 0.024370862454505048 0.026066063870203864 0.063559743723098611 0.048586477270451789 -0.06258585285932601 0.00095299250943835017 0.025102282905709608 -0.024606379364412543 0.045347964738505088 -0.00021121007231758874 -0.061321344906426281 -0.057865408617594372 -0.046185909576714652 0.079147978095131938 0.013416177695973561 -0.024062604574541058 0.054805154652608858 -0.032804555033755511 0.55705605669708624 0.030695700028226143 0.048787713919393343 0.080394635468674855 0.0477492566904512
leaf_weight=2054.6600684300065 230.24056914076209 895.20262360200286 2672.6141485348344 45821.545234754682 27667.184896841645 967.15271125920117 4313.1229807287455 389.02515788376331 736.19044270925224 2212.8979506418109 1646.1207703500986 221.36984445527196 237.34219619631767 2259.2228790298104 85.270450100302696 2839.9945534542203 530.38315497152507 938.82314153015614 391.05526417866349 40.833210572600365 425978.02539028227 621.68283194303513 670.57161281444132 113.77286815270782 130.22388396412134 1.4854080360382784 6.2298505883663893 962.54570983350277 489.68665680289268 2705.6012632250786
leaf_count=97466 6828 4518 125351 2177780 14420 5553 2934 2977 3916 1852 1780 7374 613 4446 214 4056 8293 42892 17293 115 189030 6589 9121 743 1451 44 46 1228 215 2807
internal_value=0.0635488 0.0767841 -0.00324504 -0.0553357 0.0779821 -0.00989376 0.0509022 -0.050167 0.0208908 0.0525477 0.0787577 -0.00721621 0.0636403 0.0441674 0.0602792 0.0379989 -0.060381 -0.0432126 -0.0247157 0.0367596 0.0788651 0.00562218 -0.00603573 0.0464372 0.0081038 -0.0375817 0.184325 0.0393345 0.0559135 0.0463364
internal_weight=528830 475854 7018.21 52976.1 468836 5294.25 13054.8 3283.01 3239.59 12816.8 455781 610.395 5513.01 7303.83 2298.17 3735.2 47681.8 1860.26 921.438 5005.66 453645 2028.44 1292.25 1211.15 243.997 237.956 7.71526 1199.89 2135.81 2746.43
internal_count=2741945 370848 144276 2371097 226572 124839 21127 135702 27373 14209 205445 10351 4775 9434 2066 8574 2246258 68478 25586 7368 203450 19626 15710 7747 2194 6918 90 1841 1995 2922
is_linear=0
shrinkage=0.06


Tree=22
num_leaves=31
num_cat=0
split_feature=0 0 0 7 0 7 7 4 10 14 6 7 17 6 10 0 10 7 16 10 7 0 0 7 6 14 7 17 0 6
split_gain=228242 5169.22 1666.93 1080.34 736.952 730.683 551.859 321.774 262.113 222.495 167.139 156.949 199.839 131.614 130.029 112.595 112.051 142.842 129.232 183.529 111.873 107.994 105.213 476.494 103.33 100.352 99.1679 113.345 98.1189 91.0868
threshold=0.03805800527334214 0.91612541675567638 0.0025836817221716051 0.94700521230697643 0.69954499602317821 0.63824188709259044 1.7159025073051455 -0.68011146783828724 0.28801843523979193 11.500000000000002 2.9998129606246953 7.367103535216303e-05 99.206348419189467 0.080883663147687926 0.065591398626565947 0.99218881130218517 0.094494048506021514 7.825135980965571e-05 20.256410598754886 0.60434782505035411 0.030745055526494983 0.96672680974006664 0.00078332840348593902 9.7443426056997864e-05 5.018308401107789 2.5000000000000004 3.609237909317017 84.924243927001967 0.34205599129199987 0.92558395862579357
decision_type=2 2 2 2 2 2 2 2 2 2 2 2 2 2 2 2 2 2 2 2 2 2 2 2 2 2 2 2 2 2
left_child=2 3 22 4 8 10 21 -5 20 -6 14 12 -10 -11 -4 -8 -16 -18 19 -19 -2 -3 -1 24 25 -24 27 -9 -13 -28
right_child=1 6 5 7 9 -7 15 26 11 13 -12 28 -14 -15 16 -17 17 18 -20 -21 -22 -23 23 -25 -26 -27 29 -29 -30 -31
leaf_value=-0.060970589882766726 0.061587820419628757 0.072202312563561535 -0.052871200302884128 -0.043989391819103482 0.070702738930797523 -0.058564465860346651 0.046028278877067029 -0.015604930542018162 0.061772572681410565 -0.033982881059153001 -0.0050740540961120347 0.010534847941543255 0.025345393967509986 0.054058963503758668 0.11298549442456472 0.077750780185086896 0.062803072682694541 0.0092239860850192746 -0.0034463979194651862 0.43113640056261021 0.034666677226024192 0.0776103813339383 -0.00032241601008476349 -0.054009834270847039 -0.058865629832643047 0.14449903073452061 -0.083067669127848048 0.037233028711498181 0.031957930469219957 0.013132936889656114
leaf_weight=47032.25695136562 2136.2536265105009 13947.805955722928 58.637040738016367 287.85538610443473 6499.4059508442879 798.83925035782158 2449.7729653827846 161.19533834978938 1156.6197593957186 61.453058376908302 1035.7991925217211 1234.905868280679 1024.0992149561644 3962.2659456878901 66.673246076330543 484.76946625858545 282.4426070228219 9.6584218218922597 318.35788123123348 5.0741826277226201 757.47103616967797 417534.20562861115 23.570382041856647 1317.2573157474399 15.673791605979202 62.940806051716208 35.349505059421062 1515.5024742744863 2047.8573489636183 1423.4672206789255
leaf_count=2373369 2027 7893 619 10488 3841 36209 2892 1980 1014 150 11967 4842 2106 3462 287 235 884 175 3998 30 1916 193787 616 63097 445 1293 209 4384 3212 4685
internal_value=0.0623666 0.0758128 -0.0579834 0.0476379 0.0532608 -0.0109422 0.0772593 0.0166204 0.03995 0.0638271 0.0104913 0.0322058 0.0446853 0.0527062 0.0322313 0.0512934 0.0396127 0.0314947 0.00483845 0.172706 0.0545553 0.0774357 -0.0604836 -0.0443164 0.079953 0.105489 0.0221969 0.032147 0.0239047 0.0107465
internal_weight=507747 456720 51027.2 22303.7 18880.3 2575.48 434417 3423.37 8357.21 10523.1 1776.64 5463.48 2180.72 4023.72 740.843 2934.54 682.206 615.533 333.09 14.7326 2893.72 431482 48451.7 1419.44 102.185 86.5112 3135.51 1676.7 3282.76 1458.82
internal_count=2742112 249123 2492989 44316 22570 54169 204807 21746 15117 7453 17960 11174 3120 3612 5993 3127 5374 5087 4203 205 3943 201680 2438820 65451 2354 1909 11258 6364 8054 4894
is_linear=0
shrinkage=0.06


Tree=23
num_leaves=31
num_cat=0
split_feature=0 0 5 0 0 7 7 7 7 10 6 4 6 6 5 5 0 9 17 5 7 6 8 5 0 7 6 7 16 1
split_gain=210872 6031.17 1153.61 865.471 715.81 623.526 419.155 388.836 235.35 164.76 163.422 130.065 126.588 143.295 149.974 133.24 117.689 112.958 178.66 110.649 108.412 107.277 102.152 101.914 92.6355 479.844 141.291 102.48 146.909 127.262
threshold=0.016710898838937286 0.91612541675567638 0.99350962042808544 0.69954499602317821 0.0025836817221716051 1.7159025073051455 0.46130828559398657 1.8965213894844057 8.2751699665095671e-05 0.35857143998146063 3.9971848726272587 -0.00090855543385259796 0.92558395862579357 1.9994091987609866 0.9047992229461671 0.57806041836738598 0.99218881130218517 81.848690032958999 76.026271820068374 0.98173660039901745 0.8009229600429536 2.9824775457382207 62.192192077636726 0.99755212664604198 0.00061020161956548702 6.0680162278003997e-05 1.8956952691078188 7.8532375482609512e-06 42.206478118896491 7.5000000000000009
decision_type=2 2 2 2 2 2 2 2 2 2 2 2 2 2 2 2 2 2 2 2 2 2 2 2 2 2 2 2 2 2
left_child=4 2 3 8 24 11 21 9 17 20 12 23 -10 -14 15 -15 -7 -2 -19 -13 -5 -6 -11 -3 -1 26 -26 28 29 -28
right_child=1 5 -4 7 6 16 -8 -9 10 22 -12 19 13 14 -16 -17 -18 18 -20 -21 -22 -23 -24 -25 25 -27 27 -29 -30 -31
leaf_value=-0.060945433601030712 0.060668006093320771 0.048150078233329854 -0.061417615240123881 0.072910403996844689 0.027027464184881313 0.042443776905690525 -0.059957585374988125 0.024383183981354296 -0.0044417122813899968 0.066798300988301446 0.015561173537086095 0.071902704342600779 0.055997942355167182 0.024700821022825836 -0.027315921141294063 0.051356674503382833 0.076393537036944362 0.054766136991862328 0.019122292844874447 0.076343927480348447 0.050459137529588666 -0.012411622909987324 0.048636671373777564 -0.064578551590066521 0.20316646329883914 -0.054653167205896899 0.32726020757056457 -0.026604540814390738 0.0045207005875599745 -0.049835721447657508
leaf_weight=43930.096606651321 1277.3457248285413 255.57653160393238 365.57927310280502 4049.9540494382381 405.23158519156277 2380.64137320593 600.76078075170517 1184.038391046226 285.33232662081718 1544.6003044173121 2675.2484197206795 21617.71290230751 1056.9723559226841 2073.1468617878854 153.01519146375358 1003.2623500768095 436.44495929032564 1066.63375351578 965.84878319501877 391963.52730436623 970.53948025405407 637.62899806722999 4114.4789020419121 31.65809478983283 23.805388651788235 1686.1884053181857 12.375346800312402 41.537227420136333 21.840159311890602 3.9273789767175904
leaf_count=2350862 1184 256 15938 2188 4216 2889 29378 2109 1386 1035 10978 11913 2301 5869 2224 2003 219 1155 2306 189368 977 9194 3911 417 303 85841 202 1191 586 116
internal_value=0.0612849 0.0742486 0.0441875 0.0459121 -0.0589999 0.0758923 -0.0200819 0.0570336 0.0334097 0.0606509 0.0273483 0.0760839 0.0342408 0.0368163 0.0305228 0.0334076 0.0477288 0.0466691 0.0378457 0.076112 0.0685811 0.00292471 0.0536047 0.0355445 -0.0603985 -0.0469473 0.0779328 0.0384634 0.108191 0.238787
internal_weight=486835 439472 22786 22420.4 47363.4 416686 1643.62 11863.6 10556.8 10679.6 7246.98 413868 4571.73 4286.4 3229.42 3076.41 2817.09 3309.83 2032.48 413581 5020.49 1042.86 5659.08 287.235 45719.8 1789.67 103.486 79.6801 38.1429 16.3027
internal_count=2742515 260626 55564 39626 2481889 205062 42788 10220 29406 8111 24761 201954 13783 12397 10096 7872 3108 4645 3461 201281 3165 13410 4946 673 2439101 88239 2398 2095 904 318
is_linear=0
shrinkage=0.06


Tree=24
num_leaves=31
num_cat=0
split_feature=0 0 0 7 5 5 7 5 10 10 4 17 5 7 10 7 2 11 5 17 6 5 2 5 5 0 10 8 2 6
split_gain=195108 5465.2 1487.61 912.677 745.647 738.882 644.543 408.361 320.1 183.727 147.699 141.395 148.753 131.766 128.459 181.152 126.873 126.776 122.261 120.858 161.889 123.943 119.229 115.985 99.7403 96.3382 93.6644 132.09 93.2898 91.983
threshold=0.03805800527334214 0.91612541675567638 0.00156373274512589 0.92747986316680919 0.57806041836738598 0.6510990858078004 1.8965213894844057 0.99350962042808544 0.28801843523979193 0.29520697891712194 -0.00090855543385259796 76.330532073974624 0.2359685152769089 0.0022871553665027027 0.23205128312110904 3.1340188797912567e-05 -0.99160954356193531 1.0000000180025095e-35 0.98564207553863536 73.798625946044936 0.036448605358600623 0.83325815200805675 -0.51479646563529957 0.17076727002859118 0.99588444828987133 0.99218881130218517 0.042572464793920524 42.462121963500984 -0.016607834957540032 7.0089135169982919
decision_type=2 2 2 2 2 2 2 2 2 2 2 2 2 2 2 2 2 2 2 2 2 2 2 2 2 2 2 2 2 2
left_child=2 3 -1 4 9 14 10 22 -6 13 24 -11 -13 -2 16 17 -4 -16 -12 -10 -21 -22 -5 -15 -3 -8 27 -18 -24 -25
right_child=1 6 5 7 8 -7 25 -9 19 11 18 12 -14 23 15 -17 26 -19 -20 20 21 -23 28 29 -26 -27 -28 -29 -30 -31
leaf_value=-0.0604071639267297 0.058609889139895927 0.045978240455337695 -0.0066536154300305241 0.00069480776354413187 0.070577201846808338 -0.059602770438447569 0.038758730961053763 -0.058416203570368058 0.063172201308530643 0.038689043120027876 0.070671951406776734 -0.0094345876202478595 0.024212134135971796 -0.0070564041306555381 -0.00056979773684765172 -0.027371821882801191 0.23379433856883899 0.07576596250030633 0.075139685114195831 -0.040679165082690587 0.038278132056343075 0.056299827347235376 0.029923351096672979 0.045277161387801926 -0.056444083045210827 0.075581389627055295 0.050580316943346679 -0.02713425041686144 -0.03226287019480574 -0.09326703818798783
leaf_weight=42687.798449121416 1258.3763192296028 266.31108854711056 370.44490935653448 771.16870071738958 4441.4646951816976 956.92804004997015 2066.8592896088958 247.89280274696648 1942.5123727824539 1510.9792594760656 23754.709420576692 642.79708080738783 1785.1909245327115 241.65211787819862 228.81035697460175 702.9615222401917 6.4702226389199486 118.07326218485832 372410.06307925284 76.21958639472723 2868.4999188743532 2659.8369183130562 2406.6564423441887 635.69391317665577 38.390184849500656 292.69329768419266 454.88348385691643 106.76613501273096 89.30880031734705 16.827191397547722
leaf_count=2418339 1171 273 7387 6032 2893 49953 2616 10933 1494 2774 13579 3025 3335 885 1315 12879 40 308 188034 207 3452 2147 4564 977 463 148 2545 1122 387 89
internal_value=0.0602719 0.0730618 -0.0575616 0.0436597 0.0490984 -0.016313 0.0746537 0.0156793 0.057785 0.0319958 0.0748398 0.0242821 0.0153041 0.0460935 0.00453987 -0.00987582 0.0206581 0.0255567 0.074872 0.0502484 0.0457586 0.0469575 0.0213174 0.0284333 0.0329313 0.0433565 0.0384472 -0.010309 0.0276862 0.0415671
internal_weight=466057 420424 45633.1 21595.1 18080.1 2945.34 398829 3515.03 11988.5 6091.52 396469 3938.97 2427.99 2152.55 1988.41 1049.85 938.565 346.884 396165 7547.07 5604.56 5528.34 3267.13 894.173 304.701 2359.55 568.12 113.236 2495.97 652.521
internal_count=2743366 249478 2493888 44365 22449 75549 205113 21916 10193 12256 202349 9134 6360 3122 25596 14502 11094 1623 201613 7300 5806 5599 10983 1951 736 2764 3707 1162 4951 1066
is_linear=0
shrinkage=0.06


Tree=25
num_leaves=31
num_cat=0
split_feature=0 0 4 5 0 4 4 5 5 9 8 6 6 5 5 2 8 9 6 10 8 6 6 10 6 6 6 6 6 5
split_gain=180486 6339.62 1051.1 800.776 798.306 531.591 469.094 444.959 242.255 239.088 179.89 166.266 145.183 142.218 131.317 116.41 102.445 124.969 108.666 94.8705 142.194 109.433 138.04 94.4279 93.3917 180.37 89.6016 152.806 88.8477 80.3794
threshold=0.016710898838937286 0.91612541675567638 -0.019527811557054516 0.49479787051677709 0.00156373274512589 -0.54152429103851307 -1.0000000180025095e-35 0.99350962042808544 0.97644221782684337 86.180370330810561 63.510736465454109 2.9991497993469243 0.080883663147687926 0.99809545278549205 0.83325815200805675 -0.25812765955924982 76.028167724609389 80.972057342529311 5.5742843151092538 0.21132376790046695 47.124916076660163 3.0337734222412114 5.9503896236419687 0.26794873178005224 3.9971848726272587 4.148522377014161 4.9902315139770517 5.0281038284301767 2.9824775457382207 0.71638363599777233
decision_type=2 2 2 2 2 2 2 2 2 2 2 2 2 2 2 2 2 2 2 2 2 2 2 2 2 2 2 2 2 2
left_child=4 2 7 11 -1 -6 13 16 -8 -5 -11 15 -12 -3 24 -4 -2 18 -18 -13 -21 23 -23 -22 -14 29 -27 -28 -7 -26
right_child=1 6 3 9 5 28 8 -9 -10 10 12 19 14 -15 -16 -17 17 -19 -20 20 21 22 -24 -25 25 26 27 -29 -30 -31
leaf_value=-0.060429025175170875 -0.0036764613723709607 0.042612022624144451 0.041931016766403491 0.060711977859425573 -0.061029845420240932 0.021942002287428874 0.066912595189973806 -0.058980835652838501 0.073996657220838993 0.060369780730868544 -0.041679759837387469 0.033825246572408575 0.038932123774009314 -0.066191990883716467 0.052434941838375937 -0.0047744227718846946 0.025570167233383345 0.095132645973828631 -0.016481119487568835 0.031335838171993237 0.047504974482655699 0.013612194663583117 -0.044144191525178733 -0.062196805895931746 -0.09278543920665544 0.053970880917291499 -0.077582986378814722 0.024744838440618703 -0.010656429000639537 -0.0042528501043999876
leaf_weight=40271.924740454182 743.05834422260523 1392.1767747849226 2221.2326121479273 7291.7871558517218 771.35277144424617 496.11016733013093 18377.520895421505 328.20166499167681 360298.16465601325 1858.2386541813612 79.892709314823151 857.18227169662714 1756.4267944991589 43.772078812122345 1720.0476707220078 210.08190586045384 1487.8006232324988 81.057668130844831 259.12956232018769 759.91849318891764 33.577337250113487 1091.9727895967662 171.49517030641437 157.92873713374138 68.040102079510689 275.28501266241074 60.383835092186928 363.94016410410404 761.97030256874859 79.566348940134048
leaf_count=2418633 6145 1607 4150 5762 43373 6650 11748 16013 190578 1397 232 1753 2139 581 1472 779 5544 266 1315 1871 47 3512 887 764 233 275 189 537 14121 140
internal_value=0.0593093 0.0717124 0.0403614 0.0454817 -0.0585786 -0.0218473 0.0735232 0.00670147 0.073653 0.0533194 0.0447026 0.0261729 0.0380791 0.0392516 0.0395622 0.037895 0.0151057 0.0227383 0.0193267 0.0168864 0.0103186 -0.000672516 0.005744 -0.0428156 0.0310412 0.0146553 0.0273753 0.0100348 0.00220562 -0.0454122
internal_weight=444369 402068 21956.2 19057 42301.4 2029.43 380112 2899.25 378676 13553.6 6261.82 5503.39 4403.58 1435.95 4323.69 2431.31 2571.05 1827.99 1746.93 3072.07 2214.89 1454.97 1263.47 191.506 2603.64 847.215 699.609 424.324 1258.08 147.606
internal_count=2742713 259936 55422 26139 2482777 64144 204514 29283 202326 12376 6614 13763 5217 2188 4985 4929 13270 7125 6859 8834 7081 5210 4399 811 3513 1374 1001 726 20771 373
is_linear=0
shrinkage=0.06


Tree=26
num_leaves=31
num_cat=0
split_feature=0 0 0 7 7 7 5 10 5 10 5 4 0 7 0 1 7 17 7 7 10 10 17 7 7 7 4 10 2 7
split_gain=167207 4655.23 3056.78 763.427 726.688 678.008 533.096 258.941 246.128 198.16 138.522 133.415 132.777 507.409 125.757 122.654 117.24 178.712 116.188 109.636 97.9507 129.706 102.815 97.2495 94.4657 91.4018 320.368 115.253 115.978 136.56
threshold=0.1069132797420025 0.91612541675567638 0.0025836817221716051 0.72611209750175487 1.7159025073051455 0.94700521230697643 0.71638363599777233 0.25357143580913549 0.99755212664604198 0.2709790319204331 0.98173660039901745 -0.00090855543385259796 0.00078332840348593902 9.7443426056997864e-05 0.99218881130218517 8.5000000000000018 8.2751699665095671e-05 99.206348419189467 0.90090259909629833 3.609237909317017 0.23205128312110904 0.048809524625539787 91.779277801513686 0.0081255468539893645 0.0012847755569964649 0.0014907147851772609 -0.00026378255279269064 0.077935222536325469 -0.99811670184135426 0.00044121385144535458
decision_type=2 2 2 2 2 2 2 2 2 2 2 2 2 2 2 2 2 2 2 2 2 2 2 2 2 2 2 2 2 2
left_child=2 5 12 15 10 6 7 23 19 -8 18 -12 -1 -14 -6 20 17 -9 -3 -7 21 -4 -23 -2 -22 26 -15 28 -28 -30
right_child=1 4 3 -5 14 8 9 16 -10 -11 11 -13 13 25 -16 -17 -18 -19 -20 -21 24 22 -24 -25 -26 -27 27 -29 29 -31
leaf_value=-0.060633193237118736 0.06317080979123571 0.068938002489585537 -0.0079480517893565951 -0.053667058312404821 0.035972291415184057 0.031647702059156721 0.068485134748620141 0.057863918187105519 -0.061040812000889198 0.050176460180109524 -0.016559665043227766 0.073003063663715784 0.08217043257322651 0.7854430050939144 0.072350407535269917 -0.028469252435061113 0.020520226658497214 0.022040690397466381 0.049613409616107981 0.0090892579148937162 0.013086750063099213 0.018348622894921323 0.059210718544683287 0.03524918583461218 -0.023200728000027603 -0.059382173600992114 -0.0044525538697426986 -0.041298226515131424 0.44088768999364447 -0.046108151935740499
leaf_weight=37228.457007572055 1290.1396142691374 18041.988655522466 272.50996454432607 835.69516172632575 2295.3807753026485 1616.452788643539 3386.2111911252141 959.37262903153896 137.1261207703501 5794.9224425815046 59.550685938447714 341858.16726835072 109.85795370303094 0.81551164947450061 402.77827829122543 252.87458916194737 3093.7709950432181 1053.096990428865 1207.1728516966105 1492.2960148863494 1157.0392076987773 433.33222438022494 455.62967777065933 696.17756770551205 331.42455395497382 934.13318747468293 13.045538278296592 111.99619686789811 4.9747829400002948 2.906851127743721
leaf_count=2373743 944 10978 1826 42573 2900 4366 2204 799 6342 5270 483 189336 2305 28 230 3961 6033 1905 1089 4725 7201 2488 1845 1053 4903 57020 612 5141 89 110
internal_value=0.058474 0.0709441 -0.0549633 -0.00317026 0.0724755 0.0423947 0.0473889 0.0350243 0.0173491 0.0569358 0.0727073 0.0729874 -0.0600047 -0.0401025 0.0414276 0.0113808 0.0278642 0.0391384 0.0677287 0.0208254 0.0151929 0.028244 0.0393351 0.0534073 0.00499675 -0.0527465 -0.0063013 -0.0169874 0.109067 0.276308
internal_weight=425529 383385 42144.7 3738.51 363865 19519.6 16273.7 7092.56 3245.87 9181.13 361167 341918 38406.2 1177.73 2698.16 2902.81 5106.24 2012.47 19249.2 3108.75 2649.94 1161.47 888.962 1986.32 1488.46 1067.87 133.739 132.923 20.9272 7.88163
internal_count=2742502 238657 2503845 64797 205016 33641 18208 10734 15433 7474 201886 189819 2439048 65305 3130 22224 8737 2704 12067 9091 18263 6159 4333 1997 12104 63000 5980 5952 811 199
is_linear=0
shrinkage=0.06


Tree=27
num_leaves=31
num_cat=0
split_feature=0 0 0 0 7 4 5 7 14 0 0 7 2 7 0 2 9 7 0 8 5 7 6 6 7 5 17 8 6 9
split_gain=155406 5751.9 1625.2 793.284 703.172 502.804 455.218 375.485 223.349 176.159 146.04 470.121 262.339 151.064 145.899 132.48 121.844 189.445 116.319 106.605 124.009 105.997 105.247 98.8128 97.9213 95.6665 93.3906 136.49 85.8287 83.0958
threshold=0.03805800527334214 0.91612541675567638 0.0025836817221716051 0.69954499602317821 1.7159025073051455 -0.88000279664993275 0.9047992229461671 0.99645879864692699 11.500000000000002 0.34205599129199987 0.00078332840348593902 0.0014907147851772609 -0.99632024765014637 7.8532375482609512e-06 0.96672680974006664 -0.10720207542181014 82.626663208007827 0.030745055526494983 0.99218881130218517 22.378716468811039 0.0013517803745344283 0.00057795949396677326 0.080883663147687926 3.9971848726272587 0.90090259909629833 0.98173660039901745 54.110361099243171 52.40406799316407 6.6949117183685312 88.953113555908217
decision_type=2 2 2 2 2 2 2 2 2 2 2 2 2 2 2 2 2 2 2 2 2 2 2 2 2 2 2 2 2 2
left_child=2 3 10 6 14 -4 9 8 -5 23 -1 12 13 19 24 26 17 -11 -6 20 -12 29 -10 -2 -3 -9 -14 -28 -18 -7
right_child=1 4 5 7 18 21 -8 25 22 16 11 -13 15 -15 -16 -17 28 -19 -20 -21 -22 -23 -24 -25 -26 -27 27 -29 -30 -31
leaf_value=-0.060618737249253256 0.026532109856688621 0.066764443875879709 -0.059549695086910222 0.062336839927994471 0.035570974738175561 0.02915947429405652 -0.028336578247758183 0.026176295469046786 -0.03453428206425329 0.061360253088491051 0.55488762922693124 -0.059226667693072062 0.032047736713390153 -0.018319317065833545 0.071993498835639144 -0.054194334126071171 0.029851480286808511 0.028140451259954881 0.071068769953182648 0.069683039795875687 -0.04185516671016129 -0.010687128611524817 0.044438355664809741 0.0060772882177247732 0.046615919818328716 -0.064224682863485497 0.40751290435489806 0.11419457281292347 -0.030666676266394282 -0.0076551045833599882
leaf_weight=35124.12421805039 2460.6966425590217 10575.750608891249 542.70886095799506 5553.2784343622625 2273.9330370314419 753.74638005718589 517.58333634957671 1629.8129239976406 61.127527207136154 1349.1404905617237 2.6843446083366862 882.18108777981251 7.2898825462907579 168.88623816054314 333278.97699601948 7.0325395083054891 2848.0312062799931 1145.2420380562544 389.97326245158911 37.907902961596847 1.7005548700690267 780.96261859498918 3516.2960284352303 1299.8800101652741 957.41486681625247 42.333278624340892 13.041111201979222 11.420812667347489 86.168057426810265 311.44525355659425
leaf_count=2375168 6330 6855 33188 3960 2858 3072 14048 2590 150 1026 28 57033 190 6760 194077 283 4197 2370 234 659 22 14709 3466 4689 1135 1169 68 211 224 3064
internal_value=0.0576828 0.0697031 -0.0567758 0.0388238 0.0715257 -0.00883667 0.0263707 0.0500099 0.0547974 0.0294549 -0.0599341 -0.0386595 0.0338737 0.00721271 0.071763 0.175212 0.0363703 0.0461255 0.0407923 0.107237 0.358663 0.00609547 0.0430797 0.0194652 0.065096 0.0238506 0.226125 0.280431 0.0280644 0.0183984
internal_weight=406631 367986 38645.1 20509.6 347476 2388.86 9706.74 10802.8 9130.7 9189.16 36256.3 1132.14 249.963 211.179 344812 38.7843 5428.58 2494.38 2663.91 42.2928 4.3849 1846.15 3577.42 3760.58 11533.2 1672.15 31.7518 24.4619 2934.2 1065.19
internal_count=2743833 249378 2494455 44219 205159 54033 32884 11335 7576 18836 2440422 65254 8221 7469 202067 752 7817 3396 3092 709 50 20845 3616 11019 7990 3759 469 279 4421 6136
is_linear=0
shrinkage=0.06


Tree=28
num_leaves=31
num_cat=0
split_feature=3 5 9 5 5 2 5 7 10 9 1 9 7 3 5 14 8 6 7 5 2 7 7 10 4 5 1 4 16 14
split_gain=135154 9373.56 5859.4 2430.35 750.218 479.699 386.019 280.351 284.534 250.077 214.442 190.89 273.51 170.611 158.977 151.894 150.941 133.049 126.008 278.232 177.912 288.506 125.901 121.44 109.43 108.962 103.189 137.521 174.102 176.316
threshold=1.5000000000000002 0.77991238236427318 1.0000000180025095e-35 0.00052782762213610124 0.96463587880134594 -0.91912096738815297 0.17076727002859118 0.90090259909629833 0.2709790319204331 93.515834808349624 6.5000000000000009 77.568611145019545 0.90090259909629833 3.5000000000000004 0.99783298373222362 11.500000000000002 55.29115295410157 0.33056092262268072 6.4794403442647322e-05 0.0011921658297069373 -0.99893328547477711 7.8532375482609512e-06 0.014719572849571707 0.23205128312110904 -0.22878473997116086 0.9047992229461671 4.5000000000000009 -0.46498078107833857 94.59064102172853 7.5000000000000009
decision_type=2 2 2 2 2 2 2 2 2 2 2 2 2 2 2 2 2 2 2 2 2 2 2 2 2 2 2 2 2 2
left_child=1 3 5 -1 7 -2 10 8 -3 26 15 12 -8 24 -11 18 22 -18 19 20 -5 -22 -13 -20 -7 -10 27 -4 -29 -30
right_child=2 4 9 6 -6 13 11 -9 25 14 -12 16 -14 -15 -16 -17 17 -19 23 -21 21 -23 -24 -25 -26 -27 -28 28 29 -31
leaf_value=-0.056118884344120594 -0.047414657029748307 0.070357870196862404 -0.059658115413695069 0.046502681696302291 0.071114677649044777 -0.0076380870775840416 0.054371267545550599 0.038354192965714032 0.046149079768579578 0.033140068056788673 -0.016800762763813062 0.050883519160756022 -0.0066885345824309952 0.006359787455545835 -0.061600223530501319 -0.007709295411394112 -0.048302238218229702 0.023784125314028876 0.031541836685038224 0.036902382863424323 0.62474365940910881 0.12610316656021436 -0.018872297253294444 -0.006842361303351612 0.03716371847824268 0.05957060716891574 -0.060070386331290151 -0.046323247063501376 0.10955554737999612 -0.025493841467241977
leaf_weight=1410.4697525715455 378.4446385614574 7181.1917551606894 422.25493362452835 13.188928924500944 318275.09858520329 215.5633411873132 2396.4926378428936 2159.904060959816 3561.8913522660732 171.96086605638266 788.66776402294636 1215.2122198790312 296.55985924601555 1348.3537063570693 99.995858290232718 605.568075876683 93.551262035965919 3818.7885039150715 631.86946564633399 873.79021003656089 6.6012375997379449 10.757507305592297 100.3730374276638 558.1108916727826 2156.9554438963532 5709.5296475142241 32720.257605996914 178.43230026867241 69.709500212222338 67.928978418931365
leaf_count=100399 18793 4317 27350 547 194442 1673 2132 2418 3385 2464 13304 1164 848 5503 5509 4505 345 6201 4251 2223 95 194 241 6219 2828 4363 2319274 7240 553 866
internal_value=0.0568593 0.0685133 -0.0508714 0.0181558 0.0704295 0.0168606 0.0273419 0.0587104 0.0613803 -0.0591032 0.010708 0.0346656 0.0476474 0.0234089 -0.00179308 0.0187469 0.0279704 0.0220485 0.0263966 0.0432691 0.218441 0.339429 0.0455512 0.0135487 0.0330916 0.0544199 -0.0595689 -0.037295 -0.00732497 0.0432012
internal_weight=387537 349708 37829.9 12820 336888 4099.32 11409.5 18612.5 16452.6 33730.5 3488.55 7920.98 2693.05 3720.87 271.957 2699.89 5227.93 3912.34 2094.32 904.338 30.5477 17.3587 1315.59 1189.98 2372.52 9271.42 33458.6 738.326 316.071 137.638
internal_count=2743646 351593 2392053 142668 208925 28797 42269 14483 12065 2363256 31338 10931 2980 10004 7973 18034 7951 6546 13529 3059 836 289 1405 10470 4501 7748 2355283 36009 8659 1419
is_linear=0
shrinkage=0.06


Tree=29
num_leaves=31
num_cat=0
split_feature=0 0 0 7 0 4 5 7 10 6 6 0 0 0 10 6 6 14 7 10 9 6 7 8 16 6 10 17 11 14
split_gain=134065 6693.81 831.479 787.922 761.749 618.444 438.723 371.773 220.119 187.088 204.51 167.838 125.466 116.952 114.468 104.006 96.4027 106.017 97.8367 90.1993 158.736 101.956 88.2147 88.0231 85.6457 83.2014 162.558 80.9902 139.405 86.6126
threshold=0.016710898838937286 0.91612541675567638 0.69954499602317821 1.7159025073051455 0.00078332840348593902 -0.048172909766435616 0.99067899584770214 0.99890038371086132 0.27429467439651495 2.9962232112884526 0.92558395862579357 0.96672680974006664 0.99218881130218517 0.34205599129199987 0.41885964572429663 1.9977397322654726 2.2023533582687382 16.500000000000004 0.0049877783749252566 0.053342817351222045 23.278391838073734 3.9994803667068486 0.90090259909629833 42.462121963500984 57.384986877441413 3.9736069440841679 0.24621212482452395 90.399383544921889 1.0000000180025095e-35 5.5000000000000009
decision_type=2 2 2 2 2 2 2 2 2 2 2 2 2 2 2 2 2 2 2 2 2 2 2 2 2 2 2 2 2 2
left_child=4 2 6 11 -1 -6 9 8 -4 10 -2 22 -5 -11 19 -12 17 -17 -18 23 -21 25 -3 -7 -10 -22 -27 -23 29 -29
right_child=1 3 7 12 5 14 -8 -9 24 13 15 -13 -14 -15 -16 16 18 -19 -20 20 21 27 -24 -25 -26 26 -28 28 -30 -31
leaf_value=-0.060336797408010234 -0.0066098163580240498 0.064260662945099828 0.064228897577976313 0.031514756608142284 -0.058351783045488659 0.11866558210916417 -0.057675478871323842 0.020376830616218686 0.058588555534770319 0.008472926751739128 0.050778652064084308 0.070335840219977547 0.069650548060333148 0.025337391023951748 -0.026770482034202552 0.028751050116971839 0.052249961590644524 -0.014360404519732549 0.015490464851766099 0.45842680729908508 0.027593860848401611 -0.031716167463526151 0.044451381538501977 -0.054135672269508835 0.040293136496123344 -0.058461249536646907 0.32257987646201791 0.10378827244519574 0.43544114451078464 -0.024888557606943629
leaf_weight=31235.76871030312 399.79458341747522 9541.6917144954205 3159.7865346483886 2232.6109602749348 1159.5966736916453 10.831621731631456 238.95928857568651 1633.1657641120255 1184.136684704572 2736.6171333789825 1499.1710960958153 302516.64414256811 360.98861321806908 3227.5625021494925 380.9802767559886 723.44937318563461 888.03939647972584 285.8671463727951 370.32247292809188 1.9444071957841504 567.44374904502183 209.19601184967905 895.21028235927224 106.49088209588081 4254.8354201838374 6.4662789069116107 8.6499948883429152 28.89058350212872 2.0704676266759625 50.125760671682656
leaf_count=2373808 1635 6786 2212 2898 80676 98 15068 3723 931 13463 2762 194210 233 5728 8894 1840 1159 844 1557 18 8923 5409 1101 2477 4462 164 121 551 10 1057
internal_value=0.056192 0.0676404 0.0345017 0.0698039 -0.0577705 -0.0261089 0.0225248 0.0466367 0.0516212 0.024422 0.0341778 0.0700769 0.0368475 0.017602 0.00114339 0.0385074 0.030376 0.0165385 0.0414529 0.0118788 0.0185113 0.0170079 0.062566 -0.037314 0.0442863 0.0314654 0.166069 -0.012015 0.0385793 0.0228684
internal_weight=369917 336149 20601.7 315547 33768.5 2532.69 10369.8 10231.9 8598.76 10130.8 4166.64 312954 2593.6 5964.18 1373.09 3766.85 2267.68 1009.32 1258.36 992.11 874.787 872.843 10436.9 117.323 5438.97 582.56 15.1163 290.283 81.0868 79.0163
internal_count=2742818 260612 55384 205228 2482206 108398 44056 11328 7605 28988 9797 202097 3131 19191 27722 8162 5400 2684 2716 18828 16253 16235 7887 2575 5393 9208 285 7027 1618 1608
is_linear=0
shrinkage=0.06


Tree=30
num_leaves=31
num_cat=0
split_feature=0 0 0 7 2 7 7 10 5 6 7 16 14 5 3 14 2 6 6 6 0 7 7 5 15 9 6 7 6 6
split_gain=124070 6939.17 915.19 826.763 790.945 676.663 512.736 389.14 345.687 208.771 184.487 195.803 177.83 173.289 144.234 130.043 136.491 128.908 127.803 172.069 119.95 107.8 100.125 96.1037 90.2014 93.0832 88.5229 88.2413 85.2705 97.1034
threshold=0.016710898838937286 0.91612541675567638 0.00078332840348593902 1.7159025073051455 -0.51479646563529957 0.46130828559398657 0.94700521230697643 0.26794873178005224 0.97129335999488842 0.92558395862579357 0.0011997189139947297 94.868419647216811 12.500000000000002 0.98173660039901745 1.5000000000000002 7.5000000000000009 -0.1708688139915466 3.9971848726272587 3.0954118967056279 2.9991497993469243 0.99740585684776317 0.00029855276807211345 0.90090259909629833 0.99755212664604198 1.0000000180025095e-35 63.502786636352546 7.0089135169982919 3.609237909317017 5.0427784919738778 0.79617789387702953
decision_type=2 2 2 2 2 2 2 2 2 2 2 2 2 2 2 2 2 2 2 2 2 2 2 2 2 2 2 2 2 2
left_child=2 4 -1 13 8 -4 7 -6 10 -9 12 -12 -2 22 -15 21 -17 18 19 -14 27 -11 -3 28 25 -13 -23 -5 29 -8
right_child=1 3 5 20 6 -7 23 9 -10 15 11 24 17 14 -16 16 -18 -19 -20 -21 -22 26 -24 -25 -26 -27 -28 -29 -30 -31
leaf_value=-0.060235492799653755 0.036715416648142797 0.064539145952110327 0.0037452749892335074 0.039413999961400277 0.061975732117461255 -0.060032566530647972 -0.043896913830765938 -0.0027709931951878119 -0.057594153654504564 0.061267691205406614 -0.012838231089613059 0.013757662181947513 0.022790957440895761 0.069699956474236296 -0.022030708234946624 0.027271488976114172 0.046874276143004386 -0.021128570944322904 0.062791067590470873 -0.057454349697438845 0.069672525580941988 0.035385718531809982 0.045548265327734511 -0.060475046765710187 0.015223428863690422 0.10754176476995832 -0.10373349716534311 0.014732585610089506 -0.0047975150325477505 0.026122122136061441
leaf_weight=29449.573532536626 2303.1889512762427 15117.85287117213 1468.4425610238686 1313.3730714172125 3738.1490717958659 1010.1937807584181 73.384650224819779 418.68224896676838 225.09385807160288 1589.3082826882601 1136.505745569244 71.839656233787537 526.11612722277641 281162.35574603081 61.298640225082636 3015.2968507558107 2228.6757821440697 370.50392915308475 201.92747706919909 116.68820917606354 306.82791724801064 599.94312478974462 1081.9129872620106 57.390545334666967 1316.09575102292 80.931076677516103 15.984223037958143 867.40219444409013 489.46358107216656 1786.8747263997793
leaf_count=2373509 3631 11039 31938 1490 2863 76384 559 1187 14315 1148 7127 432 1340 189230 480 4063 2091 1651 438 587 199 706 1064 2648 5771 199 55 1390 1220 3326
internal_value=0.0554979 0.0667417 -0.0572883 0.069043 0.0328448 -0.0222618 0.0408043 0.0460311 0.0152731 0.0384486 0.0179604 0.00585498 0.0269202 0.0693312 0.0696799 0.0407654 0.03561 0.00834087 0.021276 0.00815742 0.0345759 0.0530032 0.0632737 0.0155946 0.0203174 0.0638165 0.0316131 0.0296082 0.0174775 0.0233379
internal_weight=352201 320273 31928.2 299911 20362 2478.64 14013.2 11606 6348.89 7867.89 6123.8 2605.37 3518.42 297423 281224 7449.21 5243.97 1215.24 844.732 642.804 2487.6 2205.24 16199.8 2407.11 1468.87 152.771 615.927 2180.78 2349.72 1860.26
internal_count=2742080 260249 2481831 204892 55357 108322 19866 12113 35491 9250 21176 13529 7647 201813 189710 8063 6154 4016 2365 1927 3079 1909 12103 7753 6402 631 761 2880 5105 3885
is_linear=0
shrinkage=0.06


Tree=31
num_leaves=31
num_cat=0
split_feature=0 0 0 7 4 7 10 5 5 5 5 4 1 0 7 8 0 7 7 6 8 7 14 7 6 6 6 6 6 14
split_gain=115879 5403.1 2864.01 857.238 572.224 552.143 551.068 271.874 175.345 167.355 135.935 134.253 125.633 116.282 112.121 128.299 111.149 301.349 107.849 105.321 102.497 94.3465 88.2486 95.6244 80.6251 176.133 91.2221 183.27 125.391 83.8865
threshold=0.1069132797420025 0.91612541675567638 0.0019673134665936236 1.7159025073051455 -0.80003023147582997 0.92747986316680919 0.2709790319204331 0.71638363599777233 0.98564207553863536 0.99755212664604198 0.49479787051677709 -0.0010189995518885551 8.5000000000000018 0.99740585684776317 1.0467052106832854e-05 78.830558776855483 0.00078332840348593902 6.0680162278003997e-05 0.90090259909629833 0.92558395862579357 93.127067565917983 3.609237909317017 8.5000000000000018 0.14056493341922763 2.9979834556579594 3.0337734222412114 3.9971848726272587 4.093024969100953 4.9636523723602304 14.500000000000002
decision_type=2 2 2 2 2 2 2 2 2 2 2 2 2 2 2 2 2 2 2 2 2 2 2 2 2 2 2 2 2 2
left_child=2 5 16 8 -4 6 10 14 18 21 -2 -10 20 -5 15 -8 -1 -18 -3 -16 -6 -7 23 -9 -21 29 -27 -28 -29 -26
right_child=1 3 4 13 12 9 7 22 11 -11 -12 -13 -14 -15 19 -17 17 -19 -20 24 -22 -23 -24 -25 25 26 27 28 -30 -31
leaf_value=-0.060291707972859696 0.037884227611139895 0.064031743619243311 -0.055158293492014468 0.028560571409832321 0.0075498011488400575 0.024611313141938242 0.057881144834885039 0.054508108728635082 -0.025577816350666697 -0.060633886352638382 0.062031442268749085 0.069048348484495897 -0.032081460548964158 0.068838784069134268 -0.032394507038587879 0.012987709105115958 0.067065338661773638 -0.050436382769980317 0.044528591813945174 0.029676123335544806 0.052640257262954286 0.003770003113688792 0.035331443869760497 -0.029091455066560048 0.0042494111729016364 0.03629150699492073 -0.039108343581926955 0.045126030680084368 0.0045648913134589781 -0.064715730935300989
leaf_weight=27772.492405168712 1106.6385417580605 16441.797614656389 645.174281289801 2203.1053751260042 2628.4650158537552 1605.5759280165657 570.45482102036476 1696.8073983341455 53.519871786236763 109.62345507275313 3557.394827619195 265396.70568077266 270.30847671907395 292.12139993906021 148.89709566533566 383.81040848791599 87.450615266337991 710.98529417440295 1099.076500326395 1515.1330604404211 194.00613454822451 1524.2556513184682 3250.1563194394112 50.139897521585226 111.88199582695961 651.95502196252346 235.09697753190994 420.02900005877018 788.46857625991106 145.45919393002987
leaf_count=2373940 1401 12501 46933 2939 21800 4466 461 1409 479 6425 2821 187808 5587 199 515 708 1476 53297 1107 2266 971 4756 3664 142 208 987 684 607 1783 498
internal_value=0.0548268 0.0663317 -0.0531948 0.0683353 -0.00380554 0.0343249 0.0392869 0.0313166 0.0686441 0.0119065 0.0563114 0.0690292 0.00692135 0.0333017 0.0213748 0.0398573 -0.0596561 -0.0374989 0.0628123 0.0169752 0.0106667 0.0144659 0.0412005 0.0520934 0.0188836 0.0119241 0.0176798 0.00925508 0.0186881 -0.034832
internal_weight=335667 303358 32308.9 285486 3737.95 17871.8 14632.3 9968.29 282991 3239.46 4664.03 265450 3092.78 2495.23 4971.19 954.265 28570.9 798.436 17540.9 4016.92 2822.47 3129.83 4997.1 1746.95 3868.02 2352.89 2095.55 1443.59 1208.5 257.341
internal_count=2742838 238834 2504004 205033 75291 33801 18154 13932 201895 15647 4222 188287 28358 3138 8717 1169 2428713 54773 13608 7548 22771 9222 5215 1551 7033 4767 4061 3074 2390 706
is_linear=0
shrinkage=0.06


Tree=32
num_leaves=31
num_cat=0
split_feature=0 0 0 7 2 7 7 9 4 0 7 6 6 7 7 8 6 2 7 8 6 9 14 7 2 10 10 9 17 7
split_gain=107873 6990.59 997.227 871 728.983 536.456 378.587 380.249 222.249 183.323 169.559 166.518 141.944 123.017 117.98 115.314 111.162 106.532 100.425 90.1547 108.039 87.6681 82.5059 77.8999 115.819 83.8963 78.8342 103.458 226.16 109.303
threshold=0.016710898838937286 0.91612541675567638 0.0012689431314356627 1.7159025073051455 -0.51479646563529957 0.46130828559398657 0.94700521230697643 78.291275024414077 -0.68011146783828724 0.99218881130218517 0.90090259909629833 0.080883663147687926 4.9985370635986337 3.609237909317017 0.00017762418428901586 65.485893249511733 1.9866719245910647 -0.1708688139915466 0.00016921264614211398 81.120250701904311 1.9737861156463625 66.135383605957045 36.500000000000007 0.00044121385144535458 -0.99481073021888722 0.51086956262588512 0.13423423469066623 64.165023803710952 84.040744781494155 0.0057773799635469922
decision_type=2 2 2 2 2 2 2 2 2 2 2 2 2 2 2 2 2 2 2 2 2 2 2 2 2 2 2 2 2 2
left_child=2 4 -1 9 8 23 7 -6 16 10 -3 -9 14 -5 -10 18 19 -17 -13 20 -2 -21 -16 25 -25 -4 27 29 -29 -26
right_child=1 3 5 13 6 -7 -8 11 12 -11 -12 15 -14 -15 22 17 -18 -19 -20 21 -22 -23 -24 24 26 -27 -28 28 -30 -31
leaf_value=-0.060043456275178757 -0.058900795531515282 0.06396231986891765 0.029085970563524355 0.042317681509107634 0.057520744641275628 -0.060659235080544778 0.017130650452758404 -0.018424985748007688 0.032144691453144011 0.068475651451836345 0.039745092074812388 0.059066862917815426 -0.0032589195509257723 0.014382867174661891 0.010796798795475508 0.023604639226016886 -0.048158171542825937 0.041914966911290742 0.029398963867749074 0.026120118642236376 0.4689460191452629 0.31236119697818315 0.057327032662588234 -0.042639801625376429 0.080710363875962421 -0.022744608260414058 -0.0086183060427678527 -0.05624746093046501 0.42435182563388013 -0.04458389014563887
leaf_weight=26623.022219691426 18.285000759176913 21093.073892995715 598.32668970152736 1519.7725591138005 4184.1649787593633 636.08129671961069 2434.5940234530717 206.91593288071454 1948.6772720962763 246383.92964676768 1101.2743964456022 1207.5859558731318 1087.9814429963008 907.69832550734282 2788.2739749448374 2767.0513323992491 277.15660983510315 1957.0281560942531 627.46070644073188 7.8596735782921296 0.50673401914536853 6.9511711187660694 143.37240592390299 232.58564377017319 62.190007641911507 137.59930832497776 223.09105282370001 6.138530961237846 6.6697671478614211 40.713284691795707
leaf_count=2407413 903 16696 4497 1661 3573 52560 7794 731 3430 183374 1514 927 4898 1433 10113 3884 15351 2054 830 275 12 107 361 9999 415 2114 4537 117 60 948
internal_value=0.0542399 0.0651739 -0.0570147 0.0676803 0.0306284 -0.0155128 0.0385408 0.043299 0.0137586 0.0680038 0.0627625 0.0344969 0.016336 0.0318823 0.0207041 0.036169 -0.0356358 0.0311973 0.048944 0.0660566 -0.0216921 0.171721 0.0130911 0.00648299 -0.0101292 0.0193773 0.0122489 0.0522099 0.206626 0.0311862
internal_weight=319236 290670 28566.4 271006 19663.9 1943.4 13384.8 10950.2 6279.06 268578 22194.3 6766.04 5968.31 2427.47 4880.32 6559.13 310.759 4724.08 1835.05 33.6026 18.7917 14.8108 2931.65 1307.31 571.388 735.926 338.803 115.712 12.8083 102.903
internal_count=2742581 259921 2482660 204678 55243 75247 19793 11999 35450 201584 18210 8426 18802 3094 13904 7695 16648 5938 1757 1297 915 382 10474 22687 16076 6611 6077 1540 177 1363
is_linear=0
shrinkage=0.06


Tree=33
num_leaves=31
num_cat=0
split_feature=0 0 7 0 0 7 7 10 4 0 7 10 7 0 14 7 10 14 6 7 2 6 2 6 14 6 1 7 6 6
split_gain=100545 7253.83 911.992 854.866 631.018 372.23 328.544 282.538 276.292 206.75 153.106 127.314 156.425 126.949 103.101 98.0919 93.0408 90.5334 111.938 90.5313 93.1247 99.4331 125.474 100.39 97.3119 89.1648 114.564 112.154 87.1017 93.4956
threshold=0.016710898838937286 0.91612541675567638 1.7159025073051455 0.00156373274512589 0.69954499602317821 0.46130828559398657 0.90090259909629833 0.2709790319204331 -0.68011146783828724 0.96672680974006664 4.891775097348728e-05 0.23205128312110904 0.054103799164295203 0.99740585684776317 10.500000000000002 0.90090259909629833 0.35857143998146063 7.5000000000000009 0.080883663147687926 0.19754115492105487 -0.25812765955924982 1.9977397322654726 -0.91912096738815297 2.031043648719788 41.500000000000007 1.9977397322654726 5.5000000000000009 0.99547848105430614 3.9971848726272587 4.0069434642791757
decision_type=2 2 2 2 2 2 2 2 2 2 2 2 2 2 2 2 2 2 2 2 2 2 2 2 2 2 2 2 2 2
left_child=3 4 9 -1 8 -5 7 -6 25 15 14 12 -12 -4 -10 16 -3 -9 -19 20 21 -13 24 -24 -23 26 27 -2 -20 -30
right_child=1 2 13 5 6 -7 -8 17 10 -11 11 19 -14 -15 -16 -17 -18 18 28 -21 -22 22 23 -25 -26 -27 -28 -29 29 -31
leaf_value=-0.059739636332394076 0.16157218539220194 0.066553897103851914 0.024850207913641131 0.0015500893011440974 0.063061200468907924 -0.059169504271912962 0.017866256419285104 0.050447026852868795 0.041634128592372401 0.067717147154999976 0.042541727656139991 0.036073298202359189 0.015056507202006434 0.067772734091637518 0.016044380481212435 0.038084110870038997 0.053540686035073073 -0.048513816753201024 0.04062154937535617 -0.025325061331268273 -0.036876749886436896 -0.027564767715718974 -0.026737463589467554 0.016897902859109963 0.12589690472289211 -0.050267419080758803 0.36041726294166671 -0.041521144259721143 -0.03484367047603508 0.025628118896805562
leaf_weight=25245.878262643702 12.187026452273129 4170.6322236582637 2087.3369102366269 1233.573012993671 2396.2565592899919 514.25328065175563 1853.7982186637819 1463.275336869061 1714.2181454002857 246203.81990104914 1173.3416684381664 579.18660954758525 2046.2694307025522 281.12796477228403 849.30135869979858 791.08137317746878 3838.7111445516348 59.336239606142044 2315.0885466188192 255.95854574535042 137.48843687772751 396.06706996634603 204.16179447621107 2552.910805054009 14.476222030818461 265.67953257355839 2.6328218486160031 37.027437824755907 100.63274051249027 986.83224126696587
leaf_count=2418038 177 3173 2885 19502 1848 44589 4084 1327 1940 193630 1802 1081 7773 206 1859 1092 3641 155 2415 2692 653 3134 512 5144 92 15438 89 1878 222 1257
internal_value=0.0536016 0.0643813 0.0670492 -0.0569302 0.0290153 -0.0163387 0.0404427 0.0461559 0.018774 0.0673934 0.0205379 0.0161356 0.0250832 0.0299714 0.0331657 0.0583297 0.0603244 0.0379198 0.0326118 0.00917316 0.0114524 0.0132352 0.00904924 0.0136582 -0.0218608 -0.0362426 0.0352155 0.0109872 0.0340403 0.0200053
internal_weight=303783 276789 257373 26993.7 19416.1 1747.83 9175.22 7321.42 10240.9 255004 9923.38 7359.86 3219.61 2368.46 2563.52 8800.42 8009.34 4925.17 3461.89 4140.25 3884.29 3746.8 3167.62 2757.07 410.543 317.527 51.8473 49.2145 3402.55 1087.46
internal_count=2742328 260199 204627 2482129 55572 64091 11308 7224 44264 201536 26682 22883 9575 3091 3799 7906 6814 5376 4049 13308 10616 9963 8882 5656 3226 17582 2144 2055 3894 1479
is_linear=0
shrinkage=0.06


Tree=34
num_leaves=31
num_cat=0
split_feature=0 0 0 7 7 4 5 5 9 7 4 10 5 0 7 7 17 7 14 6 2 7 9 6 16 10 10 6 6 5
split_gain=93829.2 5741.93 2609.04 935.439 553.024 443.133 459.046 215.853 164.657 218.758 145.751 130.803 129.83 116.958 106.776 105.405 104.275 154.908 103.687 93.7434 89.8978 139.171 100.408 87.2525 83.1411 101.62 77.1558 71.3744 72.0996 71.3625
threshold=0.1069132797420025 0.91612541675567638 0.0012689431314356627 1.7159025073051455 0.72611209750175487 -0.019527811557054516 0.77991238236427318 0.98173660039901745 81.848690032958999 0.023711605928838256 -0.0010189995518885551 0.069366481155157103 0.99755212664604198 0.99218881130218517 0.90090259909629833 3.1511646056969771e-06 76.026271820068374 0.0002354165990254842 11.500000000000002 3.0794523954391484 -0.99481073021888722 3.4592276278999641e-05 61.41041564941407 0.57425999641418468 86.72955703735353 0.23205128312110904 0.28801843523979193 3.9508346319198613 2.2023533582687382 0.41130582988262182
decision_type=2 2 2 2 2 2 2 2 2 2 2 2 2 2 2 2 2 2 2 2 2 2 2 2 2 2 2 2 2 2
left_child=2 5 -1 7 18 12 8 14 9 -7 -9 -11 19 -5 26 -8 17 -10 20 23 21 22 -4 -2 -22 -26 -3 28 -20 -18
right_child=1 3 4 13 -6 6 15 10 16 11 -12 -13 -14 -15 -16 -17 29 -19 27 -21 24 -23 -24 -25 25 -27 -28 -29 -30 -31
leaf_value=-0.05970161501219589 -0.062986813381348067 0.066562489582701126 -0.071133310670983149 0.024144699642422857 -0.051177005395257769 0.045590809602821886 0.060858596791702996 -0.026571186376606337 0.045203840994481534 0.020314279118463573 0.067292985242636244 -0.042552019499665285 -0.060501313617212039 0.065174174272686236 0.040032745150583679 0.04211450516567234 -0.0016166639747800444 0.0041590700338101248 -0.031275160730711446 -0.0012466450041251078 0.0088461304728666111 -0.03485015010747515 0.05892279425455612 0.027383258704726941 0.050403679368885457 -0.03445345785866212 0.056913491848082289 -0.048115836471224568 0.021893263958364818 0.017555922846893935
leaf_weight=23668.204027505592 39.238927870988846 5150.2761256843805 25.183636574074626 2100.6812268085778 810.14109838753939 2207.3666103705764 1366.4057518467307 59.084055785089731 976.3899848908186 712.96056795120239 228580.80007682741 142.04838518053293 99.509564081206918 283.54888628423214 957.97831478714943 5277.0150061398745 963.08802733570337 500.88415080308914 173.32736129220575 1301.363418597728 1673.7697954196483 337.85720364190638 117.4909286107868 906.18086923286319 363.7348691849038 58.305869836360216 7317.0688743293285 195.43590993341058 193.01196422893554 2545.2047924250364
leaf_count=2406112 248 4105 260 2905 65107 2324 1097 480 982 1390 188976 382 6360 229 1055 5607 2644 1005 1519 5048 10996 12568 716 2654 1505 367 6865 2501 1515 3993
internal_value=0.0530093 0.0641177 -0.0521696 0.0664651 -0.00701449 0.0304373 0.0343041 0.0668335 0.0246628 0.0356136 0.0672686 0.00983237 0.006221 0.0290495 0.0594183 0.0459783 0.0179305 0.0312994 0.00439924 0.00920172 0.00949272 -0.013893 0.0356311 0.0235699 0.0148587 0.0386267 0.0609045 -0.0189352 -0.00327915 0.0122937
internal_weight=289104 261487 27616.5 244449 3948.26 17037.7 14691.4 242065 8047.94 3062.38 228640 855.009 2346.29 2384.23 13425.3 6643.42 4985.57 1477.27 3138.12 2246.78 2576.34 480.532 142.675 945.42 2095.81 422.041 12467.3 561.775 366.339 3508.29
internal_count=2741515 238349 2503166 204615 97054 33734 19424 201481 12720 4096 189456 1772 14310 3134 12025 6704 8624 1987 31947 7950 26412 13544 976 2902 12868 1872 10970 5535 3034 6637
is_linear=0
shrinkage=0.06


Tree=35
num_leaves=31
num_cat=0
split_feature=0 0 0 7 5 7 2 5 7 6 14 6 1 10 7 0 7 5 6 6 10 7 2 7 9 6 6 6 6 7
split_gain=87531.3 5986.26 2550.62 964.045 539.29 424.465 263.962 230.915 214.466 153.204 136.735 124.5 118.772 112.335 134.282 110.94 102.936 98.58 95.3054 103.373 89.6055 124.964 85.8512 81.9155 77.5093 74.0005 69.6932 73.4628 77.7023 75.6129
threshold=0.1069132797420025 0.91612541675567638 0.0012689431314356627 1.7159025073051455 0.9047992229461671 1.0467052106832854e-05 -0.37693089246749872 0.98173660039901745 2.1401023864746098 0.92558395862579357 12.500000000000002 4.9985370635986337 8.5000000000000018 0.30217391252517706 0.55332806706428539 0.99740585684776317 0.90090259909629833 0.9047992229461671 3.9994803667068486 4.0155320167541513 0.30217391252517706 0.030745055526494983 -0.071540091186761842 3.609237909317017 72.240142822265639 5.0281038284301767 4.0005357265472421 0.17130543291568759 1.9994091987609866 0.0003131125849904493
decision_type=2 2 2 2 2 2 2 2 2 2 2 2 2 2 2 2 2 2 2 2 2 2 2 2 2 2 2 2 2 2
left_child=2 5 -1 7 12 10 11 16 9 -8 -2 17 26 14 -11 23 24 20 -15 -20 21 -7 25 -5 -3 -10 27 -4 -29 -30
right_child=1 3 4 15 -6 6 8 -9 22 13 -12 -13 -14 18 -16 -17 -18 -19 19 -21 -22 -23 -24 -25 -26 -27 -28 28 29 -31
leaf_value=-0.059610828699891677 0.055960418104296181 0.066087051608896677 -0.040069778916716627 0.033220934598860601 -0.057194903198934048 0.048819615512169373 -0.0007355407424061226 0.0667675684389855 0.020163900986617557 0.058944749049390427 0.024662335230175525 -0.0060372660682665898 -0.03217205915802749 0.037512608950862211 0.030670524783114255 0.066518838133073729 0.039450151388809168 -0.021748141564046374 -0.032476084715645767 0.023498846891056337 0.012291405242128768 0.0156626719285414 -0.057890452108576136 0.0092017333702062096 0.056103123928257309 -0.013052121305879768 -0.008124416313710971 0.034314870924200373 0.020380639090453522 -0.0066749060926055452
leaf_weight=22328.490094862878 2323.1187016293406 4644.7609747350216 91.135532084852457 1218.3417766168714 644.33617442287505 746.66950355470181 408.94196013454348 217332.27758372575 1075.9870946444571 1455.366983756423 644.1607416048646 966.88696459122002 314.35501102544367 2762.9574315641075 1041.2078149830922 235.64837951213121 955.81857705116272 213.64120831154287 130.14276883564889 1270.4485882511362 2273.8812258392572 907.10760838910937 63.904555095359683 881.84657665342093 7275.4747927486897 310.48061973974109 833.35552671644837 535.27757335267961 790.78583198413253 700.46154826600105
leaf_count=2406796 2018 3886 1228 1483 60305 716 1144 189852 2073 1241 968 4984 8604 3348 1821 190 1071 4836 287 2250 4406 2386 291 1451 7119 871 9355 3804 3683 10159
internal_value=0.0524525 0.0634303 -0.0517831 0.0659149 -0.00707515 0.0286124 0.0241314 0.0663041 0.0305975 0.0349092 0.0491766 0.0133435 0.00282916 0.0370977 0.0471699 0.0275471 0.0584764 0.0178688 0.0310482 0.0182782 0.0200287 0.0306533 0.00957261 0.0231447 0.0599986 0.0127216 0.00656728 0.01235 0.0147259 0.00767628
internal_weight=275377 249139 26238.2 232544 3909.71 16594.9 13627.6 230208 8519.44 7069.07 2967.28 5108.19 3265.37 6660.12 2496.57 2335.84 12876.1 4141.3 4163.55 1400.59 3927.66 1653.78 1450.37 2100.19 11920.2 1386.47 2951.02 2117.66 2026.52 1491.25
internal_count=2742626 238692 2503934 205052 97138 33640 30654 201928 13326 10091 2986 17328 36833 8947 3062 3124 12076 12344 5885 2537 7508 3102 3235 2934 11005 2944 28229 18874 17646 13842
is_linear=0
shrinkage=0.06


Tree=36
num_leaves=31
num_cat=0
split_feature=0 0 0 7 5 7 10 0 17 5 5 17 7 7 5 7 5 5 6 6 10 9 10 7 10 16 3 5 0 7
split_gain=80875.7 6055.36 2747.09 1016.21 584.21 434.789 553.29 336.054 254.106 247.384 165.436 132.341 158.592 129.363 116.594 111.018 115.075 107.807 97.4864 90.9824 76.1619 76.0913 126.374 107.163 132.638 125.169 114.97 97.3645 92.82 100.719
threshold=0.1069132797420025 0.91612541675567638 0.0010639447718858721 0.94700521230697643 0.87587347626686107 0.14056493341922763 0.25357143580913549 0.99740585684776317 87.652439117431655 0.77991238236427318 0.98173660039901745 86.038963317871108 0.0002354165990254842 3.609237909317017 0.94936829805374157 3.609237909317017 0.99809545278549205 0.31739783287048345 6.6949117183685312 0.92558395862579357 0.35857143998146063 75.083892822265639 0.048809524625539787 0.00044121385144535458 0.092329546809196486 94.868419647216811 2.5000000000000004 0.0013517803745344283 0.0052573319990187892 0.074342157691717162
decision_type=2 2 2 2 2 2 2 2 2 2 2 2 2 2 2 2 2 2 2 2 2 2 2 2 2 2 2 2 2 2
left_child=2 5 -1 10 18 6 17 15 -7 11 20 12 -8 14 -10 16 -5 -2 21 -13 -3 22 -4 27 -25 -26 -27 -24 -28 -30
right_child=1 3 4 7 -6 8 9 -9 13 -11 -12 19 -14 -15 -16 -17 -18 -19 -20 -21 -22 -23 23 24 25 26 28 -29 29 -31
leaf_value=-0.059546400153366486 0.030244560288240949 0.064140468795368333 -0.015693417528390829 0.034458374847973219 -0.055280912085156918 -0.030030360272271385 0.044461842993118346 0.065937831797701352 0.030881733322344975 0.038479170843206838 0.066333101169557568 -0.034092247292423224 0.0062249512235741039 0.0027526731012519081 -0.0079687288195563078 0.0067963979647060321 -0.065770022202190082 0.060451176200459922 -0.047226790138869885 0.013660291051571186 0.054320337622537671 -0.0024722045970747061 0.17747118252919297 0.054315506736479259 -0.030634559882858545 0.0094937195304961499 -0.053438099446652114 0.037666924803976126 0.45428065057202133 0.12561683853755479
leaf_weight=20939.745279692113 514.10087588429451 5419.3615259751678 353.09725941438228 2080.7438814491034 689.39426704309881 478.47791738249362 1169.395538829267 963.19161558896303 1955.3685127533972 3475.0660626962781 205198.49019192904 148.56118382513523 586.5676222667098 1517.7440988151357 323.75051513873041 848.43505474925041 41.181099906563759 2555.2720091119409 120.84397520124912 3664.5892908722162 6140.3845115154982 1476.7373843193054 17.534853803925216 163.29576373193413 316.47852754313499 151.71097141969949 6.9855380142107633 650.05678141955286 3.3920490425080088 21.239031235687435
leaf_count=2395353 682 4857 5608 2446 68437 5256 1191 879 3138 3837 188604 527 1145 4788 4235 1424 529 2155 2604 6611 6347 17474 515 2486 6175 1348 479 2371 24 241
internal_value=0.051971 0.0627768 -0.0508702 0.06539 -0.00511299 0.0275868 0.0333924 0.0351524 0.0111333 0.0259172 0.0659385 0.0180732 0.0316999 0.0163273 0.0253619 0.0251509 0.0324831 0.0554033 0.00544058 0.0117914 0.0589293 0.00746864 0.0161834 0.0246473 0.00754384 -0.00781526 0.0315302 0.0415989 0.133738 0.186836
internal_weight=261991 237081 24910.5 220692 3970.77 16388.9 12113.6 3933.55 4275.34 9044.18 216758 5569.11 1755.96 3796.86 2279.12 2970.36 2121.92 3069.37 3281.37 3813.15 11559.7 3160.53 1683.79 1330.69 663.102 499.806 183.328 667.592 31.6166 24.6311
internal_count=2741766 238651 2503115 205086 107762 33565 16148 5278 17417 13311 199808 9474 2336 12161 7373 4399 2975 2837 39325 7138 11204 36721 19247 13639 10753 8267 2092 2886 744 265
is_linear=0
shrinkage=0.06


Tree=37
num_leaves=31
num_cat=0
split_feature=0 0 7 0 0 7 0 7 10 5 5 6 0 6 8 5 7 6 1 9 8 1 9 2 6 6 6 6 6 3
split_gain=75972.9 7736.49 1051.02 785.009 572.259 436.836 337.664 309.266 276.768 237.468 173.276 155.273 123.717 108.9 99.7255 99.2247 107.632 98.3401 143.112 136.051 97.2138 81.9352 77.0657 74.9737 73.3177 72.5805 140.767 91.7127 72.4771 72.3001
threshold=0.016710898838937286 0.91612541675567638 0.94700521230697643 0.00078332840348593902 0.69954499602317821 0.19754115492105487 0.99740585684776317 0.8009229600429536 0.2709790319204331 0.99755212664604198 0.98564207553863536 4.9985370635986337 0.34205599129199987 2.9890033006668095 95.538970947265639 0.99783298373222362 3.609237909317017 2.6354568004608159 13.500000000000002 90.038166046142592 63.510736465454109 7.5000000000000009 34.909982681274421 -0.1708688139915466 2.6913695335388188 3.9986263513565068 4.0069434642791757 0.92558395862579357 2.9353500604629521 26.500000000000004
decision_type=2 2 2 2 2 2 2 2 2 2 2 2 2 2 2 2 2 2 2 2 2 2 2 2 2 2 2 2 2 2
left_child=3 4 10 -1 9 13 15 8 -6 11 -3 12 14 17 29 16 -4 -5 19 22 -10 23 24 -9 -19 27 -27 -22 -20 -2
right_child=1 2 6 5 7 -7 -8 21 20 -11 -12 -13 -14 -15 -16 -17 -18 18 28 -21 25 -23 -24 -25 -26 26 -28 -29 -30 -31
leaf_value=-0.059819113468509912 0.0097308062422163041 0.058605107897497295 0.032274218401556275 0.0085051453168979493 0.061024961295763319 -0.05849570801322785 0.065410474633156745 -0.0062976256527645796 0.049147120366497835 -0.060283486730966784 0.065927411065557037 -0.0010126901840870461 0.02611810275673012 -0.015112570926589816 0.052411988189893087 -0.066458787538882347 0.0065163964300782567 0.39057929834852806 -0.023388433009629443 0.18710431603710975 -0.015167649231662085 -0.048670284585832953 -0.014980921077763412 0.023152049027469739 0.057850937546816812 -0.059938627359566676 0.022019702584465145 0.037491936616766294 0.68128143678217667 -0.067588742546571226
leaf_weight=19531.641122465953 3540.2596431570128 12471.05350714922 1975.3186765909195 470.62430165614933 1914.6252849400043 725.4873645240441 901.01656521856785 392.93177198246121 1120.4986978769302 150.75296871736646 192830.46843063086 1711.3858581231907 4116.7558078411967 790.22632078826427 198.14886575099081 42.761259544640779 829.83613137900829 2.3664782363921395 0.61819194536656041 22.35341608710587 125.29808588325977 70.024995289742947 51.92672018148005 1488.5599755961448 9.7980329710990173 80.69644632935524 990.96007706224918 2217.8631286844611 1.0668910574167965 43.092564834281802
leaf_count=2373360 15012 12656 2392 8182 1711 78358 868 1358 1078 13925 186941 7216 6880 20294 445 559 1374 14 43 284 252 320 930 2651 127 210 1334 2467 15 541
internal_value=0.0514208 0.0616446 0.0649079 -0.0560918 0.0240805 -0.0209862 0.0334116 0.0355596 0.0418914 0.014197 0.0654829 0.0153716 0.0189214 -0.000785016 0.0110818 0.0232685 0.0246594 0.0194687 0.0772635 0.063082 0.0338023 0.0146215 0.0176162 0.0170017 0.147332 0.0287544 0.0157981 0.0346708 0.510333 0.00878238
internal_weight=248818 227212 209050 21606.1 18161.9 2074.47 3748.93 8401.46 6449.94 9760.4 205302 9609.64 7898.26 1348.98 3781.5 2847.92 2805.15 558.754 88.1297 86.4446 4535.32 1951.52 64.0912 1881.49 12.1645 3414.82 1071.66 2343.16 1.68508 3583.35
internal_count=2741797 260190 204790 2481607 55400 108247 5193 11381 7052 44019 199597 30094 22878 29889 15998 4325 3766 9595 1413 1355 5341 4329 1071 4009 141 4263 1544 2719 58 15553
is_linear=0
shrinkage=0.06


Tree=38
num_leaves=31
num_cat=0
split_feature=0 0 0 2 7 5 10 6 7 10 4 7 16 7 6 5 16 8 7 5 7 10 10 2 9 6 5 10 9 6
split_gain=70805.2 6355.41 2439.41 917.282 690.686 593.691 298.06 318.425 264.275 260.71 192.93 135.493 126.288 130.819 123.469 111.078 102.975 98.2859 95.0469 89.6978 85.3733 85.6586 87.836 80.6644 76.3925 100.242 81.1787 74.6245 94.944 72.8422
threshold=0.1069132797420025 0.96672680974006664 0.00078332840348593902 -0.1708688139915466 0.94700521230697643 0.96463587880134594 0.2709790319204331 0.79617789387702953 0.8590485453605653 0.29520697891712194 -0.001151748525444418 3.609237909317017 68.660713195800795 8.7255451944656684e-05 3.9949316978454594 0.31739783287048345 77.913280487060561 93.788581848144545 1.1391819119453432 0.49479787051677709 0.00015407778846565637 0.050641026347875602 0.41885964572429663 -0.10720207542181014 80.123455047607436 1.7252347469329836 0.96463587880134594 0.23205128312110904 99.80237197875978 1.0059807300567629
decision_type=2 2 2 2 2 2 2 2 2 2 2 2 2 2 2 2 2 2 2 2 2 2 2 2 2 2 2 2 2 2
left_child=2 3 -1 8 6 14 -5 -8 9 15 -3 -6 13 -11 17 -2 -10 20 -19 -14 21 -4 -23 -9 26 -26 -18 -22 -29 -13
right_child=1 10 5 4 11 -7 7 23 16 12 -12 29 19 -15 -16 -17 24 18 -20 -21 27 22 -24 -25 25 -27 -28 28 -30 -31
leaf_value=-0.059668739979832471 0.018843816962349103 0.001575648226502951 -0.052406309903982991 0.061509533847187652 0.028315469464495702 -0.060439650823459257 -0.014097253763454715 0.032254171364173218 -0.045132615352223057 0.045166105399553041 0.065319791495614121 -0.059987769571093613 -0.00087815226040886644 0.012940853213249698 -0.013769513004913501 0.048741227861228677 0.003542152900914692 0.049565261842059102 0.36341272783727485 0.017612097205623175 0.010014496031797172 0.043885780311080855 0.0049178031150551131 0.048697453504406116 0.2292458539536133 0.031813975434395021 -0.059221199301655841 -0.02662511495391081 0.079421766794297272 0.0070734254302458905
leaf_weight=18422.571236777119 611.94885286688805 171.13600300252438 53.112020498141646 4657.9388217404485 2261.6031123371795 657.73062830977142 350.38127134740353 1424.2489893361926 175.48183237295598 973.3350075930357 189228.50966062397 60.247655682265759 1442.3667185157537 850.44949394464493 1192.2492491258308 1680.7978542968631 1528.3909538816661 143.45017416868359 2.594483880326151 2734.7424202188849 641.16278579924256 441.54316444694996 393.84136390686035 4481.5363879576325 10.356564122252164 52.650538354180753 76.969969316385686 505.14209282025695 31.376040043309331 1216.1697860416025
leaf_count=2374266 963 479 269 4513 3830 77082 900 1731 4053 980 193842 258 3512 1554 23415 1774 5040 1245 59 4010 13078 1739 2384 5009 34 599 3055 10333 203 2170
internal_value=0.050894 0.0615364 -0.050389 0.0328371 0.0425428 -0.00829996 0.0500109 0.0414413 0.0189977 0.023565 0.0652622 0.0194975 0.0169847 0.0301545 0.00178801 0.0407731 -0.00154752 0.010175 0.0575743 0.0112287 0.0067984 0.020829 0.0255422 0.0447381 0.00306112 0.0673407 0.000497934 -0.00379559 -0.0202872 0.00386362
internal_weight=236474 213989 22484.8 24589.6 14452.1 4062.2 10914.1 6256.17 10137.5 8293.64 189400 3538.02 6000.89 1823.78 3404.47 2292.75 1843.85 2212.22 146.045 4177.11 2066.18 888.497 835.385 5905.79 1668.37 63.0071 1605.36 1177.68 536.518 1276.42
internal_count=2742379 238306 2504073 43985 18411 129807 12153 7640 25574 12793 194321 6258 10056 2534 52725 2737 12781 29310 1304 7522 28006 4392 4123 6740 8728 633 8095 23614 10536 2428
is_linear=0
shrinkage=0.06


Tree=39
num_leaves=31
num_cat=0
split_feature=3 5 9 1 5 7 5 9 2 9 10 16 7 7 10 3 9 16 10 7 5 14 15 10 1 5 16 14 9 3
split_gain=62752.4 8401.57 3656.06 984.467 701.436 396.221 316.373 277.174 212.863 206.229 184.44 163.85 163.001 142.723 149.929 127.227 111.73 109.468 109.398 107.332 101.56 90.6733 86.3902 81.6083 78.1755 122.026 140.643 182.431 91.7649 108.73
threshold=1.5000000000000002 0.87587347626686107 1.0000000180025095e-35 8.5000000000000018 0.97644221782684337 0.8590485453605653 0.49479787051677709 85.201290130615249 -0.97785523533821095 87.112743377685561 0.27429467439651495 99.206348419189467 0.023711605928838256 3.4592276278999641e-05 0.23205128312110904 3.5000000000000004 97.57275772094728 55.245780944824226 0.053342817351222045 0.26676015555858618 0.0015481936861760916 3.5000000000000004 1.0000000180025095e-35 0.092329546809196486 8.5000000000000018 0.99067899584770214 94.59064102172853 7.5000000000000009 62.169164657592781 28.500000000000004
decision_type=2 2 2 2 2 2 2 2 2 2 2 2 2 2 2 2 2 2 2 2 2 2 2 2 2 2 2 2 2 2
left_child=1 3 8 6 5 10 13 24 -2 12 -3 16 -8 18 21 -10 -9 -11 -1 -18 -5 -15 -20 -23 25 26 -4 28 29 -28
right_child=2 4 7 20 -6 -7 9 11 15 17 -12 -13 -14 14 -16 -17 19 -19 22 -21 -22 23 -24 -25 -26 -27 27 -29 -30 -31
leaf_value=-0.021618724941895453 -0.060487378870368654 0.064099622728278599 -0.047305781810564718 -0.056938318105152701 0.065070248294021707 0.026392385862718276 0.048928390934621105 -0.046774755086736161 0.019844235337267414 0.040167895599213105 0.048338117807660036 0.056147752839004965 0.015580676788019302 0.00263244105083926 -0.0043505204747699084 -0.0033126088297491954 0.14476646381085986 0.014189366113363147 0.037684969728648612 -0.0057271666973984165 -0.015674453130630171 0.056137870958222563 0.0076984891570332963 0.017807890335449238 -0.060070446541957145 -0.06032221701607126 -0.0092572903231756803 -0.041068641098197349 0.10456919019267656 0.5388878630569065
leaf_weight=170.59679226670414 156.47710678400472 4725.5239095538855 497.57177856890485 640.43574012257159 176626.49685055017 2050.7435786053538 2194.9807436913252 374.05652130022645 2182.9386696722358 730.79245506227016 6215.3758900463581 92.344555757008493 696.17351076751947 682.33660662826151 2766.0797524913214 1402.3180075460114 19.411222598515451 2902.6254562735558 1160.3638919289224 103.51905289152637 324.25008929800242 315.91429092409089 493.43193428404629 546.00559609616175 15736.291002616752 1018.6779073006473 58.407086097635329 137.49950393754989 68.97606484265998 0.33197914902120729
leaf_count=2552 16487 4736 47600 84351 190889 2716 2218 31095 5471 802 7238 678 1197 10242 20630 6894 165 4424 8696 2507 3309 2702 1569 3448 2141752 128536 3834 4868 484 32
internal_value=0.050423 0.0608101 -0.0461983 0.0152982 0.06408 0.0506138 0.0197514 -0.057355 0.00779232 0.0289482 0.055151 -0.0168479 0.0409066 0.00996706 0.00401094 0.0107884 -0.0304966 0.0194241 0.0240292 0.0190128 -0.0430993 0.0189812 0.0287482 0.0319055 -0.0587167 -0.0467316 -0.0285265 0.00675092 0.0581531 0.00280953
internal_weight=225091 203242 21848.8 13624 189618 12991.6 12659.3 18107.1 3741.73 6524.57 10940.9 589.331 2891.15 6134.73 4310.34 3585.26 496.987 3633.42 1824.39 122.93 964.686 1544.26 1653.8 861.92 17517.8 1781.46 762.786 265.215 127.715 58.7391
internal_count=2742122 351719 2390403 146140 205579 14690 58480 2361551 28852 8641 11974 34445 3415 49839 37022 12365 33767 5226 12817 2672 87660 16392 10265 6150 2327106 185354 56818 9218 4350 3866
is_linear=0
shrinkage=0.06


Tree=40
num_leaves=31
num_cat=0
split_feature=0 0 0 4 7 10 0 4 14 1 7 7 17 2 2 2 0 7 0 7 2 16 7 10 0 7 2 9 2 10
split_gain=61823.5 4929.17 4386.89 685.117 675.492 718.746 358.737 189.413 178.249 140.992 126.518 126.465 126.099 93.7032 110.749 82.9762 71.6191 112.111 64.2144 106.175 83.2062 61.3562 60.7726 88.2011 95.6814 177.661 176.719 131.357 120.975 121.179
threshold=0.34205599129199987 0.96672680974006664 0.00078332840348593902 -0.80003023147582997 0.8009229600429536 0.21583850681781772 0.91612541675567638 -4.9966636197495964e-06 7.5000000000000009 6.5000000000000009 0.00029855276807211345 3.609237909317017 84.924243927001967 -0.1708688139915466 -0.029234856367111203 -0.071540091186761842 0.99218881130218517 0.92747986316680919 0.00090632398496381949 1.0000000180025095e-35 -0.99908414483070362 38.196554183959968 0.0011997189139947297 0.41885964572429663 0.0025836817221716051 0.00091289237025193881 -0.99846965074539173 88.953113555908217 -0.99785974621772755 0.39009661972522741
decision_type=2 2 2 2 2 2 2 2 2 2 2 2 2 2 2 2 2 2 2 2 2 2 2 2 2 2 2 2 2 2
left_child=2 4 -1 -4 5 -2 8 -3 10 15 -7 12 21 -10 -15 22 17 -9 19 20 -11 -6 23 24 25 27 -27 28 29 -5
right_child=1 7 3 9 11 6 -8 16 13 18 -12 -13 -14 14 -16 -17 -18 -19 -20 -21 -22 -23 -24 -25 -26 26 -28 -29 -30 -31
leaf_value=-0.059651199569232462 0.059861716498942126 0.012737070898021802 -0.057385722061375981 -0.061525597680077718 0.020913184352425472 0.048717071239148445 0.047918970545788531 0.060581876893803149 0.012273076759128105 -0.031158343039282166 0.018185442663346107 0.0035695077448263963 0.025211153649831286 0.033667150129579757 -0.011904238455816537 -0.031155606522161886 0.064868339552251866 0.024545862855716628 -0.01530367124202466 0.031946056482745393 0.59012880940791035 -0.054995291119010817 0.0023603386612631259 0.0066466311940044879 0.023297482850720801 0.74933126823785079 0.097088900028948627 0.34672168187083091 0.11810151888466337 0.18420927116777747
leaf_weight=16388.715372874867 4592.9235692247748 254.64189698174596 708.8577038012445 41.209708218462765 58.556168058887124 1480.8885371983051 3345.0045048668981 8410.2369793355465 3362.8153814151883 1.0145865958184006 731.51456631720066 2058.9246872738004 3139.7482924116775 1767.4388390034437 214.85972592234612 171.14490649243817 161255.96209061146 324.63757801055908 1184.4036336285062 23.540232653729618 1.355882996693256 107.66928839124739 1704.371090952307 1477.517086093314 1222.4281730689108 1.807113070040941 3.9688663240522137 4.5218283804133526 41.627309611998498 7.7253630962222806
leaf_count=2373634 4775 577 86914 1562 743 1461 4132 9840 5356 38 1075 4824 6337 2147 503 1725 183813 462 21434 2202 12 1213 16266 7187 2902 87 117 66 505 53
internal_value=0.0499475 0.0611292 -0.0430231 -0.00170215 0.0335984 0.0399514 0.031559 0.0645023 0.0243126 0.00501177 0.0386348 0.0152452 0.0225134 0.0183784 0.0287242 0.0097357 0.0645798 0.0592455 -0.0132332 0.078462 0.393863 -0.0282899 0.0112957 0.0167303 0.0279757 0.0838903 0.381624 0.0620206 0.0441739 -0.0198194
internal_weight=214090 191106 22984.2 6595.49 20860.3 15495.4 10902.5 170245 7557.52 5886.64 2212.4 5364.9 3305.97 5345.11 1982.3 4676.32 169991 8734.87 1210.31 25.9107 2.37047 166.225 4505.18 2800.81 1323.29 100.86 5.77598 95.0842 90.5624 48.9351
internal_count=2741962 227258 2514704 141070 32566 19449 14674 194692 10542 54156 2536 13117 8293 8006 2650 30470 194115 10302 23686 2252 50 1956 28745 12479 5292 2390 204 2186 2120 1615
is_linear=0
shrinkage=0.06


Tree=41
num_leaves=31
num_cat=0
split_feature=0 0 0 7 5 5 9 10 4 8 7 5 6 6 7 1 7 10 5 7 2 10 5 7 6 10 6 0 2 2
split_gain=57729.1 5029.24 4254.74 558.357 764.264 535.518 319.074 212.586 188.006 128.946 116.425 123.414 100.199 241.998 94.6285 94.137 87.0188 131.457 90.8118 84.286 147.607 94.254 83.8691 104.493 77.6552 74.7559 91.1384 90.5131 95.1237 73.9422
threshold=0.34205599129199987 0.96672680974006664 0.00090632398496381949 0.8590485453605653 0.87587347626686107 0.98860448598861705 83.398952484130874 0.2709790319204331 -0.001151748525444418 54.923507690429695 3.609237909317017 0.99809545278549205 3.9949316978454594 4.1198303699493417 0.014719572849571707 5.5000000000000009 0.030745055526494983 0.084523811936378493 0.57806041836738598 0.0011997189139947297 -0.99481073021888722 0.45643940567970281 0.99067899584770214 0.92747986316680919 5.018308401107789 0.053342817351222045 3.9871296882629399 0.00156373274512589 -0.99861815571784962 -0.016607834957540032
decision_type=2 2 2 2 2 2 2 2 2 2 2 2 2 2 2 2 2 2 2 2 2 2 2 2 2 2 2 2 2 2
left_child=2 3 -1 4 6 19 16 -6 -3 14 11 -5 -11 -14 -8 -15 -2 -18 -19 21 -21 25 23 -10 29 -4 27 28 -27 -12
right_child=1 8 5 10 7 -7 9 -9 22 12 24 -13 13 15 -16 -17 17 18 -20 20 -22 -23 -24 -25 -26 26 -28 -29 -30 -31
leaf_value=-0.059303344584136733 0.046222365115025414 0.00040126254013785875 -0.016426033711179254 0.024518465355344188 0.063033207869517188 -0.060334037971739564 0.039729084341326319 0.042930802479815268 0.059589920594023411 0.01703725893305642 0.01377915147105422 -0.060797009266618095 -0.057856020352941677 0.044720332036632983 -0.024771822670784014 -0.0003167253448595249 0.036558532148668527 -0.11986355065360733 -0.0035650846899662062 -0.048853493233035158 0.00015257123538077043 -0.0017259167174692653 0.064525060317641048 0.027412277377299506 -0.016464358451488914 0.0090656480405884518 0.0015623259985692423 0.02784401313300976 0.17663316129365897 -0.048998683147965863
leaf_weight=15550.513131949119 2175.9257646501064 166.33650950342417 198.85355268977582 3122.1311358613893 3304.4484905824065 509.22367785964161 931.41537839174271 4469.7310489937663 6880.4582881480455 2460.3931039720774 1515.5770337693393 61.330972900614142 239.91124904155731 209.84744227677584 89.101127721369267 804.819227039814 319.45317680388689 33.334156572818756 81.876140981912613 244.16846614005044 2269.2739086290821 1458.4777115024626 153550.75541585684 386.17386497557163 483.17517775017768 20.484553754329681 533.17330320738256 1188.1773710083216 29.557772118598223 69.725177016109228
leaf_count=2384952 2343 462 1040 5020 3627 69804 1035 5669 8485 3749 3167 3064 651 223 199 1481 390 123 160 18879 22689 8218 184973 525 1397 903 4175 3861 731 237
internal_value=0.0494701 0.0606049 -0.0423096 0.0325153 0.0383695 -0.00134497 0.0244873 0.0514824 0.0641594 0.0151976 0.0156569 0.0228562 0.0100031 -0.00379445 0.0340788 0.00903244 0.0413262 0.0167662 -0.037956 0.0037195 -0.00462566 0.00983653 0.0642253 0.0578839 0.00457124 0.0183922 0.0223079 0.0312324 0.109562 0.0109889
internal_weight=203358 181356 22001.9 20372.2 15120.3 6451.39 7346.08 7774.18 160984 4735.49 5251.94 3183.46 3714.97 1254.58 1020.52 1014.67 2610.59 434.663 115.21 5942.17 2513.44 3428.72 160817 7266.63 2068.48 1970.25 1771.39 1238.22 50.0423 1585.3
internal_count=2742232 226980 2515252 32535 19650 130300 10354 9296 194445 7338 12885 8084 6104 2355 1234 1704 3016 673 283 60496 41568 18928 193983 9010 4801 10710 9670 5495 1634 3404
is_linear=0
shrinkage=0.06


Tree=42
num_leaves=31
num_cat=0
split_feature=2 5 2 4 5 7 5 4 5 10 7 3 10 5 5 7 7 5 10 2 16 7 8 5 16 7 10 8 6 6
split_gain=50693.8 6092.58 3138.74 2191.43 800.852 601.651 621.839 485.496 367.226 246.112 226.26 213.737 212.374 157.486 138.835 135.046 127.603 117.389 415.523 245.802 112.293 107.896 131.578 106.408 105.319 103.035 99.3014 90.9695 89.1463 83.4084
threshold=-0.74151420593261708 0.96463587880134594 -0.99568235874176014 -0.001151748525444418 0.2359685152769089 2.1401023864746098 0.87587347626686107 -0.88000279664993275 0.99350962042808544 0.3390804678201676 0.8590485453605653 1.5000000000000002 0.2709790319204331 0.00010096345067722724 0.0011921658297069373 1.8748372895061042e-05 0.040095711126923568 0.00012901781155960637 0.30901856720447546 -0.99985226988792408 69.309261322021499 0.19754115492105487 58.898942947387702 0.98860448598861705 97.220077514648452 0.92747986316680919 0.41277891397476202 68.108486175537124 3.9916747808456425 4.2222459316253671
decision_type=2 2 2 2 2 2 2 2 2 2 2 2 2 2 2 2 2 2 2 2 2 2 2 2 2 2 2 2 2 2
left_child=2 4 11 8 -2 6 9 -4 -3 16 12 13 -8 -1 -9 17 -6 18 -15 -20 -17 22 -11 25 -18 -5 -21 -12 -16 -22
right_child=1 3 7 23 5 -7 10 14 -10 21 27 -13 -14 15 28 20 24 -19 19 26 29 -23 -24 -25 -26 -27 -28 -29 -30 -31
leaf_value=-0.060234018135407894 -0.04563568641677955 0.015074688983974691 -0.058863559888680299 0.058134517981239399 0.046651265103727378 0.0057193774675137286 0.062385514279417818 -0.054774448583109564 -0.056894672761633874 0.034259445850886756 -0.047291704573880322 -0.059981650382783719 0.041572716911896047 -0.0491348250710954 0.012182520438296731 -0.049952822189972407 -0.0099518792445071544 0.024200584312888941 -0.023472407454877355 1.4885903595432806 -0.019652436586353482 -0.041522165785543713 0.012088390749160979 0.06418808382953281 0.033322421687059497 0.026363351698448664 -0.0086014479781765362 0.028594130381248833 -0.0056955955355650727 0.072286165845482031
leaf_weight=412.24662893731147 508.38771410891786 468.94309245795012 494.41639410890639 5786.1736791431904 1879.4753101840615 2996.5065455064178 3098.049729578197 140.37255292525515 558.1831291206181 1245.1974403634667 58.085916983895004 13199.569754153024 4131.0272732749581 4.3665074999444178 2746.0140041783452 304.56997038098052 297.86177151184529 154.0602513840422 0.63578511262312531 0.46804794529452898 99.793108555488288 114.44117743521929 4260.5591115280986 146298.11929769069 628.63771587144583 394.94210554659367 0.16609093826264143 1602.1846935437061 1581.7289343471639 53.903891175054014
leaf_count=65936 49756 4878 72993 7508 2059 6776 3589 22023 74837 1516 2025 2141072 5411 686 23142 26973 3743 4774 99 38 6438 494 7035 186326 1623 544 26 2923 13595 3625
internal_value=0.0489521 0.0591415 -0.0435979 0.0632726 0.0286825 0.0305447 0.0348403 -0.00250922 -0.0240538 0.0231572 0.0459108 -0.0579261 0.0504995 -0.031557 0.00373841 -0.0123599 0.0376681 0.0350086 0.282262 0.941395 -0.0289072 0.0159069 0.017108 0.063861 0.0194144 0.0561091 1.33115 0.0259123 0.00564852 0.0128507
internal_weight=193519 174327 19192.3 153506 20820.4 20312 17315.5 4962.53 1027.13 8426.17 8889.35 14229.8 7229.08 1030.21 4468.12 617.964 2805.97 159.697 5.63643 1.26992 458.267 5620.2 5505.76 152479 926.499 6181.12 0.634139 1660.27 4327.74 153.697
internal_count=2742463 361043 2381420 274093 86950 37194 30418 131753 79715 16470 13948 2249667 9000 108595 58760 42659 7425 5623 849 163 37036 9045 8551 194378 5366 8052 64 4948 36737 10063
is_linear=0
shrinkage=0.06


Tree=43
num_leaves=31
num_cat=0
split_feature=0 0 0 7 10 5 5 4 14 7 17 7 2 10 13 7 5 7 16 6 14 13 6 4 7 16 17 0 14 9
split_gain=50024.4 5431.06 4289.42 607.261 758.673 536.625 434.231 182.743 115.588 177.084 108.466 99.2137 108.392 107.683 99.852 93.5704 90.0017 113.835 80.0322 79.8002 86.689 74.7631 78.6828 102.514 214.922 73.9608 91.1508 73.1161 72.8333 76.79
threshold=0.34205599129199987 0.96672680974006664 0.00078332840348593902 0.8009229600429536 0.21583850681781772 0.98860448598861705 0.87587347626686107 -4.9966636197495964e-06 7.5000000000000009 0.018431727774441246 84.924243927001967 0.0011997189139947297 -0.99481073021888722 0.41885964572429663 1.0000000180025095e-35 3.609237909317017 0.99067899584770214 0.92747986316680919 94.868419647216811 0.017697479575872425 8.5000000000000018 1.0000000180025095e-35 3.9160612821578984 -0.0020300406031310554 0.0057773799635469922 88.117645263671889 58.957218170166023 0.0025836817221716051 17.500000000000004 31.434809684753422
decision_type=2 2 2 2 2 2 2 2 2 2 2 2 2 2 2 2 2 2 2 2 2 2 2 2 2 2 2 2 2 2
left_child=2 3 -1 4 -2 11 8 -3 9 -6 -5 13 21 28 -15 -12 17 -9 -14 20 -8 -13 23 24 -23 26 -11 -26 29 -4
right_child=1 7 5 10 6 -7 19 16 -10 25 15 12 18 14 -16 -17 -18 -19 -20 -21 -22 22 -24 -25 27 -27 -28 -29 -30 -31
leaf_value=-0.059435768115597788 0.058021688347830475 0.011324029090788718 -0.01065889135479524 -0.034562960939398382 0.036525803529457959 -0.060278864082810829 0.041445188543854421 0.058412249080937853 0.011244207453357812 -0.024939851485618766 0.020588845107102547 -0.053925493669419663 -0.010863720717859768 -0.0062671892630169574 0.030414974309071748 0.0039869398506908451 0.063926802719234538 0.020360972009523207 0.011623589631119143 0.042551928728868323 -0.10966796767834242 0.91661509221356985 -0.056248720271977831 -0.051890196512542112 -0.048802030623354128 0.032284147134122733 -0.1521501510111252 0.29410261400744114 -0.026098198239165468 0.029672017200687927
leaf_weight=13752.435332160909 4061.9035514220595 241.64041258767247 192.15959757100791 171.81612523831427 1443.0449724420905 494.95106995478272 27.780751556158066 6257.5632369928062 4167.565776348114 69.481173723936081 2982.1606616321951 216.42501725209877 1216.4213797640987 1411.0916641633958 328.47952053975314 2071.3139655888081 137494.57725003362 297.87702009826899 1069.9902142453939 4280.9180092662573 25.175609476864338 0.57208881527185251 11.918904492165892 5.2924919421784606 4.1455221702344716 41.541170850396156 27.942810714244843 3.3218456134200096 106.55450716428459 1440.5370316561311
leaf_count=2373015 4831 567 961 2045 1704 76700 34 8543 6732 157 6334 19367 14636 9267 997 4760 185083 447 8478 5720 91 31 1013 287 476 52 120 145 383 8710
internal_value=0.0484973 0.0595055 -0.0404515 0.0296723 0.0361289 -0.000293809 0.0273049 0.0635102 0.0164904 0.0302947 0.0121901 0.00465799 -0.00438655 0.0112301 0.00067292 0.0137862 0.0635977 0.0566866 -0.000339674 0.0416451 -0.0310955 -0.0425134 0.0536274 0.148929 0.272246 -0.0342088 -0.062601 0.120457 0.0217828 0.0249217
internal_weight=183917 163662 20254.3 19370.6 14145.4 6501.86 10083.5 144292 5749.58 1582.01 5225.29 6006.91 2528.09 3478.82 1739.57 5053.47 144050 6555.44 2286.41 4333.87 52.9564 241.676 25.2509 13.3319 8.03946 138.965 97.424 7.46737 1739.25 1632.7
internal_count=2741686 227220 2514466 32580 19441 141451 14610 194640 8765 2033 13139 64751 44433 20318 10264 11094 194073 8990 23114 5845 125 21319 1952 939 652 329 277 621 10054 9671
is_linear=0
shrinkage=0.06


Tree=44
num_leaves=31
num_cat=0
split_feature=2 2 5 4 6 5 7 10 5 1 3 2 1 5 17 6 7 6 7 16 5 2 16 5 7 6 6 6 7 7
split_gain=44490.6 5396.19 4249.84 1674.89 805.525 577.329 505.944 504.49 316.847 219.314 214.424 197.984 158.099 142.603 126.523 123.149 106.298 103.168 125.22 183.902 118.096 148.114 121.977 103.124 111.635 98.1464 97.2141 102.264 90.8154 89.6851
threshold=-0.37693089246749872 -0.99568235874176014 0.96463587880134594 -0.001151748525444418 0.92558395862579357 0.97129335999488842 0.8009229600429536 0.2709790319204331 0.99350962042808544 17.500000000000004 1.5000000000000002 -0.10720207542181014 8.5000000000000018 0.085427075624465956 84.924243927001967 1.9994091987609866 3.609237909317017 5.0113520622253427 3.1511646056969771e-06 42.997200012207038 0.0013517803745344283 -0.99968275427818287 36.181818008422859 0.98860448598861705 0.94700521230697643 2.9935092926025395 3.0174956321716313 3.9508346319198613 7.825135980965571e-05 5.4522770369658255e-06
decision_type=2 2 2 2 2 2 2 2 2 2 2 2 2 2 2 2 2 2 2 2 2 2 2 2 2 2 2 2 2 2
left_child=1 10 4 8 13 9 7 -6 -4 15 12 25 17 -2 -8 -3 -16 18 19 20 21 -1 -23 24 -5 -9 -27 -28 -17 -15
right_child=2 5 3 23 6 -7 14 11 -10 -11 -12 -13 -14 29 16 28 -18 -19 -20 -21 -22 22 -24 -25 -26 26 27 -29 -30 -31
leaf_value=-0.048858815301922202 -0.054441165874618398 0.024619569837580187 0.014836053987463205 0.057561715572965529 0.058621136420333966 -0.057671271210246872 -0.075182306583013669 0.033226766369732111 -0.059839632429272961 -0.060196768782029224 -0.059764343618123696 0.041469093816018585 -0.053366979969807521 0.042159945233766503 0.024368337027159678 0.015524683971771489 0.0043339431022263531 0.080981455385110618 -0.030648240592114205 -0.036587345387990557 0.047184547219373429 0.17193226608512704 0.55770112627692414 0.063630874983268443 0.0237485558973413 -0.023386530492575389 0.038979192099269221 0.0086613807881859833 0.0005483607510150298 -0.015716103893023532
leaf_weight=4.2410400654189315 322.52338514244184 1370.2096290090121 404.55329928547144 5243.8376177549362 3594.1881856131367 530.10470688901842 53.667894579470158 1466.5714743481949 412.08052624948323 171.38316042209044 11734.816235519014 3351.3145724609494 505.20770031074062 114.03733374923468 2502.0075248884968 2065.0325172129087 1540.8007308244705 44.593867083545774 330.33371322462335 41.868838038761169 23.011806458234787 8.5208832393400353 5.0340772117488077 130607.78160965443 378.82760106027126 233.38421753048897 565.54497602581978 1369.7078276947141 4950.2905852086842 594.04067724337801
leaf_count=693 41072 13795 3917 7463 4634 85054 179 1814 60955 29147 2141546 4671 80281 155 3446 4824 3006 2000 22916 1994 119 202 117 185948 539 491 642 2194 29629 8257
internal_value=0.0479454 -0.0322693 0.0593852 0.0627734 0.0298215 0.00303056 0.033422 0.0403534 -0.022873 0.00679736 -0.0575298 0.0309486 -0.0302618 -0.0214373 0.0155135 0.0081736 0.0167358 -0.00469233 -0.014116 0.0515152 0.140621 0.252505 0.343674 0.063287 0.0552882 0.0212411 0.013124 0.0175368 0.00495838 -0.00634874
internal_weight=174540 21784.6 152755 137047 15707.8 9087.02 14677.2 10580.7 816.634 8556.92 12697.6 6986.52 962.812 1030.6 4096.48 8385.53 4042.81 457.604 413.01 82.6766 40.8078 17.796 13.555 136230 5622.67 3635.21 2168.64 1935.25 7015.32 708.078
internal_count=2741700 2412317 329383 258822 70561 162449 21077 14446 64872 77395 2249868 9812 108322 49484 6631 48248 6452 28041 26041 3125 1131 1012 319 193950 8002 5141 3327 2836 34453 8412
is_linear=0
shrinkage=0.06


Tree=45
num_leaves=31
num_cat=0
split_feature=0 0 0 7 5 10 5 7 6 8 7 16 14 8 9 10 0 10 5 5 7 6 8 6 6 6 15 10 14 10
split_gain=43892.6 6643.54 3181.32 611.285 541.476 444.677 159.977 157.538 156.677 80.2793 80.4481 176.437 146.786 108.332 91.5161 79.1221 78.0277 76.8064 91.9445 76.701 85.8972 77.0328 74.5196 84.2739 76.8275 83.1377 73.4152 109.336 85.4765 72.0532
threshold=0.69954499602317821 0.00078332840348593902 0.96672680974006664 0.90090259909629833 0.99067899584770214 0.26491229236125952 0.9047992229461671 1.8965213894844057 6.6949117183685312 98.332870483398452 0.0011997189139947297 91.168830871582045 10.500000000000002 90.521114349365249 99.80237197875978 0.19139194488525393 0.99218881130218517 0.64495798945426952 0.085427075624465956 0.99350962042808544 3.609237909317017 0.97775015234947216 58.898942947387702 0.080883663147687926 3.9986263513565068 4.0581748485565194 1.0000000180025095e-35 0.053342817351222045 29.500000000000004 0.18834459781646731
decision_type=2 2 2 2 2 2 2 2 2 2 2 2 2 2 2 2 2 2 2 2 2 2 2 2 2 2 2 2 2 2
left_child=1 -1 3 5 8 -2 22 16 9 10 12 14 17 26 15 -12 -4 18 -3 20 -5 -22 -7 -24 -25 -26 27 -13 -28 -14
right_child=2 4 7 19 -6 6 -8 -9 -10 -11 11 13 29 -15 -16 -17 -18 -19 -20 -21 21 -23 23 24 25 -27 28 -29 -30 -31
leaf_value=-0.059163746229757064 0.058127179705592565 0.013597866201049686 0.056726214191264508 0.020308193377107962 -0.058655236293873612 0.039462176850920745 0.041222167949107859 0.025599906483040769 -0.028306845870301908 0.027295793723708231 -0.004349308631476121 -0.0066324550883067714 0.049089726442761106 -0.0088475891297565279 0.037196788208555494 -0.03120545310501157 0.063423971082130423 0.0014985793541418399 0.036306694345194422 -0.064593000239517875 -0.090724821048239354 0.0038503855096552156 -0.054021124774796682 0.026552647612866503 -0.039076384887246934 0.012610947299955278 0.0078866719590389156 0.077890904628268309 0.049195882235876766 -0.0011458787439331418
leaf_weight=12245.095971951727 3432.4889229387045 1263.400832706131 6698.2115785293281 2465.3193156123161 461.68674301914871 729.49394158273935 3149.3389310836792 406.92885473743081 418.25705727143213 804.87409980548546 815.17228867067024 81.124051767401397 106.51193211879581 612.80395950190723 118.0453902897425 765.73713537026197 121959.34053519368 611.56372369546443 1307.699291087687 44.765425234101713 30.719946712255478 1374.0967650189996 56.579151414334774 1767.6553296521306 131.31336147338152 730.12512782216072 1033.1218497850932 169.74363880371675 217.6060847658664 2337.3800477916375
leaf_count=2373806 4592 11062 10249 3534 78442 885 4603 630 4863 3328 14659 871 254 2845 454 14368 183660 2150 1595 1450 111 2521 154 2354 302 1117 8417 1168 636 7566
internal_value=0.0475588 -0.0286736 0.0600192 0.0327551 0.00488959 0.0406253 0.0314664 0.0629578 0.00764619 0.00911664 0.00756391 0.000835331 0.0121232 0.0124016 -0.013558 -0.017369 0.0630757 0.0206133 0.0251575 0.0126528 0.0135628 0.00171919 0.0224605 0.0178294 0.0193956 0.00469582 0.0210735 0.0506404 0.0151074 0.00106272
internal_weight=166346 23369.8 142976 13911.9 11124.7 9996.99 6564.51 129064 10663 10244.8 9439.91 3813.35 5626.56 2114.4 1698.95 1580.91 128658 3182.66 2571.1 3914.9 3870.14 1404.82 3415.17 2685.67 2629.09 861.438 1501.6 250.868 1250.73 2443.89
internal_count=2742646 2526484 216162 21623 152678 14007 9415 194539 74236 69373 66045 43418 22627 13937 29481 29027 193909 14807 12657 7616 6166 2632 4812 3927 3773 1419 11092 2039 9053 7820
is_linear=0
shrinkage=0.06


Tree=46
num_leaves=31
num_cat=0
split_feature=0 0 0 5 7 9 5 3 14 7 7 0 1 7 5 7 8 14 14 6 6 8 6 6 6 6 6 6 6 6
split_gain=41085.3 5639.75 3861.03 505.823 483.047 709.859 380.091 204.054 134.985 128.087 112.888 217.549 167.976 102.5 100.896 111.436 98.4234 87.0956 93.2586 80.2563 79.535 78.5155 74.9066 234.058 99.1982 104.353 137.355 100.589 214.443 76.194
threshold=0.34205599129199987 0.96672680974006664 0.00061020161956548702 0.98860448598861705 0.8009229600429536 65.633014678955092 0.87587347626686107 1.5000000000000002 7.5000000000000009 0.014719572849571707 7.825135980965571e-05 0.00078332840348593902 6.5000000000000009 3.1340188797912567e-05 0.98860448598861705 0.92747986316680919 96.34091949462892 2.5000000000000004 8.5000000000000018 4.9957077503204355 6.6949117183685312 18.321678161621097 2.9991497993469243 3.0116328001022343 3.9160612821578984 4.093024969100953 3.9994803667068486 4.9957077503204355 5.0029244422912607 2.1229374408721928
decision_type=2 2 2 2 2 2 2 2 2 2 2 2 2 2 2 2 2 2 2 2 2 2 2 2 2 2 2 2 2 2
left_child=2 4 -1 10 5 -2 8 14 9 -7 11 12 13 -4 15 -3 -6 -13 -19 -20 -12 -22 29 -24 -25 26 -26 -27 -29 -10
right_child=1 7 3 -5 16 6 -8 -9 22 -11 20 17 -14 -15 -16 -17 -18 18 19 -21 21 -23 23 24 25 27 -28 28 -30 -31
leaf_value=-0.059450560059672516 0.056724234657462708 0.056400006613554515 0.66145428543372708 -0.06020701045310748 0.0045500434535496034 0.035323990917750847 0.038969471661282278 0.0059206577639776495 0.0090994274434339443 -0.017817556533980924 -0.00052849283201792188 -0.011994699248892444 -0.043448029729829411 -0.027912485086447114 0.063129684635520086 0.016241612023200586 0.021425736850225186 0.031931805527723935 0.008205357117270641 -0.069998098507739137 0.10968268632357969 -0.054175946235245243 -0.061469336659821475 0.030697860936925787 0.0068440639513241636 0.0316258035772971 -0.061307254719436953 -0.11779741667314027 0.0050445656213767174 0.035051788598951444
leaf_weight=11429.575094216969 3385.0021675787866 4502.2735947705805 3.1680479282513252 487.87285138946027 3071.1937497076578 1461.7096365392208 4018.7450562082231 227.86917635425925 1156.3807871937752 183.18754256516695 4003.9036003132351 362.98577364627272 2.5561361592262983 0.85763528430834401 116886.02120164409 264.34009026736021 2091.2320471145213 952.16759009845555 466.26798963919282 51.555689620785415 10.380622636526821 152.74518062639982 191.46188895404339 508.74221927672625 226.9262378141284 453.66415637731552 199.25334235280752 54.453372910618782 659.82843805104494 628.54440744966269
leaf_count=2350775 4575 7119 200 91518 9267 1803 5972 550 1954 388 60662 1771 371 118 186204 423 3904 2896 1692 412 75 4257 532 652 379 583 555 204 1158 753
internal_value=0.0470731 0.0580108 -0.0384607 -0.00151718 0.0269411 0.0330555 0.0248272 0.0626731 0.0148932 0.0293985 0.00325901 0.0156346 0.336412 0.53826 0.0627793 0.0541768 0.011389 0.0142999 0.0207966 0.000299336 -0.0022067 -0.0431439 0.00903842 0.00186505 0.00765799 0.000290514 -0.0250879 0.00956455 -0.0044719 0.0182528
internal_weight=158095 140171 17924 6494.46 18290.3 13127.9 9742.9 121881 5724.15 1644.9 6006.59 1839.56 6.58182 4.02568 121653 4766.61 5162.43 1832.98 1469.99 517.824 4167.03 163.126 4079.25 2294.33 2102.87 1594.13 426.18 1167.95 714.282 1784.93
internal_count=2741722 226975 2514747 163972 32679 19508 14933 194296 8961 2191 72454 7460 689 318 193746 7542 13171 6771 5000 2104 64994 4332 6770 4063 3531 2879 934 1945 1362 2707
is_linear=0
shrinkage=0.06


Tree=47
num_leaves=31
num_cat=0
split_feature=0 0 0 4 7 10 3 5 6 6 10 14 5 7 8 6 2 6 6 7 6 6 2 5 8 0 10 10 2 8
split_gain=39102 6014.1 3358.66 550.102 480.303 485.412 184.886 157.601 122.77 113.934 188.115 108.017 107.481 126.995 100.126 82.3061 78.0493 69.4506 68.3032 65.1395 64.9959 76.3303 64.5209 63.6319 70.039 60.9134 99.1626 146.32 81.4864 80.8675
threshold=0.69954499602317821 0.00078332840348593902 0.96672680974006664 -0.68011146783828724 0.8590485453605653 0.2709790319204331 1.5000000000000002 0.93470215797424328 2.9991497993469243 3.0337734222412114 0.26794873178005224 7.5000000000000009 0.98860448598861705 0.96200314164161693 55.612831115722663 5.0281038284301767 -0.071540091186761842 6.6949117183685312 0.017697479575872425 0.19754115492105487 3.9971848726272587 4.0069434642791757 -0.37693089246749872 0.83325815200805675 67.962265014648452 0.00090632398496381949 0.18834459781646731 0.36602871119976049 -0.99914869666099537 41.882614135742195
decision_type=2 2 2 2 2 2 2 2 2 2 2 2 2 2 2 2 2 2 2 2 2 2 2 2 2 2 2 2 2 2
left_child=1 -1 4 -3 5 -2 12 11 16 10 -10 19 13 -4 -12 23 -5 22 -13 -7 -20 -22 25 -6 -25 26 -11 28 -28 -30
right_child=2 3 6 8 15 7 -8 -9 9 17 14 18 -14 -15 -16 -17 -18 -19 20 -21 21 -23 -24 24 -26 -27 27 -29 29 -31
leaf_value=-0.059257680689463285 0.057494791693635423 -0.053077507955716759 0.055796709864138691 0.016982488824293675 -0.031196385932823548 0.039509862822672659 0.0096072510059275265 0.043003036534608768 0.015735756718108534 -0.054444368566312205 -0.0035755096779919084 -0.043963024653426282 0.062912713588832284 0.010603992623355566 -0.070028752811122363 -0.0035705998752382662 -0.013776419811359216 -0.019323871140479065 0.02377775096512225 -0.046557595723932525 -0.042882508206144504 0.010762207608204583 0.022631828748200158 -0.045514479632938594 0.020344877621366921 0.0028693456812411136 -0.03707495437312669 -0.051106458726875206 0.12942940337115189 0.58175289511753681
leaf_weight=10892.313428596593 3087.6801458150148 580.66678164433688 4296.6995699442923 3957.2184920636937 92.489495016634464 1186.9224718213081 238.44288535788655 1853.9396002702415 273.22991809248924 8.6503742635250109 118.43582847109064 65.654674798250198 110441.53953785077 236.7035496532917 262.41054010158405 833.80327313393354 320.33756584580988 414.22051196545362 2007.4875929504633 31.721078723669052 105.31014102697372 937.89169710874557 734.28799362760037 58.357804232276976 3022.5132487649098 4271.3577898042277 1.5371165461838243 5.1172872874885789 3.0858879368752223 3.6842276989482343
leaf_count=2373925 4546 91245 7132 18216 224 1552 572 2902 1777 888 1111 170 186148 400 1350 2224 2163 4159 2920 81 254 1536 1436 475 4864 29104 131 469 109 224
internal_value=0.0465195 -0.0276897 0.0591363 0.00370233 0.030565 0.0380632 0.0624302 0.0283609 0.00688542 0.00141705 -0.0222236 0.0220904 0.0625397 0.0534399 -0.0494266 0.0132016 0.0146763 0.00426202 0.0161588 0.0372332 0.0174667 0.00531095 0.00620865 0.0176082 0.019083 0.00339525 0.10062 0.197386 0.339503 0.418771
internal_weight=150344 21846.6 128497 10954.2 13283.8 9276.61 115213 6188.93 10373.6 6096.02 654.076 4334.99 114975 4533.4 380.846 4007.16 4277.56 5441.94 3116.34 1218.64 3050.69 1043.2 5027.72 3173.36 3080.87 4293.43 22.0749 13.4245 8.30723 6.77012
internal_count=2742307 2526307 216000 152382 21748 13961 194252 9415 61137 40758 4238 6513 193680 7532 2461 7787 20379 36520 4880 1633 4710 1790 32361 5563 5339 30925 1821 933 464 333
is_linear=0
shrinkage=0.06


Tree=48
num_leaves=31
num_cat=0
split_feature=0 0 0 7 9 5 4 5 6 5 6 7 2 9 7 8 8 8 2 6 4 6 6 7 4 9 0 14 2 6
split_gain=35734.6 6132.8 3486.9 545.107 479.844 461.607 202.015 175.954 136.725 113.945 105.245 99.6178 85.0836 82.831 373.343 170.781 144.34 78.6768 76.5346 72.8119 70.1002 63.8018 191.558 91.5777 70.7955 150.664 82.9136 64.5987 70.4555 62.2892
threshold=0.69954499602317821 0.00078332840348593902 0.96672680974006664 0.8009229600429536 70.801959991455092 0.99067899584770214 -0.001151748525444418 0.9047992229461671 2.9991497993469243 0.99067899584770214 6.9994382858276376 0.96200314164161693 -0.1708688139915466 90.960163116455092 3.1511646056969771e-06 30.053763389587406 21.483516693115238 58.898942947387702 -0.029234856367111203 0.080883663147687926 -0.61291360855102528 1.9994091987609866 2.1229374408721928 0.001115475199185312 -0.90551245212554921 55.190372467041023 0.016710898838937286 16.500000000000004 -0.74151420593261708 6.6949117183685312
decision_type=2 2 2 2 2 2 2 2 2 2 2 2 2 2 2 2 2 2 2 2 2 2 2 2 2 2 2 2 2 2
left_child=1 13 3 4 -2 8 -4 17 18 11 12 -8 -5 -1 15 -15 -16 -6 21 -19 -10 24 27 -24 25 -3 -27 28 -23 -22
right_child=2 5 6 10 7 -7 9 -9 20 -11 -12 -13 -14 14 16 -17 -18 19 -20 -21 29 22 23 -25 -26 26 -28 -29 -30 -31
leaf_value=-0.05910410480497022 0.058016943002393066 -0.051848688622293138 -0.0057363210256421481 -0.014748570086742815 0.03655671168833996 -0.058300714085085178 0.055703665540172476 0.038687347412549873 -0.037858931639764185 0.062721970016672068 -0.033307266634276272 0.021263732592501361 0.015823251896607833 0.93035794735957311 0.62460122550143959 -0.028191615695120849 -0.058044406579175173 -0.052492856231166063 -0.01245471332234898 0.015080416534328593 0.0047564083383696588 -0.018143599188346626 0.036947767914098033 0.0070987406364396832 0.025769464850449609 -0.035615613472051132 0.45025841119267535 -0.037081553622184599 0.02155868250073634 -0.019754452591604122
leaf_weight=10243.461233609356 2803.8860803246498 5.8787380126304907 157.22890026122332 361.5820476654917 675.72800377756357 392.38078613486141 4833.1036142595112 2935.9807671792805 152.90837836218998 103913.82057838142 185.20976663101465 324.27714947611094 3427.029345641844 1.2929651862941711 0.16537339612841861 0.86402129288762797 25.92318994551897 57.803878903388977 317.87022352963686 2486.2947797365487 5672.6732810176909 363.03508664807305 896.36734120640904 630.63880548160523 1721.2491406765766 1.4376067039556799 4.8222300345078111 237.85262824688107 287.38303568353876 398.55088068731129
leaf_count=2368174 4257 704 469 1300 889 78473 8482 4749 11138 185349 710 483 5872 31 24 114 5662 158 2276 3821 34506 4729 2354 5341 7584 231 49 953 522 3633
internal_value=0.0461846 -0.0254231 0.0587022 0.0292403 0.0374431 0.00553183 0.0621905 0.0280642 0.00787991 0.0622884 0.0107408 0.0535428 0.0129024 -0.0588203 0.0426007 0.659087 -0.0308192 0.0183685 0.0158886 0.0135251 0.00213113 0.0180627 0.0117515 0.0246331 0.0268449 0.165774 0.349139 -0.0103959 -0.000595237 0.00314438
internal_weight=143517 21354.8 122162 12933.5 8959.69 11083 109228 6155.81 10690.7 109071 3973.82 5157.38 3788.61 10271.7 28.2455 2.15699 26.0886 3219.83 4466.53 2544.1 6224.13 4148.66 2415.28 1527.01 1733.39 12.1386 6.25984 888.271 650.418 6071.22
internal_count=2743037 2526498 216539 21756 13874 152493 194783 9617 74020 194314 7882 8965 7172 2374005 5831 145 5686 4868 24743 3979 49277 22467 13899 7695 8568 984 280 6204 5251 38139
is_linear=0
shrinkage=0.06


Tree=49
num_leaves=31
num_cat=0
split_feature=0 0 0 7 10 5 3 5 6 5 7 6 16 7 6 6 7 1 6 10 7 16 7 14 14 6 6 0 2 14
split_gain=34077.4 5633.44 3535.75 518.816 479.383 440.342 204.522 143.421 116.377 115.752 118.31 91.7099 79.2807 72.6117 70.0928 135.43 79.8365 61.903 63.5993 143.241 75.0632 84.3794 71.1457 91.2176 67.1419 67.0813 259.551 90.811 91.7096 89.2673
threshold=0.69954499602317821 0.00078332840348593902 0.96672680974006664 0.8009229600429536 0.35857143998146063 0.99067899584770214 1.5000000000000002 0.9047992229461671 2.9962232112884526 0.98860448598861705 0.96200314164161693 0.92558395862579357 57.384986877441413 3.609237909317017 1.9994091987609866 2.1229374408721928 0.001115475199185312 10.500000000000002 3.0116328001022343 0.2709790319204331 0.0057773799635469922 99.206348419189467 2.1401023864746098 6.5000000000000009 32.500000000000007 3.9971848726272587 4.1198303699493417 0.00090632398496381949 -0.99908414483070362 11.500000000000002
decision_type=2 2 2 2 2 2 2 2 2 2 2 2 2 2 2 2 2 2 2 2 2 2 2 2 2 2 2 2 2 2
left_child=1 -1 3 4 -2 8 9 12 11 10 -4 -3 -6 -5 -13 -16 -17 18 19 -10 25 -22 23 -23 -25 27 29 28 -20 -27
right_child=2 5 6 13 7 -7 -8 -9 17 -11 -12 14 -14 -15 15 16 -18 -19 20 -21 21 22 -24 24 -26 26 -28 -29 -30 -31
leaf_value=-0.058794906610785007 0.054165475405078545 -0.011543261038345768 0.054725929528729365 0.016141265832951539 0.036064149519744973 -0.060146477986654505 0.0056469129831923908 0.035808746283003207 0.020306797106642713 0.062496728508596368 0.011161489439387896 0.026904194808433441 0.011013910372756083 -0.00097062392829270322 -0.0079535731914833173 0.03437173508125644 0.0051340134997019107 -0.034244037488552773 -0.04498439540632667 -0.04081740464876589 -0.021156132571587598 0.050285516409133514 -0.01024704141211443 -0.0088660386339495297 0.055415485324471214 -0.014094021823021994 0.013291847486642873 0.019324978936002098 0.37170072368410356 -0.067757969311760841
leaf_weight=9687.1096953568049 3362.6586487255991 451.66832949593663 3915.2856503240764 2534.0572886774316 567.84478136152029 370.15852328808978 231.9101142399013 2461.4845408461988 226.71008269954473 98568.234305653721 238.67879696190357 1540.7055930267088 2278.3876550346613 1377.7938389685005 888.20207103947178 798.67112729232758 580.8205842319876 172.00016601569951 2.6910984590649605 349.90433301590383 745.07300984114408 213.74801428848878 605.61083153961226 343.21195729495957 69.473231308162212 260.04317471990362 1854.1667690696195 1227.2736227088608 4.1922058095224193 195.381187771447
leaf_count=2373809 5326 3841 7174 5111 753 78465 566 4141 1821 186104 403 6858 3600 2693 6217 2184 5209 8151 188 2095 12785 1381 3605 2892 157 1886 8714 4881 87 1028
internal_value=0.0456132 -0.0255044 0.0582854 0.0282577 0.0364409 0.00408528 0.0619548 0.0252035 0.0063488 0.0620819 0.0522261 0.0139998 0.0160225 0.0101156 0.0170313 0.0103147 0.0220741 0.00114862 0.00215244 -0.0167914 0.00413367 -0.00523112 0.00440881 0.0185713 0.00206319 0.00935844 0.00332082 0.0206454 0.223752 -0.0372144
internal_weight=136123 20586.8 115536 12582.2 8670.38 10899.7 102954 5307.72 10529.5 102722 4153.96 4260.07 2846.23 3911.85 3808.4 2267.69 1379.49 6269.48 6097.48 576.614 5520.87 1977.12 1232.04 626.433 412.685 3543.75 2309.59 1234.16 6.8833 455.424
internal_count=2742125 2526254 215871 21624 13820 152445 194247 8494 73980 193681 7577 24309 4353 7804 20468 13610 7393 49671 41520 3916 37604 20820 8035 4430 3049 16784 11628 5156 275 2914
is_linear=0
shrinkage=0.06


Tree=50
num_leaves=31
num_cat=0
split_feature=0 0 0 7 10 5 7 0 7 2 5 2 14 14 7 6 10 7 14 5 7 6 6 9 7 10 1 6 10 10
split_gain=32373.9 5307.32 3592.72 514.185 422.263 324.592 210.744 165.012 142.479 172.679 138.243 98.4435 94.3169 84.9517 84.565 82.2571 78.0585 107.268 77.8137 74.3584 72.2134 72.1361 119.672 70.2686 130.1 223.583 175.772 84.4783 81.7519 67.389
threshold=0.69954499602317821 0.0010639447718858721 0.96672680974006664 0.92747986316680919 0.2709790319204331 0.97129335999488842 0.96200314164161693 0.99740585684776317 6.921829117345625e-05 -0.99160954356193531 0.93470215797424328 -0.1708688139915466 20.500000000000004 8.5000000000000018 0.36193761229515081 0.080883663147687926 0.26491229236125952 0.0068542195949703464 2.5000000000000004 0.99522051215171825 0.55332806706428539 5.9973108768463144 6.0138678550720224 87.112743377685561 0.0014907147851772609 0.37797619402408605 8.5000000000000018 3.9916747808456425 0.3514705896377564 0.21583850681781772
decision_type=2 2 2 2 2 2 2 2 2 2 2 2 2 2 2 2 2 2 2 2 2 2 2 2 2 2 2 2 2 2
left_child=1 23 3 4 20 8 19 -8 12 -10 13 16 18 14 -6 -15 17 -11 -3 -4 -2 -17 -23 -1 25 26 27 28 29 -25
right_child=2 5 6 -5 10 -7 7 -9 9 11 -12 -13 -14 15 -16 21 -18 -19 -20 -21 -22 22 -24 24 -26 -27 -28 -29 -30 -31
leaf_value=-0.058798543960118403 0.057269168188946992 -7.5374728796410848e-05 0.056075268670005077 0.0077631315444051576 0.034671624443336914 -0.054075659020359518 0.0098519969998005393 0.060898982792157191 -0.031745471776261504 0.029885187243536733 0.040043926944307917 -0.034279207313749796 -0.0034517785927405823 -0.053497094556890265 -0.085535941477523983 0.017852019541178113 -0.0012975564352706256 0.0051227465350149257 0.027843202186596881 0.062451721738170415 0.030232894546218147 -0.16145725786329096 -0.0042428928316602657 -0.014302506523213243 -0.058982979012886586 -0.01768951328730442 -0.04407847710874873 -0.02777965741257327 0.18987074718503696 0.87364140867340523
leaf_weight=9214.4402578049339 2532.7311666160822 446.02280410658568 7215.5606351420283 3500.1910684937611 1227.4219992086291 338.49226585403085 502.18197718262672 417.20870850235224 533.36893468769267 857.34486620314419 1677.316032346338 236.70598554285243 650.75712355226278 62.88349050283432 20.512166135013103 2610.2732181809843 3419.2116297534667 2367.1543392972089 1849.3128228038549 89524.582538273185 418.02405202016234 18.715136989951134 150.93473239988089 0.30501449340954634 46.310659115668386 17.49937366694212 2.6876872745342553 0.79331715591251839 2.1123627931810915 2.2174304630607367
leaf_count=2381303 4288 1535 14313 7268 1773 67682 1040 812 24296 1994 2913 2186 2011 174 65 4074 13027 13421 3866 178838 660 83 282 39 11333 2733 589 75 46 109
internal_value=0.045091 -0.0251525 0.0578671 0.0271916 0.0349895 0.00365537 0.0617048 0.0330575 0.00554667 0.00111037 0.0255378 0.00366159 0.0167064 0.0195815 0.0326289 0.0138445 0.00501833 0.0117139 0.0224205 0.0619767 0.0534506 0.0153865 -0.0224307 -0.0583375 0.000727153 0.106839 0.347835 0.518556 0.600404 0.792692
internal_weight=129863 19984.7 109879 12219 8718.81 10698.4 97659.5 919.391 10359.9 7413.79 5768.06 6880.42 2946.09 4090.74 1247.93 2842.81 6643.71 3224.5 2295.34 96740.1 2950.76 2779.92 169.65 9286.37 71.9258 25.6152 8.11581 5.42812 4.63481 2.52244
internal_count=2742828 2526245 216583 21580 14312 130018 195003 1852 62336 54924 9364 30628 7412 6451 1838 4613 28442 15415 5401 193151 4948 4439 365 2396227 14924 3591 858 269 194 148
is_linear=0
shrinkage=0.06


Tree=51
num_leaves=31
num_cat=0
split_feature=0 0 7 5 5 7 0 5 14 5 0 16 6 6 2 10 7 10 7 17 9 14 10 7 2 2 16 7 6 14
split_gain=30317.4 7360.16 1338.37 523.674 332.643 305.803 223.095 204.091 133.613 134.419 183.308 137.066 120.751 162.024 112.619 112.111 99.0841 145.822 104.459 83.5875 82.6793 81.4775 100.841 112.373 81.264 81.1395 78.8128 83.413 78.4373 78.401
threshold=0.91612541675567638 0.00061020161956548702 0.94700521230697643 0.99350962042808544 0.98564207553863536 4.891775097348728e-05 0.99740585684776317 0.49479787051677709 11.500000000000002 0.41130582988262182 0.00078332840348593902 87.068004608154311 3.9971848726272587 4.0446970462799081 -0.98431745171546925 0.35857143998146063 1.8965213894844057 0.30217391252517706 0.63824188709259044 91.779277801513686 92.344322204589858 41.500000000000007 0.30901856720447546 0.0017394067253917458 -0.99883973598480214 -0.64716216921806324 87.068004608154311 3.609237909317017 5.9684484004974374 8.5000000000000018
decision_type=2 2 2 2 2 2 2 2 2 2 2 2 2 2 2 2 2 2 2 2 2 2 2 2 2 2 2 2 2 2
left_child=1 -1 4 5 15 8 -4 21 9 10 11 24 -10 -14 -9 -2 17 18 -16 -13 -18 22 23 -7 -3 -22 -25 29 -15 -28
right_child=2 3 6 -5 -6 7 -8 14 12 -11 -12 19 13 28 16 -17 20 -19 -20 -21 25 -23 -24 26 -26 -27 27 -29 -30 -31
leaf_value=-0.05891842854970078 0.057305116056955402 -0.047732230763895739 0.013017605052272946 -0.058379777628470249 0.062063719455415715 0.019949878630927925 0.060345308178771692 -0.059617480289019302 0.02030582525101416 0.045118691468512412 0.016984665744652541 0.96002262908376224 -0.10151334152816235 0.014525104551815628 0.043445906056467448 0.041446252938767761 0.00043211607839863098 0.0096090328632305044 0.016708269121637986 -0.015997839833656147 0.31809342861581774 0.046792379757296498 -0.013867528706520242 -0.022301690686637361 0.33704268805067705 0.0031783521619613148 0.032812341496371314 -0.026352130767303077 -0.063415807878227065 -0.010485276846545167
leaf_weight=8530.1462832977995 2778.7950000874698 3.6341359592042863 2498.4753014594316 401.25374356564134 88395.248118154705 943.07472925749607 417.84947959333658 76.76993714668788 1032.4392031640746 1455.8285025246441 1330.6959742065519 0.50493911048397411 69.466355234384537 242.27376541448757 1007.7381734321825 3847.2415043488145 1965.0203393450938 3587.0314519873355 1103.5524465714116 0.358956269454211 4.8616081881336868 112.26156164705753 2251.5397171520162 644.45910517894663 2.8355040564201763 5.9614024087786657 396.50782311265357 219.83163848891854 56.462607672438025 241.71447034925222
leaf_count=2350543 5138 424 4373 92858 187088 8623 867 13537 2025 2001 4075 8 338 530 1623 7500 7156 6712 5612 46 37 383 21053 11633 60 22 3451 1384 240 2709
internal_value=0.0446454 -0.0133733 0.059862 0.00927428 0.0610908 0.0108979 0.0198171 0.00621262 0.024923 0.0325037 0.0187546 0.299341 0.0097893 -0.0196741 0.0122367 0.0481047 0.0129632 0.0169771 0.0294849 0.763474 0.00138413 -0.00349643 -0.00470804 0.0037269 0.143451 0.159576 -0.00646219 0.00544651 -0.000368527 0.0164234
internal_weight=123624 25686.2 97937.6 17156.1 95021.3 16754.8 2916.32 12560.3 4194.5 2793.86 1338.03 7.33354 1400.64 368.203 7750.94 6626.04 7674.17 5698.32 2111.29 0.863895 1975.84 4809.39 4697.13 2445.59 6.46964 10.823 1502.51 858.054 298.736 638.222
internal_count=2742049 2537083 204966 186540 199726 93682 5240 83935 9747 6614 4613 538 3133 1108 34699 12638 21162 13947 7235 54 7215 49236 48853 27800 484 59 19177 7544 770 6160
is_linear=0
shrinkage=0.06


Tree=52
num_leaves=31
num_cat=0
split_feature=0 0 7 5 4 0 5 7 4 0 7 10 14 7 10 7 10 2 17 6 5 16 9 14 6 4 6 6 6 0
split_gain=28950.1 6974.96 1408.58 331.141 321.612 265.082 234.518 198.64 130.806 138.615 124.854 122.961 108.117 103.456 111.276 120.227 97.7157 267.758 151.842 153.846 84.1688 82.8551 74.4456 106.528 74.0239 77.852 68.8226 68.784 72.7869 79.5606
threshold=0.91612541675567638 0.00156373274512589 0.90090259909629833 0.98564207553863536 -0.68011146783828724 0.99740585684776317 0.57806041836738598 1.3113437489664649e-05 -1.0000000180025095e-35 0.00010520932846702637 1.3113437489664649e-05 0.35857143998146063 11.500000000000002 1.8965213894844057 0.30901856720447546 0.72611209750175487 0.2788888961076737 -0.99962589144706715 45.222154617309577 3.0095150470733647 0.95523107051849376 25.265957832336429 71.707641601562514 3.5000000000000004 2.0058524608612065 -0.22878473997116086 3.9160612821578984 1.8956952691078188 1.1177777647972109 0.00078332840348593902
decision_type=2 2 2 2 2 2 2 2 2 2 2 2 2 2 2 2 2 2 2 2 2 2 2 2 2 2 2 2 2 2
left_child=1 8 3 11 -3 26 22 12 -1 -10 16 -2 -8 14 15 -9 27 18 19 -18 -13 -21 23 -6 -25 -26 -4 28 -11 -30
right_child=2 4 5 -5 6 -7 7 13 9 10 -12 20 -14 -15 -16 -17 17 -19 -20 21 -22 -23 -24 24 25 -27 -28 -29 29 -31
leaf_value=-0.059641030023594659 0.057816461978146515 -0.046747918727556147 0.021231422459732377 0.061906431394829237 -0.0026296262564193735 0.060285306895073366 0.049628638582725426 0.043998787906882914 -0.059978518946386859 -0.048686113903075603 -0.019137388009513968 0.02792771003374811 0.012489897104353864 0.0011113132534834431 0.011333848833432643 0.013831363439106211 -0.024657519438273937 0.074081723485403303 -0.031330149916564506 -0.013019984232981688 0.047053346500484886 1.0329127641314904 -0.0018321423850480817 0.042984030960055049 -0.072537670762128609 0.016035097004113135 0.001637632352889385 -0.058928235392553471 0.52067501712519237 -0.038239352566738882
leaf_weight=7908.9005943955854 2509.3513042666018 358.70565851195715 1360.3261166289449 83208.277389615774 1225.8739147959277 484.0287470780313 941.52390851452947 973.66428589634597 254.81110790511593 2.9244206282310214 210.09783768095076 1258.606669280678 403.97554112225771 1841.6663823276758 3604.5264510908164 931.37584671098739 0.69012140342966066 25.446603960357606 1.0800829760264603 0.27523116720840368 2457.3752412684262 1.7543334725778548 4665.8963096002117 407.00864497572184 35.942748027388006 1103.4807171598077 1227.3918773345649 19.640927912201732 1.6279387476388367 1.2112647481262682
leaf_count=2306324 4928 60364 2100 186457 8196 1066 1363 1770 72254 264 34903 2469 651 5524 7751 3215 142 852 245 63 5029 224 23619 1149 790 5203 2482 2572 64 16
internal_value=0.0440716 -0.0133241 0.0595347 0.0609069 0.00936687 0.0195768 0.0106172 0.0173064 -0.0577238 -0.0284808 0.00194633 0.0475388 0.0384956 0.0134235 0.017538 0.0292649 0.0818872 0.154754 0.567015 0.749178 0.0405847 0.933594 0.00279491 0.0105803 0.0210468 0.0131799 0.011942 -0.00468304 0.161552 0.334378
internal_weight=117427 24922.1 92505.4 89433.6 16493.6 3071.75 16134.9 8696.73 8428.46 519.56 264.749 6225.33 1345.5 7351.23 5509.57 1905.04 54.6509 29.2464 3.79977 2.71969 3715.98 2.02956 7438.2 2772.31 1546.43 1139.42 2587.72 25.4046 5.76362 2.8392
internal_count=2742049 2537518 204531 198883 119595 5648 59231 20274 2417923 111599 39345 12426 2014 18260 12736 4985 4442 1526 674 429 7498 287 38957 15338 7142 5993 4582 2916 344 80
is_linear=0
shrinkage=0.06


Tree=53
num_leaves=31
num_cat=0
split_feature=0 0 7 5 5 0 0 7 10 6 6 5 6 14 5 6 14 2 5 0 10 16 7 7 3 0 7 8 1 6
split_gain=27298 6545.22 1397.36 393.982 384.596 211.333 190.658 158.484 117.281 113.386 100.508 84.1532 82.6293 115.237 81.5642 79.246 73.9945 73.9631 66.6038 61.3744 71.2757 127.031 131.022 133.759 59.7229 114.802 193.997 121.903 108.326 137.713
threshold=0.91612541675567638 0.00078332840348593902 0.94700521230697643 0.99350962042808544 0.98564207553863536 0.99740585684776317 0.69954499602317821 1.3113437489664649e-05 0.43167701363563543 4.9985370635986337 2.9962232112884526 0.9047992229461671 3.0116328001022343 7.5000000000000009 0.95523107051849376 0.92558395862579357 23.500000000000004 -0.97785523533821095 0.99783298373222362 0.00090632398496381949 0.18834459781646731 52.506265640258796 0.00091289237025193881 0.0034913362469524149 1.5000000000000002 0.00010520932846702637 1.3113437489664649e-05 30.053763389587406 15.500000000000002 3.0116328001022343
decision_type=2 2 2 2 2 2 2 2 2 2 2 2 2 2 2 2 2 2 2 2 2 2 2 2 2 2 2 2 2 2
left_child=1 24 4 6 8 18 10 16 -2 -9 15 12 13 -12 -10 -3 -8 19 -4 20 -14 -22 -23 -24 25 -1 27 -27 -29 -30
right_child=2 3 5 -5 -6 -7 7 9 14 -11 11 -13 17 -15 -16 -17 -18 -19 -20 -21 21 22 23 -25 -26 26 -28 28 29 -31
leaf_value=-0.059951733822649698 0.054566639899416354 -0.012095209755122859 0.012792738082927638 -0.057847911030820723 0.061724112719069829 0.059750714612995415 0.04472241420381274 0.018212038827308496 0.023895901539975884 -0.0048208991043560395 0.0062691116052841162 -0.034836771412816894 -0.054671097114698634 -0.048407005963033732 0.04465432904497111 0.014855778375831116 -0.010998133236031061 0.0067114973771951166 -0.065633999868347337 -0.015412057117152113 0.0069581351369612122 -0.042270238104647646 0.64993897180835392 -0.03348765568878944 -0.059579593481316445 0.32285328951751935 -0.026788060392750654 -0.013673489426582228 0.66696688069766619 -0.037982745627837426
leaf_weight=240.14330379385501 2987.9603689946234 437.81736987037584 2440.2280998118222 314.94820955698378 78782.145713329315 376.36504853889346 939.83551610261202 4062.2418605424464 1016.1148602925241 948.70482603833079 281.73848353838548 238.67388519831002 9.1084517044946569 272.07997582806274 2094.4683493971825 3759.5345120539423 94.018715538084507 4564.3575973836705 38.637758627533913 827.02120405249298 10.133534733206035 2.1920456406660369 3.2290504551492631 1.2385730054229496 7297.5753914450761 8.6620459826663154 111.07146714953706 15.574739026371391 1.1102206523064517 1.7002771776169536
leaf_count=72284 6069 3916 3831 78314 186979 873 1460 6657 2089 1909 2029 9644 1127 1336 4529 20695 182 13152 573 22116 730 125 79 162 2267886 561 29018 2791 113 407
internal_value=0.0435885 -0.0124869 0.0592108 0.00852109 0.0605996 0.0179174 0.00979507 0.0182694 0.0460648 0.0138512 0.00487164 2.35891e-05 0.00142261 -0.020631 0.0378832 0.0120424 0.0396495 0.00368058 0.0115443 -0.012528 0.0767076 0.147034 0.331441 0.488999 -0.0583714 -0.0349665 0.00859334 0.149664 0.0556222 0.342444
internal_weight=112179 24442.7 87735.9 16766.9 84880.7 2855.23 16451.9 6044.8 6098.54 5010.95 10407.1 6209.77 5971.1 553.818 3110.58 4197.35 1033.85 5417.28 2478.87 852.923 25.9017 16.7932 6.65967 4.46762 7675.84 378.262 138.119 27.0473 18.3852 2.8105
internal_count=2741636 2536693 204943 163633 199666 5277 85319 10208 12687 8566 75111 50500 40856 3365 6618 24611 1642 37491 4404 24339 2223 1096 366 241 2373060 105174 32890 3872 3311 520
is_linear=0
shrinkage=0.06


Tree=54
num_leaves=31
num_cat=0
split_feature=0 0 7 5 5 0 5 7 14 0 14 6 14 7 9 16 16 6 6 6 6 2 6 7 17 8 5 7 2 14
split_gain=25563.5 6389.32 1490.94 389.224 374.696 221.106 204.144 176.899 105.28 97.6919 93.9707 80.8465 80.314 79.9586 154.021 89.6969 86.1169 93.3836 107.488 78.1618 75.651 73.4469 68.4198 68.4771 88.5185 94.8896 67.9371 67.8801 62.688 64.7534
threshold=0.91612541675567638 0.00078332840348593902 0.94700521230697643 0.98564207553863536 0.99350962042808544 0.99740585684776317 0.57806041836738598 1.3113437489664649e-05 13.500000000000002 0.016710898838937286 11.500000000000002 6.6949117183685312 2.5000000000000004 2.1401023864746098 52.342720031738288 70.429252624511733 28.869047164916996 1.9994091987609866 1.0100094676017763 3.9160612821578984 2.0094648599624638 -0.016607834957540032 2.9991497993469243 0.0012847755569964649 89.827587127685561 50.820554733276374 0.95523107051849376 0.72611209750175487 -0.1708688139915466 6.5000000000000009
decision_type=2 2 2 2 2 2 2 2 2 2 2 2 2 2 2 2 2 2 2 2 2 2 2 2 2 2 2 2 2 2
left_child=1 -1 3 8 6 19 12 10 -2 -9 -8 21 27 14 15 -14 -16 18 -18 -4 -19 28 23 -22 -25 -26 -10 -3 29 -11
right_child=2 4 5 -5 -6 -7 7 9 26 11 -12 -13 13 -15 16 -17 17 20 -20 -21 22 -23 -24 24 25 -27 -28 -29 -30 -31
leaf_value=-0.058548032518994694 0.051119502339079359 -0.0099143922582560218 0.019265077296815366 0.061549829629256779 -0.05768456416004792 0.059330513120639541 0.048197084322427336 -0.059465831135729119 0.01895571440809465 0.021404095650653526 0.012964593153907373 -0.013957738730706893 -0.023703742263082708 -0.023958469075943095 0.029701543783148258 0.039099142842898574 -0.0048079014066844394 -0.035822434747233775 0.033733238961522603 -0.0023853510051849141 0.023309282751711048 -0.016733314074202688 -0.0053206824217214089 -0.063668319300049042 0.22440570244464078 0.0021869524264421952 0.042413985576011073 -0.10711711999143968 0.022747050782081984 0.0051915459944350401
leaf_weight=7236.1088932512794 3909.3260154761374 1026.7012564386241 1264.575017940253 74454.302042491734 297.65038155694492 360.47033123672009 868.69610391184688 65.60273531707935 697.94907208159566 1394.3420764585026 398.25677315145731 365.01915751071647 92.099406491033733 315.9492447595112 413.86397930467501 695.6375003028661 457.2010613004677 234.80024768272415 603.83296801196411 1141.5736856590956 676.50482677295804 252.73478578031063 2924.4010806018487 82.920425962656736 6.2233273000456384 163.99834408098832 1235.5144015774131 25.548270465806127 2942.4483509580605 2436.3058012104593
leaf_count=2372869 8295 9876 1992 187168 78325 880 1357 12203 1530 6206 641 1402 1547 1966 2459 5264 2483 1283 2122 2406 2075 788 20275 1581 37 738 2827 192 4754 6235
internal_value=0.0431333 -0.0114417 0.0588866 0.0603788 0.00892202 0.0155737 0.0101312 0.0164197 0.045448 0.0128943 0.037141 0.0135446 0.00302377 0.00545532 0.00692202 0.0317357 0.00340373 0.00128498 0.0171369 0.00899652 -0.00283169 0.0149752 -0.000813025 0.0133572 -0.013226 0.0115745 0.0339601 -0.0123739 0.0161607 0.0110969
internal_weight=107041 23976.8 83063.7 80297.1 16740.7 2766.62 16443.1 8723.41 5842.79 7456.45 1266.95 7390.85 7719.68 6667.43 6351.48 787.737 5563.75 5149.88 1061.03 2406.15 4088.85 7025.83 3854.05 929.647 253.142 170.222 1933.46 1052.25 6773.1 3830.65
internal_count=2741776 2536678 205098 199820 163809 5278 85484 33586 12652 31588 1998 19385 51898 41830 39864 6811 33053 30594 4605 4398 25989 17983 24706 4431 2356 775 4357 10068 17195 12441
is_linear=0
shrinkage=0.06


Tree=55
num_leaves=31
num_cat=0
split_feature=0 0 7 5 5 0 7 9 14 5 5 2 6 6 2 5 16 14 2 5 10 6 9 8 7 16 14 8 8 7
split_gain=24755.1 5748.28 1435.54 388.566 383.889 238.608 181.671 134.146 130.141 130.646 137.177 113.248 91.8662 139.366 101.259 89.8555 86.1652 89.2275 76.0043 72.2785 67.7456 65.1099 62.8559 120.083 70.5858 60.8202 59.9802 86.9554 106.894 58.0732
threshold=0.91612541675567638 0.00061020161956548702 0.90090259909629833 0.99350962042808544 0.98564207553863536 0.99740585684776317 5.27071169926785e-05 73.931308746337905 9.5000000000000018 0.41130582988262182 0.0011921658297069373 -0.99481073021888722 0.97775015234947216 1.9994091987609866 -0.10720207542181014 0.94936829805374157 79.622642517089858 3.5000000000000004 -0.99893328547477711 0.97129335999488842 0.061553031206130988 8.1038098335266131 90.960163116455092 30.053763389587406 0.00091289237025193881 99.206348419189467 34.500000000000007 86.240703582763686 86.70682525634767 1.2667800188064577
decision_type=2 2 2 2 2 2 2 2 2 2 2 2 2 2 2 2 2 2 2 2 2 2 2 2 2 2 2 2 2 2
left_child=1 22 4 6 7 -4 8 -2 9 10 16 26 19 -14 21 -9 18 -18 -3 -13 -12 -15 -1 24 -24 -21 -8 -28 -29 -16
right_child=2 3 5 -5 -6 -7 11 15 -10 -11 20 12 13 14 29 -17 17 -19 -20 25 -22 -23 23 -25 -26 -27 27 28 -30 -31
leaf_value=-0.05874255149921296 0.058131627936217289 -0.018881272333080821 0.010368956015352617 -0.057853880583866209 0.06141354975398465 0.059451489668226914 -0.027669349314841534 0.022879026079580814 0.0054601628635430801 0.042031499265364529 -0.027430366493414311 -0.02083657178151084 0.023830069479999359 0.0027500276556597742 0.03220526410178335 0.04401844117827719 0.47645033950424814 -0.037334092144933724 0.14224865180611496 -0.046845683255365027 0.015905979028464485 -0.044989029589497825 0.35709386876547339 -0.056068109256424144 -0.040358625143523542 0.33145780796894231 -0.049148138315748907 0.60185318170471158 -0.036580746658032515 0.0059389832327192919
leaf_weight=6736.8972541440744 1831.2324757948518 16.561323079047725 2507.532971682027 322.66427242197096 70105.489671647549 414.808778449893 436.28697957494296 1004.5566503219306 1472.9612088967115 1218.5983597077429 146.07069047354162 520.09412109060213 1557.2552138576284 8372.3287035694811 684.59402270242572 2625.0958690606058 3.2169413210358462 1.5180001645348964 26.99458421790041 2.1652057867031536 1113.379386917688 103.13052618526854 4.3353517230134484 13.556978040840475 2.0353550885338336 2.8740087074693292 3.7035205690190187 1.3145490894094112 1.4123144820332525 544.0252742767334
leaf_count=2345669 4142 776 4541 92700 186654 1076 36425 2177 3411 1895 475 4221 4814 34795 1099 6066 76 83 315 203 2981 731 178 4296 673 92 129 10 42 917
internal_value=0.0424998 -0.0117959 0.0586234 0.0072429 0.0602191 0.0173539 0.00854067 0.0448771 0.0196401 0.0279022 0.014714 0.00490951 0.00602929 0.00717366 0.00449855 0.0381757 0.112917 0.333945 0.0819333 -0.0184782 0.0108621 0.00216389 -0.0584263 0.0461846 0.241865 0.18807 -0.0248488 0.144489 0.3501 0.020589
internal_weight=101797 23308 78488.7 16551.1 75566.4 2922.34 16228.5 5460.88 3999.3 2526.34 1307.74 12229.2 11786.5 11261.3 9704.08 3629.65 48.2908 4.73494 43.5559 525.133 1259.45 8475.46 6756.82 19.9277 6.37071 5.03921 442.717 6.43038 2.72686 1228.62
internal_count=2741662 2537006 204656 186190 199039 5617 93490 12385 10012 6601 4706 83478 46872 42356 37542 8243 1250 159 1091 4516 3456 35526 2350816 5147 851 295 36606 181 52 2016
is_linear=0
shrinkage=0.06


Tree=56
num_leaves=31
num_cat=0
split_feature=0 0 7 0 4 0 7 14 0 1 10 0 6 6 2 10 0 16 6 6 6 6 6 7 10 6 17 4 6 14
split_gain=23271.8 5614.01 1551.15 385.933 358.378 245.443 165.032 114.732 134.409 110.389 99.1102 139.388 93.4488 98.8835 126.522 72.9312 73.653 78.3286 71.2702 100.913 69.2836 105.792 79.3935 68.9438 229.811 83.4078 77.7047 85.4277 84.163 66.9471
threshold=0.91612541675567638 0.00061020161956548702 0.90090259909629833 0.99218881130218517 -0.92279571294784535 0.99740585684776317 5.27071169926785e-05 10.500000000000002 0.34205599129199987 7.5000000000000009 0.35857143998146063 0.96672680974006664 0.080883663147687926 1.9994091987609866 -0.91912096738815297 0.061553031206130988 0.0012689431314356627 79.622642517089858 3.9971848726272587 4.0041313171386728 4.9957077503204355 5.0073704719543466 5.9503896236419687 0.14056493341922763 0.16904762387275699 2.041260957717896 87.652439117431655 -0.090820938348770128 5.0029244422912607 12.500000000000002
decision_type=2 2 2 2 2 2 2 2 2 2 2 2 2 2 2 2 2 2 2 2 2 2 2 2 2 2 2 2 2 2
left_child=1 -1 3 10 -3 -4 7 8 15 12 -2 -12 -8 -14 -15 -6 17 -17 -9 -20 -21 -22 -23 24 -16 29 27 -25 -29 -26
right_child=2 4 5 -5 6 -7 9 18 -10 -11 11 -13 13 14 23 16 -18 -19 19 20 21 22 -24 26 25 -27 -28 28 -30 -31
leaf_value=-0.058664266087767425 0.056444815507478055 -0.057546591586771362 0.008269843786091002 0.06144052103995138 -0.027570771378907424 0.059086419827200372 -0.031896519598432191 0.013746513960574008 0.040116661166127922 -0.015364325064940261 0.027315175392913383 0.0493296451240696 0.020175638734863388 -0.012580376096779256 0.045723815866354933 0.058179741990614577 0.01448211959167745 0.28233778331000409 -0.086233096252573388 0.026640959695192885 -0.13027194187831725 0.035197626171512481 -0.05474332592593515 -6.2100097163338388e-05 0.011424090104646505 0.0097884461561323095 0.0042893957056292968 -0.038173290110365438 -0.15470101225216348 -0.041594971756788134
leaf_weight=6376.2515822814312 2296.856760378927 297.80156677705236 2501.1912721451372 64758.050193727016 142.25252442387864 395.49332501552999 218.54504694300704 1049.8982376698405 1332.6652005203068 863.54498721309938 1666.7711780890822 2754.0245072133839 1881.4875451999251 1259.4659615722485 642.49582288041711 45.827600012067705 1062.5229560174048 5.5693204598501316 61.505384997464716 150.62733517680317 29.550057651475072 74.456951105967164 65.465889160055667 203.93154365755618 141.89343574270606 3920.0373603468761 2777.7752753014211 125.05530487932265 26.495093170553446 214.28236002475023
leaf_count=2351420 5582 94606 4583 182642 641 1085 2024 2188 2113 24032 3632 7341 8476 23718 942 1077 2891 108 287 278 181 121 271 4004 251 7467 9816 347 130 580
internal_value=0.0419715 -0.0108176 0.058275 0.0600194 0.00757087 0.015226 0.00876437 0.0193137 0.0268487 0.00530793 0.0463131 0.0410376 0.00687348 0.00763325 0.00509702 0.0127522 0.0179217 0.0873942 0.0056776 -0.0165 -0.00287442 -0.02911 -0.00697302 0.00786329 0.0122938 0.00726142 0.000906459 -0.0254661 -0.059426 -0.0205004
internal_weight=97341.8 22969.4 74372.4 71475.7 16593.2 2896.68 16295.4 4020.34 2588.84 12275 6717.65 4420.8 11411.5 11192.9 9311.43 1256.17 1113.92 51.3969 1431.5 381.606 320.1 169.473 139.923 8051.97 4918.71 4276.21 3133.26 355.482 151.55 356.176
internal_count=2742834 2537969 204865 199197 186549 5668 91943 10156 6830 81787 16555 10973 57755 55731 47255 4717 4076 1185 3326 1138 851 573 392 23537 9240 8298 14297 4481 477 831
is_linear=0
shrinkage=0.06


Tree=57
num_leaves=31
num_cat=0
split_feature=0 0 5 7 5 3 0 9 7 6 6 14 6 6 6 6 1 8 7 7 2 14 14 0 9 8 9 6 7 7
split_gain=22376.7 5206.8 1465.25 417.746 320.417 253.517 173.131 162.265 113.112 83.7878 134.795 116.291 87.8154 74.8245 69.1209 66.2494 62.3095 66.7611 71.2488 61.4065 61.1976 59.3098 56.0637 56.0225 54.6432 90.0296 54.2295 54.2217 53.4648 66.2391
threshold=0.91612541675567638 0.00078332840348593902 0.98173660039901745 0.90090259909629833 0.99350962042808544 1.5000000000000002 0.69954499602317821 72.240142822265639 1.3113437489664649e-05 3.9949316978454594 4.093024969100953 11.500000000000002 4.9985370635986337 5.0009615421295175 0.79617789387702953 5.987056016921998 6.5000000000000009 95.538970947265639 0.0098283044062554854 0.00027142972976434981 -0.044832766056060784 23.500000000000004 12.500000000000002 0.99740585684776317 90.960163116455092 30.053763389587406 92.344322204589858 0.57425999641418468 0.0044254653621464976 0.0039138230495154866
decision_type=2 2 2 2 2 2 2 2 2 2 2 2 2 2 2 2 2 2 2 2 2 2 2 2 2 2 2 2 2 2
left_child=1 24 3 7 6 23 9 -2 21 16 11 26 19 -14 22 -10 17 -3 -19 -12 -16 -8 -9 -4 -1 -26 -11 -5 29 -15
right_child=2 4 5 27 -6 -7 8 14 15 10 12 -13 13 28 20 -17 -18 18 -20 -21 -22 -23 -24 -25 25 -27 -28 -29 -30 -31
leaf_value=-0.058570615597532155 0.058264302756887071 0.0063568650020822343 0.055213630159889997 -0.066704861083308697 -0.060068912358990145 -0.051699887214186994 0.040455907820883284 0.020152499885823804 0.014710424152402401 -0.001043455370012315 0.031735120617267965 -0.064976451649138331 -0.067069988780041792 0.0018902905807221791 0.02470748016396954 -0.0095788139945570186 -0.026149922378455204 0.054537867437873179 0.010763119702375562 0.0034527496782871922 0.042623063760745282 -0.0090842228070792466 -0.086664773505777531 0.061552706131951407 0.18347867670853202 -0.056254410049437334 -0.062150886379334545 0.012461160012841024 -0.016801859941505289 0.10402511129402474
leaf_weight=6065.7474349695258 1543.4278837405145 5791.4814633487258 5606.3717494178563 30.584806025028229 252.8059530260507 71.238630156964064 834.92106498777866 42.442775271832943 4418.0983771756291 340.17652876139618 435.62162944488227 216.29331531305797 70.851219522301108 1018.5758177866228 1125.7223489768803 444.28085432201624 194.15816439012997 220.25740195298567 340.48219220363535 753.74839798687026 1781.599449403584 96.737912219017744 28.977885246276855 57804.510061860085 8.0176780282054114 14.195127427810801 60.783820433309302 2352.2053811997175 751.87088805786334 22.38566550752148
leaf_count=2368840 3872 31859 16705 87 78145 661 1472 107 7591 4288 1399 1226 569 6511 2525 925 8636 490 1158 7481 4372 186 117 172510 1021 4849 470 3701 10839 162
internal_value=0.0414024 -0.0108985 0.0580106 0.0317548 0.00682008 0.0608659 0.00787993 0.042466 0.0161641 0.00318072 -0.00407522 -0.0296236 0.00109805 -0.00702999 0.0342633 0.0124896 0.00724885 0.00827365 0.0280242 0.0138295 0.035697 0.0353077 -0.0237853 0.0609931 -0.0582256 0.0344533 -0.0104386 0.0114175 -0.00462119 0.00418441
internal_weight=92738.6 22351.5 70387.1 6904.96 16263.5 63482.1 16010.7 4522.17 5794.04 10216.7 3670.31 617.254 3053.05 1863.68 2978.74 4862.38 6546.38 6352.22 560.74 1189.37 2907.32 931.659 71.4207 63410.9 6087.96 22.2128 400.96 2382.79 1792.83 1040.96
internal_count=2742774 2538117 204657 14781 163407 189876 85262 10993 10174 75088 32945 5984 26961 18081 7121 8516 42143 33507 1648 8880 6897 1658 224 189215 2374710 5870 4758 3788 17512 6673
is_linear=0
shrinkage=0.06


Tree=58
num_leaves=31
num_cat=0
split_feature=0 0 5 7 5 4 14 6 5 7 14 5 6 7 8 8 2 7 6 7 7 16 5 7 16 8 14 8 5 5
split_gain=21111.7 4889.57 1552.33 380.314 344.545 182.53 149.177 126.05 131.027 154.374 177.534 85.1474 81.3734 69.1623 59.6685 56.4648 56.0793 55.4974 51.3902 48.5639 53.0594 52.6186 46.5333 45.651 103.126 66.1374 62.221 53.8472 51.4785 74.6783
threshold=0.91612541675567638 0.00061020161956548702 0.97644221782684337 0.90090259909629833 0.99350962042808544 -4.9966636197495964e-06 13.500000000000002 6.6949117183685312 0.49479787051677709 0.8590485453605653 10.500000000000002 0.99641242623329174 0.33056092262268072 0.0012847755569964649 95.80399322509767 84.660633087158217 -0.97785523533821095 3.1511646056969771e-06 0.080883663147687926 0.0044254653621464976 0.0025101304054260258 45.773809432983406 0.99809545278549205 0.0011997189139947297 87.068004608154311 43.353412628173835 11.500000000000002 95.101959228515639 0.007256704382598401 0.012415881268680097
decision_type=2 2 2 2 2 2 2 2 2 2 2 2 2 2 2 2 2 2 2 2 2 2 2 2 2 2 2 2 2 2
left_child=1 -1 3 6 7 22 15 8 23 10 17 -7 13 -8 -5 -2 -11 -10 -12 20 -9 -22 -4 26 25 -25 27 -3 -26 -30
right_child=2 4 5 14 -6 11 12 19 9 16 18 -13 -14 -15 -16 -17 -18 -19 -20 -21 21 -23 -24 24 28 -27 -28 -29 29 -31
leaf_value=-0.058204111794725823 0.038798001644188111 0.0098396767885350189 0.011712184742626681 -0.00419410479682356 -0.060059798126049287 0.052913971232683189 -0.16449127939751301 -0.0093956191150184106 0.045317285107529193 -0.059254299224961844 -0.035504862276463947 0.061356449086949913 0.02546648400878743 0.026903000438857572 0.016325476041854182 0.056745524003937148 0.0028611807635462948 0.025338814498942184 0.010904808988613493 -0.033903744473656336 0.19639068209291785 0.023304949228370501 -0.069831583974225744 0.0045535258021747503 -0.062948643992681477 -0.027554285400526846 -0.0039548740800009943 0.055181105546108972 0.09537477135579582 0.0069014507025364144
leaf_weight=5677.0622400064021 1165.9075314383954 2542.9577341105323 71.613414973020554 763.5046672411263 274.26260198955424 4720.8897386901081 14.23429022729397 286.36719112074934 667.85829076170921 52.362716496456414 87.211416404228657 55609.675138898194 1197.6032944433391 11.830549351871012 1534.4184754565358 1408.5484765451401 2690.384699117858 2025.0799434327055 3334.1746281611267 337.81446453812532 7.8788774912245598 23.134458234300837 37.676345229148865 330.31673715100624 35.376813620794564 764.82398173562251 1446.0449567185715 96.991169206099585 34.396992264548317 1168.6483057392761
leaf_count=2351854 2798 16564 122 1394 92892 14532 73 1782 1208 11218 256 175936 2968 22 2334 3665 11264 5753 5720 3928 59 209 569 7229 1800 12930 6201 456 477 6576
internal_value=0.040832 -0.0102902 0.0576456 0.0287816 0.00649677 0.0605563 0.0404364 0.00764622 0.0087518 0.0134821 0.0187867 0.0606967 0.0231601 -0.0798352 0.00950881 0.0486358 0.00165415 0.0303085 0.00971179 -0.0181057 -0.00123692 0.0720381 -0.0167773 0.00222433 -0.00446966 -0.0178746 0.0060475 0.0115258 0.00738923 0.00950816
internal_weight=88419.1 21883.1 66535.9 6096.05 16206.1 60439.9 3798.12 15931.8 15276.6 8857.07 6114.32 60330.6 1223.67 26.0648 2297.92 2574.46 2742.75 2692.94 3421.39 655.195 317.381 31.0133 109.29 6419.56 2333.56 1095.14 4085.99 2639.95 1238.42 1203.05
internal_count=2742789 2538376 204413 13254 186522 191159 9526 93630 87652 35419 12937 190468 3063 95 3728 6463 22482 6961 5976 5978 2050 268 691 52233 29012 20159 23221 17020 8853 7053
is_linear=0
shrinkage=0.06


Tree=59
num_leaves=31
num_cat=0
split_feature=0 0 0 7 9 7 4 0 14 0 8 9 8 6 1 6 6 3 4 6 6 14 10 10 0 6 6 7 14 14
split_gain=20560.2 5479.68 405.079 323.546 467.549 269.348 241.767 128.295 121.275 112.919 96.6407 94.3584 97.4827 88.907 98.7524 84.0827 92.9711 80.9443 80.3398 75.1939 56.8283 56.9256 55.2886 67.5024 55.244 54.7702 84.9198 73.71 72.8914 56.7668
threshold=0.96672680974006664 0.0006905351474415512 0.69954499602317821 0.55332806706428539 62.871870040893562 0.96200314164161693 -0.93738839030265797 0.99890872836112987 7.5000000000000009 0.99218881130218517 92.031745910644545 90.960163116455092 30.053763389587406 0.080883663147687926 4.5000000000000009 1.9994091987609866 1.1177777647972109 6.5000000000000009 -0.74363002181053151 8.1038098335266131 2.0094648599624638 16.500000000000004 0.061553031206130988 0.13423423469066623 0.0089481566101312655 2.9991497993469243 3.0063680410385136 0.001115475199185312 8.5000000000000018 2.5000000000000004
decision_type=2 2 2 2 2 2 2 2 2 2 2 2 2 2 2 2 2 2 2 2 2 2 2 2 2 2 2 2 2 2
left_child=1 11 6 4 -4 9 -3 -7 -6 -2 19 -1 -13 -10 -15 16 -8 -12 -18 -5 21 24 -20 -24 -17 27 28 29 -27 -22
right_child=5 2 3 10 8 7 15 -9 13 -11 17 12 -14 14 -16 20 18 -19 22 -21 25 -23 23 -25 -26 26 -28 -29 -30 -31
leaf_value=-0.058478818269637599 0.049430904779768303 -0.059904814741270594 0.056033795050654943 -0.004611547420602889 0.032885457592460664 0.0056753462387267124 0.0020692202730579062 0.060022116415889205 -0.046364112530042176 0.061038442124914591 0.014825039812124191 0.18583169145642378 -0.05544603468121001 0.021229712649326458 0.00056178124691028564 -0.072612406184793171 0.14451914689312204 -0.067203370907313167 -0.0046749930343877363 -0.10835386853755942 -0.020098368175792927 -0.048169507367677118 0.074768685197713056 0.024674201320180333 0.0063041514800649548 -0.0030479863914835673 0.000663174624047678 -0.0031750897537493623 -0.054055412498018353 0.026025021771921061
leaf_weight=5367.779748946894 3223.2751847151667 224.02312089106999 1486.8301239684224 1678.5015207380056 1378.5827965885401 483.59216547384858 1061.6770902464632 230.27623620256782 90.677475553005934 54495.859780844301 2041.8283885717392 10.707386979600416 11.706884999061002 2222.3632903210819 1330.2539969980717 35.695677913492545 19.943703823024407 43.271777249872684 175.45903284987435 24.538084303028882 106.51040068408474 166.30088012875058 115.2858827568125 593.7603022903204 245.23590652574785 207.89321441249922 5615.7886773520149 786.61066533206031 195.12934666965157 920.17610985902138
leaf_count=2356895 9782 84910 3713 4223 2655 1110 7140 734 248 182851 3570 944 4554 4185 2781 1189 606 139 811 191 706 705 470 2284 800 1703 50122 8246 1047 2762
internal_value=0.0401472 -0.00406528 0.0099267 0.018376 0.026489 0.0599379 0.00161577 0.0232657 0.0177322 0.0603911 0.00443308 -0.0579628 0.0628274 0.011991 0.0134931 0.00296667 0.0141173 0.0130913 0.0282419 -0.00616902 0.000317307 -0.0204605 0.0254599 0.032913 -0.00394512 0.00150623 -0.00124815 0.0106444 -0.0278167 0.0212252
internal_weight=84589.5 26156.5 20766.3 10296.8 6508.71 58433 10469.5 713.868 5021.88 57719.1 3788.14 5390.19 22.4143 3643.29 3552.62 10245.5 1966.13 2085.1 904.449 1703.04 8279.34 447.232 884.505 709.046 280.932 7832.11 6018.81 1813.3 403.023 1026.69
internal_count=2742076 2547599 185206 21705 13582 194477 163501 1844 9869 192633 8123 2362393 5498 7214 6966 78591 11311 3709 4171 4414 67280 2694 3565 2754 1989 64586 52872 11714 2750 3468
is_linear=0
shrinkage=0.06


Tree=60
num_leaves=31
num_cat=0
split_feature=0 0 2 5 0 6 7 10 7 6 6 2 1 6 0 6 10 16 8 10 2 6 6 6 17 4 4 10 5 6
split_gain=19383.3 5259.49 402.245 294.864 268.448 260.424 283.992 302.746 176.296 102.084 92.8239 80.6094 77.7928 67.1768 61.4226 60.8258 58.381 125.802 208.55 153.295 98.5293 58.3517 70.4545 65.6709 60.5251 57.2405 57.1501 55.667 54.2598 52.3014
threshold=0.96672680974006664 0.00061020161956548702 -0.1708688139915466 0.95523107051849376 0.99218881130218517 0.92558395862579357 0.8009229600429536 0.2709790319204331 0.8590485453605653 7.9585366249084482 1.9994091987609866 -0.83011069893836964 4.5000000000000009 6.0343182086944589 0.00090632398496381949 1.450055778026581 0.089572194963693633 79.622642517089858 60.107526779174812 0.12973351776599887 -0.99901691079139698 4.9985370635986337 4.999772548675538 2.0094648599624638 96.424011230468764 -0.74363002181053151 -4.9966636197495964e-06 0.30217391252517706 0.87587347626686107 3.8993831872940068
decision_type=2 2 2 2 2 2 2 2 2 2 2 2 2 2 2 2 2 2 2 2 2 2 2 2 2 2 2 2 2 2
left_child=1 -1 3 10 8 -4 7 -7 -2 12 15 14 -9 -8 16 -3 -12 20 19 -19 -18 23 -23 24 -13 -17 -6 -26 -27 -22
right_child=4 2 5 -5 26 6 13 9 -10 -11 11 21 -14 -15 -16 25 17 18 -20 -21 29 22 -24 -25 27 28 -28 -29 -30 -31
leaf_value=-0.058098231943576523 0.049037584646856015 0.0076479985827346336 -0.016563079013411502 -0.05030072190753318 -0.061267490944130185 0.055422913707152542 0.01221429124269253 0.029918176286113145 0.0097082180641869815 -0.12721834266767185 -0.056323513968908903 0.024547508515702414 0.010533439301814097 -0.016573742948323051 -0.0065764878238400021 0.15250641083023747 -0.015471444157504226 0.94012033646193283 0.061564906729356585 -0.025749772118972687 0.048608757701289557 -0.12603613871259267 -0.0026344455040765618 0.011083648302163785 0.014172732347930893 0.029690189375853021 0.060904298584097238 -0.047169884206863896 -0.092777840510305923 0.31094235643492901
leaf_weight=5054.4519280232489 3082.2055777404457 1034.0579515097197 644.91010554507375 359.87280786619522 13.036144144833086 1434.3747132476419 2897.5707301888615 2128.8237341567874 473.94507746584713 15.361546233296393 13.253639026312156 98.936798397451639 1148.8361718244851 323.60368319042027 3125.237241306575 12.501191737363113 31.895520184421908 1.2703988216817368 5.4943112772889435 0.72957915533334006 5.8001185285393166 15.837487801909445 1552.6682655867189 4846.7734534742776 73.056948431301862 760.15304300375283 51661.968045042828 191.72520156949759 12.303039882332085 5.0552190698217601
leaf_count=2351069 9804 5463 6761 97786 80 3813 5189 4196 974 64 2858 156 2473 909 43602 261 4940 51 979 98 414 68 3764 9620 153 2681 183633 505 70 220
internal_value=0.0397191 -0.00322291 0.0101526 0.00312382 0.0597739 0.020086 0.0230613 0.0324218 0.0438002 0.0223893 0.00475911 0.00248371 0.023129 0.00931796 -0.00538236 0.0172195 0.05258 0.0818451 0.293107 0.696642 0.0389576 0.00618404 -0.00395996 0.00923785 -0.0153215 0.0298026 0.0608723 -0.030255 0.0276222 0.186698
internal_weight=81025.7 25794.6 20740.1 12146.6 55231.2 8593.48 7948.57 4727.4 3556.15 3293.02 11786.7 9967.73 3277.66 3221.17 3188.74 1819.02 63.4988 50.2451 7.49429 1.99998 42.7509 6779 1568.51 5210.49 363.719 784.957 51675 264.782 772.456 10.8553
internal_count=2742654 2548163 197094 173689 194491 23405 16644 10546 10778 6733 75903 67428 6669 6098 53162 8475 9560 6702 1128 149 5574 14266 3832 10434 814 3012 183713 658 2751 634
is_linear=0
shrinkage=0.06


Tree=61
num_leaves=31
num_cat=0
split_feature=0 0 0 0 7 10 5 7 7 16 1 6 10 6 5 8 3 5 16 10 14 8 10 5 7 5 9 6 9 5
split_gain=18729 4915.93 360.258 292.187 273.41 243.506 219.599 207.325 187.416 84.7088 76.2387 83.2397 62.6046 61.1682 53.9767 52.6505 64.3027 51.9141 72.1161 61.8369 52.4094 70.6381 74.4179 82.8367 80.0835 70.6545 77.5283 126.758 69.1432 170.867
threshold=0.96672680974006664 0.00061020161956548702 0.69954499602317821 0.99218881130218517 1.7159025073051455 0.35857143998146063 0.99755212664604198 0.72611209750175487 0.46130828559398657 57.384986877441413 5.5000000000000009 0.92558395862579357 0.19292803853750232 0.97775015234947216 0.93470215797424328 92.031745910644545 6.5000000000000009 0.00068523053778335463 79.622642517089858 0.10435571894049646 2.5000000000000004 40.175437927246101 0.23205128312110904 0.17076727002859118 0.0057773799635469922 0.012415881268680097 23.278391838073734 5.4877259731292733 79.422195434570327 0.97129335999488842
decision_type=2 2 2 2 2 2 2 2 2 2 2 2 2 2 2 2 2 2 2 2 2 2 2 2 2 2 2 2 2 2
left_child=1 -1 6 7 5 8 17 -2 12 -7 11 -11 -4 -6 -13 -15 -17 18 -3 -20 -19 -22 24 -24 25 26 27 -23 -26 -30
right_child=3 2 4 -5 13 9 -8 -9 -10 10 -12 14 -14 15 -16 16 -18 20 19 -21 21 22 23 -25 28 -27 -28 -29 29 -31
leaf_value=-0.058276222256013734 0.048350546364645718 0.023077363346575931 0.054572819719864794 0.060764861268487402 -0.054661061453230235 0.031024171268444339 -0.059859384136256417 0.0047671277770153743 0.016193235957736044 -0.030917148491362186 -0.0091304364505266702 0.011357851707528352 0.031517738846558875 -0.0077736718020136467 0.030407825316511206 0.011951670986810263 -0.062005128600455164 -0.008503839012384563 -0.03015607223994277 0.49290829781713247 0.018673816228839995 -0.058415069419013643 -0.016126540413428096 0.0022301965472026706 -0.00066636079591726348 0.031525829934198044 -0.0042424631674449105 0.37030406369487423 0.026889932154218948 0.31602771333882446
leaf_weight=4767.6617826535366 2933.1733495667577 7.8493442574981582 1355.9814977850765 48769.193644704297 68.747447296045721 867.53346916753799 204.30415392434224 453.94905214942992 1075.7896719519049 139.24736302439123 612.60191670246422 1988.3283604867756 624.65783425979316 1073.7135856635869 733.05937447585166 1410.4525344511494 42.649590680375695 1315.4444562189747 0.99828937835991416 1.7608183717820791 1083.3380888684187 4.314975062152369 1204.2732941606082 3329.5316626401618 1958.3374181303661 815.80998862162232 368.12901071179658 4.1825327896513045 119.73266468429938 6.8625417610164723
leaf_count=2349792 9768 1115 3733 183751 201 2032 86641 997 2353 348 1416 3520 1314 2305 1881 2288 134 19924 221 74 9530 69 12822 9194 25486 1334 7313 14 978 286
internal_value=0.0390633 -0.00342614 0.00938397 0.0595804 0.0175238 0.023402 0.00158059 0.0425125 0.0363738 0.0142621 0.0100676 0.0141806 0.0473212 0.000768623 0.0164986 0.00229773 0.00973984 0.00281448 0.129629 0.345978 0.00267004 0.00432336 0.00233094 -0.00264822 0.00921766 0.0216126 0.000112868 0.169375 0.00212166 0.0449176
internal_weight=77341.6 25185.3 20417.6 52156.3 9992.76 7397.2 10424.9 3387.12 3056.43 4340.77 3473.24 2860.64 1980.64 2595.56 2721.39 2526.82 1453.1 10220.6 10.6085 2.75911 10210 8894.51 7811.17 4533.8 3277.37 1192.44 376.627 8.49751 2084.93 126.595
internal_count=2740834 2546318 196526 194516 21525 16597 175001 10765 7400 9197 7165 5749 5047 4928 5401 4727 2422 88360 1410 295 86950 67026 57496 22016 35480 8730 7396 83 26750 1264
is_linear=0
shrinkage=0.06


Tree=62
num_leaves=31
num_cat=0
split_feature=0 0 2 0 7 2 4 7 7 6 3 0 7 7 1 6 2 10 6 6 2 6 2 6 9 11 10 6 6 10
split_gain=17788.5 4560.83 376.696 279.382 234.916 198.957 189.779 164.407 130.131 112.025 92.7257 151.186 126.593 95.5383 104.198 127.056 84.1099 191.154 81.1936 124.807 76.8161 74.1687 71.1807 74.1241 63.5975 86.6984 60.9577 60.552 70.9345 140
threshold=0.96672680974006664 0.00078332840348593902 -0.1708688139915466 0.99218881130218517 1.0000000180025095e-35 -0.016607834957540032 -0.68011146783828724 0.72611209750175487 2.1401023864746098 2.9991497993469243 1.5000000000000002 0.00010520932846702637 6.921829117345625e-05 6.0680162278003997e-05 8.5000000000000018 3.3187196254730229 -0.99983397126197804 0.30901856720447546 2.1575815677642827 1.9994091987609866 -0.9998590052127837 3.9971848726272587 -0.83011069893836964 0.97775015234947216 63.502786636352546 1.0000000180025095e-35 0.41277891397476202 6.6949117183685312 3.0337734222412114 0.26794873178005224
decision_type=2 2 2 2 2 2 2 2 2 2 2 2 2 2 2 2 2 2 2 2 2 2 2 2 2 2 2 2 2 2
left_child=1 10 6 7 -4 8 -3 -2 21 18 11 -1 13 16 15 -15 17 -13 19 -8 -19 -6 -18 -24 -21 -26 -22 28 29 -11
right_child=3 2 4 -5 5 -7 9 -9 -10 27 -12 12 -14 14 -16 -17 22 20 -20 24 26 -23 23 -25 25 -27 -28 -29 -30 -31
leaf_value=-0.059699423471579638 0.048010029319490985 -0.042967869478268327 0.046999351070372328 0.06062432529863207 0.029206901853101569 -0.016660359678223553 0.014608674360835756 0.009873133831969267 0.0048397076412125739 0.014520226992174588 -0.059077816163526559 -0.045387748588976554 -0.020639536718826079 -0.022140898060664656 -0.02998045504610897 0.98912926805498258 0.011838144931484362 -0.021459152891782116 0.021633199155245537 0.010686259724128294 0.80928897397595223 0.01397289112490762 -0.037704235086565958 0.44279741951439866 -0.034199599865536168 0.012853811549717349 -0.015062345271085924 -0.021701902282119954 0.0027723387143048462 -0.037557558576862569
leaf_weight=142.28547087789048 2805.7346294317394 321.19797367299907 959.5966754257679 46009.906940447167 3097.5121606721077 634.1594009376131 1762.2723529995419 476.64514666050673 1838.910077819135 310.5129753886722 4325.1434699367965 3.0745066415984175 56.531367063056678 0.58244629064574771 0.99402923462912429 0.46371939335949719 28.664930471917611 0.55310537642799351 1667.9618616322987 317.25350797735155 1.6109070805832741 1835.0907342173159 1.6393566636834322 2.0124279840383679 523.18376817600802 192.22276334930211 0.327380419243127 472.62486232304946 5825.7002063118853 460.23640123009682
leaf_count=72359 9764 88377 2459 183755 8168 4348 7011 1000 3289 1893 2268638 1329 23221 238 447 136 6904 180 6587 1922 109 4390 441 23 2990 853 71 4494 34693 2662
internal_value=0.0385689 -0.00289836 0.00933144 0.0594168 0.0190794 0.0154558 0.00245086 0.0424767 0.0184655 0.00371952 -0.0570677 -0.0205565 0.0372057 0.117618 0.445034 0.690448 0.088993 0.285524 0.0111611 0.00490598 0.589924 0.0235433 0.0475905 0.265356 -0.0116501 -0.0215565 0.712315 -0.000979431 0.000508365 -0.0165853
internal_weight=74074.6 24782.3 20218.4 49292.3 8365.27 7405.67 11853.2 3282.38 6771.51 11532 4563.88 238.74 96.4542 39.9228 2.04019 1.04617 37.8826 5.5659 4462.89 2794.93 2.49139 4932.6 32.3167 3.65178 1032.66 715.407 1.93829 7069.07 6596.45 770.749
internal_count=2742751 2548232 174136 194519 22654 20195 151482 10764 15847 63105 2374096 105458 33099 9878 821 374 9057 1689 19363 12776 360 12558 7368 464 5765 3843 180 43742 39248 4555
is_linear=0
shrinkage=0.06


Tree=63
num_leaves=31
num_cat=0
split_feature=0 0 2 0 5 7 7 2 7 9 1 0 2 6 6 6 7 9 9 8 6 16 6 6 6 5 14 5 8 6
split_gain=17103.9 4295.61 340.682 321.501 241.152 203.899 184.647 170.767 124.642 203.344 84.9971 179.445 264.475 297.424 141.487 93.8618 81.5262 155.644 80.7799 80.7481 72.9202 65.6775 79.782 126.495 65.1923 61.8742 61.864 59.1249 58.739 57.6274
threshold=0.96672680974006664 0.00045873867929913109 -0.1708688139915466 0.99218881130218517 0.99755212664604198 1.3113437489664649e-05 0.72611209750175487 -0.016607834957540032 0.8009229600429536 36.745725631713874 6.5000000000000009 0.0005524773441720755 -0.99940654635429371 2.7487835884094243 4.9234395027160653 3.5028904676437382 0.19754115492105487 76.970855712890639 90.960163116455092 21.483516693115238 3.8993831872940068 55.245780944824226 4.9957077503204355 5.0281038284301767 7.9585366249084482 0.2359685152769089 11.500000000000002 0.41130582988262182 91.715686798095717 4.9734709262847909
decision_type=2 2 2 2 2 2 2 2 2 2 2 2 2 2 2 2 2 2 2 2 2 2 2 2 2 2 2 2 2 2
left_child=1 18 4 6 10 26 -2 8 9 -7 11 12 -3 -14 -12 -15 17 25 -1 -20 -10 -19 -23 -24 27 -13 -4 -11 -22 -16
right_child=3 2 5 -5 -6 7 -8 -9 20 24 14 16 13 15 29 -17 -18 21 19 -21 28 22 23 -25 -26 -27 -28 -29 -30 -31
leaf_value=-0.058685528337916626 0.046580350498366292 -0.044591883599567873 0.048026757615840868 0.060488792528075631 -0.059883420019843342 0.057348974829906176 0.005350519239293491 -0.016740234061855323 0.017661592719113075 -0.075541041113443563 -0.041549618462048597 0.012838363790207747 -0.030113834541169122 1.3852110721756286 0.1112292473704198 -0.0092017616223296801 -0.0052345168962390724 0.013307828676477743 0.51778453960968529 0.033808210176429807 -0.015100489721129604 0.0005880279274198734 -0.076353604009725351 0.0085039890136924829 -0.099433474671802261 0.032257562477269484 0.016295008204920625 0.019723377662100684 0.0085254104259626286 -0.0015222509316744233
leaf_weight=4175.7162478913087 2663.8147824015468 2.8593938626581803 938.02387533220463 43399.439101980999 220.60331554152071 580.38752133608796 458.61848922632635 593.31405566562898 1559.227574473829 22.708678938099183 367.81327440717723 1463.1131459337194 1.0030733258463431 0.57300613005645562 15.486139571759848 0.18061601708177477 2049.0127176558599 1441.3886925405823 0.38008409878238936 14.28995953791309 615.12801069673151 3563.9006691424875 126.54222326632589 125.07794374972582 15.903147954493759 992.32566015049815 291.13102540560067 2580.1036722278222 982.65651594940573 1606.4688555636676
leaf_count=2315182 9743 1357 2546 183714 103872 1818 1002 5270 4318 615 25272 10806 468 144 701 83 19114 7349 14 4271 1630 10128 663 240 58 1530 662 5672 1772 22696
internal_value=0.037827 -0.00292009 0.00857255 0.05915 0.0021258 0.0180115 0.0405282 0.0140233 0.0168971 0.0252424 0.00329443 0.00559734 0.344664 0.764597 -0.00800559 1.23634 0.00540171 0.00822785 -0.0581863 0.0785902 0.00843516 0.00240118 -0.00172143 -0.034305 0.0181074 0.0206963 0.0405303 0.0188635 -0.000574036 -0.000377848
internal_weight=70867.2 24345.3 20154.9 46521.9 11976.3 8178.58 3122.43 6949.43 6356.12 3199.1 11755.7 9765.98 4.61609 1.7567 1989.77 0.753622 9761.36 7712.35 4190.39 14.67 3157.01 5256.91 3815.52 251.62 2618.72 2455.44 1229.15 2602.81 1597.78 1621.95
internal_count=2742710 2548251 228784 194459 204423 24361 10745 21153 15883 8163 100551 51882 2052 695 48669 227 49830 30716 2319467 4285 7720 18380 11031 903 6345 12336 3208 6287 3402 23397
is_linear=0
shrinkage=0.06


Tree=64
num_leaves=31
num_cat=0
split_feature=0 0 0 7 5 7 2 5 7 2 1 4 8 9 14 2 3 0 7 7 11 9 7 10 5 2 9 4 9 11
split_gain=16522.5 4014.34 316.964 303.903 236.393 193.464 179.339 168.059 135.784 93.2065 90.361 65.8603 61.1904 59.0572 65.7326 54.7944 54.5073 102.794 108.835 57.8166 96.4948 78.4301 52.8367 129.652 62.448 62.1281 58.3673 87.4692 68.7245 65.3356
threshold=0.96672680974006664 0.00061020161956548702 0.99218881130218517 1.0467052106832854e-05 0.99809545278549205 0.97260648012161266 -0.1708688139915466 0.87587347626686107 3.609237909317017 -0.029234856367111203 3.5000000000000004 -4.9966636197495964e-06 58.578638076782234 79.022300720214858 2.5000000000000004 -0.95530155301094044 1.5000000000000002 0.00010520932846702637 1.3113437489664649e-05 1.0467052106832854e-05 1.0000000180025095e-35 58.848993301391609 0.14056493341922763 0.18350168317556384 0.085427075624465956 -0.9935147464275359 63.182720184326179 -0.0028392818057909604 75.083892822265639 1.0000000180025095e-35
decision_type=2 2 2 2 2 2 2 2 2 2 2 2 2 2 2 2 2 2 2 2 2 2 2 2 2 2 2 2 2 2
left_child=1 16 5 7 6 -2 22 12 9 10 -8 -4 -3 14 -14 -15 17 -1 19 20 -19 -22 23 24 26 -24 29 28 -28 -5
right_child=2 3 11 4 -6 -7 8 -9 -10 -11 -12 -13 13 15 -16 -17 -18 18 -20 -21 21 -23 25 -25 -26 -27 27 -29 -30 -31
leaf_value=-0.059635063479642682 0.046005621752897137 0.029068950006402097 -0.067574155047971138 -0.0040722699226467029 -0.060030581594406295 0.00029377492897366021 0.030392288137533457 0.0470644841943915 -0.0051191035437098036 -0.0058107258520180873 0.013740063982846691 0.060449738005579387 -0.017517681185881651 -0.07747614726595202 0.032423380225756936 -0.00094735542343359546 -0.059312255368697581 0.007551406554941003 -0.0093677346599683707 0.39164542453162782 0.55558291807580018 -0.031327397735717952 -0.059636474760064798 -0.00051129049330308097 0.034058744661260611 -0.0050318504499161356 0.21500760942350119 0.02287005517106535 -0.050133665748845486 0.1514571249679251
leaf_weight=126.69208932865877 2634.7875077798963 782.49725413299166 13.69373708963394 534.70330872829072 197.67989055113867 381.57177305221558 1818.6229649032466 930.84980796650052 1200.1367807358038 575.35862810548861 3311.8003339411225 40979.342825759202 120.57243327028118 34.752148995641619 434.99580617668107 581.9610145650804 3810.3024250939488 10.592105173389426 58.255737055907957 2.3837981013348317 1.4808934351894998 1.0724982174579052 76.278706135810353 5921.3686982048675 623.70874362718314 2573.7711600738112 14.866623638430612 129.53604492428713 4.0971838363911948 8.9034355448093248
leaf_count=72476 9942 2071 86 10860 86676 843 3989 2555 2408 3030 7493 183819 411 342 973 1227 2248832 2930 26615 341 59 266 18789 33149 1245 19589 401 1303 267 117
internal_value=0.0372176 -0.00295726 0.0590231 0.00809243 0.00503418 0.0402251 0.00580361 0.0260917 0.0132219 0.0170799 0.0196477 0.0604053 0.0160857 0.00740196 0.0215729 -0.00537824 -0.0577053 -0.0270195 0.0290313 0.164932 0.0990388 0.369623 0.000621338 0.00327547 0.0203039 -0.00662549 0.00787713 0.0410788 0.158081 -0.00125151
internal_weight=67896.6 23887.2 44009.4 19876.5 16990.8 3016.36 16793.2 2885.63 6905.92 5705.78 5130.42 40993 1954.78 1172.28 555.568 616.713 4010.78 200.477 73.785 15.5293 13.1455 2.55339 9887.23 7237.18 1315.82 2650.05 692.107 148.5 18.9638 543.607
internal_count=2743104 2548414 194690 196895 189316 10785 102640 7579 16920 14512 11482 183905 5024 2953 1384 1569 2351519 102687 30211 3596 3255 325 85720 47342 14193 38378 12948 1971 668 10977
is_linear=0
shrinkage=0.06


Tree=65
num_leaves=31
num_cat=0
split_feature=0 0 0 2 4 4 2 4 9 1 8 14 10 5 2 2 8 2 14 10 3 15 3 8 16 0 8 16 16 8
split_gain=15770.5 3717.21 334.557 299.917 231.152 170.596 146.669 96.6904 80.4579 74.9604 69.1558 68.6571 62.8059 94.9028 125.418 77.1739 70.8646 77.9615 67.2082 67.6545 54.9959 53.935 65.9241 89.6972 84.8133 76.5345 74.9837 67.7326 64.2465 48.0001
threshold=0.96672680974006664 0.00045873867929913109 0.99218881130218517 -0.1708688139915466 -0.92279571294784535 -0.014686733018606899 -0.016607834957540032 -0.001151748525444418 90.960163116455092 4.5000000000000009 30.053763389587406 2.5000000000000004 0.14495798945426944 0.00062795073608867835 -0.99908414483070362 -0.99861815571784962 50.242717742919929 -0.83011069893836964 40.500000000000007 0.73030304908752453 5.5000000000000009 1.0000000180025095e-35 3.5000000000000004 49.018096923828132 81.934734344482436 0.03805800527334214 80.874973297119155 79.622642517089858 99.206348419189467 93.127067565917983
decision_type=2 2 2 2 2 2 2 2 2 2 2 2 2 2 2 2 2 2 2 2 2 2 2 2 2 2 2 2 2 2
left_child=1 8 7 4 -3 -5 9 -2 -1 20 -10 -6 21 14 -14 -16 -15 18 29 -20 -7 22 -13 27 -25 28 -27 -24 -26 -18
right_child=2 3 -4 5 11 6 -8 -9 10 -11 -12 12 13 16 15 -17 17 -19 19 -21 -22 -23 23 24 25 26 -28 -29 -30 -31
leaf_value=-0.058106452466334224 -0.010107359062467699 -0.059859366839782192 0.060308216741353816 -0.0076534950003409111 -0.0098871994951036189 0.02831102309528661 -0.0078198707880198885 0.041609974322839791 0.19535325575147092 0.01455962271280751 -0.052689085893691055 0.019339246937379456 -0.047447404805478981 0.012706350063739087 0.70241810735186683 0.140024751635833 -0.019968900422450274 0.0022761140916614806 0.092069032524143141 -0.067396176139197059 -0.073603574344961342 0.0071391413191720923 -0.032702696625290864 -0.065667722064783857 -0.043629478806158487 -0.073868880545283941 0.091075719257544582 0.53123882956246216 0.28328402570004385 0.017278953982391897
leaf_weight=3717.4648537405301 136.17338199913502 214.82642943272367 38571.267538107932 915.39465331379324 1354.8988608644577 3867.3949763951823 627.03352620627265 2775.2234144899994 7.5036053510848415 2546.8415078455582 7.0775336507940665 651.62830449454486 3.7105943644419312 1575.0837069166591 1.0101744901621716 2.7606824190588659 1247.7458919900237 4504.6684582965681 38.306731724180281 11.859386762604116 18.231217758497223 2048.9997856457485 0.93264119501691256 14.901423079660161 2.405675079673526 11.638124698307363 47.937438183929771 1.5904730004258452 9.7347782858414575 137.58350962831173
leaf_count=2315332 398 113084 183402 7250 17802 8666 2584 10365 670 5844 3563 8058 1447 15085 54 130 17407 11466 185 129 57 15778 139 1174 325 140 185 67 417 1010
internal_value=0.0365532 -0.00261695 0.0588269 0.00770954 0.00166818 0.0167095 0.0198693 0.0391884 -0.0575485 0.0225692 0.0793016 0.0028061 0.00447459 0.00162253 0.202214 0.406336 0.00139597 -0.00160471 -0.0137761 0.0537907 0.027814 0.0121619 0.0260269 0.0741575 0.0613079 0.0882316 0.0581662 0.37267 0.220114 -0.0162598
internal_weight=65071.8 23589.2 41482.7 19857.1 11882.2 7974.9 7059.5 2911.4 3732.05 6432.47 14.5811 11667.4 10312.5 7522.73 7.48145 3.77086 7515.25 5940.16 1435.5 50.1661 3885.63 2789.77 740.769 89.1406 86.6174 71.716 59.5756 2.52311 12.1405 1385.33
internal_count=2742213 2548048 194165 228483 204082 24401 17151 10763 2319565 14567 4233 90998 73196 46913 1631 184 45282 30197 18731 314 8723 26283 10505 2447 2241 1067 325 206 742 18417
is_linear=0
shrinkage=0.06


Tree=66
num_leaves=31
num_cat=0
split_feature=0 0 0 5 2 7 2 7 7 6 7 9 17 8 10 4 1 2 9 9 8 17 14 2 6 10 2 4 6 2
split_gain=15215.2 3532.86 343.877 280.558 216.134 204.311 166.973 155.798 141.345 108.134 83.1887 164.277 92.8832 95.3749 81.7369 77.3888 97.8727 193.545 73.3203 62.5955 59.9254 59.9201 79.4926 77.885 90.8103 59.2406 59.2229 58.7686 56.9 54.1693
threshold=0.96672680974006664 0.00045873867929913109 0.99218881130218517 0.99350962042808544 -0.10720207542181014 1.0000000180025095e-35 -0.016607834957540032 0.72611209750175487 2.1401023864746098 6.6949117183685312 0.0017394067253917458 79.022300720214858 86.038963317871108 40.175437927246101 0.23205128312110904 -0.019527811557054516 12.500000000000002 -0.9935147464275359 90.960163116455092 92.908306121826186 21.483516693115238 84.73193740844728 14.500000000000002 -0.91912096738815297 1.0020086169242861 0.62828946113586437 -0.64716216921806324 -4.9966636197495964e-06 4.9822118282318124 -0.64716216921806324
decision_type=2 2 2 2 2 2 2 2 2 2 2 2 2 2 2 2 2 2 2 2 2 2 2 2 2 2 2 2 2 2
left_child=1 18 7 4 9 -6 8 -2 28 10 11 26 13 15 -15 16 -12 -18 -1 -17 -20 23 29 24 -13 -25 -3 -4 -7 -23
right_child=2 3 27 -5 5 6 -8 -9 -10 -11 12 21 -14 14 -16 19 17 -19 20 -21 -22 22 -24 25 -26 -27 -28 -29 -30 -31
leaf_value=-0.058607478391105493 0.044750618994962715 0.01470037168776831 -0.059329243352092387 -0.057966562581421854 0.047475833325366021 0.02775405107908175 -0.0158545379626196 0.0071027986849829519 0.0016351810691396763 -0.022049472060385579 0.038953695145452737 0.10941408369678264 0.0035534033499961455 -0.012808530077384786 -0.051474605317266546 -0.04009226318876679 -0.039883676950545593 0.80784029543946412 0.40535462136068473 0.017170532278069233 0.027914470548591915 -0.063325845441454864 0.0018943036277266076 0.032322772522815492 -0.01197230342640733 0.0061852124502561646 0.034471595993095995 0.060204144637534991 0.0081771204587234303 -0.013961443005299912
leaf_weight=3505.3781821533339 2356.3160584066063 1467.7307148372056 14.066568821668623 233.80995155405253 712.5103235966526 2702.4289821281563 624.26927563222125 476.05160957202315 1479.9320903726621 561.64676208526362 119.39850290480535 22.147251446614973 3934.9629561260808 567.38021193945315 301.14809470798355 123.22272171755321 1.9507908971281724 0.76863905962090839 0.71089996118098397 152.92695153306704 14.958502485067582 101.17406047345139 2860.3050182645675 660.08046354679391 535.71158926468343 592.56747793452814 869.74719419062603 36488.813843468204 667.49027558602393 373.49808935844339
leaf_count=2314158 9772 13985 84 113385 2176 6999 3309 1023 2560 6478 4009 91 26961 15248 6244 3725 538 34 14 787 4287 486 8053 1081 7161 1160 1702 183924 1612 783
internal_value=0.035868 -0.00268261 0.0585929 0.00722776 0.0080151 0.0172732 0.0133341 0.0384277 0.0170937 0.00369018 0.00483152 0.00888227 -0.000996262 -0.0151202 -0.0262591 0.00917604 0.0487423 0.352497 -0.0580233 -0.00843357 0.0683284 0.00288889 -0.00188209 0.0116733 -0.00696605 0.0199731 0.0220686 0.0601565 0.02388 -0.0245942
internal_weight=62523.1 23187.9 39335.2 19666.8 19433 6186.63 5474.12 2832.37 4849.85 13246.4 12684.7 7482.96 5201.76 1266.8 868.528 398.268 122.118 2.71943 3521.05 276.15 15.6694 5145.48 3334.98 1810.51 557.859 1252.65 2337.48 36502.9 3369.92 474.672
internal_count=2741829 2547026 194803 228567 115182 16656 14480 10795 11171 98526 92048 34502 57546 30585 21492 9093 4581 572 2318459 4512 4301 18815 9322 9493 7252 2241 15687 184008 8611 1269
is_linear=0
shrinkage=0.06


Tree=67
num_leaves=31
num_cat=0
split_feature=0 0 0 4 7 7 5 5 7 9 7 9 7 6 17 9 6 6 14 8 6 6 17 1 16 9 4 9 6 6
split_gain=14585.8 3282.98 370.577 252.704 197.248 177.27 148.398 109.852 135.545 147.087 216.182 91.622 92.3461 90.7513 83.59 76.8328 65.4777 126.602 66.5465 64.2696 62.3555 145.169 94.4304 62.2396 60.106 58.2051 53.8712 51.3536 51.2152 49.1594
threshold=0.96672680974006664 0.0006905351474415512 0.99218881130218517 -0.68011146783828724 7.8532375482609512e-06 0.72611209750175487 0.87587347626686107 0.49479787051677709 2.1401023864746098 72.240142822265639 0.8009229600429536 87.112743377685561 0.00091289237025193881 7.9585366249084482 80.425533294677749 73.357315063476577 3.9971848726272587 4.0088160037994394 7.5000000000000009 31.139970779418949 3.0419229269027714 2.9991497993469243 62.910053253173835 1.5000000000000002 89.827587127685561 1.0000000180025095e-35 -4.9966636197495964e-06 91.697994232177749 3.0095150470733647 0.080883663147687926
decision_type=2 2 2 2 2 2 2 2 2 2 2 2 2 2 2 2 2 2 2 2 2 2 2 2 2 2 2 2 2 2
left_child=1 11 5 -3 6 -2 14 -6 9 10 -9 -1 19 16 -5 24 20 18 -18 -13 21 23 -23 -11 -16 -12 -4 28 -24 -10
right_child=2 3 26 4 7 -7 -8 8 29 13 25 12 -14 -15 15 -17 17 -19 -20 -21 -22 22 27 -25 -26 -27 -28 -29 -30 -31
leaf_value=-0.057889605695996667 0.043727330880806915 -0.048504526396159015 -0.055324785776775715 0.026664773934143866 -0.0015196608110490948 0.0021087331524506652 0.044614457565702821 0.04182611789794493 -0.098950838880420736 -0.015335244822955079 0.011320210316028839 0.20073063112794232 -0.056845248614180471 -0.071182975340066068 -0.01265554218113092 -0.014218002032042314 0.012097518462973368 0.003509557523613495 -0.07146237810256037 -0.049531042504825915 0.026042542136081665 0.033681785482253569 -0.048332928644833351 0.016784460484908496 0.038094704418938967 -0.050696025945062687 0.060109850584640329 -0.068780579550758045 0.032012701135005879 -0.0018228787772906179
leaf_weight=3369.0157196004875 2250.4806463066489 290.26429668301716 13.831267453730105 882.30372425238602 5509.2309209122322 440.64926295913756 803.45320591330528 1293.2156150608789 17.885661616921425 243.78749351808801 1643.6016162489541 12.556056930450724 17.322282387060113 52.327838727273047 125.12433834606782 522.14798672869802 46.026947702746838 1645.5883477393072 130.85261334246024 4.6100244995905078 890.22103183995932 67.384830854134634 68.509704445954412 1938.2623373833485 252.19544703047723 55.372575206216425 34353.473104669712 148.27557727880776 47.587654949398711 2820.8736704045441
leaf_count=2348760 9751 98913 84 2247 49085 993 2485 4019 97 667 3265 663 9879 330 369 1429 118 4850 418 1870 2008 168 214 4323 512 1388 183545 469 99 7316
internal_value=0.0351202 -0.00252802 0.058382 0.00696562 0.00780651 0.036916 0.0232209 0.00540742 0.00884232 0.0127246 0.0233501 -0.0568914 0.0394978 0.00669839 0.0135543 0.000678664 0.0074916 -0.00168624 -0.049773 0.134495 0.0124043 0.00756617 -0.0293551 0.0131905 0.0212763 0.00927036 0.0600618 -0.0454886 -0.0154076 -0.00246946
internal_weight=59956.4 22898 37058.4 19494.5 19204.2 2691.13 2585.22 16619 11109.8 8271.01 2992.19 3403.5 34.4884 5278.82 1781.77 899.468 5226.5 1822.47 176.88 17.1661 3404.03 2513.81 331.758 2182.05 377.32 1698.97 34367.3 264.373 116.097 2838.76
internal_count=2740334 2545961 194373 184789 85876 10744 7042 78834 29749 22336 8672 2361172 12412 13664 4557 2310 13334 5386 536 2533 7948 5940 950 4990 881 4653 183629 782 313 7413
is_linear=0
shrinkage=0.06


Tree=68
num_leaves=31
num_cat=0
split_feature=0 0 0 5 2 2 6 6 6 9 6 6 17 0 8 1 5 3 14 2 0 2 6 6 1 6 3 0 17 8
split_gain=14186.1 2980.35 362.345 242.329 198.587 121.422 95.4418 85.3479 153.167 129.24 114.315 103.873 88.422 72.8877 100.149 110.254 70.3876 68.5675 60.7292 58.3464 68.0821 92.7977 64.507 57.5713 54.4299 55.4606 53.6846 106.278 108.873 103.37
threshold=0.96672680974006664 0.00045873867929913109 0.99218881130218517 0.99350962042808544 -0.10720207542181014 -0.029234856367111203 4.0032157897949228 3.9949316978454594 4.148522377014161 88.02985000610353 4.9985370635986337 5.0029244422912607 94.59064102172853 0.00050213109352625917 65.030120849609389 6.5000000000000009 0.9047992229461671 1.5000000000000002 27.500000000000004 -0.94335177540779103 0.0010639447718858721 -0.1708688139915466 0.92558395862579357 2.7487835884094243 4.5000000000000009 3.9994803667068486 1.5000000000000002 0.00010520932846702637 99.206348419189467 63.224515914916999
decision_type=2 2 2 2 2 2 2 2 2 2 2 2 2 2 2 2 2 2 2 2 2 2 2 2 2 2 2 2 2 2
left_child=1 26 17 4 7 6 -6 13 9 -9 18 12 -12 14 -3 23 19 -2 -10 -15 21 -21 -22 -16 -11 -26 27 -1 -29 -30
right_child=2 3 -4 -5 5 -7 -8 8 10 24 11 -13 -14 16 15 -17 -18 -19 -20 20 22 -23 -24 -25 25 -27 -28 28 29 -31
leaf_value=-0.059489890643358662 0.039537858149458094 -0.042493751382748725 0.059949911582151523 -0.057613282240005781 0.025126677048941858 -0.0068512658775573606 0.0084550887661282558 -0.0059110433277116611 0.008558580875727818 0.0536520241541679 0.0003775136942273902 -0.0030241086049678295 -0.090658145702449802 -0.0031460645846105749 -0.0134489991935482 -0.029563115468455435 -0.01851717325690767 0.0037684660527268462 0.038322558499648302 0.037422526132889551 -0.037160229002521132 0.44587938537282007 0.010624045206788349 0.85999567136410204 -0.0061250891091966875 -0.064427658197214716 -0.058824212318970358 0.011764085929309347 0.5917024325554241 0.081137930586397844
leaf_weight=100.08845541754272 2390.8989538885653 2.3957345148082814 32525.179631946608 212.14127203053795 3322.7582109342329 750.86538365460001 1970.5035086926073 564.05646805744618 1209.167981658713 16.808005087077618 65.291242176201195 2400.9081526353257 92.262251626234502 1488.6994625949301 0.28821044834330656 0.96801904577296227 391.88907829346135 210.09822475165129 309.38415696308948 6.579408265533857 102.4722236241214 2.018685922957955 6099.7152136806399 0.66880461294203997 71.49156545731239 334.10223675821908 2978.8897503144108 50.416021956014447 1.3562239039456461 4.6461125584319234
leaf_count=72252 10207 1212 184210 113208 8401 3757 4550 6935 10435 16 691 22983 634 28275 159 586 9138 490 638 526 863 58 12900 107 285 2144 2219437 23417 702 2344
internal_value=0.0343841 -0.00275369 0.0582258 0.00601271 0.00671856 0.0157206 0.0189232 0.00258296 -0.00352654 -0.0247286 0.00160825 -0.0061316 -0.0531679 0.00640413 0.228418 0.464835 0.00625737 0.0366511 0.0146438 0.00752058 0.0100774 0.169785 0.00982869 0.724491 -0.0497835 -0.0541914 -0.0570228 -0.0225805 0.042794 0.264526
internal_weight=57677 22550.8 35126.2 19415.4 19203.3 6044.13 5293.26 13159.2 5063.47 986.458 4077.01 2558.46 157.553 8095.69 4.32077 1.92503 8091.37 2601 1518.55 7699.48 6210.79 8.59809 6202.19 0.957015 422.402 405.594 3135.4 156.507 56.4184 6.00234
internal_count=2741560 2546653 194907 228501 115293 16708 12951 98585 44761 9380 35381 24308 1325 53824 2064 852 51760 10697 11073 42622 14347 584 13763 266 2445 2429 2318152 98715 26463 3046
is_linear=0
shrinkage=0.06


Tree=69
num_leaves=31
num_cat=0
split_feature=0 0 0 5 7 7 6 5 0 7 10 17 6 14 7 10 4 9 9 7 10 7 2 3 4 10 9 6 10 9
split_gain=13441.6 2935.91 388.493 218.647 196.054 156.599 128.513 114.466 103.11 75.606 89.4101 63.7803 56.2103 142.772 57.9761 62.8509 54.8418 52.8055 127.418 52.4788 51.2767 81.4536 69.0238 90.0654 90.3601 94.9084 64.0105 62.8842 71.3456 55.9943
threshold=0.96672680974006664 0.00045873867929913109 0.99218881130218517 0.99809545278549205 3.1511646056969771e-06 0.92747986316680919 4.9985370635986337 0.77991238236427318 0.91612541675567638 0.90090259909629833 0.37268517911434179 70.429252624511733 5.0018389225006112 10.500000000000002 0.0044254653621464976 0.10620300844311716 -4.9966636197495964e-06 23.278391838073734 80.972057342529311 2.1401023864746098 0.55902779102325451 1.8965213894844057 -0.97785523533821095 34.500000000000007 -0.048172909766435616 0.40370370447635656 92.344322204589858 0.9990660846233369 0.32795698940753942 99.80237197875978
decision_type=2 2 2 2 2 2 2 2 2 2 2 2 2 2 2 2 2 2 2 2 2 2 2 2 2 2 2 2 2 2
left_child=1 -1 5 4 7 -2 8 11 20 10 -10 -3 13 -8 15 -14 -4 19 -19 -16 21 22 23 24 -6 27 -23 28 -26 -27
right_child=2 3 16 -5 6 -7 12 -9 9 -11 -12 -13 14 -15 17 -17 -18 18 -20 -21 -22 26 -24 -25 25 29 -28 -29 -30 -31
leaf_value=-0.057886879224811685 0.042129496357781737 0.027328251504330586 -0.057746262942298135 -0.059922378587174391 -0.06089739729639982 0.0025069032884112107 0.0011931632901022143 0.040324827863518896 0.0479672559610171 0.0076839983244446032 0.016132770035812788 0.00041395031953812193 0.04885519798114292 -0.12210984314535706 0.010283676339162764 0.0011801145963107231 0.059885517681200935 -0.064490150480159714 -0.0043234877262421844 -0.015023350899203201 -0.0017055797725943627 -0.0050819880466805665 0.013368330050175891 0.45107978459320386 -0.054985741849760343 -0.055025026605598888 0.19967307949617219 0.0077332094941341776 0.37658433299813543 0.21680567939025092
leaf_weight=2964.7571240898687 2098.2386731673032 567.65832648950163 13.533657751977442 177.19699213374406 93.310381110059097 433.35246196016669 96.400270485202782 890.62235914729536 492.41937424056232 1399.8539328239858 896.2626428399235 716.24102973681875 106.84536515199579 51.048677603132091 501.24968153622467 1294.557210063329 30620.362543459982 203.29830241936725 334.07676326564979 714.02705277607311 3252.5863694733707 1665.1205234446097 5009.1087587400107 0.55979909980669518 1.9109427364310239 114.45995316188782 4.5151338917203239 708.52097429404967 2.4813664378598332 1.8277727952226985
leaf_count=2318783 9831 1657 80 105846 19092 943 763 2733 1786 2349 2536 2025 1565 347 2764 7649 183829 8875 3154 2697 11670 8629 17799 28 37 4925 68 19901 11 11
internal_value=0.0337574 -0.00230799 0.0579641 0.00623398 0.00685023 0.0353507 0.0046729 0.0238066 0.0072433 0.0175325 0.0274475 0.0123257 -0.00594785 -0.0420309 -0.00424821 0.00484719 0.0598317 -0.0115194 -0.0271631 -0.00458541 0.0045986 0.00729583 0.0105904 -0.00448226 -0.00524685 0.00108134 -0.00440909 0.00929783 0.213446 -0.0489404
internal_weight=55426.4 22260.9 33165.5 19296.2 19119 2531.59 16944.4 2174.52 13642.9 2788.54 1388.68 1283.9 3301.5 147.449 3154.05 1401.4 30633.9 1752.65 537.375 1215.28 10854.4 7601.82 5932.18 923.071 922.511 829.201 1669.64 712.913 4.39231 116.288
internal_count=2742383 2547700 194683 228917 123071 10774 116656 6415 88842 6671 4322 3682 27814 1110 26704 9214 183909 17490 12029 5461 82171 70501 61804 44005 43977 24885 8697 19949 48 4936
is_linear=0
shrinkage=0.06


Tree=70
num_leaves=31
num_cat=0
split_feature=0 1 0 5 7 7 5 2 7 10 7 5 8 0 0 0 2 5 8 5 16 8 5 0 0 16 7 9 8 10
split_gain=13090.5 2619.49 395.357 275.218 195.386 153.507 130.815 90.338 98.0065 127.285 91.1084 84.3337 77.7806 87.3728 73.8321 73.7117 72.4454 66.7848 64.1371 59.8574 77.2321 216.693 65.9095 59.2927 144.77 173.264 173.757 118.904 57.8001 56.1085
threshold=0.96672680974006664 9.5000000000000018 0.99218881130218517 0.99809545278549205 1.0467052106832854e-05 0.72611209750175487 0.87587347626686107 -0.1708688139915466 1.2667800188064577 0.27429467439651495 0.55332806706428539 0.41130582988262182 49.018096923828132 0.0019673134665936236 0.00078332840348593902 0.1069132797420025 -0.016607834957540032 0.1185344345867634 68.108486175537124 0.0017886158893816175 58.434959411621101 58.017766952514656 0.0010559082729741933 0.00012011466969852337 0.00015046924090711403 91.779277801513686 0.00029855276807211345 83.398952484130874 22.378716468811039 0.28801843523979193
decision_type=2 2 2 2 2 2 2 2 2 2 2 2 2 2 2 2 2 2 2 2 2 2 2 2 2 2 2 2 2 2
left_child=1 3 5 4 6 -2 12 23 9 10 15 -11 13 28 -3 -9 18 -14 -10 20 -16 22 -22 -6 25 27 -27 -25 -1 -19
right_child=2 14 -4 -5 7 -7 -8 8 16 11 -12 -13 17 -15 19 -17 -18 29 -20 -21 21 -23 -24 24 -26 26 -28 -29 -30 -31
leaf_value=0.20959625448489788 0.041590254667492076 -0.05892020106965893 0.059787027519772613 -0.059928935818204895 -0.059080606573050594 0.002192354451498334 0.042144581890383517 -0.031048264504551244 -0.092724419360295421 -0.054546310123663025 0.013854770954989666 0.0090103198860940013 -0.020963788677822399 0.022324093996492569 -0.057276673112665405 0.048670009245378856 -0.043435015294442415 0.03408385016931148 0.0033808687765969569 -0.036824647452816731 -0.034682133068796119 -0.056475457530748445 0.40026630195380636 -0.051816974124573062 0.00032698422259995794 1.1517652767738098 -0.023529021018419301 0.37961532471614162 0.065717503456590831 0.0020331292652747499
leaf_weight=12.154001236893235 1999.7147569917142 2597.1220776326954 28914.928543960676 227.45573944784701 59.362400194513611 433.23740499466658 776.54732871055603 43.743617282249033 24.271410475368612 76.478424296481535 707.49087297962978 2523.847312563681 293.57237404840998 576.301762226969 13.878957668785004 700.23882397264242 130.39876037335489 282.2894184384495 2320.6682496418944 272.01875147037208 1.3074627602472917 10.607699050800873 7.0177585617639124 6.2628468238981405 9654.3506210123887 0.26727278169710267 0.64377315202727914 2.4633016788866371 50.865085201337934 643.27019877359271
leaf_count=311 9769 2161097 183973 160124 47809 990 2621 5145 134 1839 3228 6292 3605 1171 1143 2334 658 563 4057 31858 98 822 133 4515 102570 67 507 230 3582 1253
internal_value=0.0329286 -0.0025329 0.0578317 0.00553262 0.00632416 0.0345784 0.0214768 0.00386601 0.00932552 0.015071 0.029299 0.0071208 0.0128228 0.0297557 -0.0556379 0.0439475 -8.13008e-05 0.00392591 0.00234702 -0.027572 0.0479548 0.124099 0.335564 0.000200549 0.000570767 0.221798 0.743532 0.0964805 0.0963068 0.0118346
internal_weight=53362.8 22014.9 31347.9 19112.9 18885.5 2432.95 2635 16250.5 6527.14 4051.8 1451.47 2600.33 1858.45 639.321 2901.95 743.982 2475.34 1219.13 2344.94 304.831 32.8119 18.9329 8.32522 9723.35 9663.99 9.63719 0.911046 8.72615 63.0191 925.56
internal_count=2742498 2547766 194732 352615 192491 10759 13106 179385 23687 18838 10707 8131 10485 5064 2195151 7479 4849 5421 4191 34054 2196 1053 231 155698 107889 5319 574 4745 3893 1816
is_linear=0
shrinkage=0.06


Tree=71
num_leaves=31
num_cat=0
split_feature=0 0 0 5 7 5 7 2 6 1 2 17 9 16 7 10 3 5 10 10 0 14 2 5 10 10 7 5 6 6
split_gain=12416.5 2562.02 393.262 175.225 149.517 140.468 135.588 107.881 75.3925 113.65 86.9803 72.2056 59.91 79.577 57.6343 79.4779 52.9434 46.3763 45.2418 41.841 45.9189 70.4764 43.6835 40.9366 94.8968 65.4221 106.637 73.4288 52.3642 48.2992
threshold=0.96672680974006664 0.00061020161956548702 0.99218881130218517 0.99350962042808544 1.8748372895061042e-05 0.87587347626686107 0.72611209750175487 -0.99568235874176014 0.92558395862579357 2.5000000000000004 -0.071540091186761842 70.429252624511733 73.357315063476577 90.161289215087905 0.94700521230697643 0.39009661972522741 1.5000000000000002 0.99783298373222362 0.2709790319204331 0.065591398626565947 0.34205599129199987 1.5000000000000002 -0.97785523533821095 0.94936829805374157 0.73508772253990184 0.23205128312110904 0.72611209750175487 0.49479787051677709 1.450055778026581 5.9973108768463144
decision_type=2 2 2 2 2 2 2 2 2 2 2 2 2 2 2 2 2 2 2 2 2 2 2 2 2 2 2 2 2 2
left_child=1 -1 6 4 5 11 -2 -6 -9 -10 23 -3 13 19 15 -12 17 -4 -7 20 21 -13 -21 25 -25 26 27 -11 -27 -30
right_child=2 3 16 -5 7 18 -8 8 9 10 14 12 -14 -15 -16 -17 -18 -19 -20 22 -22 -23 -24 24 -26 28 -28 -29 29 -31
leaf_value=-0.057042344438595453 0.040859056287928096 0.023156812739932517 0.05059549277183404 -0.056877286611285133 -0.027397162696175648 0.055847741312644895 0.0036171960909761268 -0.01623906954180462 0.02173248409469828 0.010837428186049712 0.045264812697066857 0.071167247367879896 -0.0090838881168337892 0.038282097751613141 0.0051376010930605908 0.011156037200916197 -0.054533523565465092 0.060386466280463992 0.027418170762039812 -0.042745710595930408 0.016044497807127626 -0.1004407086267705 0.037461752461946801 -0.018493722672549923 0.12505784679316592 -0.067486819766553546 0.00023272518579271328 0.036308404669920726 0.00048216871948190385 -0.018508501083953816
leaf_weight=2685.3499535105657 1916.9901442555711 917.03078915411606 1912.3365665161982 159.41595971491188 389.40746499912348 345.17495600506663 431.27644155919552 602.88411660911515 1387.148250784725 1330.8115579686128 417.32154801301658 9.6380376820452494 791.8846145470161 281.97632357152179 1047.9064045101404 599.0054984819144 13.886539444327353 25290.95654415153 492.22853306867182 33.964372766437009 32.833745829761028 49.509930795058608 80.562481675297022 544.9276427506702 16.107750749913976 42.183073999825865 2759.0054044866702 587.16944592422806 5510.0773702557199 527.35412015276961
leaf_count=2350689 9746 2566 12985 93219 35513 1481 985 4674 3241 6251 1540 26 2129 611 1779 1776 85 170510 1343 243 84 269 115 6120 42 500 10776 1564 18420 2426
internal_value=0.0323296 -0.00220429 0.0576064 0.00556698 0.00609959 0.0182928 0.0340238 0.00375082 0.0045416 0.00539093 0.00369548 0.0103151 0.00110664 0.0176114 0.015019 0.0251924 0.0596398 0.0597001 0.0391894 -0.0106619 -0.0405814 -0.0717593 0.0135111 0.00162903 -0.0141571 0.00245363 0.0077878 0.01865 -0.0016505 -0.00117941
internal_weight=51206.3 21640.9 29565.4 18955.5 18796.1 3034.8 2348.27 15761.3 15371.9 14769 13381.9 2197.4 1280.37 488.485 2064.23 1016.33 27217.2 27203.3 837.403 206.509 91.9817 59.148 114.527 11317.6 561.035 10756.6 4676.99 1917.98 6079.61 6037.43
internal_count=2741708 2547397 194311 196708 103489 8867 10731 94622 59109 54435 51194 6043 3477 1348 5095 3316 183580 183495 2824 737 379 295 358 46099 6162 39937 18591 7815 21346 20846
is_linear=0
shrinkage=0.06


Tree=72
num_leaves=31
num_cat=0
split_feature=0 0 0 5 0 7 9 7 7 9 1 8 9 8 14 5 6 14 16 7 10 16 17 10 10 6 17 15 2 7
split_gain=11825.6 2335.17 411.648 183.644 146.842 136.444 159.251 128.271 82.7707 74.9525 96.5501 76.1738 74.3428 81.4837 74.584 69.3577 62.5583 61.8374 54.6163 71.8525 171.818 88.5751 68.7826 110.657 96.4843 95.8012 74.3242 67.9065 100.621 66.4613
threshold=0.96672680974006664 0.00061020161956548702 0.99218881130218517 0.99350962042808544 0.91612541675567638 0.90090259909629833 72.240142822265639 0.72611209750175487 5.27071169926785e-05 83.398952484130874 8.5000000000000018 31.139970779418949 72.779819488525405 68.108486175537124 2.5000000000000004 0.2359685152769089 3.3187196254730229 7.5000000000000009 89.827587127685561 0.0011997189139947297 0.4629120826721192 67.333332061767592 28.919860839843754 0.084523811936378493 0.0745370388031006 1.957142770290375 26.201373100280765 1.0000000180025095e-35 -0.99901691079139698 2.1401023864746098
decision_type=2 2 2 2 2 2 2 2 2 2 2 2 2 2 2 2 2 2 2 2 2 2 2 2 2 2 2 2 2 2
left_child=1 9 7 4 8 6 -6 -2 12 -1 11 16 14 15 -3 -14 -11 -8 19 20 -10 -22 26 24 25 -24 -21 28 -20 -29
right_child=2 3 -4 -5 5 -7 17 -9 18 10 -12 -13 13 -15 -16 -17 -18 -19 27 22 21 -23 23 -25 -26 -27 -28 29 -30 -31
leaf_value=-0.057100299753262355 0.039919204128033674 -0.0084796985625449489 0.059548597952655123 -0.06088493638055642 0.052506437260318096 0.0047469156150938933 0.035136523833102076 0.0039467687683024024 0.019422631457647482 0.039343337370305674 -0.057624522644481195 -0.051287948124222514 0.0031237599812708431 -0.0042298785356637975 0.034118396522340395 0.031619158973592576 0.30913917183771245 0.0071455746770476697 0.32445751962394631 -0.0041704513146158676 -0.006161159771706619 -0.053619652251962441 -0.064846545801470895 -0.028151815988158337 0.092530600078698691 0.0036691127504965317 0.064259952693360753 0.005685973478387972 0.021064676383798629 -0.0078159584622267443
leaf_weight=2502.6147004187806 1843.9672330794856 183.47013180935755 25713.723996540532 148.10593879816588 624.73087170533836 1831.5517194122076 410.27162949927151 442.71984242089093 1077.5391390788136 5.5846518907928857 22.767377535812557 5.7974410026799879 623.05070405243896 1328.5505243320949 756.2394722790923 606.6310612782836 6.9984918296104297 921.43362122774124 2.9668401469243681 193.11116223945282 585.6587093975395 185.84775268658996 81.355014408240095 1130.0034859026782 38.426110181142576 680.01151511294302 80.085662105702795 5048.3928282664856 606.04312749032397 1772.4231728143059
leaf_count=2328022 9752 725 183822 93274 2757 3144 1207 1003 9661 1011 17876 3848 2534 3452 2338 1012 478 2828 338 2941 3425 594 1511 20814 795 10034 973 21714 3581 7336
internal_value=0.031695 -0.00181774 0.0573784 0.00544137 0.005968 0.0165205 0.0275344 0.0329594 0.00329864 -0.0557787 0.0240462 0.122962 0.0113777 0.00607148 0.0258013 0.0171955 0.20111 0.0157889 0.000836588 -0.00476618 0.00395388 -0.017648 -0.0120837 -0.0160729 0.00100699 -0.00372751 0.0160506 0.00389243 0.0230721 0.0021768
internal_weight=49460.1 21459.7 28000.4 18915.9 18767.8 3787.99 1956.44 2286.69 14979.8 2543.76 41.148 18.3806 3497.94 2558.23 939.71 1229.68 12.5831 1331.71 11481.9 4052.04 1849.05 771.506 2202.99 1929.8 799.793 761.367 273.197 7429.83 609.01 6820.82
internal_count=2742800 2548223 194577 196988 103714 9936 6792 10755 93778 2351235 23213 5337 10061 6998 3063 3546 1489 4035 83717 50748 13680 4019 37068 33154 12340 11545 3914 32969 3919 29050
is_linear=0
shrinkage=0.06


Tree=73
num_leaves=31
num_cat=0
split_feature=0 0 0 4 5 7 10 7 4 9 8 7 16 15 2 9 5 9 7 4 10 5 16 8 6 6 6 7 14 10
split_gain=11427.7 2233.09 428.858 207.044 144.292 174.622 312.353 134.334 61.2684 59.0002 57.2286 56.1036 71.3104 100.762 75.4282 74.8012 106.012 139.893 66.3496 73.7964 94.4025 58.1058 87.5018 71.0859 54.7922 64.3859 89.7341 57.8834 54.6941 53.1375
threshold=0.96672680974006664 0.00045873867929913109 0.99218881130218517 -0.80003023147582997 0.83325815200805675 0.8009229600429536 0.2709790319204331 0.63824188709259044 -4.9966636197495964e-06 93.515834808349624 53.399339675903327 8.2751699665095671e-05 92.450141906738295 1.0000000180025095e-35 -0.99160954356193531 53.937246322631843 0.00068523053778335463 49.890829086303718 0.72611209750175487 -0.46498078107833857 0.17445652186870578 0.0095248124562203901 54.110361099243171 31.643132209777836 0.79617789387702953 3.9971848726272587 4.020545721054078 0.00048970410716719936 8.5000000000000018 0.3390804678201676
decision_type=2 2 2 2 2 2 2 2 2 2 2 2 2 2 2 2 2 2 2 2 2 2 2 2 2 2 2 2 2 2
left_child=1 9 7 -3 11 6 -6 -2 -4 -1 -8 28 14 -14 15 16 17 -13 19 20 -16 22 -21 -23 -12 -26 27 -27 -5 -25
right_child=2 3 8 4 5 -7 10 -9 -10 -11 24 12 13 -15 18 -17 -18 -19 -20 21 -22 23 -24 29 25 26 -28 -29 -30 -31
leaf_value=-0.057547673233550291 0.039157642015257003 -0.053613225806703808 -0.064843631356652651 0.014635013738335945 0.051218554543033069 0.0029937645405151841 0.030470747527962697 0.0021004907108673372 0.059482526725913497 0.10240614857296566 -0.039143924725157861 -0.040146241573925635 0.036142631586372764 0.0008235161130316725 0.15982865838091523 -0.048755778368750349 -0.0025940617005788132 0.6338188160208118 -0.042946930503263189 -0.04399786070627093 -0.063193789879343779 0.014333270850346819 0.077189140907701556 -0.002213855588412434 0.01664355199869319 -0.10308308571501977 0.0025537047250500803 -0.0062184420487787747 -0.00070462427598537089 -0.022150387341884931
leaf_weight=2353.9009046016727 1780.2844697125256 214.38164130900986 13.506711937487124 1854.6972593738465 937.81719861738384 3784.8366246081423 454.92351998388767 439.08975141029805 24209.395804382861 7.4589034218806765 87.423786416649818 2.001367097953334 310.54080184886698 4366.6219572364353 20.37395722838119 290.36322253965773 109.38821899541654 1.2114301794208584 155.01934729178902 29.946798407705501 9.3855251560453308 510.9545673225075 70.095780225587077 1121.8432936454192 1410.9703395962715 50.216776167973876 677.15740844793618 39.451902143657207 1523.8324249098077 842.23664971441031
leaf_count=2318121 9788 126122 82 7238 3924 13867 1145 1019 183485 1471 229 838 1598 21287 92 22517 6511 215 1073 1031 207 2198 1053 4760 3487 212 1658 96 4166 3394
internal_value=0.0307731 -0.00200396 0.0570969 0.00487865 0.00555344 0.0120302 0.0213768 0.0318304 0.0594105 -0.0569993 0.0110733 0.00125578 -0.00152971 0.00317576 -0.00848694 -0.032703 0.00875695 0.30411 -0.00494061 -0.00266316 0.0897242 -0.00376527 0.0408365 -0.00558387 0.00716595 0.0090421 -0.00494815 -0.0610038 0.00771815 -0.01077
internal_weight=47679.3 21237.1 26442.3 18875.7 18661.3 7442.8 3657.96 2219.37 24222.9 2361.36 2720.14 11218.5 7839.98 4677.16 3162.82 402.964 112.601 3.2128 2759.86 2604.84 29.7595 2575.08 100.043 2475.03 2265.22 2177.8 766.826 89.6687 3378.53 1964.08
internal_count=2742884 2548510 194374 228918 102796 24618 10751 10807 183567 2319592 6827 78178 66774 22885 43889 30081 7564 1053 13808 12735 299 12436 2084 10352 5682 5453 1966 308 11404 8154
is_linear=0
shrinkage=0.06


Tree=74
num_leaves=31
num_cat=0
split_feature=0 0 0 0 7 7 5 14 7 9 7 10 5 9 0 6 6 17 7 7 10 4 6 6 5 2 6 1 14 2
split_gain=11138.5 2025.45 461.056 161.527 160.569 127.918 111.109 108.037 92.3459 180.633 139.57 117.792 78.1518 67.0336 57.6478 56.8129 75.1323 72.9196 87.8485 60.5268 56.5384 54.2775 64.5678 49.6075 48.3848 54.6244 55.4728 69.5766 41.9573 43.5219
threshold=0.96672680974006664 0.00045873867929913109 0.99218881130218517 0.34205599129199987 1.0000000180025095e-35 0.63824188709259044 0.98860448598861705 12.500000000000002 1.8965213894844057 78.291275024414077 0.14056493341922763 0.11882352828979494 0.95523107051849376 90.960163116455092 0.99740585684776317 5.9973108768463144 6.0822477340698251 99.206348419189467 0.00097512963111512374 0.00017762418428901586 0.13840996474027636 -0.035882027819752686 2.7487835884094243 0.92558395862579357 0.00075815391028299939 -0.99933674931526173 3.3187196254730229 8.5000000000000018 39.500000000000007 -0.96970340609550465
decision_type=2 2 2 2 2 2 2 2 2 2 2 2 2 2 2 2 2 2 2 2 2 2 2 2 2 2 2 2 2 2
left_child=1 13 5 6 7 -2 24 -5 9 10 20 -12 15 -1 -4 -11 -17 18 -18 -19 -6 -13 -23 -10 25 -3 -27 -28 -26 -30
right_child=2 3 14 4 8 -7 -8 -9 23 12 11 21 -14 -15 -16 16 17 19 -20 -21 -22 22 -24 -25 28 26 27 -29 29 -31
leaf_value=-0.057371762998609278 0.037726116833188147 -0.054625789345885946 0.047360157486050013 0.039468623369397188 0.049499523162373264 0.0015546790661295003 -0.059613413852713598 -0.0046092034412999645 -0.05696222078890719 0.0022086276203596008 0.01232526951350192 -0.018531228824375929 0.026869894059745502 0.064996088849251094 0.060115438185593111 -0.073356961035065935 -0.0053860761644748288 -0.063049345752063446 -0.13473416470333816 0.020110716100055881 0.024846118529859223 -0.01810310042291121 -0.18261692446798919 -0.0021851906882127676 -0.0041989449423851678 0.033283246107344865 0.30416415178372685 -0.042961699889608448 0.12759067371664345 0.017827085479955717
leaf_weight=2214.6296261741081 1709.5083413179964 8.6817219065269473 1379.5151812378317 869.068079800345 542.60459282062948 443.26715888828039 127.00614488992142 259.7566090580076 59.715544228907675 4792.7414621971548 1550.134503236739 48.74782271659933 433.85080791427754 15.450404836446976 21499.317233617418 78.892075724899769 45.89991208538413 36.063672926276922 31.241520514711738 209.57862306758761 884.38236006908119 14.744994135573505 20.407613711431623 3027.4737248665188 5538.6314311940223 13.675890114158394 7.1498537602601555 2.4875049699330702 14.519888736307619 83.288816029205918
leaf_count=2314592 9772 3667 11023 2791 1833 1031 112552 584 255 9839 3302 1277 2803 4270 172723 249 99 112 138 348 1789 37 109 7119 76373 1764 569 782 161 299
internal_value=0.0298416 -0.00245951 0.05685 0.00398697 0.00772361 0.0302824 -0.0043337 0.0293307 0.00565017 0.00881686 0.0205447 0.00856363 0.00243597 -0.0564952 0.0593484 0.000390412 -0.0212559 -0.00833456 -0.0588246 0.00769554 0.0342486 -0.0602625 -0.11602 -0.00326285 -0.00308481 0.0693637 0.115884 0.218951 -0.00350829 0.0352481
internal_weight=45962.4 20930.8 25031.6 18700.7 12905.3 2152.78 5795.44 1128.82 11776.5 8689.29 3061.02 1634.03 5628.27 2230.08 22878.8 5194.42 401.676 322.784 77.1414 245.642 1426.99 83.9004 35.1526 3087.19 5668.44 31.995 23.3132 9.63736 5636.44 97.8087
internal_count=2742262 2547713 194549 228851 32684 10803 196167 3375 29309 21935 8347 4725 13588 2318862 183746 10785 946 697 237 460 3622 1423 146 7374 83615 6782 3115 1351 76833 460
is_linear=0
shrinkage=0.06


Tree=75
num_leaves=31
num_cat=0
split_feature=0 0 0 4 5 17 6 6 8 2 8 7 7 14 7 6 2 8 9 6 6 6 14 1 7 0 2 6 6 9
split_gain=10573.4 1872.04 473.528 305.936 151.958 507.549 591.239 367.175 146.952 142.995 138.151 133.665 123.875 121.948 119.668 99.7115 87.9168 80.711 86.4124 100.176 126.487 74.3751 106.974 71.348 62.3177 60.1724 58.3885 63.4179 87.7964 161.001
threshold=0.96672680974006664 0.00012011466969852337 0.99218881130218517 -0.95904597640037526 0.00035843298246618366 99.206348419189467 1.9328965544700625 1.0630096793174746 82.637680053710952 -0.10720207542181014 63.224515914916999 1.8748372895061042e-05 0.72611209750175487 4.5000000000000009 4.1304887417936704e-05 1.9994091987609866 -0.029234856367111203 36.461387634277351 75.694980621337905 3.604461789131165 3.0077875852584843 2.0058524608612065 12.500000000000002 8.5000000000000018 2.1401023864746098 0.99740585684776317 -0.91912096738815297 2.9991497993469243 3.0419229269027714 65.393730163574233
decision_type=2 2 2 2 2 2 2 2 2 2 2 2 2 2 2 2 2 2 2 2 2 2 2 2 2 2 2 2 2 2
left_child=1 -1 12 -3 5 14 7 -7 -9 15 13 -11 -2 -8 17 -6 24 18 19 20 -5 22 -17 -15 -13 -4 -23 -28 29 -29
right_child=2 3 25 4 9 6 10 8 -10 11 -12 16 -14 23 -16 21 -18 -19 -20 -21 -22 26 -24 -25 -26 -27 27 28 -30 -31
leaf_value=-0.059628443820634952 0.036728944083098326 -0.059839708485222215 0.046740869109232072 -0.018975251510105193 0.013281533495005032 -0.01818176374489313 -0.027991461668706991 -0.0066343455283723266 2.0956342297162278 0.035184064172902936 -0.046271143615805192 0.016857243345621793 0.00059331684940229338 0.97703986518194641 -0.057600454855234143 -0.00037712066534372016 -0.01294256230525696 -0.049538464443278106 0.13560202225772486 -0.024358561072296347 1.0946904055909346 -0.0089499542391146079 -0.057855510049433068 -0.013361135252070219 0.0016253087493108955 0.060067402659913754 0.011549961914968666 0.019204248795659414 0.0014887088086715495 -0.042605772086412579
leaf_weight=1851.9373812813428 1641.4271367872134 268.89198694267543 1319.0239162929356 0.46093844098504522 1937.1775300707668 0.43370561423944209 0.87041567696724065 0.12403785978676751 0.39687325607519597 783.40560791478492 3.3473471606266685 2762.4886013640789 431.21866677701473 0.48042192432330921 23.139963917201385 276.26162610691972 602.80108383402694 4.6767775577027342 9.4019670368870703 0.67885121190920472 0.32979976548813283 2264.5066308203968 200.66747393709375 0.28575938625726849 1487.7433190525044 20319.540031306446 1895.7931315372698 230.0350740775466 5606.32503102388 441.87720974918921
leaf_count=2062761 9730 278693 11039 241 17758 293 435 75 79 2939 2623 8650 998 64 19193 3922 4995 2951 585 295 49 110537 827 168 2623 173149 5207 638 20220 1470
internal_value=0.0292955 -0.00208841 0.0566325 0.00358179 0.0045051 0.113869 0.586512 1.4805 1.91982 0.00423499 0.196482 0.0122021 0.0292148 0.522225 0.0283695 0.000740408 0.00848567 0.152064 0.235658 0.561674 0.797435 -0.00148629 -0.0246316 0.809233 0.0115271 0.0592573 -0.000426541 0.00193556 -0.000969002 -0.0214475
internal_weight=44365.7 20654.5 23711.2 18802.6 18533.7 44.6269 5.93856 0.954617 0.520911 18489.1 4.98394 5636.44 2072.65 1.6366 38.6883 12852.6 4853.03 15.5483 10.8716 1.46959 0.790738 10915.5 476.929 0.766181 4250.23 21638.6 10438.5 8174.03 6278.24 671.912
internal_count=2743207 2548291 194916 485530 206837 27051 3737 447 154 179786 3290 19207 10728 667 23314 160579 16268 4121 1170 585 290 142821 4749 232 11273 184188 138072 27535 22328 2108
is_linear=0
shrinkage=0.06


Tree=76
num_leaves=31
num_cat=0
split_feature=2 2 5 2 4 4 5 7 9 6 5 2 6 4 9 6 16 14 9 5 9 5 4 5 2 7 6 10 7 16
split_gain=9068.29 1763.79 996.61 253.728 227.121 199.441 124.105 109.931 135.696 95.6218 71.794 66.4235 63.6938 52.734 51.7728 50.2796 95.6478 48.8657 102.402 95.4946 93.003 82.8806 65.6357 55.217 48.5644 50.8254 48.158 47.7339 153.429 86.9676
threshold=-0.016607834957540032 -0.99914869666099537 0.98173660039901745 -0.071540091186761842 -4.9966636197495964e-06 -0.93738839030265797 0.99783298373222362 0.92747986316680919 80.972057342529311 1.9944345951080324 0.94936829805374157 -0.98880416154861439 4.9902315139770517 -0.90551245212554921 90.960163116455092 5.018308401107789 63.007518768310554 3.5000000000000004 46.384283065795906 0.0024838369572535162 46.48268127441407 0.98860448598861705 -0.0014965970767661927 0.6510990858078004 -0.1708688139915466 6.0680162278003997e-05 0.92558395862579357 0.23669467866420749 0.054103799164295203 91.779277801513686
decision_type=2 2 2 2 2 2 2 2 2 2 2 2 2 2 2 2 2 2 2 2 2 2 2 2 2 2 2 2 2 2
left_child=1 14 -2 5 -4 -3 -6 8 26 13 11 -11 -10 -7 -1 16 -14 18 23 22 -20 -22 -19 -15 25 -24 -5 28 29 -13
right_child=2 3 4 7 6 9 -8 -9 12 10 -12 27 15 17 -16 -17 -18 19 20 -21 21 -23 24 -25 -26 -27 -28 -29 -30 -31
leaf_value=-0.05677328820381352 -0.010957025747696785 -0.059741250921705721 -0.054762963511771491 -0.065866330405679838 0.04524786091750109 0.15164443541155884 0.060086133177589374 0.00780541417945518 0.02269296379796816 -0.013479503730873157 -0.019902452307214578 0.0094232468561220497 0.025022880879171466 -0.063578801391959566 0.041956988329699955 0.0001826651865787903 -0.16983308168008621 0.51129627987572435 0.50021960627599893 0.016983236759014884 0.01102646164544 0.27032805806568044 0.11016178374198105 0.011901833665198302 0.27722602444984784 -0.018301626680943685 0.049216533769478606 0.00033902775972509088 0.000648213487328122 0.038352258697974664
leaf_weight=1807.7306050839252 778.68437606503721 182.11927197052864 63.214051258226391 12.475779843749477 2292.099719107151 9.138363976730032 18878.017204749398 1606.5439927116386 1144.3916317651165 894.75074482942 548.20327122916933 744.04141030827304 17.00038892403245 113.72284305718495 18.650488548330031 202.09250170178711 17.902504886500537 0.39654133864678343 0.42329043778590758 1518.8114854384912 376.13457527157152 3.4934298874577498 31.700100185174961 49.737112912582234 3.4934488743892862 16.39088953344617 826.95979115739465 6963.6382176959305 3133.8208247710136 753.18196269968757
leaf_count=2091854 33373 189403 36880 6789 18232 1162 170643 12916 4931 56390 11368 4856 65 19092 5185 851 126 408 126 8099 22715 174 856 1048 604 5890 4078 19885 11501 2253
internal_value=0.0287901 0.000580879 0.0556973 0.00594946 0.0581421 0.00250137 0.0584818 0.0197679 0.0284142 0.00325294 0.00132942 0.00226287 0.0168329 0.0150569 -0.0557427 -0.0114404 -0.0768698 0.0143952 -0.00111101 0.0197578 0.0159693 0.0141166 0.0989745 -0.0406791 0.0861418 0.0668966 0.0474298 0.00347875 0.00819883 0.0239919
internal_weight=43009 20996.9 22012 19170.6 21233.3 15343.2 21170.1 3827.37 2220.82 15161.1 13037.6 12489.4 1381.39 2123.44 1826.38 236.995 34.9029 2114.3 543.511 1570.79 380.051 379.628 51.981 163.46 51.5844 48.091 839.436 11594.7 4631.04 1497.22
internal_count=2741753 2482625 259128 385586 225755 355830 188875 29756 16840 166427 106253 94885 5973 60174 2097039 1042 191 59012 43155 15857 23015 22889 7758 20140 7350 6746 10867 38495 18610 7109
is_linear=0
shrinkage=0.06


Tree=77
num_leaves=31
num_cat=0
split_feature=0 0 0 5 6 7 8 7 7 9 14 9 5 0 14 0 9 2 0 16 2 2 3 9 6 6 6 6 6 8
split_gain=9514.19 1905.93 285.886 159.952 147.157 100.128 98.0913 138.035 99.7888 149.163 144.758 78.2096 69.937 67.9857 65.256 64.2619 91.446 67.6588 67.6794 96.8407 66.3782 59.5071 59.4555 57.7277 56.7983 116.581 99.384 84.2005 173.919 146.836
threshold=0.99218881130218517 0.00033955277467612183 0.96672680974006664 0.99809545278549205 6.6949117183685312 0.63824188709259044 99.425289154052749 0.00048970410716719936 0.46130828559398657 57.20390701293946 2.5000000000000004 23.278391838073734 0.012415881268680097 0.99740585684776317 3.5000000000000004 0.00090632398496381949 44.163812637329109 -0.99933674931526173 0.00050213109352625917 79.622642517089858 -0.99160954356193531 -0.97785523533821095 26.500000000000004 53.73791694641114 0.92558395862579357 1.9944345951080324 2.0197814702987675 2.9991497993469243 3.0143910646438603 73.879596710205092
decision_type=2 2 2 2 2 2 2 2 2 2 2 2 2 2 2 2 2 2 2 2 2 2 2 2 2 2 2 2 2 2
left_child=1 -1 3 4 6 -4 8 -8 9 10 -3 12 14 -2 -12 16 -13 -18 23 -20 -17 -10 -9 -19 -11 -26 -27 -28 29 -29
right_child=13 2 5 -5 -6 -7 7 22 21 24 11 15 -14 -15 -16 20 17 18 19 -21 -22 -23 -24 -25 25 26 27 28 -30 -31
leaf_value=-0.056966200489268606 0.045106394834972474 -0.0033696028097667204 0.035520477659263312 -0.059766469575139453 -0.02056422390729061 0.0031646633155281594 0.054452517023237008 0.010913297001830306 -0.059702777819923364 -0.015716539380416832 0.3518825213418687 -0.054467078430317666 0.049427232569536711 0.059868279562309397 0.048669227776540432 -0.017285112970256922 -0.047685991877428682 -0.020529401090334038 -0.050916955083645549 0.25465871114799821 0.028723468082844643 -0.0037210932383036775 0.16404374998827792 0.64894463356396126 0.020710875154318145 -0.019001146937043224 0.015657250785941542 0.0061978470349049741 0.0043140343057226629 -0.055411041028843984
leaf_weight=1848.4974355254672 1214.9080409752205 491.52086713223252 1538.6150021413341 138.18977325619198 787.27452786220238 443.75920676067472 313.51652020082111 1959.3280423767865 68.799535112455487 493.18211875564884 4.437407704186624 8.6630104599753412 507.19294754689327 18028.044821415097 5.5331525821238756 153.7824758014176 3.8375952480128062 0.51444092625752347 5.0848030770430332 10.560893897898493 417.80535355210304 3323.0239735523355 8.1764301114599203 1.158905250020325 1468.635918902175 714.42642949294532 1816.0453597506857 234.18321477569407 5205.1685642076191 341.94363150675781
leaf_count=2275703 11117 5569 9769 131155 8812 1023 1615 8915 25675 3221 41 3802 1957 172842 89 3981 2848 334 908 584 1331 15679 50 143 5841 3873 8674 2180 32375 1542
internal_value=0.0280253 0.00136368 0.006635 0.00431166 0.00479761 0.0282828 0.005936 0.0175394 0.00420229 0.00679299 0.0237675 0.0356843 0.0527823 0.0589387 0.203389 0.0209182 0.105361 0.17031 0.21858 0.158255 0.0163365 -0.00487388 0.0116327 0.512436 0.00413068 0.00513299 0.00237831 0.004391 0.000849897 -0.030401
internal_weight=41555.8 22312.9 20464.4 18482 18343.8 1982.37 17556.5 2281.02 15275.5 11883.7 1610.09 1118.57 517.164 19243 9.97056 601.407 29.8196 21.1566 17.319 15.6457 571.588 3391.82 1967.5 1.67335 10273.6 9780.4 8311.77 7597.34 5781.3 576.127
internal_count=2741648 2557689 281986 271194 140039 10792 131227 10580 120647 79293 21587 16018 2087 183959 130 13931 8619 4817 1969 1492 5312 41354 8965 477 57706 54485 48644 44771 36097 3722
is_linear=0
shrinkage=0.06


Tree=78
num_leaves=31
num_cat=0
split_feature=0 0 0 4 3 0 1 0 16 9 0 1 9 0 6 2 17 4 6 1 6 6 6 6 6 10 14 9 6 6
split_gain=9278.24 1730.37 262.821 103.474 84.9647 94.3595 79.6079 71.8501 70.5896 153.143 67.351 63.8022 54.8428 55.0561 46.5141 42.0409 41.523 41.3347 42.0182 40.1314 39.3069 38.3851 34.7047 34.2684 93.1374 188.941 96.2389 81.1772 68.8147 93.7946
threshold=0.99218881130218517 0.00061020161956548702 0.96672680974006664 -0.93738839030265797 1.5000000000000002 0.00010520932846702637 4.5000000000000009 0.99740585684776317 37.617923736572273 58.848993301391609 0.91612541675567638 7.5000000000000009 34.500261306762702 0.00010978786303894596 6.6949117183685312 -0.071540091186761842 99.206348419189467 -0.001151748525444418 0.57425999641418468 7.5000000000000009 3.5543066263198857 0.57425999641418468 3.9994803667068486 2.9991497993469243 3.0337734222412114 0.26794873178005224 17.500000000000004 97.57275772094728 2.2023533582687382 1.9994091987609866
decision_type=2 2 2 2 2 2 2 2 2 2 2 2 2 2 2 2 2 2 2 2 2 2 2 2 2 2 2 2 2 2
left_child=1 4 3 -3 5 -1 10 -2 9 11 23 20 16 -14 -8 -12 -10 -4 -19 -11 -7 -17 -20 28 25 -25 -26 -27 29 -5
right_child=7 2 17 6 -6 8 14 -9 12 19 15 -13 13 -15 -16 21 -18 18 22 -21 -22 -23 -24 24 26 27 -28 -29 -30 -31
leaf_value=-0.059009980491935531 0.044246266564079442 -0.059431691416464344 -0.0030701902370662967 0.009554244918124212 -0.058296261294749005 -0.0098305953727453876 0.0013425964381383693 0.059836821330465785 -0.042358307137499759 0.1298435168101521 0.00023866929156980143 -0.018209319029159711 0.21957499810915632 -0.058210152852376379 -0.013698293020114889 -0.0162578034241419 0.24716508198808951 -0.035860512818757254 0.037023044728679691 -0.051523993419038586 0.84032787764097661 0.023070157480977807 0.018833739226101324 0.014845582312401021 -0.00092284889872199666 -0.049847178523622984 0.037915874828335076 0.02016958861928158 0.017461925353874266 -0.010584387654909374
leaf_weight=56.843800150963943 1150.3420556485653 91.615409164282028 149.364681545645 2579.8774532356765 1710.490326674364 0.19532405876089132 7659.8495657353196 17022.987362065352 2.389593696803785 13.252320381347092 435.22223395574838 0.43453837261768058 1.8296160732861633 28.784366893174592 818.34975817019586 93.592684550210834 3.9389501751866192 33.63085762411356 1161.076160043478 5.6986339599243356 0.70403407013509423 1706.9504327876493 564.83507204242051 400.74387528945226 826.17236656264868 435.2663524528034 317.09435481356923 68.490475757862441 1738.9791461363202 1228.1014912143582
leaf_count=72230 11004 92829 412 10987 2248328 119 60703 173087 1999 1652 1236 323 666 20854 7247 251 994 241 6763 3528 61 5059 3296 1817 2900 2201 483 160 5372 5866
internal_value=0.0270847 0.000999766 0.0060291 0.00382991 -0.0549544 -0.00477215 0.0041497 0.0588525 0.0491903 0.136224 0.00782363 0.597316 -0.000929855 -0.0351882 -0.000110655 0.0169749 0.146981 0.0272143 0.0297854 0.0754566 0.747724 0.021018 0.0310846 0.00512775 -0.00150503 -0.0158817 0.00987311 -0.0403066 0.0075762 0.00305831
internal_weight=40307.1 22133.8 20309.2 18400.3 1824.56 114.071 18308.7 18173.3 57.2274 20.2849 9830.49 1.3339 36.9425 30.614 8478.2 2235.77 6.32854 1908.91 1759.54 18.951 0.899358 1800.54 1725.91 7594.73 2047.77 904.501 1143.27 503.757 5546.96 3807.98
internal_count=2742668 2558577 207823 197111 2350754 102426 104282 184091 30196 5683 36332 503 24513 21520 67950 6546 2993 10712 10300 5180 180 5310 10059 29786 7561 4178 3383 2361 22225 16853
is_linear=0
shrinkage=0.06


Tree=79
num_leaves=31
num_cat=0
split_feature=0 0 0 4 7 7 14 2 16 0 7 14 9 4 10 7 10 0 7 4 8 2 14 9 3 1 4 6 4 2
split_gain=8846 1627.62 246.619 103.572 100.36 93.4865 121.251 119.218 76.4943 73.6211 70.7954 101.862 66.0255 61.0755 108.237 93.5363 65.2618 59.6953 209.975 170.168 123.873 66.5908 59.3573 58.017 136.717 111.025 164.205 108.251 56.5583 153.134
threshold=0.99218881130218517 0.00045873867929913109 0.96672680974006664 -0.95904597640037526 0.63824188709259044 7.825135980965571e-05 11.500000000000002 -0.25812765955924982 87.652439117431655 0.99740585684776317 3.609237909317017 8.5000000000000018 88.02985000610353 -0.014686733018606899 0.072299651801586165 0.63824188709259044 0.73508772253990184 0.00010520932846702637 0.0003131125849904493 -2.3278696971829046e-05 82.637680053710952 -0.99976351857185353 2.5000000000000004 56.019323348999031 3.5000000000000004 5.5000000000000009 -0.68011146783828724 4.2222459316253671 -0.84442242980003346 -0.91912096738815297
decision_type=2 2 2 2 2 2 2 2 2 2 2 2 2 2 2 2 2 2 2 2 2 2 2 2 2 2 2 2 2 2
left_child=1 17 3 -3 -4 6 7 22 -7 -2 11 23 -9 16 15 -15 -13 -1 19 20 -19 -21 -5 -10 -25 -26 27 -27 29 -12
right_child=9 2 4 5 -6 8 -8 12 10 -11 28 13 -14 14 -16 -17 -18 18 -20 21 -22 -23 -24 24 25 26 -28 -29 -30 -31
leaf_value=-0.060001486670416465 0.043629338908936603 -0.059410188476808061 0.034306006753147066 -0.0097725692322924596 0.001368645778016429 -0.0051097033730482886 -0.0011482763145679357 0.047786184390733434 0.013511757222839026 0.059747396116207677 -0.04921059536027042 -0.019085998765607116 0.018120139057491467 0.048724855770944396 0.00062784014513226271 0.011183668583894761 0.13911716144723385 -0.025174239456602569 -0.052526750104435221 0.15226885254032715 0.88645133768425954 -0.0044665109637825016 0.015671117273922494 0.030258276428467394 -0.0070539787758003014 0.68771001583202351 0.13341358295490591 -0.027897079934993369 -0.0055878087101139734 0.53037475869904005
leaf_weight=1447.2662656386965 1103.7592562586069 91.864142023783643 1434.902125925757 435.89566893223673 433.70776882674545 4196.9938715164317 1706.2106205917662 607.9405279031489 1250.1821699733846 16010.475710978732 4.0553768261452205 505.45545730309095 488.74946676567197 321.3248545487877 3968.9910578271374 927.07717438228428 8.5752176810055953 0.72181546821957343 201.34259016864235 16.447982515557669 0.62143147771712393 22.017646410968155 1351.3659631934715 432.04873591993237 8.5553039321675914 3.015634410607166 13.295080942451021 0.84547905338695262 2122.5054978656117 1.5968709087464947
leaf_count=2029237 11012 109456 9696 2334 1024 60583 4700 2498 7796 172670 456 7737 1376 2389 12549 1635 16 955 267539 9604 89 11801 4749 2795 261 137 319 192 7185 92
internal_value=0.0263595 0.00119565 0.00590114 0.00379635 0.026666 0.00411592 0.0115301 0.0190287 0.0016428 0.0587105 0.00460516 0.00736547 0.0345938 0.0035313 0.00547622 0.0208776 -0.0161818 -0.055391 -0.0275879 0.0967424 0.59489 0.0647139 0.00946366 0.0202224 0.0384802 0.170334 0.254308 0.557508 -0.00504294 0.169647
internal_weight=39117.8 22003.6 20315.2 18446.5 1868.61 18354.7 4590.16 2883.95 13764.5 17114.2 9567.52 7439.37 1096.69 5731.42 5217.39 1248.4 514.031 1688.42 241.151 39.8089 1.34325 38.4656 1787.26 1707.94 457.76 25.7115 17.1562 3.86111 2128.16 5.65225
internal_count=2742882 2559200 239975 229255 10720 119799 15657 10957 104142 183682 43559 35826 3874 24326 16573 4024 7753 2319225 289988 22449 1044 21405 7083 11500 3704 909 648 329 7733 548
is_linear=0
shrinkage=0.06


Tree=80
num_leaves=31
num_cat=0
split_feature=0 0 5 0 5 17 9 10 7 7 5 7 10 0 5 0 6 2 7 10 7 17 1 6 6 0 1 5 6 10
split_gain=8454.69 1520.37 265.772 216.357 136.012 224.609 237.268 237.024 98.0601 94.5899 86.1839 84.3842 81.9763 72.0659 68.9276 78.4041 65.6782 61.2352 59.3363 54.8468 54.3968 48.4562 47.5967 46.077 45.8518 45.0812 135.741 100.971 100.677 85.0959
threshold=0.99218881130218517 0.00012011466969852337 0.99809545278549205 0.96672680974006664 0.00035843298246618366 99.206348419189467 46.384283065795906 0.077935222536325469 1.0467052106832854e-05 4.1304887417936704e-05 0.87587347626686107 0.72611209750175487 0.0745370388031006 0.99740585684776317 0.49479787051677709 0.0089481566101312655 3.9949316978454594 -0.016607834957540032 3.8024192690500065e-05 0.4463601559400559 6.921829117345625e-05 37.123168945312507 2.5000000000000004 8.1038098335266131 0.97775015234947216 0.03805800527334214 5.5000000000000009 0.83325815200805675 0.33056092262268072 0.098387096077203764
decision_type=2 2 2 2 2 2 2 2 2 2 2 2 2 2 2 2 2 2 2 2 2 2 2 2 2 2 2 2 2 2
left_child=1 -1 3 4 5 9 20 12 10 18 -6 19 -8 -2 -10 -16 17 22 21 -5 -7 -3 -17 -18 -21 26 28 -28 -24 -29
right_child=13 2 -4 11 8 6 7 -9 14 -11 -12 -13 -14 -15 15 16 23 -19 -20 24 -22 -23 25 -25 -26 -27 27 29 -30 -31
leaf_value=-0.059476263661252068 0.043316780768353054 0.16028526766341455 -0.060260879956028801 0.048627731023854703 0.0087164734835246966 0.25428915010714892 0.29959454142428776 -0.03016514165046932 -0.0034055388536132687 -0.057113032769516778 0.035160184638015145 0.0019472897118438465 1.3674333032197661 0.059646595368829165 -0.059281942854076043 0.022834533220675194 0.00072229692788675331 -0.012381452254781928 0.51947654794219389 -0.05026537872887446 -0.046735022654009542 -0.050950352700119751 0.44261338687565044 -0.036777787522819939 0.026360252654428491 0.0080436958686966372 -0.043480177634315498 -0.033169273122978279 -0.058333061134847687 0.50259263852807834
leaf_weight=1389.0383217973285 1053.6088449629024 11.221765304158913 218.58659667539177 508.63429098948836 1828.2469227501424 3.7934929745970276 1.2030765010858888 1.0057923432323148 5315.2774094473571 19.264811846311204 585.34967467561364 409.80665301717818 0.5924278235179371 15101.711227351334 66.900856099906377 1007.6491252112901 4106.7572011322482 432.90614579361863 0.37673668190836807 28.163681230507791 3.4545150574413128 5.1675914896768509 0.58578268846031534 120.44414529879577 861.932996051386 4696.5102063765517 2.3324110000394276 1.1870813497225752 15.287490845890714 4.3178231877391227
leaf_count=2062124 10959 863 256370 3487 5762 510 154 646 107780 19168 2589 815 42 172746 53886 2431 13353 1343 209 218 2426 3045 26 606 6075 12585 114 202 1562 259
internal_value=0.0257402 0.00122559 0.0053907 0.00610983 0.00414537 0.105997 0.34281 0.730557 0.00388145 0.0324736 0.0151416 0.0258981 1.01505 0.0585844 0.00215726 0.00498546 0.00540502 0.0093564 0.132832 0.0329089 0.122545 0.0945824 0.0110012 -0.000354625 0.023882 0.00847077 0.089316 0.277829 -0.0147103 0.399722
internal_weight=37801.3 21646 20257 20038.4 18229.8 46.0802 10.0493 2.8013 18183.8 36.0309 2413.6 1808.54 1.7955 16155.3 15770.2 10454.9 10388 6160.78 16.7661 1398.73 7.24801 16.3894 5727.87 4227.2 890.097 4720.22 23.7106 7.83732 15.8733 5.5049
internal_count=2742355 2558650 496526 240156 229561 27063 3778 842 202498 23285 8351 10595 196 183705 194147 86367 32481 18522 4117 9780 2936 3908 17179 13959 6293 14748 2163 575 1588 461
is_linear=0
shrinkage=0.06


Tree=81
num_leaves=31
num_cat=0
split_feature=0 0 5 2 7 10 5 17 15 2 5 0 10 6 5 7 17 7 6 6 6 10 6 16 6 10 16 2 7 7
split_gain=7997.09 1462.09 237.206 188.785 179.26 184.389 130.876 168.769 127.333 112.338 82.6786 78.7082 67.6352 64.3155 63.5116 58.1668 52.559 50.0242 55.3996 49.5137 61.4721 78.2968 77.4213 65.554 63.9438 85.8825 81.8789 82.9785 63.2223 51.6536
threshold=0.99218881130218517 0.00013726406905334446 0.99809545278549205 -0.10720207542181014 0.55332806706428539 0.35857143998146063 0.00035843298246618366 99.206348419189467 1.0000000180025095e-35 -0.99985566735267628 0.94936829805374157 0.99740585684776317 0.077935222536325469 6.6949117183685312 0.49479787051677709 1.0000000180025095e-35 88.303691864013686 2.4993221813929271e-05 0.79617789387702953 1.9977397322654726 2.094290137290955 0.21583850681781772 2.9935092926025395 46.737588882446296 3.0116328001022343 0.22401433438062671 67.333332061767592 -0.83011069893836964 0.001115475199185312 0.00076210941188037406
decision_type=2 2 2 2 2 2 2 2 2 2 2 2 2 2 2 2 2 2 2 2 2 2 2 2 2 2 2 2 2 2
left_child=1 -1 3 6 5 14 7 9 12 -3 -7 -2 -9 19 -5 -11 -6 -12 -19 -8 21 -21 28 -23 25 -24 27 -27 -22 -28
right_child=11 2 -4 4 16 10 13 8 -10 15 17 -13 -14 -15 -16 -17 -18 18 -20 20 22 23 24 -25 -26 26 29 -29 -30 -31
leaf_value=-0.059090646970471623 0.042207217367597021 0.57886807987910316 -0.060187563394111881 -0.0052817904282354191 -0.043986260996130684 0.0032277767784416747 0.011549465118636493 0.52577043885016639 0.059930900047100326 0.14146641841810403 0.04050944879925119 0.059584854995247016 -0.026815410798409645 -0.018588605758565097 0.046095725610339963 -0.057138767370028369 0.00460414708325618 -0.061943071360302561 0.01897806927994625 0.0098068914642031428 0.024444296465885341 0.0088783111000825046 0.01116580353058288 -0.034190123439989555 0.0018197992166309384 -0.054032663044659722 -0.059776385710339726 0.033260921297674967 0.0013213015862013912 -0.0075356272251854125
leaf_weight=1335.2465573669178 1016.4097320893779 0.24866278492845495 193.78859426622512 93.707109272712842 81.319100002001505 1333.8863858298282 1873.0603020531707 5.3588712568161991 5.3422324631828815 6.2519301244756269 448.61662412248552 14247.516640877817 0.80421594844665367 538.91810293338494 1113.4696286678081 18.818663596757688 3032.8673177877208 30.422885614447296 1036.2966246046126 369.7227015394601 943.84777347702766 165.24928622948937 274.90005417115754 546.82366287603509 6852.1667260822724 58.228593220585026 266.34475619369186 114.95212434697896 774.92968063632725 91.867802580236457
leaf_count=2094134 11031 83 238493 2890 1212 4698 19175 567 2106 990 2646 172845 482 11491 6248 17322 6385 185 6175 8203 3991 2825 5604 3357 100807 2534 1193 177 14319 414
internal_value=0.0251859 0.0016997 0.00570642 0.00634537 0.0141505 0.0224612 0.0020087 0.113453 0.293877 0.0234164 0.0141259 0.0584305 0.459987 0.00168106 0.0421065 -0.00408542 0.00332162 0.0237106 0.0166143 0.00256829 0.000958943 -0.0125772 0.0025217 -0.0241969 -6.16612e-05 -0.0160334 -0.0300987 0.00376848 0.0140259 -0.0464369
internal_weight=36871.4 21607.5 20272.2 20078.4 7170.59 4056.4 12907.8 36.8246 11.5053 25.3193 2849.22 15263.9 6.16309 12871 1207.18 25.0706 3114.19 1515.34 1066.72 12332.1 10459 1081.8 9377.24 712.073 7658.46 806.293 531.393 173.181 1718.78 358.213
internal_count=2742582 2558706 464572 226079 30439 22842 195640 21550 3155 18395 13704 183876 1049 174090 9138 18312 7597 9006 6360 162599 143424 14385 129039 6182 110729 9922 4318 2711 18310 1607
is_linear=0
shrinkage=0.06


Tree=82
num_leaves=31
num_cat=0
split_feature=0 0 0 4 7 8 0 7 8 5 5 7 4 1 10 14 7 3 3 9 2 14 10 17 2 5 4 9 0 17
split_gain=7791.77 1369.37 192.273 154.992 92.4376 99.8224 82.57 78.8695 68.9615 57.0272 58.9836 56.2968 93.3363 98.1622 88.7392 104.442 72.561 66.0843 57.8795 56.6923 55.3822 59.3538 54.5863 54.2659 53.0834 58.3308 92.2447 52.0162 55.8645 77.0256
threshold=0.99218881130218517 0.00026440984220243996 0.96672680974006664 -0.88000279664993275 5.27071169926785e-05 97.01425933837892 0.99740585684776317 0.97260648012161266 96.128871917724624 0.77991238236427318 0.0011921658297069373 1.8965213894844057 -0.84442242980003346 5.5000000000000009 0.11269841343164445 2.5000000000000004 0.46130828559398657 7.5000000000000009 10.500000000000002 23.278391838073734 -0.9935147464275359 3.5000000000000004 0.51086956262588512 79.583332061767592 -0.99632024765014637 0.0021058855345472698 -0.00026378255279269064 39.905212402343757 0.0035933539038524036 82.480819702148452
decision_type=2 2 2 2 2 2 2 2 2 2 2 2 2 2 2 2 2 2 2 2 2 2 2 2 2 2 2 2 2 2
left_child=1 -1 3 -3 5 9 -2 22 11 10 -5 14 13 -13 15 -6 19 -15 -19 20 21 -17 -4 -21 -16 26 -26 -25 29 -29
right_child=6 2 7 4 8 -7 -8 -9 -10 -11 -12 12 -14 17 24 16 -18 18 -20 23 -22 -23 -24 27 25 -27 -28 28 -30 -31
leaf_value=-0.05696338386232408 0.041302796611895218 -0.056009169540491906 0.043592341084793339 0.057630332848448769 -0.0087554573027610553 0.053021699604997814 0.05954689403578254 -0.00071811326703138663 0.01111268052017469 0.020870974033021263 0.0032604543003788293 -0.048820753564071201 -0.010002242065053004 -0.03319485443279957 -0.031956980338462414 0.30486203775249193 0.0097329024539156411 0.53590945584683514 -0.025203290423431748 -0.032525316216125255 0.050030692968186539 -0.044005830284414738 0.019599091867342884 -0.022269737318341878 0.38503867475194398 -0.00074613634476982879 0.041661245838213366 0.26290693003155086 0.028901704757078175 0.059642484459327842
leaf_weight=1361.9370181220002 967.4639463769272 155.85645143181318 641.19732797145844 72.965287960250862 590.04229166958248 201.94195184705313 13418.7585575087 360.60822720453143 2316.3026099938434 1155.1744616311044 2498.8934738412499 3.6937182678375375 2076.0024453944643 1.1960465479642151 196.74526626378065 5.0985636942787087 871.63951924018329 2.7880685518030082 0.69658624689327542 60.14470812381478 310.5338901298237 2.1449195558670908 735.22829294763505 53.149795084958896 2.4173036584397805 7519.4922539860709 17.945962784055155 8.1011477792053466 169.01330643612891 29.211528871150222
leaf_count=2233693 10942 181181 4476 3747 7789 1160 172638 821 10773 3547 6761 212 8598 136 32819 63 5788 46 62 4801 1174 157 5455 3532 346 34699 1209 572 657 4380
internal_value=0.0241717 0.00123344 0.0051876 0.00337812 0.00389071 0.0120368 0.0583229 0.02426 0.00164186 0.00980247 0.00482476 -0.000199291 -0.00915395 0.179772 0.00169912 0.0126372 0.0210022 0.337001 0.443134 0.0363735 0.0542921 0.20875 0.0307997 0.0184444 -0.00126984 -0.000464961 0.0985386 0.0303384 0.0439324 0.109485
internal_weight=35806.4 21420.2 20058.2 18321.2 18165.3 3928.98 14386.2 1737.03 14236.4 3727.03 2571.86 11920.1 2084.38 8.37442 9835.68 2099.08 1509.04 4.6807 3.48465 637.398 317.777 7.24348 1376.43 319.62 7736.6 7539.86 20.3633 259.476 206.326 37.3127
internal_count=2742234 2558654 324961 314209 133028 15215 183580 10752 117813 14055 10508 107040 9054 456 97986 28913 21124 244 108 15336 1394 220 9931 13942 69073 36254 1555 9141 5609 4952
is_linear=0
shrinkage=0.06


Tree=83
num_leaves=31
num_cat=0
split_feature=0 0 0 5 7 0 7 8 7 9 5 6 9 17 2 14 7 16 10 9 0 2 10 14 8 10 7 7 16 9
split_gain=7497.36 1268.44 143.519 113.068 94.9746 83.3821 71.832 92.2544 90.522 88.088 66.0737 61.0968 56.1326 55.4374 54.084 58.2875 103.236 77.9614 64.9149 56.2398 53.8861 75.4322 52.6777 51.6115 82.3319 116.295 70.0408 88.6605 103.693 92.4598
threshold=0.99218881130218517 0.00033955277467612183 0.96672680974006664 0.99809545278549205 0.96200314164161693 0.99740585684776317 3.609237909317017 98.332870483398452 0.0068542195949703464 28.644688606262211 0.2359685152769089 6.9994382858276376 93.515834808349624 28.919860839843754 -0.97785523533821095 7.5000000000000009 0.00064628527616150688 97.498435974121108 0.54772728681564342 62.532051086425788 0.00090632398496381949 -0.99914869666099537 0.43167701363563543 3.5000000000000004 63.224515914916999 0.45643940567970281 0.0057773799635469922 0.0039138230495154866 55.68475532531739 67.70032119750978
decision_type=2 2 2 2 2 2 2 2 2 2 2 2 2 2 2 2 2 2 2 2 2 2 2 2 2 2 2 2 2 2
left_child=1 12 3 6 22 -2 7 10 -9 -10 13 14 -1 -3 -12 16 18 -18 -16 -19 21 -15 -4 -22 25 26 27 -25 29 -29
right_child=5 2 4 -5 -6 -7 -8 8 9 -11 11 -13 -14 20 15 -17 17 19 -20 -21 23 -23 -24 24 -26 -27 -28 28 -30 -31
leaf_value=-0.056725898274266072 0.040799876954520836 0.0164580480643296 0.046351676143092976 -0.059592695620987728 -0.0046894236105585099 0.059443490066616402 -0.006439882040310198 0.043047935094218753 0.016946927288386138 -0.034828505267070785 -0.048298064526359999 -0.020971617051899389 0.106802102103128 -0.02313871503762668 0.03690547229622005 0.0039339444338951247 -0.0035023573908988742 0.011466825221843968 0.011655377506916965 0.051982178277079835 -0.015832023548243496 0.08634540572511909 0.020710442558084307 0.039002177156565877 -0.0082978065207438417 -0.025951722732723028 -0.028600954058366081 0.57501326793200036 0.022100709889198128 0.10421255519348545
leaf_weight=1315.918862980674 937.02057506144047 463.20277963316767 437.40428008139133 101.32836618548026 379.86340928077698 12663.776102763601 2223.0603386766743 419.32150841061957 856.8787929987302 136.26625865331152 62.528365815174766 290.33162210177397 6.7181029521743758 38.974544924101792 813.17372390720993 6629.9492508727708 1364.0589904361987 492.60685507778544 669.06208558939397 163.9344797617523 1368.4600973487832 51.985006136004813 853.54662592615932 340.26001550303772 1435.3066661821213 151.07597773801535 52.586000517942011 2.5566187943331879 6.7279240800999105 3.5588171144481748
leaf_count=2275610 11051 6676 3329 130989 905 172800 8404 3406 2304 3834 26241 2735 1165 18555 1881 16245 7797 1683 1633 552 16637 5424 6471 2142 11323 1096 1357 17 106 49
internal_value=0.0234168 0.00105124 0.00485101 0.00330026 0.0216727 0.0581621 0.00365689 0.00507667 0.0197045 0.0098151 0.00364063 0.00612378 -0.0558152 -0.00301044 0.00689736 0.00724269 0.0135024 0.00467592 0.0255234 0.0216469 -0.0056272 0.0396919 0.0294274 -0.00686529 -0.000700714 0.0188639 0.0355757 0.045187 0.194388 0.354186
internal_weight=34731.4 21130.6 19808 18137.2 1670.81 13600.8 18035.9 15812.8 1412.47 993.145 14400.3 10485.6 1322.64 3914.69 10195.3 10132.8 3502.84 2020.6 1482.24 656.541 3451.49 90.9596 1290.95 3360.53 1992.07 556.765 405.689 353.103 12.8434 6.11544
internal_count=2742417 2558566 281791 271086 10705 183851 140097 131693 9544 6138 122149 58767 2276775 63382 56032 29791 13546 10032 3514 2235 56706 23979 9800 32727 16090 4767 3671 2314 172 66
is_linear=0
shrinkage=0.06


Tree=84
num_leaves=31
num_cat=0
split_feature=0 0 5 0 5 17 2 0 7 9 17 5 6 6 7 2 9 7 7 7 14 6 6 6 0 16 6 14 10 1
split_gain=7298.41 1165.32 194.631 171.105 97.8645 127.006 103.186 87.2358 76.4961 80.4787 98.9274 79.1076 71.7616 146.534 67.7189 66.5654 66.3545 65.7064 64.5216 89.1644 81.0192 60.3227 79.4558 65.4657 59.9241 59.3392 65.0459 86.3284 55.1304 54.4118
threshold=0.99218881130218517 0.00013726406905334446 0.99783298373222362 0.96672680974006664 0.00035843298246618366 99.206348419189467 -0.99985566735267628 0.99890872836112987 5.27071169926785e-05 71.707641601562514 99.206348419189467 0.06023716367781163 3.9971848726272587 4.020545721054078 0.63824188709259044 -0.99481073021888722 46.384283065795906 0.97260648012161266 0.0011997189139947297 0.0010448396787978711 9.5000000000000018 3.2715010643005376 2.9962232112884526 2.1575815677642827 0.00090632398496381949 75.93103408813478 3.0648717880249028 3.5000000000000004 0.39009661972522741 4.5000000000000009
decision_type=2 2 2 2 2 2 2 2 2 2 2 2 2 2 2 2 2 2 2 2 2 2 2 2 2 2 2 2 2 2
left_child=1 -1 3 4 5 6 -3 17 9 11 -11 28 21 -14 -5 18 -7 -2 19 25 24 22 23 -12 -21 -10 -27 -28 -6 -17
right_child=7 2 -4 14 8 16 -8 -9 15 10 12 -13 13 -15 -16 29 -18 -19 -20 20 -22 -23 -24 -25 -26 26 27 -29 -30 -31
leaf_value=-0.058903518310541969 0.046435965213091512 0.50399993415793309 -0.060226712587928062 0.029945701766953797 -0.0054695363730592333 0.10358878212439371 -0.02477655463036434 0.059886821266662754 -0.031971843010505617 0.016575198158730358 -0.0081319017232783716 0.037564837028754815 -0.098953386917328134 -0.009418596525656759 0.0018868188456331763 0.0046979054429416075 0.37737918587404223 -0.051642825336842758 -0.04647917141664952 0.20563931998756044 0.40943541969575115 0.032003352561756356 -0.040863851380542229 0.031000487614161465 -0.053966107040005519 -0.036392052733619569 0.18265855942060014 0.0044961601226751321 0.09114037275282473 -0.0029097706223947567
leaf_weight=1124.5864861523733 1604.1011074511334 0.41397741320542891 168.12640795734478 1234.5453118821606 306.33521903830115 8.0436480493517575 21.041322722914632 11195.957753107883 139.44523021089844 1382.8573774482356 467.25696906191297 627.67206833697855 80.277772029861808 347.07962974533439 413.39539007097483 7351.5302219097503 5.8046752362279213 24.1891840682365 209.82590431021526 4.6831455862265994 2.2517918908852144 202.82058872096241 170.41432192409411 228.28113114461303 6.6081734346225858 25.367331786022987 16.995809312677011 21.588378631451633 21.845068593509495 6270.28256027936
leaf_count=2094569 21407 84 240458 9716 2534 2528 19030 162007 13783 4847 1310 2361 405 1045 847 26030 703 190 94373 1477 66 416 632 435 320 1386 789 1647 48 37112
internal_value=0.0223759 0.000476514 0.0038631 0.00441684 0.00271466 0.101128 0.00741636 0.0579937 0.00251474 0.0100244 0.00501213 0.0251001 -0.00567942 -0.0264292 0.0229124 0.000464268 0.236038 0.0449481 -0.0228413 0.000129801 0.143676 0.00263448 -0.00427318 0.00473773 0.0616772 -0.0100843 0.0373985 0.0856061 0.00121856 0.00119605
internal_weight=33683.6 20859.4 19734.8 19566.7 17918.7 35.3036 21.4553 12824.2 17883.4 3834.84 2878.99 955.852 1496.13 427.357 1647.94 14048.6 13.8483 1628.29 426.766 216.94 13.5431 1068.77 865.952 695.538 11.2913 203.397 63.9515 38.5842 328.18 13621.8
internal_count=2742555 2558951 464382 223924 213361 22345 19114 183604 191016 14033 9090 4943 4243 1450 10563 176983 3231 21597 113841 19468 1863 2793 2377 1745 1797 17605 3822 2436 2582 63142
is_linear=0
shrinkage=0.06


Tree=85
num_leaves=31
num_cat=0
split_feature=0 0 0 7 10 5 0 5 7 17 8 10 7 5 10 9 17 10 7 17 10 8 4 5 7 6 5 7 9 17
split_gain=6993.77 1113.65 155.962 196.069 135.617 102.456 90.7043 67.6855 50.5841 47.86 45.6233 42.7539 91.4553 84.416 69.4165 58.2134 96.484 57.1242 57.0653 69.1699 55.3769 53.8611 47.9235 44.7764 52.0041 51.3738 47.6908 43.48 51.7067 43.0439
threshold=0.99218881130218517 0.00026440984220243996 0.91612541675567638 0.55332806706428539 0.28801843523979193 0.99755212664604198 0.99890872836112987 0.98173660039901745 0.98037543892860424 89.181285858154311 53.399339675903327 0.23669467866420749 0.054103799164295203 0.31739783287048345 0.042572464793920524 76.220237731933608 99.206348419189467 0.092329546809196486 0.030745055526494983 79.583332061767592 0.12660256773233416 50.820554733276374 -0.61291360855102528 0.2359685152769089 7.8532375482609512e-06 0.97775015234947216 0.0029789878753945236 6.4794403442647322e-05 87.112743377685561 63.286264419555671
decision_type=2 2 2 2 2 2 2 2 2 2 2 2 2 2 2 2 2 2 2 2 2 2 2 2 2 2 2 2 2 2
left_child=1 -1 5 4 -4 11 8 10 -2 -5 -6 12 13 14 -3 20 -17 -16 27 -20 -14 -21 -18 24 26 -26 -13 -19 29 -29
right_child=6 2 3 9 7 -7 -8 -9 -10 -11 -12 23 15 -15 17 16 22 18 19 21 -22 -23 -24 -25 25 -27 -28 28 -30 -31
leaf_value=-0.056846817164835577 0.04576132549638829 -0.018634004907529457 0.048411653323905353 -0.049384341988769558 0.031632759400164405 -0.059485878625142916 0.059892166555638823 0.033962126706263022 -0.03631931608224935 0.0013229731857372874 0.005109899644534649 0.047955610200824561 -0.00051815843465117205 0.033516796660528349 0.0354478082224116 -0.047643388681653298 0.15924042519323869 0.023342030576530982 -0.071949065949188512 0.32043142964214893 -0.038515619994374722 0.079425012822628649 0.046633955147780529 0.0012265728329399637 -0.056289926838777329 -0.010742550218106457 7.9375324453917487e-05 0.029243681414312973 0.056323457866454076 -0.01760329744911554
leaf_weight=1148.7760184867075 1535.9120073053055 296.74834623042261 621.50669968128204 68.190554530359805 285.41285301744938 99.796838821843266 10571.634011693764 584.19597974512726 26.815277506131679 2124.4667469225824 1266.4871415365487 89.582640922861174 3492.9492328804336 626.42282090801746 319.4334596125409 37.028623480873648 15.128632956941145 254.56395700096618 9.0998176123830472 2.9241149784065774 142.76138142292621 33.988627560785972 100.25853305007331 6162.3799863620661 92.849759078468196 1811.9024739248562 432.72825583443046 81.497013483080082 43.383384563727304 491.53432439843891
leaf_count=2233348 21447 8420 4533 402 1247 159335 162292 4955 199 4257 5550 1066 41163 1836 8541 1276 298 1728 441 33 6629 446 266 20691 2081 33420 1263 4022 448 10809
internal_value=0.0217147 0.000542698 0.00391128 0.0131164 0.0237612 0.000797391 0.0578919 0.0165698 0.0443306 -0.000275793 0.010005 0.0012153 0.00512513 0.0149759 0.00738354 -0.00049322 0.0357108 0.0136379 0.00601008 0.0704005 -0.00202036 0.106465 0.0626393 -0.00149233 -0.00839336 -0.0129912 0.00836668 0.00253159 -0.00608649 -0.0109013
internal_weight=32870.4 20736 19587.2 4950.26 2757.6 14637 12134.4 2136.1 1562.73 2192.66 1551.9 14537.2 5947.72 2159.6 1533.17 3788.13 152.416 1236.42 916.991 46.0126 3635.71 36.9127 115.387 8589.44 2427.06 1904.75 522.311 870.979 616.415 573.031
internal_count=2742442 2558504 325156 20944 16285 304212 183938 11752 21646 4659 6797 144877 86356 36724 34888 49632 1840 26468 17927 920 47792 479 564 58521 37830 35501 2329 17007 15279 14831
is_linear=0
shrinkage=0.06


Tree=86
num_leaves=31
num_cat=0
split_feature=0 0 4 0 7 9 0 6 1 2 8 17 6 8 2 7 10 10 7 9 6 10 2 0 6 14 15 7 4 3
split_gain=6732.11 1020.58 173.05 119.49 156.924 149.547 95.8592 61.7097 60.3782 49.5115 67.696 58.2129 75.693 84.0239 59.9037 111.636 49.3732 58.6151 46.4591 55.6474 70.9387 55.2344 50.6265 65.354 55.2416 45.5807 58.7198 45.4905 52.0738 45.2111
threshold=0.99218881130218517 0.00010520932846702637 -0.95904597640037526 0.91612541675567638 0.90090259909629833 73.357315063476577 0.99740585684776317 0.33056092262268072 3.5000000000000004 -0.97785523533821095 69.614067077636733 74.754901885986342 4.2222459316253671 57.804552078247077 -0.99983397126197804 4.1304887417936704e-05 0.077935222536325469 0.053342817351222045 7.8532375482609512e-06 61.916847229003913 1.0010587573051455 0.19292803853750232 -0.9972475767135619 0.00156373274512589 5.0281038284301767 3.5000000000000004 1.0000000180025095e-35 6.4794403442647322e-05 -1.0000000180025095e-35 3.5000000000000004
decision_type=2 2 2 2 2 2 2 2 2 2 2 2 2 2 2 2 2 2 2 2 2 2 2 2 2 2 2 2 2 2
left_child=1 -1 -3 9 5 -5 -2 -7 -9 10 11 14 -13 -14 15 -4 17 -12 21 22 -21 -16 -20 29 -25 -15 27 -27 -29 -24
right_child=6 2 3 4 -6 7 -8 8 -10 -11 16 12 13 25 18 -17 -18 -19 19 20 -22 -23 23 24 -26 26 -28 28 -30 -31
leaf_value=-0.059966251919267181 0.037910380990367594 -0.059650349245632638 0.30398601933262243 0.047650580986130141 -0.00023324486866328965 -0.043709573962460002 0.059257732769450906 0.027232889835293084 0.0066867514323155682 0.0022754695489782032 -0.033849848916576539 0.0014745494771496602 -0.019319021618239139 0.038990086767343293 -0.066340257346054504 -0.051570030192890165 -0.039826218466351683 0.039501057742182377 -0.042475885544703211 0.10064779105235579 -0.036076104339578342 0.023461963162495481 0.10739312025088503 0.00076003855813237906 0.1137184562143396 -0.053383486926695221 0.0040442339957644678 -0.043568952417725196 0.22729781305299232 0.57746039332175991
leaf_weight=962.3063065627357 822.88750466424972 155.02235213498352 5.1394070719252323 606.27831555623561 2162.8043087432161 63.929165640845895 10619.826369319111 917.59307307936251 1173.6683420268819 12990.340614654444 81.816961703967536 198.818280221225 27.947795389482053 24.987586983275833 27.268237554468215 6.0851156224962324 344.74181514891097 73.500874710880453 40.774223154206993 13.202330110536421 398.055256297288 193.1164274874609 3.481916175835067 72.300583569798619 18.873862908687443 2.3292561756679815 8.5199715158960299 2.5018502949969905 25.727564263914243 0.25153736560605455
leaf_count=2027960 11009 299544 971 4430 4440 307 172701 5440 6490 59087 24289 14232 3143 2240 778 9945 20977 5266 19011 233 42580 1861 354 1391 314 85 718 908 351 157
internal_value=0.0208273 0.000330746 0.00328818 0.00379197 0.0118704 0.0213468 0.057726 0.0139286 0.0157106 0.00105913 -0.00900365 -0.000476116 0.0223826 0.067058 -0.00903292 0.122779 -0.0272025 0.000892551 -0.0111184 -0.0204795 -0.0314535 0.0121012 0.0127696 0.0366995 0.0251234 0.104456 0.144299 0.182036 0.202623 0.254368
internal_weight=32044.1 20601.4 19639.1 19484.1 4924.27 2761.47 11442.7 2155.19 2091.26 14559.8 1569.44 1069.38 290.832 92.014 778.549 11.2245 500.06 155.318 767.324 546.94 411.258 220.385 135.682 94.9079 91.1744 64.0662 39.0786 30.5587 28.2294 3.73345
internal_count=2741212 2557502 529542 229998 21107 16667 183710 12237 11930 208891 149804 99272 21677 7445 77595 10916 50532 29555 66679 64040 42813 2639 21227 2216 1705 4302 2062 1344 1259 511
is_linear=0
shrinkage=0.06


Tree=87
num_leaves=31
num_cat=0
split_feature=0 0 5 5 0 5 17 8 7 10 5 7 7 10 16 5 8 5 14 14 9 6 9 7 8 6 6 4 5 7
split_gain=6398.37 965.984 167.489 151.181 95.7701 86.6687 95.3323 74.6382 114.225 98.7329 66.2217 58.6454 56.3976 98.0588 109.951 75.0352 88.5377 72.7652 72.2985 71.7301 96.5212 60.7654 59.8821 55.7818 55.4236 49.305 48.7229 48.4352 47.268 56.9782
threshold=0.99218881130218517 0.00012554135173559192 0.99809545278549205 0.97644221782684337 0.99890872836112987 0.00033015580265782779 99.206348419189467 96.128871917724624 0.011774214450269939 0.47722567617893225 0.007256704382598401 0.97260648012161266 0.14056493341922763 0.096006143838167204 91.779277801513686 0.085427075624465956 70.659969329833999 0.007256704382598401 6.5000000000000009 3.5000000000000004 71.241439819335952 8.1038098335266131 85.201290130615249 0.0044254653621464976 95.538970947265639 6.2692110538482675 0.080883663147687926 -0.80003023147582997 0.03108292538672686 0.014719572849571707
decision_type=2 2 2 2 2 2 2 2 2 2 2 2 2 2 2 2 2 2 2 2 2 2 2 2 2 2 2 2 2 2
left_child=1 -1 3 5 11 6 -3 12 9 10 -9 -2 13 14 -7 16 19 -16 22 28 -21 -14 23 -17 -18 -24 -10 -5 -15 -30
right_child=4 2 -4 27 -6 7 -8 8 26 -11 -12 -13 21 15 17 18 24 -19 -20 20 -22 -23 25 -25 -26 -27 -28 -29 29 -31
leaf_value=-0.059185783410677768 0.044623783827306827 0.014331815339467167 -0.060118314445067891 -0.057717518737903574 0.05976925508152426 0.0034322321319321986 0.1995372661688852 -0.036919145727333347 -0.096403089244782761 -0.095828034192499328 0.046940322792924587 -0.048128680268798567 -0.0045408452626118558 -0.019413035528597473 -0.04705148924206886 0.032398132915787456 -0.029588122939133633 0.048415343174853805 0.00019040312371017002 0.045955158592485577 -0.0063564834343844126 -0.06974083115454667 0.0078898144589951095 -0.0097347818365833248 0.25471109381454526 -0.043109316919204499 0.0062484332639668305 0.02878208989297331 -0.0024037792860059676 0.07018391994311135
leaf_weight=930.92604565082001 1404.77642137371 25.198078877845546 147.58855150218005 22.981850925832987 9381.1300018951297 612.31487915790058 15.782576108409556 35.718711481575156 15.773578722903038 18.738338019698858 485.12934033636702 24.199365846347064 3907.0137667877134 674.45883465267252 30.001151686534286 693.45421057101339 601.15474467547028 433.55266778334044 6122.2790947735775 227.60438861811417 285.15984599490184 51.152961751591647 1450.5109344130033 134.66071234759875 1.4888252686941985 70.62416203902103 2234.4080407276633 962.66398569312878 221.10687211155891 46.23364168923581
leaf_count=2073039 21505 20130 250746 27613 162050 16291 3100 3792 130 82 2344 192 50953 34666 5603 1402 11187 4306 15109 6523 5680 905 3926 1247 5 266 9160 7896 775 2413
internal_value=0.0202238 0.000493335 0.00334139 0.00382776 0.0575594 0.00260026 0.0887127 0.00240315 0.0114387 0.0362051 0.0411297 0.0430205 0.000782819 0.00289227 0.0201375 0.00112834 -0.00914761 0.0421488 0.00362451 -0.00113013 0.0169077 -0.00540085 0.0125701 0.0255434 -0.028465 0.00549523 0.00548635 0.0267088 -0.0109584 0.0103642
internal_weight=31267.8 20457.7 19526.8 19379.2 10810.1 18393.5 40.9807 18352.5 2789.77 539.586 520.848 1428.98 15562.8 11604.6 1075.87 10528.7 2057.21 463.554 8471.53 1454.56 512.764 3958.17 2349.25 828.115 602.644 1521.14 2250.18 985.646 941.799 267.341
internal_count=2743036 2559289 486250 235504 183747 199995 23230 176765 15508 6218 6136 21697 161257 109399 26200 83199 61249 9909 21950 50057 12203 51858 6841 2649 11192 4192 9290 35509 37854 3188
is_linear=0
shrinkage=0.06


Tree=88
num_leaves=31
num_cat=0
split_feature=0 0 5 5 6 0 5 6 2 6 7 9 10 7 6 16 6 6 9 9 2 14 7 4 14 6 6 10 7 13
split_gain=5972.44 925.194 171.737 121.759 111.22 104.425 94.6802 78.0259 88.6222 66.4401 57.6315 88.1942 50.5871 113.855 93.8225 113.476 63.5327 103.174 69.594 54.9512 53.2556 52.6647 50.1312 50.8416 48.9545 47.7353 59.4543 51.8242 47.1198 46.8003
threshold=0.99218881130218517 0.00010520932846702637 0.99809545278549205 0.97644221782684337 4.9902315139770517 0.99740585684776317 0.00035843298246618366 0.92558395862579357 -0.071540091186761842 4.9234395027160653 0.94700521230697643 71.241439819335952 0.11882352828979494 0.0057773799635469922 5.0073704719543466 52.73088455200196 5.9973108768463144 6.0138678550720224 95.356536865234389 59.105201721191413 -0.91912096738815297 40.500000000000007 0.0003131125849904493 -2.3278696971829046e-05 20.500000000000004 1.9994091987609866 2.000795960426331 0.37797619402408605 0.0068542195949703464 1.0000000180025095e-35
decision_type=2 2 2 2 2 2 2 2 2 2 2 2 2 2 2 2 2 2 2 2 2 2 2 2 2 2 2 2 2 2
left_child=1 -1 3 4 6 -2 22 -8 9 25 11 -10 13 -6 15 -14 19 18 -18 -16 -15 -17 23 -3 -19 -9 27 -27 -21 -22
right_child=5 2 -4 -5 12 -7 7 8 10 -11 -12 -13 14 20 16 21 17 24 -20 28 29 -23 -24 -25 -26 26 -28 -29 -30 -31
leaf_value=-0.059955199100633669 0.035868742575095869 0.2725598130799885 -0.060069434468035705 0.025106500765635757 0.041081935683717506 0.059044571895764994 -0.013821155800719529 0.011627443356456836 0.04982489328008198 0.028292590824994836 0.0067417077200915077 0.015390335530695074 0.012922748421873357 -0.063855920251638512 -0.076477651008562436 -0.078233969799742509 -0.11657463115880475 -0.022548499878169724 -0.013388413879873589 0.011610708059637136 -0.0032721775659276843 0.040303052472790049 -0.052379554637884289 0.083946600758580153 0.010453795978895944 0.01221491825078842 0.0020435908144077657 -0.054634612798663364 -0.023991755751196293 0.12170003553327659
leaf_weight=854.59358474842156 761.95556756760925 5.6286480456765267 149.43564877210883 960.09886667097453 228.01077782700304 9459.4781975410879 731.22844042489305 1976.9599213874026 372.07622193358839 391.83860874804668 1154.4624738842249 954.26829799916595 85.986757062695688 51.520366017037304 29.288232180144405 181.40324423907441 60.106741850060644 486.82573650640552 38.732567739672959 792.94570358248893 1319.0105674268561 13.971820896491407 6.7795053569716393 32.291393549676286 241.39848299633013 62.447734160727123 8885.7692521976714 123.06113847711822 159.99469917576062 9.8768026679754239
leaf_count=2028701 11036 800 274664 38274 9132 172901 8930 16088 2710 3546 1999 4171 1567 12065 1753 1634 1281 9673 168 6442 3713 32 9057 15005 727 862 101729 564 3110 14
internal_value=0.0199007 0.00111267 0.00379118 0.00428729 0.00319941 0.0573206 0.00553993 0.00527061 0.00627437 0.00404428 0.0165525 0.0250804 -0.00609869 0.0019006 -0.0122508 -0.0444204 -0.00722638 -0.0194686 -0.0766777 0.0030912 -0.00459628 -0.069595 0.0917715 0.118227 -0.0116093 0.0031818 0.00134012 -0.0321863 0.00561432 -0.00225252
internal_weight=30581.4 20360 19505.4 19356 18395.9 10221.4 14696.8 14652.1 13920.9 11440.1 2480.81 1326.34 3699.07 1608.42 2090.65 281.362 1809.29 827.064 98.8393 982.229 1380.41 195.375 44.6995 37.92 728.224 11048.2 9071.28 185.509 952.94 1328.89
internal_count=2742348 2558411 529710 255046 216772 183937 165461 140599 131669 122789 8880 6881 51311 24924 26387 3233 23154 11849 1449 11305 15792 1666 24862 15805 10400 119243 103155 1426 9552 3727
is_linear=0
shrinkage=0.06


Tree=89
num_leaves=31
num_cat=0
split_feature=0 0 4 0 5 3 5 9 9 6 6 1 8 8 6 8 14 4 3 10 17 4 4 8 6 6 1 5 5 14
split_gain=5712.57 866.768 166.706 108.044 99.0121 100.423 60.4712 81.7411 79.7223 55.6909 43.4495 49.0662 42.685 48.638 41.2369 41.0171 56.1976 94.296 80.4177 49.8968 42.5822 38.3147 38.0684 39.0069 38.6851 36.1426 36.0034 35.1299 33.3106 38.8617
threshold=0.99218881130218517 0.00010520932846702637 -0.92279571294784535 0.99890872836112987 0.93470215797424328 1.5000000000000002 0.00068523053778335463 46.384283065795906 58.848993301391609 6.9723069667816171 0.97775015234947216 3.5000000000000004 36.461387634277351 36.088342666625984 6.6949117183685312 74.601570129394545 7.5000000000000009 -0.84442242980003346 7.5000000000000009 0.97916665673255932 92.495311737060561 -0.001726467511616647 -0.011080489028245209 93.395641326904311 8.1038098335266131 3.815250158309937 7.5000000000000009 0.94936829805374157 0.2359685152769089 41.500000000000007
decision_type=2 2 2 2 2 2 2 2 2 2 2 2 2 2 2 2 2 2 2 2 2 2 2 2 2 2 2 2 2 2
left_child=1 -1 -3 21 6 9 7 -4 -9 10 -6 -12 13 26 28 19 20 18 -18 -7 27 -2 23 -19 -25 -24 -10 -17 29 -8
right_child=3 2 4 -5 5 15 14 8 12 -11 11 -13 -14 -15 -16 16 17 22 -20 -21 -22 -23 25 24 -26 -27 -28 -29 -30 -31
leaf_value=-0.059949436725496463 -0.082239869468920229 -0.059657866138588533 -0.057270394573361326 0.05963590060717662 -0.015645385409979954 -0.042304019160488836 -0.0034673618238147191 0.15454028495769731 0.087691024640232318 -0.030390318432108324 0.029855924816212485 0.013989030905699314 -0.05622183901447575 0.36506446406066095 -0.01389433255703339 0.046743694908225872 0.047633263991039752 -0.011754621174475247 0.44271900185035301 0.050151643277677981 0.033101505235223483 0.041854954879935673 0.019513220796052985 -0.080659999228027218 0.051362917813567832 -0.012942346827155515 -0.054387542359734253 -0.0487887599033505 0.0038128812281563234 0.044334298755026876
leaf_weight=805.27235375059536 8.129741393029688 148.11403469054494 19.467722764267819 8341.1877121021971 122.27886820491403 143.03005276946351 3855.5325936205045 28.864562866307097 20.450180907355396 82.658079693093896 1226.8546226061881 1645.4294651476666 14.218994034250498 0.87311853078426693 613.6998905557557 18.805769065394998 5.4978566435165694 423.80640924331965 2.0380136428866535 23.737124562438112 285.58940861583687 1300.6112377652898 278.60746770352125 54.391706167021766 8.6351944458438066 220.35503390058875 8.3717169723240641 45.65127363265492 10054.069913438696 61.217371187871322
leaf_count=2029585 62 310585 16819 162103 573 5612 81431 11144 2698 419 6993 8527 13226 272 8696 59 648 2306 47 526 1701 21606 406 915 146 432 6579 883 47622 314
internal_value=0.0191373 0.00100789 0.00353952 0.0571159 0.00402849 0.0117215 0.00162333 0.0497879 0.0788133 0.0179388 0.0192825 0.0207744 0.0267055 0.066952 0.0013153 -0.00095088 0.0025406 -0.00474766 0.193829 -0.0289237 0.0231772 0.0410219 -0.00646056 -0.0183801 -0.0620521 0.00518277 0.0459824 -0.0206282 0.00198436 -0.00270911
internal_weight=29867.4 20217.5 19412.2 9649.93 19264.1 4587.37 14676.8 92.2463 72.7786 3077.22 2994.56 2872.28 43.914 29.695 14584.5 1510.15 1343.38 993.332 7.53587 166.767 350.046 1308.74 985.796 486.833 63.0269 498.963 28.8219 64.457 13970.8 3916.75
internal_count=2742935 2559164 529579 183771 218994 30193 188801 50738 33919 16512 16093 15520 22775 9549 138063 13681 7543 4900 695 6138 2643 21668 4205 3367 1061 838 9277 942 129367 81745
is_linear=0
shrinkage=0.06


Tree=90
num_leaves=31
num_cat=0
split_feature=0 0 5 0 5 7 9 5 7 7 9 17 7 5 9 6 4 14 9 2 8 9 14 6 2 5 5 6 6 6
split_gain=5518.41 803.714 149.247 117.167 109.262 140.746 108.083 88.7925 57.947 57.4383 71.8016 65.7965 60.2167 100.889 75.7084 75.6367 74.0879 156.483 131.014 114.682 84.6673 92.9481 63.662 53.542 53.255 49.6664 79.5664 48.9102 234.58 87.1432
threshold=0.99218881130218517 0.00010520932846702637 0.99809545278549205 0.99890872836112987 0.93470215797424328 0.92747986316680919 82.626663208007827 0.0011921658297069373 2.4993221813929271e-05 3.609237909317017 75.694980621337905 31.698564529418949 0.0098283044062554854 0.49479787051677709 28.644688606262211 4.9902315139770517 -0.0013084529200568793 4.5000000000000009 47.380891799926765 -0.99901691079139698 86.240703582763686 64.722881317138686 5.5000000000000009 4.2657186985015878 -0.99160954356193531 0.03108292538672686 0.06023716367781163 3.9971848726272587 4.0581748485565194 3.1692844629287724
decision_type=2 2 2 2 2 2 2 2 2 2 2 2 2 2 2 2 2 2 2 2 2 2 2 2 2 2 2 2 2 2
left_child=1 -1 4 -2 7 6 -6 -3 -8 10 12 24 13 16 -14 22 17 -9 -19 -20 21 23 25 -21 -12 -16 -27 29 -29 -13
right_child=3 2 -4 -5 5 -7 8 9 -10 -11 11 27 14 -15 15 -17 -18 18 19 20 -22 -23 -24 -25 -26 26 -28 28 -30 -31
leaf_value=-0.059943450156481552 0.039793336586248264 0.038883732757768574 -0.060001981007583215 0.059607728447397791 0.042662663190740115 0.0014203401420775029 0.032688887905255114 -0.054784242898688211 0.0063785552036593179 -0.010868200672440259 -0.034430406484331232 -0.0044274712746249353 0.0064380794247473868 0.032400650728527512 -0.063250492911379866 -0.063049055532344939 0.0046433457363584804 -0.046405724385219796 -0.037040040686625239 0.73084117476791333 -0.027957765227348514 -0.024960112380749015 -0.02582811404913438 -0.015132679206301843 0.017073132954547831 0.11492964896843927 0.0097004328338651108 -0.05226352250635341 -0.0024888271925551896 0.015948136022876123
leaf_weight=758.36334771441761 1254.0386642594822 217.25760242468095 133.46170040822471 7878.0725430496968 667.41066205687821 2360.7916658430768 415.77612973935902 9.5965334030916001 1090.7106126858853 1479.444727011025 77.792369676695671 3632.3646861808083 1800.6608959732694 742.25775624252856 21.020146077236859 110.82203491218388 1727.6979561732442 3.1314029142085911 1.6011938660813028 3.7281555509835016 0.82705465503386211 0.69907831540331233 268.82700959659996 0.33054892471409392 881.99210269146715 32.432661562372232 115.30508962462773 406.57220162684098 2083.1750537053449 953.05723398725968
leaf_count=2029341 21680 64343 274586 162426 5148 50105 2780 6710 7028 6121 5109 16379 11110 2393 3947 10359 12553 2515 1734 251 72 138 14355 61 3202 1406 8850 2695 11380 3891
internal_value=0.0182493 0.000600624 0.00299017 0.0568914 0.00343333 0.0115657 0.0225775 0.000901751 0.0136568 0.000324173 0.00161112 -0.00186623 0.00738438 0.0138836 0.000492611 -0.0190052 0.00600491 0.118261 0.269835 0.396475 0.507515 0.589287 -0.00773235 0.679106 0.0128672 0.0210761 0.0334186 -0.00386643 -0.0106347 -0.000189948
internal_weight=29129.2 19997.1 19238.7 9132.11 19105.3 4534.69 2173.9 14570.6 1506.49 14353.3 12873.9 8034.95 4838.94 2489.87 2349.07 548.407 1747.61 19.914 10.3174 7.18603 5.58484 4.75778 437.585 4.0587 959.784 168.758 147.738 7075.17 2489.75 4585.42
internal_count=2742668 2558562 529221 184106 254635 65061 14956 189574 9808 125231 119110 42656 76454 26427 50027 38917 24034 11481 4771 2256 522 450 28558 312 8311 14203 10256 34345 14075 20270
is_linear=0
shrinkage=0.06


Tree=91
num_leaves=31
num_cat=0
split_feature=0 0 5 0 5 8 7 10 7 10 16 2 14 10 16 14 5 7 5 5 7 9 8 6 16 8 6 2 4 7
split_gain=5251.74 756.063 141.305 116.912 102.144 61.3415 118.45 87.3521 63.3923 103.927 88.2155 77.3529 73.2905 102.764 71.3091 58.526 59.0425 55.9118 55.6419 61.8793 53.8476 66.0835 71.0417 61.6527 53.5608 52.7026 50.7044 50.677 50.256 66.7728
threshold=0.99218881130218517 0.00010520932846702637 0.99783298373222362 0.99890872836112987 0.97644221782684337 96.128871917724624 0.0068542195949703464 0.47722567617893225 0.14056493341922763 0.092329546809196486 91.779277801513686 -0.99983397126197804 25.500000000000004 0.28801843523979193 45.584415435791023 7.5000000000000009 0.06023716367781163 0.97260648012161266 0.00030672439606860285 0.007256704382598401 0.00019503813382470983 90.960163116455092 70.659969329833999 6.2692110538482675 99.206348419189467 41.882614135742195 3.5028904676437382 -0.98431745171546925 -0.001726467511616647 5.4522770369658255e-06
decision_type=2 2 2 2 2 2 2 2 2 2 2 2 2 2 2 2 2 2 2 2 2 2 2 2 2 2 2 2 2 2
left_child=1 -1 4 17 5 8 7 -7 9 10 28 25 13 27 26 16 -13 -2 -12 -20 21 -18 -23 -22 -16 -11 -15 -10 -3 -30
right_child=3 2 -4 -5 -6 6 -8 -9 12 11 18 15 -14 14 24 -17 20 -19 19 -21 23 22 -24 -25 -26 -27 -28 -29 29 -31
leaf_value=-0.059937293228515945 0.041138857742290473 -0.063340475632472748 -0.059971813191147798 0.059560028323985353 0.022865758826917396 0.0427459583011695 0.004787562363308762 -0.08355683761482692 -0.059482674904355902 0.2046646891153196 0.16632459383187204 -0.0030066848877839899 0.05604484514148661 0.0199553564902369 -0.099787693634926414 -0.0024242874426359932 0.033643693539981603 -0.051125976929782956 -0.045923787954058985 0.043582780627897152 0.0058196301081588683 0.012797699178788667 -0.059601275110691181 -0.059704037110994777 -0.02001891704676171 -0.047180332512939828 -0.051799507749407836 -0.0031600581930886339 -0.022606179087035411 0.022718663250199458
leaf_weight=714.48660058225505 1177.6993380943313 34.2247889644932 126.92995977750979 7390.1901833873708 913.40923579456285 465.35857855391805 2244.6757160985144 19.678628268651664 57.46345453595859 10.044193368579725 11.525462298130149 1407.5099877178727 67.008711432805285 78.919880818022648 89.287865214166231 6486.819422202796 678.71132730133832 23.317559914663434 29.044896998326294 406.39567997012637 1100.472920416767 649.47785640601069 51.76106528006494 53.243819410912693 46.511223204666749 3.6571116808336219 62.806821242440492 3547.3040424358333 159.65057344239904 430.48101281363051
leaf_count=2030005 21401 6337 277013 161655 36080 6331 10577 82 31624 4078 1444 65308 111 2082 2427 23384 1438 194 6283 4683 4652 1684 224 396 195 5240 2348 16272 1391 17780
internal_value=0.0175171 0.000624444 0.00287732 0.0567336 0.00329799 0.0023143 0.0106047 0.0374603 0.000850125 0.00310019 0.0208881 0.00127332 -0.00570841 -0.00678843 -0.041903 0.00107933 0.00684511 0.0393065 0.0412061 0.0375209 0.012317 0.0203106 0.0073764 0.00274664 -0.0728129 0.138806 -0.0119833 -0.00407414 0.00630012 0.0104393
internal_weight=28538.1 19946.9 19232.4 8591.21 19105.4 18192 2729.71 485.037 15462.3 11513 1071.32 10441.7 3949.3 3882.29 277.526 10428 3941.18 1201.02 446.966 435.441 2533.67 1379.95 701.239 1153.72 135.799 13.7013 141.727 3604.77 624.356 590.132
internal_count=2742719 2559469 529464 183250 252451 216371 16990 6413 199381 144322 37918 106404 55059 54948 7052 97086 73702 21595 12410 10966 8394 3346 1908 5048 2622 9318 4430 47896 25508 19171
is_linear=0
shrinkage=0.06


Tree=92
num_leaves=31
num_cat=0
split_feature=0 0 5 0 5 7 9 10 16 15 0 10 7 10 7 1 10 3 5 14 7 2 10 17 7 10 5 14 4 14
split_gain=5071.67 703.623 148.631 120.752 89.6108 58.7833 83.626 63.6002 58.8434 91.0612 97.8303 64.4677 65.1166 70.1303 127.166 56.047 55.9006 75.044 54.672 62.0186 53.067 52.8021 51.8725 127.763 119.962 83.8553 63.2527 62.814 60.596 55.414
threshold=0.99218881130218517 0.00010520932846702637 0.99350962042808544 0.99890872836112987 0.98173660039901745 7.825135980965571e-05 90.038166046142592 0.76696833968162548 91.779277801513686 1.0000000180025095e-35 0.00090632398496381949 0.8441295623779298 3.609237909317017 0.072299651801586165 0.55332806706428539 7.5000000000000009 0.053342817351222045 3.5000000000000004 0.6510990858078004 11.500000000000002 0.97260648012161266 -0.99568235874176014 0.45643940567970281 38.196554183959968 0.0010448396787978711 0.084523811936378493 0.0021058855345472698 2.5000000000000004 -0.0014965970767661927 2.5000000000000004
decision_type=2 2 2 2 2 2 2 2 2 2 2 2 2 2 2 2 2 2 2 2 2 2 2 2 2 2 2 2 2 2
left_child=1 -1 4 20 5 6 18 -8 21 10 -10 12 13 14 15 -11 -12 -18 -3 -20 -2 -7 24 -24 -23 27 28 -26 -27 -28
right_child=3 2 -4 -5 -6 8 7 -9 9 11 16 -13 -14 -15 -16 -17 17 -19 19 -21 -22 22 23 -25 25 26 29 -29 -30 -31
leaf_value=-0.05993088354083824 0.040401005683560802 0.0086502596999083071 -0.056827348574162578 0.059550876838324628 0.025060494489277985 -0.031273114355186371 -0.0050535263446541178 0.020205005562219016 0.17584315609337736 0.047676734846333731 0.0024968907765907781 -0.097067921542166702 -0.0078429590310885172 -0.00047815295053895709 0.0061341378804458113 -0.035187692723015696 0.028660577013453727 0.13000550777441816 0.040250388365925011 0.0077459471013551877 -0.051503719689188036 0.019548647921369833 0.0081799222583853123 -0.027236924056282457 -0.0083848275768093686 0.51753858387992491 0.029234257450514809 0.021714785809424538 0.058040842729420533 -0.029089393413729583
leaf_weight=672.86662568655447 1140.6224537212402 1330.0201789934654 150.08881872650818 6979.8790129891131 635.02637017981033 267.02921293021063 1802.1609683730057 447.04980975214858 13.936411001690429 403.55455849142163 324.60327084275195 22.942597006913275 2045.7647788886679 4110.9298694819154 2142.9821415467886 30.980008029437158 324.54834168485831 27.772944618191104 552.66482513165101 342.67959749512374 22.258479663636535 867.51684484814177 622.07821496480028 890.84285341441864 631.01138064061524 0.38068843336077396 63.2178118165466 411.53904023201903 5.4692312823899547 698.40618077744148
leaf_count=2029694 21580 14437 293535 161972 15939 95258 6634 1295 2339 4346 1524 134 7123 24003 12649 12486 1289 410 3010 968 184 5663 3458 4135 6512 88 1043 2437 964 8021
internal_value=0.0166957 0.000329341 0.00244802 0.0565638 0.00291885 0.00215254 0.00813338 -2.64298e-05 0.000227557 0.00290841 0.0238639 0.00125268 0.00152202 0.00438719 0.0121442 0.0417017 0.0204802 0.0369948 0.0163769 0.0278323 0.0385991 -0.00545411 -0.00380178 -0.0126786 0.00121683 -0.00757528 -0.0226135 0.00350619 0.159132 -0.0242163
internal_weight=27980.8 19838.1 19165.2 8142.76 19015.1 18380.1 4474.58 2249.21 13905.5 9448.01 690.861 8757.15 8734.21 6688.45 2577.52 434.535 676.925 352.321 2225.36 895.344 1162.88 4457.49 4190.46 1512.92 2677.54 1810.02 767.474 1042.55 5.84992 761.624
internal_count=2743130 2559394 529700 183736 236165 220226 26344 7929 193882 66303 5562 60741 60607 53484 29481 16832 3223 1699 18415 3978 21764 127579 32321 7593 24728 19065 10116 8949 1052 9064
is_linear=0
shrinkage=0.06


Tree=93
num_leaves=31
num_cat=0
split_feature=0 0 5 0 5 7 10 7 9 6 7 8 9 4 6 6 10 6 6 14 0 3 7 6 8 1 16 9 5 8
split_gain=4813.63 663.953 123.562 121.173 87.5424 127.202 106.684 49.753 47.6998 50.0449 46.6152 46.4804 57.0601 49.9882 42.4751 121.468 111.12 74.4221 51.8171 108.995 51.0966 71.7514 54.6478 45.9083 45.3701 42.1279 48.0012 41.2117 40.9615 57.3157
threshold=0.99218881130218517 0.00010520932846702637 0.99809545278549205 0.99890872836112987 0.93470215797424328 0.92747986316680919 0.28801843523979193 0.98037543892860424 83.398952484130874 6.9994382858276376 9.2352129286155118e-05 74.601570129394545 99.80237197875978 -0.29934647679328913 3.9994803667068486 4.1871047019958505 0.21132376790046695 4.9957077503204355 5.0029244422912607 10.500000000000002 0.0005524773441720755 34.500000000000007 0.0003131125849904493 3.0077875852584843 82.637680053710952 4.5000000000000009 51.925926208496101 93.515834808349624 0.022658575326204303 40.175437927246101
decision_type=2 2 2 2 2 2 2 2 2 2 2 2 2 2 2 2 2 2 2 2 2 2 2 2 2 2 2 2 2 2
left_child=1 -1 4 7 14 6 -6 -2 9 -7 -8 12 -10 -13 20 16 28 -17 19 -19 21 22 23 24 -3 -18 -27 -24 -16 -30
right_child=3 2 -4 -5 5 8 10 -9 11 -11 -12 13 -14 -15 15 17 25 18 -20 -21 -22 -23 27 -25 -26 26 -28 -29 29 -31
leaf_value=-0.05992421119002736 0.039916432461911372 -0.030493006660815909 -0.059860021372877749 0.059482112096861543 0.046803228926891614 0.00049960692302701028 0.025548941070545953 -0.045894549105274268 -0.059409002215843679 -0.044463404752152554 0.0050627944939886571 0.16187791378674124 0.049446703059744253 0.037897100126030488 -0.049750121985997202 0.011463705227125276 0.047038528701504115 -0.0002789136063540742 -0.0027349877370089837 -0.088286442272617477 0.0026316089498704173 0.45811808932973108 -0.035377169494170697 0.1536053492708154 0.12638655857120012 -0.011809734567393418 -0.051556056305118184 0.19482278268212663 0.16736398610959943 0.0056894833474508601
leaf_weight=633.56803857616615 1090.4177908329293 16.308729427109942 112.83377588316216 6596.1747691435739 451.10579104209319 2135.0134894211369 699.56248513050377 24.083742931019515 28.858090960973641 91.995951714285184 933.0651701213792 16.497275308414828 40.339812779042404 38.141909331083298 46.840306241065264 1498.9985830005025 19.16198992356658 134.96104215679225 2596.1785134459788 80.111524121457478 9090.8239734297385 0.53782596741802891 31.246917321870569 18.881296259700321 9.863498082093427 146.71672669114196 437.26415780096431 2.0713807339780024 7.0856699553260105 338.07733986873063
leaf_count=2029070 21465 8849 274738 162394 4059 44440 4809 186 2871 2296 6047 108 174 68 5813 19213 25 2478 41695 527 49580 155 44488 4589 589 4356 3338 292 114 3548
internal_value=0.016212 0.000450602 0.0024645 0.0563857 0.00283954 0.0102142 0.0210039 0.0380226 0.000645585 -0.0013769 0.0138511 0.0367364 0.00385023 0.0775674 0.000579691 -0.00369283 -0.0225759 0.00067111 -0.00508568 -0.0333174 0.0030518 0.0508218 0.0422902 0.0846641 0.0311055 -0.0387181 -0.0416076 -0.0158058 0.00229607 0.00948231
internal_weight=27366.8 19656.1 19022.5 7710.68 18909.7 4434.58 2083.73 1114.5 2350.85 2227.01 1632.63 123.837 69.1979 54.6392 14475.1 5305.4 995.146 4310.25 2811.25 215.073 9169.73 78.9096 78.3718 45.0535 26.1722 603.143 583.981 33.3183 392.003 345.163
internal_count=2742374 2558329 529259 184045 254521 64872 14915 21651 49957 46736 10856 3221 3045 176 189649 81107 17194 63913 44700 3005 108542 58962 58807 14027 9438 7719 7694 44780 9475 3662
is_linear=0
shrinkage=0.06


Tree=94
num_leaves=31
num_cat=0
split_feature=0 0 0 4 7 10 7 1 6 6 9 6 3 8 7 2 10 6 5 7 6 6 10 6 5 1 2 9 5 6
split_gain=4536.88 645.256 136.357 107.644 104.57 54.5213 64.4873 53.5105 50.2774 106.677 71.7834 59.6011 52.7945 46.2341 65.5668 47.4544 52.9074 44.7785 43.8476 43.0889 61.5553 87.0372 96.0722 85.2963 51.9019 48.328 47.4631 46.4251 46.2716 108.171
threshold=0.99740585684776317 0.00010520932846702637 0.96672680974006664 -0.95904597640037526 0.72611209750175487 0.51086956262588512 4.516459739534185e-05 5.5000000000000009 3.9949316978454594 4.1871047019958505 91.697994232177749 0.92558395862579357 39.500000000000007 97.999198913574233 2.1401023864746098 -0.99983397126197804 0.24621212482452395 0.97775015234947216 0.016370935365557674 0.90090259909629833 3.2344100475311284 2.9991497993469243 0.26794873178005224 3.0143910646438603 0.57806041836738598 6.5000000000000009 -0.1708688139915466 98.53299713134767 0.0017886158893816175 3.3639423847198491
decision_type=2 2 2 2 2 2 2 2 2 2 2 2 2 2 2 2 2 2 2 2 2 2 2 2 2 2 2 2 2 2
left_child=1 -1 3 -3 5 -4 -7 17 11 10 18 12 -5 15 -15 16 -13 -8 -10 20 21 26 -23 27 -21 28 -17 -24 29 -22
right_child=-2 2 4 8 -6 6 7 -9 9 -11 -12 13 -14 14 -16 19 -18 -19 -20 24 25 22 23 -25 -26 -27 -28 -29 -30 -31
leaf_value=-0.059917213488275556 0.058526156775417455 -0.059442959085057978 0.039390604201639083 -0.013117062326170159 -0.0080194708288108974 0.037245530540788316 -0.074602933318034401 -0.04746275368800533 -0.051117753501080339 0.0018137342200694846 -0.037738058287851303 -0.04786582340067199 0.26775419074274148 0.029979042472934536 0.0024754671049007442 0.003874357324387514 0.21037941330500118 0.01415415465126533 -0.0040856594101991829 -0.034754131024626933 0.33470931539663062 0.014235533231861377 -0.044509041043007506 -0.0013234746886232147 -0.00088473534183209582 -0.033087637769748469 0.018526815318203767 0.016350943644114411 0.018105289631620902 0.024228707834326811
leaf_weight=596.28975271177478 6679.7789420657791 102.03361241120729 611.99990192940459 709.46416081860662 428.34953641332686 342.81970182759687 20.296419141348451 62.344613436143845 76.643309511884581 5395.9927755229 414.47588706752867 3.9013159456953854 1.4193106741295185 639.98693176175584 608.41771115522715 3396.9725622347032 7.1859428876487073 531.53937738528475 885.22021086481982 182.11053358751815 4.5729800646076937 397.62758564716205 435.09998303643079 420.44819384274888 1474.8854317124642 65.084049417142523 1038.7013032953255 49.820479956688359 1374.248358990124 15.336565724399405
leaf_count=2027594 172850 299713 7920 10541 1215 4419 245 810 10409 75359 2397 5583 47 6699 1250 41210 2443 7067 8282 1378 107 10369 3820 3853 15480 10135 3509 143 4754 1231
internal_value=0.0156398 0.00152104 0.00338392 0.00170643 0.0182407 0.0254105 0.0164385 0.00478292 0.00206435 -0.0019902 -0.0168942 0.00460083 -0.012181 0.00578142 0.0165877 0.0042581 0.123067 0.0107606 -0.00788247 0.00409546 0.00610351 0.00330416 -0.0103241 -0.0211142 -0.00462583 0.0171025 0.00730892 -0.0382355 0.0194676 0.108139
internal_weight=26973.1 20293.3 19697 17699.6 1997.35 1569 957 614.18 17597.6 6772.33 1376.34 10825.3 710.883 10114.4 1248.4 8866 11.0873 551.836 961.864 8854.91 7197.91 5738.67 1303 905.369 1657 1459.24 4435.67 484.92 1394.16 19.9095
internal_count=2740832 2567982 540388 518712 21676 20461 12541 8122 218999 96447 21088 122552 10588 111964 7949 104015 8026 7312 18691 95989 79131 62904 18185 7816 16858 16227 44719 3963 6092 1338
is_linear=0
shrinkage=0.06


Tree=95
num_leaves=31
num_cat=0
split_feature=0 0 0 5 7 6 7 10 14 14 9 7 17 7 10 2 17 9 2 2 2 9 9 3 2 14 1 0 9 10
split_gain=4356.38 625.69 132.668 89.5992 73.2493 56.0887 53.6004 94.6542 70.1837 64.4229 63.3834 60.259 57.6986 77.0255 50.2098 49.495 49.3533 56.8608 49.3086 49.4283 46.267 72.5808 60.7598 57.7955 69.9909 43.5894 47.8885 63.9773 48.1551 62.8181
threshold=0.99740585684776317 0.00022320346033666286 0.96672680974006664 0.99350962042808544 0.63824188709259044 0.57425999641418468 1.8965213894844057 0.23669467866420749 2.5000000000000004 11.500000000000002 51.358736038208015 0.0008068600727710874 95.119049072265639 0.63824188709259044 0.37797619402408605 -0.016607834957540032 79.583332061767592 90.960163116455092 -0.99831122159957875 -0.99976351857185353 -0.9972475767135619 51.225519180297859 34.500261306762702 2.5000000000000004 -0.1708688139915466 9.5000000000000018 8.5000000000000018 0.00078332840348593902 56.265703201293952 0.10435571894049646
decision_type=2 2 2 2 2 2 2 2 2 2 2 2 2 2 2 2 2 2 2 2 2 2 2 2 2 2 2 2 2 2
left_child=1 -1 3 6 5 -4 7 8 10 12 -3 -11 25 18 -7 -16 -8 -18 19 -14 21 22 -20 24 -22 26 27 28 29 -10
right_child=-2 2 4 -5 -6 14 16 -9 9 11 -12 -13 13 -15 15 -17 17 -19 20 -21 23 -23 -24 -25 -26 -27 -28 -29 -30 -31
leaf_value=-0.056799537590242657 0.058354251445919152 -0.010973096729569067 -0.047179534925001099 -0.061129390596684874 -0.0039501248133029937 0.047708187982613649 -0.089098732550612625 1.9802288324685766e-05 -0.047327469888200288 0.019434583456393335 0.044849744501784881 -0.030030928099667887 0.19616312482010451 0.010746216161780269 -3.0891356511900649e-06 0.027640998732837166 -0.0050604604904737676 0.095145184029798893 -0.048253123978537787 -0.05902774617324813 0.017761942101301501 -0.056372154357323651 0.22561890622359076 0.090105406392320425 0.049105650724651374 0.11127284966125012 -0.0462800554590806 0.0029332970908502094 -0.050234518922782502 0.22465297891351713
leaf_weight=647.67014190761256 6299.8482076362707 726.80473873202573 37.951562040485442 81.006139448116301 431.66287667304277 301.64669811306521 23.982417220046045 9604.3889536427159 3.652788573876026 149.69610008425661 80.426721347321291 214.58704301094986 2.0083294891810501 1198.5195232152764 317.46859559044242 877.01536552747712 3311.7615440712543 19.514179546386003 3.2173468083492542 31.666758037026739 698.82044145977125 6.0509479433530933 14.28416693251347 58.638056938973023 406.02522693789797 12.230809046246575 68.189560522674583 730.94629390741466 4.6787436400481957 11.379780301416757
leaf_count=2201219 172761 14846 441 188176 1240 4062 1630 63539 2512 685 1507 3038 128 12708 2717 13278 12068 33 211 12364 2624 394 437 1344 3191 92 13272 7142 2713 1545
internal_value=0.014829 0.00116844 0.00310372 0.00143973 0.0178773 0.0240178 0.00173483 0.00336445 0.0106275 0.0141991 -0.0053627 -0.00970634 0.0168804 0.0215644 0.0258541 0.0202999 -0.00507654 -0.00444509 0.0321683 -0.0385903 0.0342065 0.115973 0.175385 0.0324531 0.0293146 0.00323627 0.00148881 0.00588392 0.109876 0.159734
internal_weight=26375.7 20075.9 19428.2 17462.5 1965.75 1534.08 17381.5 14026.2 4421.82 3614.59 807.231 364.283 3250.31 2419.23 1496.13 1194.48 3355.26 3331.28 1220.71 33.6751 1187.04 23.5525 17.5015 1163.48 1104.85 831.078 818.847 750.658 19.7113 15.0326
internal_count=2741917 2569156 367937 346199 21738 20498 158023 144292 80753 64400 16353 3723 60677 33401 20057 15995 13731 12101 20693 12492 8201 1042 648 7159 5815 27276 27184 13912 6770 4057
is_linear=0
shrinkage=0.06


Tree=96
num_leaves=31
num_cat=0
split_feature=2 5 1 5 5 4 2 7 5 1 5 1 5 2 8 7 3 7 10 5 8 2 16 9 1 16 1 16 1 5
split_gain=3364.63 757.064 477.678 133.035 83.4214 82.2793 76.2379 90.1708 70.8436 58.3507 56.5725 49.1415 47.6058 40.2756 38.9578 45.0475 35.4003 34.4607 49.4756 33.9893 78.8138 54.5545 54.1991 131.114 81.4666 49.439 45.1788 39.6905 36.5903 33.2482
threshold=-0.0088853212073445303 0.99522051215171825 17.500000000000004 0.99809545278549205 0.98564207553863536 -4.9966636197495964e-06 -0.1708688139915466 1.0467052106832854e-05 0.99865004420280468 3.5000000000000004 0.0013517803745344283 8.5000000000000018 0.57806041836738598 -0.9998590052127837 91.715686798095717 0.90090259909629833 9.5000000000000018 1.2667800188064577 0.41885964572429663 0.0011921658297069373 53.399339675903327 -0.99831122159957875 56.873315811157234 72.779819488525405 10.500000000000002 42.997200012207038 8.5000000000000018 25.265957832336429 16.500000000000004 0.0095248124562203901
decision_type=2 2 2 2 2 2 2 2 2 2 2 2 2 2 2 2 2 2 2 2 2 2 2 2 2 2 2 2 2 2
left_child=2 4 3 6 17 -3 13 -8 -7 10 -9 14 -12 -1 -11 -16 -14 18 29 20 22 -21 25 -24 -25 26 27 -15 -23 -2
right_child=1 5 -4 -5 -6 8 7 9 -10 11 12 -13 16 19 15 -17 -18 -19 -20 21 -22 28 23 24 -26 -27 -28 -29 -30 -31
leaf_value=-0.058625305337997383 -0.062140484724557403 -0.048059986530626347 -0.058519204708635975 -0.059792319227220975 0.025606283800524245 0.037863360188246487 0.028085046337223623 0.20448242355774582 0.059083815556526441 -0.0034326303003872085 -0.065244697588471734 -0.067655872233215897 0.014593750439905365 -0.056354422475147076 0.023602203517781133 0.0025350845418187023 -0.11320832769206718 -0.037722314907659406 -0.019196662208884458 -0.042303761410669154 -0.024674865096925038 -0.00028685336389348739 0.0395346325363728 0.13874921599575385 0.52214433242895897 -0.058651519551242023 -0.055845336383161664 0.086537217076500722 0.13062881802837292 0.021614757254595544
leaf_weight=41.600887193082599 17.384227627684595 26.275521380273858 476.91815736432909 122.56608358465019 357.72912985846051 637.41604439169168 696.81808930117404 4.5775202065706244 5644.8137478975113 2260.8534949489986 26.614909127732972 35.96645258818171 2023.0575422813708 7.2731847592804106 503.44879145690356 1326.622619601636 6.8449622181360601 129.49896717863157 325.54022215426085 110.90491768944776 74.252777385088848 10743.855169846705 24.376230415684404 6.3793663590913621 2.880172920471523 17.934089442045661 11.519524912931955 56.447476160567021 6.6912368829944162 243.41718808293808
leaf_count=148210 21873 31740 1712458 384079 7185 14248 4661 174 165196 9264 381 3043 7457 1459 2447 2416 50 674 1910 73931 33860 70916 8238 572 311 12647 10740 5321 924 6397
internal_value=0.0143001 0.0485669 0.000689704 0.00225196 0.00198696 0.0564922 0.00267799 0.00763805 0.0569371 0.00533139 0.0135732 0.00121288 0.0130491 -0.000397769 0.00183474 0.00834033 0.0141073 -0.00983565 -0.00362288 -0.000173523 0.0242089 -0.000627068 0.0528016 0.117022 0.297274 0.0286219 0.0499206 0.0696086 -0.000193228 0.0158159
internal_weight=25970.5 7382.08 18588.4 18111.5 1073.57 6308.51 17988.9 6884.8 6282.23 6187.99 2061.09 4126.89 2056.52 11104.1 4090.92 1830.07 2029.9 715.841 586.342 11062.5 201.063 10861.5 126.81 33.6358 9.25954 93.1743 75.2402 63.7207 10750.5 260.801
internal_count=2742782 249223 2493559 781101 38039 211184 397022 29893 179444 25232 8062 17170 7888 367129 14127 4863 7507 30854 30180 218919 73148 145771 39288 9121 883 30167 17520 6780 71840 28270
is_linear=0
shrinkage=0.06


Tree=97
num_leaves=31
num_cat=0
split_feature=0 0 0 4 7 3 2 6 3 6 1 8 7 1 0 9 6 5 2 5 2 16 4 1 7 9 6 9 4 8
split_gain=3930.67 535.121 122.573 89.5854 73.7833 50.7604 89.5414 41.7982 47.7318 41.7834 40.7085 40.5997 83.4593 43.2383 78.1712 54.9366 61.5598 42.0455 66.0629 61.9529 52.9907 41.9744 55.9964 62.6035 56.3294 52.4778 47.7137 53.8886 59.6397 49.9422
threshold=0.99740585684776317 0.00010520932846702637 0.96672680974006664 -0.95904597640037526 4.516459739534185e-05 29.500000000000004 -0.99937295913696278 6.6949117183685312 28.500000000000004 0.97775015234947216 3.5000000000000004 97.999198913574233 0.0068542195949703464 10.500000000000002 0.016710898838937286 1.0000000180025095e-35 3.5028904676437382 0.0011921658297069373 -0.99481073021888722 0.0021058855345472698 -0.98431745171546925 55.68475532531739 -0.12251034751534461 12.500000000000002 0.14056493341922763 99.80237197875978 1.9737861156463625 80.972057342529311 -0.38312463462352747 60.640108108520515
decision_type=2 2 2 2 2 2 2 2 2 2 2 2 2 2 2 2 2 2 2 2 2 2 2 2 2 2 2 2 2 2
left_child=1 -1 3 -3 -4 7 -7 11 -9 -6 -11 17 -13 15 -15 -14 -17 -5 -19 20 -20 22 23 26 -24 -26 -21 29 -29 -28
right_child=-2 2 4 5 9 6 -8 8 -10 10 -12 12 13 14 -16 16 -18 18 19 21 -22 -23 24 -25 25 -27 27 28 -30 -31
leaf_value=-0.059895363799713872 0.05808259648484889 -0.0593363160460397 0.037733201292056089 0.028171811614519395 -0.045740544671420032 0.35638957269299476 -0.062054478677301766 -0.01248690876389761 0.24711247169470926 0.023381974371443924 0.0028028384166500762 0.037851468343383148 0.0076196068236042058 -0.046667735096840343 0.33997756730194278 -0.0044539734986331885 -0.089116374651417737 -0.021571578924149539 0.19166096149395243 -0.068875978610541802 0.025931903149660502 -5.0711490357812521e-06 0.0086790034965484476 0.41456984968049482 -0.086278985959445012 0.0080836233375920479 0.15434356465796858 -0.066363490669372222 0.058184587682702509 -0.00066904279606798129
leaf_weight=501.15292630737531 5616.2325373543426 86.383617048282758 475.1380625735037 205.58625690487679 45.130850138142705 0.90991875139297818 64.207860658527352 793.04798504689825 1.5600271555886127 643.00200388068333 748.61858011921868 331.15080169189605 1566.5838771816343 3.3254285594739477 2.7866517353104427 98.1533402648638 44.21338278305484 454.63159682456171 10.111788068345051 11.351340575027278 19.544925067661097 11568.35626713073 2068.7063968846924 0.67960499034961586 43.373313455580501 40.354944770224392 27.184996778611094 18.315958866674919 48.267921608872712 10.174832963006336
leaf_count=2028065 172909 299551 6660 58274 430 480 1632 13851 10 7357 7299 5294 3365 2717 19 1737 1618 66171 118 1074 825 48471 8880 155 335 154 605 2522 496 368
internal_value=0.0137514 0.00125789 0.00283813 0.00126341 0.0172594 0.00156709 -0.0509056 0.00176675 -0.0116673 0.0104671 0.0123214 0.00241153 0.010322 0.00498759 0.15263 0.00437059 -0.0311849 0.00129662 0.000908875 0.00164743 0.0868477 0.00145856 0.00891944 0.0493531 0.00671894 -0.0412399 0.043654 0.0564822 0.0234488 0.113209
internal_weight=25548.2 19932 19430.9 17519 1911.89 17432.6 65.1178 17367.5 794.608 1436.75 1391.62 16572.9 2046.21 1715.06 6.11208 1708.95 142.367 14526.6 14321.1 13866.4 29.6567 13836.8 2268.41 115.975 2152.43 83.7283 115.295 103.944 66.5839 37.3598
internal_count=2741442 2568533 540468 518722 21746 219171 2112 217059 13861 15086 14656 203198 14750 9456 2736 6720 3355 188448 130174 64003 943 63060 14589 5220 9369 489 5065 3991 3018 973
is_linear=0
shrinkage=0.06


Tree=98
num_leaves=31
num_cat=0
split_feature=0 0 0 4 7 6 6 1 7 1 0 7 10 8 6 6 6 6 6 6 6 7 15 9 8 14 10 14 8 6
split_gain=3714.6 506.097 108.264 85.0163 59.7405 38.9523 44.0449 53.9649 58.026 38.776 38.2649 46.9773 158.036 45.755 53.7071 152.225 100.597 111.745 82.0565 124.866 68.0849 51.7009 51.182 48.0605 47.6409 49.8389 46.8214 91.0081 48.3307 42.3272
threshold=0.99740585684776317 0.00010520932846702637 0.96672680974006664 -0.95904597640037526 2.1995301722199659e-05 4.9902315139770517 4.9414081573486337 10.500000000000002 0.1011839658021927 4.5000000000000009 0.34205599129199987 0.14056493341922763 0.21583850681781772 54.261501312255866 4.1198303699493417 3.9986263513565068 3.0419229269027714 2.9991497993469243 2.0552734136581425 1.9994091987609866 1.0330126881599428 7.8532375482609512e-06 1.0000000180025095e-35 93.515834808349624 94.570026397705092 30.500000000000004 0.63961037993431102 29.500000000000004 89.512962341308608 3.7399325370788579
decision_type=2 2 2 2 2 2 2 2 2 2 2 2 2 2 2 2 2 2 2 2 2 2 2 2 2 2 2 2 2 2
left_child=1 -1 3 -3 -4 6 10 -8 -9 -6 -5 12 -12 -14 15 16 17 18 19 20 -15 22 -17 -23 25 -25 -21 28 -28 -18
right_child=-2 2 4 5 9 -7 7 8 -10 -11 11 -13 13 14 -16 21 29 -19 -20 26 -22 23 -24 24 -26 -27 27 -29 -30 -31
leaf_value=-0.059887127801378039 0.057973030219579336 -0.059294370848248186 0.038525035915554014 -0.0018520726420017484 0.01737709536860043 -0.0037812697135796436 0.021177144951288321 -0.042303728114141056 0.34847108854026576 -0.0039757311511438671 0.037376443129182597 -0.00059523530453213177 0.018568321568904918 -0.010019660470346074 0.022121785372492344 -0.020884619003057641 0.034677992388232604 -0.032092680632632986 0.017813325368123759 -0.019204222533660713 0.021575653454861052 -0.011660396966183866 -0.17090579625892435 -0.11828097098434674 0.03833536469976976 -0.033777918127879489 -0.15621930526984473 -0.019988241188931291 -0.040589728254516295 0.0084422336466779737
leaf_weight=471.9840511004586 5295.8689181229565 81.517831887598732 361.14536793134175 4511.0151856930461 1089.1780681656674 3629.2901980016904 343.58698916694266 1.8613377393339749 2.6949973257724196 425.27346060494892 600.38198674842715 3435.1274783562403 738.53304910473526 529.30834927596152 443.10754869319499 14.499891752377151 432.64480290934443 381.32672697678208 835.27820753119886 203.15306808426976 456.3008408434689 193.26357435341924 18.784322172403336 48.659541595727205 14.7429828569293 53.153716765344143 40.338514843955636 74.720198718830943 20.288980547338724 454.00625742971897
leaf_count=2027836 172727 299816 5265 137962 12378 53905 2436 907 301 4165 3319 9470 1730 1334 818 47 747 1059 1741 551 937 454 99 198 23 144 192 179 55 987
internal_value=0.0133188 0.00143598 0.00292837 0.00146421 0.0166264 0.001751 0.00320119 0.024242 0.20995 0.0113823 0.00265678 0.00491979 0.00833123 0.00480302 0.00238648 6.19223e-05 0.00388032 -0.00219381 0.00309845 -0.00619047 0.00461485 -0.0379816 -0.108066 -0.0301289 -0.0603921 -0.074922 -0.0375731 -0.0648013 -0.11881 0.0212687
internal_weight=25201 19905.2 19433.2 17557.6 1875.6 17476.1 13846.8 348.143 4.55634 1514.45 13498.6 8987.62 5552.49 4952.11 4213.58 3770.47 3427.37 2540.71 2159.39 1324.11 985.609 343.104 33.2842 309.82 116.556 101.813 338.501 135.348 60.6275 886.651
internal_count=2741782 2569055 541219 519411 21808 219595 165690 3644 1208 16543 162046 24084 14614 11295 9565 8747 7782 6048 4989 3248 2271 965 146 819 365 342 977 426 247 1734
is_linear=0
shrinkage=0.06


Tree=99
num_leaves=31
num_cat=0
split_feature=0 0 5 5 7 8 8 6 6 10 7 5 9 14 7 2 8 5 10 7 1 9 10 17 5 10 6 6 8 6
split_gain=3529.85 485.772 95.3467 148.807 47.9467 55.5972 49.3976 48.486 68.7112 48.0417 72.4094 89.6304 51.0106 80.8116 73.7108 68.0106 61.178 54.5627 74.9477 124.711 99.0392 76.0829 84.9848 51.9675 58.7549 47.5672 46.4351 44.5605 43.9845 43.4909
threshold=0.99740585684776317 0.00012011466969852337 0.99809545278549205 0.98173660039901745 5.27071169926785e-05 97.01425933837892 55.40315246582032 2.9979834556579594 3.0014369487762456 0.31698563694953924 0.040095711126923568 0.41130582988262182 99.80237197875978 22.500000000000004 0.023711605928838256 -0.98431745171546925 30.341388702392582 0.085427075624465956 0.5847701132297517 0.0057773799635469922 12.500000000000002 88.02985000610353 0.4463601559400559 28.919860839843754 0.83325815200805675 0.28801843523979193 0.97775015234947216 0.57425999641418468 78.830558776855483 6.6949117183685312
decision_type=2 2 2 2 2 2 2 2 2 2 2 2 2 2 2 2 2 2 2 2 2 2 2 2 2 2 2 2 2 2
left_child=1 -1 3 4 5 6 -3 -8 -9 10 11 -6 13 17 -15 16 -14 -11 19 28 23 -22 -23 -21 -25 -12 -20 -5 -19 -26
right_child=-2 2 -4 27 9 -7 7 8 -10 12 25 -13 15 14 -16 -17 -18 18 26 20 21 22 -24 24 29 -27 -28 -29 -30 -31
leaf_value=-0.059883006346439518 0.057745556789094057 0.016012245987113059 -0.060496470377323343 -0.049588877802355137 0.0042629182393633634 0.045011413109726242 0.010349674514369023 -0.050730205541248359 -0.0023335570668473501 -0.032373763794484089 9.0829195918943348e-05 0.030848957410331574 0.22510628433329097 -0.00043124601650808964 0.040355304035684166 0.011552448772150538 -0.049669188068382365 0.019553628412041023 -0.083682249500515365 0.018650937145194411 -0.042854676075944766 0.59873241815031852 -0.033248599194019006 -0.073365877978775543 -0.0026525351919346181 -0.075720936155240101 -0.019168680521803524 0.026122098129876366 -0.0025339420525332407 -0.1285746149719168
leaf_weight=456.19438874344632 4990.3851499340963 1231.8484958303161 84.574051931063877 27.828962669969769 1450.8392050068942 137.23173292551655 1125.1373207975412 115.05017005890841 1175.1287247541477 413.33818512229482 5907.1172827292467 665.36993224779144 8.9955719223944453 2498.8807381559163 169.38962150458246 422.34712856053375 3.6763550559408023 572.35815725848079 41.054842176381499 46.606579431856517 2.1157790871220632 1.3253416993247813 0.99306756031000976 154.32037975467392 97.322850111755542 28.945611650153296 953.54624375017011 1091.3523168761749 747.53857059357688 9.9948490429378563
leaf_count=2060928 172436 8626 256798 1384 70506 1381 4268 623 5919 26508 61887 3135 36 8256 363 1202 136 1342 220 971 1303 88 196 2375 1244 1018 3464 42461 1997 76
internal_value=0.0126902 0.00123984 0.00269637 0.00297934 0.0016574 0.00765733 0.00623985 0.00125122 -0.00668522 5.75056e-05 0.00310619 0.0126326 -0.00393806 -0.00544803 0.00217215 0.0158445 0.147587 -0.0121338 -0.00893831 -0.00102525 -0.0350336 0.219438 0.399586 -0.039392 -0.0497631 -0.000291538 -0.021913 0.0241969 0.00705163 -0.0154588
internal_weight=24630.8 19640.4 19184.2 19099.7 17980.5 3784.4 3647.16 2415.32 1290.18 14196.1 8052.27 2116.21 6143.8 5708.79 2668.27 435.019 12.6719 3040.51 2627.18 1632.58 312.679 4.43419 2.31841 308.245 261.638 5936.06 994.601 1119.18 1319.9 107.318
internal_count=2741147 2568711 507783 250985 207140 20817 19436 10810 6542 186323 136546 73641 49777 48403 8619 1374 172 39784 13276 9592 6253 1587 284 4666 3695 62905 3684 43845 3339 1320
is_linear=0
shrinkage=0.06


Tree=100
num_leaves=31
num_cat=0
split_feature=0 0 5 5 7 6 17 17 10 10 9 7 10 6 10 1 9 0 7 17 1 2 5 5 6 0 7 10 7 14
split_gain=3342.19 446.481 92.9607 130.012 50.6132 61.1446 52.2192 63.7987 57.481 54.0801 69.7294 62.2002 67.0904 82.3933 73.0622 93.4305 54.9476 54.7398 54.8482 69.4597 51.6001 51.5216 51.9246 47.936 46.4408 45.2622 44.6066 45.8944 72.2762 64.4826
threshold=0.99740585684776317 0.00010520932846702637 0.99809545278549205 0.98564207553863536 7.825135980965571e-05 5.987056016921998 90.399383544921889 28.919860839843754 0.80476191639900219 0.45643940567970281 99.80237197875978 0.0011997189139947297 0.19139194488525393 1.9944345951080324 0.41885964572429663 12.500000000000002 88.02985000610353 0.1069132797420025 0.00071928379475139092 58.680057525634773 3.5000000000000004 -0.98880416154861439 0.007256704382598401 0.00023179592244559902 6.0343182086944589 0.00015046924090711403 3.609237909317017 0.28801843523979193 0.054103799164295203 21.500000000000004
decision_type=2 2 2 2 2 2 2 2 2 2 2 2 2 2 2 2 2 2 2 2 2 2 2 2 2 2 2 2 2 2
left_child=1 -1 3 4 5 25 7 -6 23 11 -11 17 20 -14 -15 -16 -17 18 -9 -20 -13 -22 -23 -8 -12 -3 27 28 -25 -29
right_child=-2 2 -4 -5 6 -7 8 9 -10 10 24 12 13 14 15 16 -18 -19 19 -21 21 22 -24 26 -26 -27 -28 29 -30 -31
leaf_value=-0.059869487034945781 0.057587143628450799 0.11260015099301875 -0.060350753175784616 0.024596760653274777 0.013039662300225959 -0.020532896074316059 0.1251951666293166 -0.0178207431186055 -0.045374055978230042 -0.035991932759406882 0.012153011382058381 -0.034350147033447603 0.015881944855818196 -0.062627815086448865 -0.010784404796949091 -0.034366961286867843 0.39959444260977972 0.027946830966255828 -0.066668746127298562 0.058184293357885358 -0.041856576738899018 0.14575845490873171 0.0091643246552205702 0.022302971128422413 -0.10883569008705789 0.0088717150549088939 -0.0051390490875821981 -0.010045050243307445 0.0041713702698253233 0.0055081284803952116
leaf_weight=418.84373131071334 4717.2795665983576 14.208470450073944 82.874767390996567 948.61192822520388 487.39637947148003 263.05845609941753 10.437294006434966 313.558242295112 90.351708190864883 525.54705375409685 195.22204220213462 148.67315017950023 93.966690931207268 250.05510904334369 61.025241473049391 1.321421953121898 2.314559609250864 304.37022305466235 19.177184845175361 78.968035702797351 72.371386394821457 9.231747507961698 498.39070714544505 1058.1978157760459 11.129103406332431 4082.2076036464423 2281.8976877904206 1507.4914791213523 3133.6394527314405 2636.4995035877218
leaf_count=2028437 172616 2837 274925 42244 12269 2248 1611 25763 438 8903 650 2677 3192 17140 2248 1278 108 669 2962 4417 28114 721 4612 24728 72 21775 7890 5292 32497 8371
internal_value=0.0122516 0.00133856 0.00267809 0.00295473 0.00182236 0.00745691 4.08366e-05 -0.00685344 0.0020177 -0.0106074 -0.0244056 -0.00514836 -0.0138652 -0.0332916 -0.0479774 0.00876916 0.268487 0.00869669 -0.00556808 0.0333621 -0.00293891 0.00515817 0.0119302 0.00242482 0.00513433 0.00925889 0.00229236 0.00432704 0.00875278 -0.000150829
internal_weight=24318.3 19601 19182.2 19099.3 18150.7 4359.47 13791.2 3072.72 10718.5 2585.32 731.898 1853.42 1137.35 408.683 314.716 64.6612 3.63598 716.074 411.703 98.1452 728.667 579.994 507.622 10628.2 206.351 4096.42 10617.7 8335.83 4191.84 4143.99
internal_count=2741704 2569088 540651 265726 223482 26860 196622 115795 80827 103526 9625 93901 60090 23966 20774 3634 1386 33811 33142 7379 36124 33447 5333 80389 722 24612 78778 70888 57225 13663
is_linear=0
shrinkage=0.06


Tree=101
num_leaves=31
num_cat=0
split_feature=5 4 1 5 7 5 8 7 10 2 7 5 10 5 1 2 4 2 2 8 8 17 8 10 7 17 14 7 9 17
split_gain=2591.38 1028.82 200.512 92.1566 52.9103 69.793 64.5473 87.3597 98.1991 57.3223 68.9258 52.4217 49.4212 45.4391 44.9487 43.9039 40.4754 53.9499 39.3544 48.1404 46.8081 45.5516 38.8924 40.1069 100.892 76.825 41.8989 101.578 66.7611 62.4601
threshold=0.99641242623329174 -4.9966636197495964e-06 17.500000000000004 0.98173660039901745 3.609237909317017 0.17076727002859118 99.425289154052749 0.018431727774441246 0.12973351776599887 -0.95530155301094044 1.1391819119453432 0.99865004420280468 0.042572464793920524 0.41130582988262182 3.5000000000000004 -0.97785523533821095 -0.84442242980003346 -0.91912096738815297 -0.96970340609550465 73.879596710205092 56.048780441284187 77.485187530517592 41.882614135742195 0.28801843523979193 0.14056493341922763 63.286264419555671 21.500000000000004 0.0044254653621464976 83.398952484130874 96.871944427490249
decision_type=2 2 2 2 2 2 2 2 2 2 2 2 2 2 2 2 2 2 2 2 2 2 2 2 2 2 2 2 2 2
left_child=2 -2 3 4 5 12 15 -8 9 10 -9 -3 14 -6 -1 -7 17 -15 19 20 -17 -22 -20 24 -24 -26 27 28 -25 -29
right_child=1 11 -4 -5 13 6 7 8 -10 -11 -12 -13 -14 16 -16 18 -18 -19 22 -21 21 -23 23 26 25 -27 -28 29 -30 -31
leaf_value=-0.079318821935321526 -0.057553820551146641 0.035741655896695472 -0.059880386537793318 0.020321185772407512 -0.055762403262314908 -0.048102507033967824 0.045851081085366154 0.034634654690212777 -0.082224257640164 0.010659314230803192 0.36680417354409478 0.058788769579020246 -0.0034070892693785653 -0.050817170110120526 -0.018153614552526388 -0.047131420772816623 -0.0070833357352581092 0.19065686812187202 0.01333215973401241 -0.054932248840162227 0.32043903146689939 0.059933954057840508 0.022145801071129588 0.012926780717028442 -0.10312998473691297 0.00073835507598637821 0.0032991323068417466 -0.066666017340169761 -0.0080894472690245574 -0.017257994981543769
leaf_weight=51.202161803434137 300.8202352692897 394.21538837417029 192.20335224796145 896.31823468899529 68.421338568092324 60.524152244412107 283.72318526310846 6.7452764885238121 40.338539716991363 1033.2754314507329 2.5664002529520076 4218.259210355347 3153.5803936433804 4.9361050923034782 258.81613563037536 3.0394112728099598 2177.8739123572886 7.4284655977971834 1086.239633553123 5.4364236805413375 4.9045531227748125 5.0507513648044551 1044.0764736030251 757.15227083070204 24.939637849500286 2184.2610085135821 3308.0869016787037 139.50085439760005 1926.8738235086203 270.51088211510796
leaf_count=1305 1312721 11302 848414 39874 529 50918 2133 1628 309 2591 168 164814 209945 1119 51042 235 6946 142 4237 234 151 142 4095 1842 1225 9307 7618 825 5669 824
internal_value=0.0109783 0.0498138 0.000932493 0.00155718 0.000617011 0.00185604 0.00399201 0.0162739 0.00848957 0.0120748 0.152878 0.0568272 -0.00565871 -0.00796558 -0.0284781 0.00243945 -0.00644768 0.0976678 0.00272818 0.0880414 0.147507 0.205808 0.00257362 0.00136202 0.00678565 -0.000480344 -0.00139467 -0.00641263 -0.00215825 -0.0341897
internal_weight=23911.3 4913.29 18998 18805.8 17909.5 15650.8 12187.2 1366.65 1082.93 1042.59 9.31168 4612.47 3463.6 2258.66 310.018 10820.6 2190.24 12.3646 10760.1 18.4311 12.9947 9.9553 10741.6 9655.4 3253.28 2209.2 6402.12 3094.04 2684.03 410.012
internal_count=2742304 1488837 1253467 405053 365179 356443 94151 6829 4696 4387 1796 176116 262292 8736 52347 87322 8207 1261 36404 762 528 293 35642 31405 14627 10532 16778 9160 7511 1649
is_linear=0
shrinkage=0.06


Tree=102
num_leaves=31
num_cat=0
split_feature=0 0 1 5 4 2 2 5 4 14 5 5 5 1 4 4 9 14 2 16 4 2 9 8 10 10 17 8 17 5
split_gain=3107.59 385.667 92.0165 100.303 55.021 38.6628 47.2138 36.7584 36.5979 33.9418 33.6497 32.8598 32.5953 31.8083 32.9314 31.6296 31.1433 30.0321 61.2096 29.9327 66.7586 42.3074 38.6808 41.1264 27.4444 27.1743 26.5153 38.5855 26.3952 36.3436
threshold=0.99740585684776317 0.00010520932846702637 4.5000000000000009 0.98173660039901745 -0.95904597640037526 -0.016607834957540032 -0.071540091186761842 0.99809545278549205 -4.9966636197495964e-06 41.500000000000007 0.00023179592244559902 0.99917250871658336 0.94936829805374157 3.5000000000000004 -0.38312463462352747 -0.035882027819752686 85.201290130615249 31.500000000000004 -0.64716216921806324 28.869047164916996 -0.019527811557054516 -0.89004525542259205 92.908306121826186 18.321678161621097 0.29520697891712194 0.60434782505035411 41.277891159057624 44.346115112304695 99.206348419189467 0.00012901781155960637
decision_type=2 2 2 2 2 2 2 2 2 2 2 2 2 2 2 2 2 2 2 2 2 2 2 2 2 2 2 2 2 2
left_child=1 -1 3 5 -4 6 12 25 -2 -7 28 -10 19 14 -14 -16 -15 -12 -19 20 21 22 23 -3 26 -5 -21 -28 29 -6
right_child=8 2 4 7 10 9 -8 -9 11 -11 17 -13 13 16 15 -17 -18 18 -20 24 -22 -23 -24 -25 -26 -27 27 -29 -30 -31
leaf_value=-0.059851055746745756 -0.12345539641485809 -0.037098898257587033 -0.059057800125129178 0.039788101928653882 0.084212508050878446 -0.0079770786649720725 0.013490857956265322 -0.059846161344348642 0.040890220252403284 -0.10838392389231991 -0.0040711282234846009 0.059173057520084664 -0.067397414554427548 -0.046809345606488306 0.02282111667779161 -0.068195426979121579 0.068756963067321764 0.03233717161275685 -0.0018691193473827509 -0.090619533366254348 0.012784010713169425 0.031342435371213014 0.037099807567929986 0.30428416932673258 -0.0010386295747281985 0.017130705288910655 0.04990146403407688 0.0060931989545680246 0.11137499029690755 -0.056341027361678737
leaf_weight=373.977256378741 3.1305044814944258 1.2670538848906305 61.470763219884248 366.61792854449595 11.843350903160173 697.23025773244444 1798.3688489359047 16.636955711990595 401.16685557831079 11.344050628133116 7598.5205841403076 3808.9260857850313 20.662713274970884 121.49903770451783 117.75680816173553 14.567935816943644 8.1432000404165574 254.61401479353663 715.04217612883076 9.0045732495200337 317.87983430468012 13.554977681778835 4.8916897429153314 7.0933947245648596 3518.0874889265979 401.29336976166815 73.379862982459599 2728.4280209665303 15.190785712067735 12.704727674514286
leaf_count=2029193 17 45 279610 8214 3919 4414 8090 20321 14708 72 159085 158188 1012 1583 195 42 67 1621 2104 450 1578 53 34 161 11659 7032 936 13632 1988 12435
internal_value=0.0106007 0.000403973 0.00159827 0.00544694 -0.00295118 0.00373633 0.00482766 0.0260492 0.0572774 -0.00973504 -0.0025437 0.0574411 0.00258637 -0.0173358 0.00122406 0.0123646 -0.0390796 -0.00280204 0.00713689 0.00343256 0.0206254 0.109805 0.18223 0.25411 0.00249308 0.0279855 0.00691227 0.00725794 0.0518591 0.0121118
internal_weight=23504.3 19291.1 18917.1 10247.7 8669.39 9463.16 8754.59 784.548 4213.22 708.574 8607.92 4210.09 6956.22 282.63 152.987 132.325 129.642 8568.18 969.656 6673.59 344.687 26.8071 13.2521 8.36045 6328.9 767.911 2810.81 2801.81 39.7389 24.5481
internal_count=2742458 2569545 540352 79590 460762 44023 39537 35567 172913 4486 181152 172896 31447 2899 1249 237 1650 162810 3725 28548 1871 293 240 206 26677 15246 15018 14568 18342 16354
is_linear=0
shrinkage=0.06


Tree=103
num_leaves=31
num_cat=0
split_feature=0 0 5 5 4 7 14 10 7 14 5 10 17 14 7 7 5 17 1 8 16 8 10 4 7 4 2 7 8 14
split_gain=2894.64 370.728 78.4909 89.6158 47.1888 42.9138 39.1262 37.4801 112.662 79.8852 95.2132 74.8212 46.6451 54.8522 84.595 52.3111 50.1283 53.2309 46.2571 44.4532 54.9183 102.607 67.3041 130.064 72.4561 45.3117 43.9996 43.1248 42.2434 40.8755
threshold=0.99740585684776317 0.00010520932846702637 0.99809545278549205 0.98564207553863536 -4.9966636197495964e-06 1.000100910663605 27.500000000000004 0.43167701363563543 0.0020675400737673049 18.500000000000004 0.6510990858078004 0.23669467866420749 28.919860839843754 14.500000000000002 1.0467052106832854e-05 0.054103799164295203 0.03108292538672686 51.925926208496101 5.5000000000000009 49.29521560668946 55.68475532531739 69.614067077636733 0.16064515709877017 -0.29934647679328913 0.023711605928838256 -0.80003023147582997 -0.51479646563529957 1.0000000180025095e-35 42.462121963500984 11.500000000000002
decision_type=2 2 2 2 2 2 2 2 2 2 2 2 2 2 2 2 2 2 2 2 2 2 2 2 2 2 2 2 2 2
left_child=1 -1 3 7 -2 6 -5 8 9 10 27 19 -9 14 -14 -15 -16 -18 -13 -10 21 22 23 25 -24 -21 -19 28 -3 -22
right_child=4 2 -4 5 -6 -7 -8 12 11 -11 -12 18 13 15 16 -17 17 26 -20 20 29 -23 24 -25 -26 -27 -28 -29 -30 -31
leaf_value=-0.059840617502696584 -0.14288236997353707 0.029301282823123383 -0.060225754205713675 0.030675464315439986 0.057468285979825159 -0.033413440573019225 -0.0014626793002168511 0.011825695569199759 -0.047343034331856736 -0.0078895528054248563 0.031776187794527941 -0.0099420435323223661 0.0092599735770582687 -0.00089058018273747237 -0.056179211203197701 0.035683118918852973 -0.001044453509737758 -0.051718181263754402 -0.045413790959447815 -0.044538635161273057 0.0019660839118275865 -0.046627344085431822 0.24463774461350121 -0.0191791075006209 -0.059922216482854555 0.20000083763938389 -0.017963279033170725 0.013268542638599815 -0.01702105084919036 -0.02377640216512841
leaf_weight=352.3390862463857 3.3185043260455123 87.74897160474211 71.270490659750067 671.33603031250823 3969.0899535232456 48.485809463614714 170.96159540163353 795.97612528284662 66.113635188085027 602.34340738403262 953.49787004245445 461.45105408635573 532.07816622807877 4111.0296662861947 116.04046291080886 144.77675412758254 573.31611472711666 171.3533314387023 185.04216989839915 2.8082556972076445 6113.8417269406345 30.403380776682752 13.261223251873163 35.899540325975977 3.0746575978700994 17.92135485340259 732.01692814874696 1767.3142680358433 351.54698714951519 229.4265872592805
leaf_count=2029590 18 891 274667 26912 172605 12139 3314 5824 9351 1877 5209 4336 2179 13549 7556 337 3729 973 15767 2095 72739 1558 695 2349 726 431 2607 63492 2487 2895
internal_value=0.0106065 0.00105632 0.00218511 0.00242251 0.057265 0.0209908 0.0241584 0.00150748 0.00372068 0.0121253 0.0159416 -0.000697321 -0.00186072 -0.00356968 -0.0114404 0.000361698 -0.0183571 -0.015349 -0.0201494 0.0012364 0.00174187 0.0449119 0.0831696 0.0504427 0.187165 0.166348 -0.0244161 0.00908797 -0.00772267 0.00103142
internal_weight=23385.1 19412.7 19060.3 18989.1 3972.41 890.783 842.298 18098.3 10921.7 3762.45 3160.11 7159.24 7176.59 6380.61 2124.81 4255.81 1592.73 1476.69 646.493 6512.75 6446.64 103.368 72.965 56.6292 16.3359 20.7296 903.37 2206.61 439.296 6343.27
internal_count=2742897 2570274 540684 266017 172623 42365 30226 223652 186898 73956 72079 112942 36754 30930 17044 13886 14865 7309 20103 92839 83488 7854 6296 4875 1421 2526 3580 66870 3378 75634
is_linear=0
shrinkage=0.06


Tree=104
num_leaves=31
num_cat=0
split_feature=0 0 5 5 0 5 14 16 8 10 9 9 10 6 6 6 14 6 2 6 6 10 13 9 14 10 6 14 1 14
split_gain=2743.04 347.834 76.4663 82.6449 35.7338 33.7885 29.8263 33.7551 54.877 34.5702 33.1894 30.8337 56.947 29.5259 57.4879 62.4295 100.404 86.002 60.6306 44.8635 42.4533 126.282 62.1261 45.9297 40.9424 42.9596 40.2818 97.0502 58.7763 44.4181
threshold=0.99740585684776317 0.00010520932846702637 0.99755212664604198 0.98860448598861705 0.99944254755973827 0.0011921658297069373 8.5000000000000018 79.622642517089858 52.40406799316407 0.3390804678201676 51.358736038208015 50.106382369995124 0.061553031206130988 0.92558395862579357 1.9994091987609866 2.1229374408721928 12.500000000000002 2.9991497993469243 -0.74151420593261708 1.450055778026581 3.0268198251724248 0.098387096077203764 1.0000000180025095e-35 66.135383605957045 37.500000000000007 0.64495798945426952 3.9160612821578984 17.500000000000004 5.5000000000000009 6.5000000000000009
decision_type=2 2 2 2 2 2 2 2 2 2 2 2 2 2 2 2 2 2 2 2 2 2 2 2 2 2 2 2 2 2
left_child=1 -1 3 5 -2 6 7 8 9 10 -3 12 -9 -7 19 16 18 -17 -16 -15 21 23 -23 -19 -18 -26 27 -22 -29 -28
right_child=4 2 -4 -5 -6 13 -8 11 -10 -11 -12 -13 -14 14 15 17 24 20 -20 -21 26 22 -24 -25 25 -27 29 28 -30 -31
leaf_value=-0.059829510019658964 0.04194993152479469 -0.053240743992772573 -0.05912854347197375 0.022113151855519295 0.059349613050917911 -0.010531361119607563 -0.057213676615878693 -0.0056079502468217414 -0.034218607016756108 0.0050064393462338876 0.083558797846898347 -0.010209780841951671 0.16098111739482829 0.0027193129519676438 -0.02261969280068464 0.011952595938929885 -0.042708687222954331 0.010791057599350168 0.009705477131271463 0.019208722915721455 0.0002687793444722582 -0.036303721864431336 0.010253105581732785 0.17381694921811625 0.054958048986436081 -0.043429473481249301 0.0044730055963624876 0.024857835475482034 0.12174288912148334 -0.0049662286784081956
leaf_weight=331.75815902423346 502.01177147321869 6.4747493527829638 72.263164590141969 726.82471317595628 3252.3870634994237 739.4210684573045 14.187302361737236 10.976490928471319 50.470426187268458 55.984208435140317 58.2284989808104 10.789865061087765 21.185685992648359 1286.0841699950106 308.10661467497994 2363.3567106265546 380.37923384190071 443.48881871033518 643.28086221968988 1103.433456848099 1638.9627288414486 561.74239160466823 125.88422518967127 5.3162647689750875 33.572035230696201 28.735462251584977 2857.9496730273095 555.13103145489004 22.590416826482397 4820.2930769773084
leaf_count=2028849 21059 3965 279300 34225 151692 7726 4781 4854 22088 11130 13357 1824 2201 9614 9640 17812 1664 4408 2144 6697 19624 5500 874 35 57 120 47217 1373 123 28610
internal_value=0.0101223 0.000982989 0.00205101 0.00228839 0.0570348 0.00149315 0.0243795 0.0300269 0.0178623 0.0397444 0.0692675 0.0769917 0.105672 0.0012002 0.00170575 0.000310274 -0.0117689 0.00156821 -0.00077578 0.0103387 -0.000657419 -0.0116353 -0.027778 0.0131043 -0.0353393 0.00961365 0.000604433 0.00772742 0.0288501 -0.00145269
internal_weight=23031.3 19276.9 18945.1 18872.9 3754.4 18146 228.297 214.11 171.158 120.687 64.7032 42.952 32.1622 17917.7 17178.3 14788.8 1394.07 13394.7 951.387 2389.52 11031.4 1136.43 687.627 448.805 442.687 62.3075 9894.93 2216.68 577.721 7678.24
internal_count=2742563 2569812 540963 261663 172751 227438 64200 59419 50540 28452 17322 8879 7055 163238 155512 139201 13625 125576 11784 16311 107764 10817 6374 4443 1841 177 96947 21120 1496 75827
is_linear=0
shrinkage=0.06


Tree=105
num_leaves=31
num_cat=0
split_feature=0 0 5 5 5 7 14 6 14 7 5 9 8 4 4 7 6 5 3 14 0 8 0 6 6 1 6 14 8 16
split_gain=2609.69 327.462 69.0123 91.8372 41.7905 50.2651 54.5808 36.4799 33.436 48.2149 36.831 48.4784 34.1404 33.0519 32.5948 48.7795 32.4296 32.2869 30.3576 72.9991 51.6633 46.9981 29.3905 28.6699 30.7453 61.281 57.1541 47.0499 44.0879 46.0775
threshold=0.99740585684776317 0.00010520932846702637 0.99809545278549205 0.98564207553863536 0.49479787051677709 1.0467052106832854e-05 12.500000000000002 3.8993831872940068 36.500000000000007 0.054103799164295203 0.0021058855345472698 90.960163116455092 78.830558776855483 -4.9966636197495964e-06 -0.0014965970767661927 0.0014907147851772609 0.57425999641418468 0.99917250871658336 41.500000000000007 5.5000000000000009 0.1069132797420025 77.525508880615249 0.00036476657260209327 5.9973108768463144 3.0077875852584843 5.5000000000000009 1.3162558078765871 2.5000000000000004 63.224515914916999 56.873315811157234
decision_type=2 2 2 2 2 2 2 2 2 2 2 2 2 2 2 2 2 2 2 2 2 2 2 2 2 2 2 2 2 2
left_child=1 -1 3 4 8 6 -6 18 10 12 11 14 -10 -2 22 23 -5 -15 -7 20 21 -20 -3 24 26 27 -16 -26 29 -27
right_child=13 2 -4 16 5 7 -8 -9 9 -11 -12 -13 -14 17 15 -17 -18 -19 19 -21 -22 -23 -24 -25 25 28 -28 -29 -30 -31
leaf_value=-0.059817934396527252 -0.11738229855916432 -0.028352044328181201 -0.060055757729772487 -0.049077522512091971 0.025810334568739324 0.0051989852123866592 -0.0022848189861390689 -0.0016836679086312237 -0.077969971185101641 0.11927258649113068 -0.0047846723237820066 -0.062263174592016468 0.017108403686718145 0.039609059731614799 0.048540947375207665 -0.058351123759231613 0.023284402478863341 0.059121201557867757 0.52367773964800046 -0.054107551577009305 -0.038317124412986452 -0.0237851427184693 0.36080307175851251 -0.057057288264008792 -0.051396149747011656 0.012349062922320044 -0.02353100818886834 0.1557787492126875 -0.035210731940354262 0.098270573428523703
leaf_weight=312.61794240266318 3.0143327042460433 0.89464431707165093 63.303033681848319 21.99791309676948 692.74353121593595 5804.6002255683852 388.00400537438691 4852.2417892490485 13.443370011518708 14.983132280409334 5639.2390720352269 26.415338714374229 235.15437969751656 347.13818880706094 74.278061369375791 26.18242817184364 836.11581950818072 3189.8661276906496 1.6225605799118055 3.9150764548103325 1.0543375834822653 0.61251337721478183 0.88799749544705264 13.591146380873395 4.1564596745884073 52.605863344710087 82.699633313372033 24.930060869810404 28.371002424071776 38.663907356123673
leaf_count=2029574 16 1898 275231 1384 4040 35996 1125 32234 154 17 72229 2386 893 14624 5918 15057 40762 157748 33 132 7 54 138 5558 447 12449 16152 1010 9059 6339
internal_value=0.00969659 0.000990878 0.00199753 0.00220877 0.00129503 0.00340712 0.015731 0.0021568 -0.0026571 0.0182191 -0.0035751 0.0146428 0.0116751 0.0570361 0.0206549 0.0189501 0.0213744 0.0572179 0.00536292 0.12071 0.292885 0.412671 0.225497 0.0254512 0.0292935 0.0487549 0.0106631 0.125449 0.029224 0.0494179
internal_weight=22795.3 19255.3 18942.7 18879.4 18021.3 11744.8 1080.75 10664 6276.5 263.581 6012.92 373.677 248.598 3540.02 347.261 345.479 858.114 3537 5811.8 7.20449 3.28941 2.23507 1.78264 319.296 305.705 148.727 156.978 29.0865 119.641 91.2698
internal_count=2742664 2570276 540702 265471 223325 73621 5165 68456 149704 1064 148640 76411 1047 172388 74025 71989 42146 172372 36222 226 94 87 2036 56932 51374 29304 22070 1457 27847 18788
is_linear=0
shrinkage=0.06


Tree=106
num_leaves=31
num_cat=0
split_feature=5 3 1 5 5 7 9 5 4 8 8 9 9 7 17 8 17 7 7 8 6 14 6 14 6 6 7 8 8 6
split_gain=2006.24 741.571 160.353 84.8314 43.6429 57.2393 151.84 61.4604 56.8266 56.8196 54.5447 60.2264 49.0646 61.1171 50.1258 47.4003 52.8044 62.845 43.2651 84.7698 49.4305 65.5469 137.472 43.4603 52.4825 50.2897 43.0232 45.1432 86.3687 92.8281
threshold=0.99783298373222362 1.5000000000000002 17.500000000000004 0.98564207553863536 0.085427075624465956 0.14056493341922763 62.532051086425788 0.77991238236427318 -0.066907644271850572 26.747966766357425 73.286384582519545 79.422195434570327 99.80237197875978 0.0030950487125664954 35.424837112426765 99.425289154052749 70.710784912109389 0.0002354165990254842 0.00044121385144535458 92.612083435058608 5.0281038284301767 30.500000000000004 5.3291192054748544 36.500000000000007 2.9041168689727788 2.0250639915466313 0.018431727774441246 50.944742202758796 48.808847427368171 1.957142770290375
decision_type=2 2 2 2 2 2 2 2 2 2 2 2 2 2 2 2 2 2 2 2 2 2 2 2 2 2 2 2 2 2
left_child=2 -2 3 4 12 6 7 -6 9 -8 -7 -12 18 -14 -15 16 17 -10 19 -1 26 -22 -23 24 25 -21 -20 28 29 -28
right_child=1 -3 -4 -5 5 10 8 -9 15 -11 11 -13 13 14 -16 -17 -18 -19 20 23 21 22 -24 -25 -26 -27 27 -29 -30 -31
leaf_value=-0.005380957068675819 0.057422617352386365 -0.058554098004294362 -0.05983542832435608 0.019681000566976078 0.014273220634472866 -0.017280390927692405 0.31947304351395522 0.04510834177953265 0.01977618284084345 0.031409666498854967 -0.0017646689365648331 0.030179399090542965 0.0092491076995175926 0.16791694726181497 -0.055610102703155896 0.037215889100887481 -0.00098751807366330262 -0.0038207636207780124 -0.030831748384811709 0.041195895259308737 0.0028209976058035289 0.38029123985982949 -0.053049918300323372 0.22083699522956091 -0.0084022928551867691 0.17013629767897501 0.12579672411141227 -0.016032259940083313 0.19928657963641458 -0.062835139685570612
leaf_weight=1467.583578728314 3299.5151120346272 210.39215301741206 153.2977381577075 887.16943115695904 541.17177780532802 793.82930595737707 2.9953735449671495 409.14945166837424 1070.6053609489463 7.099018219159916 5016.130797449121 220.87190613435814 70.533763844519854 16.807733763940636 4.0057830309378906 135.0753211369738 6441.253220634535 654.00887248059735 649.99836778423924 35.841012592616607 147.98575539239391 4.1117138927802426 5.0022116578184068 4.2799263149499884 40.829330177977681 15.275866212832623 14.06904433055024 128.53156784374733 10.042057165454024 23.942690307827434
leaf_count=128103 170786 1275027 874334 52520 3508 52779 154 4086 2994 825 30463 639 322 80 69 622 17925 1839 90902 319 16485 32 118 13 997 124 1100 9356 579 5184
internal_value=0.00879189 0.050456 0.00108138 0.00158078 0.00068419 0.00191392 0.00487591 0.0275824 0.00227655 0.13798 -0.00263478 -0.000411915 -0.00644015 0.0365303 0.12432 0.00209493 0.00150949 0.0108307 -0.0079947 -0.00179001 -0.0178467 0.01294 0.160721 0.052469 0.0423401 0.0822539 -0.0237066 0.00254643 0.0515535 0.00841693
internal_weight=22481.4 3509.91 18971.5 18818.2 17931 15292.2 9261.36 950.321 8311.04 10.0944 6030.83 5237 2638.84 91.3473 20.8135 8300.94 8165.87 1724.61 2547.49 1563.81 983.683 157.1 9.11393 96.2261 91.9462 51.1169 826.584 176.585 48.0538 38.0117
internal_count=2742284 1445813 1296471 422137 369617 115834 31953 7594 24359 979 83881 31102 253783 471 149 23380 22758 4833 253312 129556 123756 16635 150 1453 1440 443 107121 16219 6863 6284
is_linear=0
shrinkage=0.06


Tree=107
num_leaves=31
num_cat=0
split_feature=0 0 4 5 6 6 6 14 2 0 5 4 5 14 1 10 6 6 10 14 2 1 16 8 4 16 2 15 2 10
split_gain=2358.9 287.451 64.0679 66.4169 37.6478 55.5213 36.1681 67.9587 56.6103 35.9156 35.6581 35.4544 31.4521 35.6342 40.7215 42.5951 30.9759 98.6196 173.027 58.0131 62.8121 54.9403 45.8115 43.5557 45.6695 41.3118 40.8581 40.2825 80.7316 70.7478
threshold=0.99740585684776317 0.00010520932846702637 -0.93738839030265797 0.98173660039901745 0.92558395862579357 1.9994091987609866 2.0094648599624638 12.500000000000002 -0.98880416154861439 0.99944254755973827 0.00015600645565427842 -0.90551245212554921 0.99809545278549205 18.500000000000004 5.5000000000000009 0.62828946113586437 3.9994803667068486 4.1871047019958505 0.19139194488525393 29.500000000000004 -0.64716216921806324 5.5000000000000009 56.070175170898445 40.175437927246101 -0.17105547338724134 97.220077514648452 -0.99811670184135426 1.0000000180025095e-35 -0.64716216921806324 0.51086956262588512
decision_type=2 2 2 2 2 2 2 2 2 2 2 2 2 2 2 2 2 2 2 2 2 2 2 2 2 2 2 2 2 2
left_child=1 -1 -3 4 -4 11 7 8 -7 -2 -8 -6 13 -5 -15 -16 -12 18 23 26 -21 -22 -20 24 -18 -25 -19 29 -29 -28
right_child=9 2 3 12 5 6 10 -9 -10 -11 16 -13 -14 14 15 -17 17 19 22 20 21 -23 -24 25 -26 -27 27 28 -30 -31
leaf_value=-0.059793935967713131 0.040320339119543157 -0.059094032546768802 -0.012416020294770245 0.027017986800482431 0.11941069289418882 -0.070610993643570957 0.074662322337903014 -0.034969178014955339 0.0074128883108000882 0.059076885616105509 0.0033589281310588454 0.0094479460829200602 -0.059156151488530206 0.0097722514982266986 0.0056907072818064052 -0.1267559683741564 0.27530670204798102 -0.043731687814640416 -0.011705379867788544 0.050854286028007338 0.041253156802205711 -0.0033608668307700089 -0.047011472734853184 -0.021988031531703863 0.0059942997641212114 0.01442712482115837 0.013174035745101901 -0.033424072717651722 -0.0014640402029304249 -0.0099918649680317238
leaf_weight=278.94612792890985 435.9428392269183 61.701146485822392 739.81744485738454 616.1879163653357 9.6114823787938786 35.221415845764568 22.446587456404814 298.58022507620626 440.84815803437959 2725.5167385422392 7147.6896766131104 2347.5356241888949 18.208431705978001 298.07151939719915 17.829599099932238 15.995740601327268 3.4208331017871387 78.837230920078582 180.15698550478555 155.57492014300078 130.79399983771145 403.37340531870723 505.72081548179267 152.24097719548445 4.7460375894879672 417.51800478884252 1449.8211001415038 325.0617393310531 2234.8148873210885 704.43507790239528
leaf_count=2029217 21041 308128 10075 11302 480 5618 7323 1177 1613 151480 76721 19638 8658 5866 289 301 68 41005 4867 981 238 862 3492 5230 322 3738 9913 4049 5756 3215
internal_value=0.0085069 0.0005578 0.00145563 0.00165797 0.000825323 0.00140063 2.88541e-05 -0.0125808 0.00150448 0.0565041 0.000731608 0.00994678 0.0169693 0.0184922 0.00262978 -0.0587836 0.000606806 -0.00230903 -0.0174115 0.00117473 0.0174311 0.00761981 -0.0377683 0.00677129 0.136527 0.00467543 -0.00116782 -0.000446875 -0.0055339 0.00559774
internal_weight=22256.7 19095.2 18816.3 18754.6 17788.3 17048.4 14691.3 774.65 476.07 3161.46 13916.7 2357.15 966.293 948.085 331.897 33.8253 13894.2 6746.52 1263.8 5482.71 689.742 534.167 685.878 577.926 8.16687 569.759 4792.97 4714.13 2559.88 2154.26
internal_count=2742663 2570142 540925 232797 206381 196306 176188 8408 7231 172521 167780 20118 26416 17758 6456 590 160457 83736 17717 66019 2081 1100 8359 9358 390 8968 63938 22933 9805 13128
is_linear=0
shrinkage=0.06


Tree=108
num_leaves=31
num_cat=0
split_feature=0 0 4 5 0 5 6 2 6 0 5 6 14 16 8 6 6 14 6 3 6 6 5 16 17 6 17 6 9 4
split_gain=2241.51 266.997 59.3458 64.4068 44.0403 43.1139 37.897 38.2908 46.3368 36.688 32.096 30.6361 60.9157 33.1897 43.9447 32.8431 34.1581 49.5364 47.0803 39.2924 32.8115 31.9391 38.7159 45.0972 56.1474 36.6475 41.7226 37.5926 80.8092 55.969
threshold=0.99740585684776317 0.00010520932846702637 -0.93738839030265797 0.98860448598861705 0.99890872836112987 0.31739783287048345 8.884775638580324 -0.0013954767491668461 1.9944345951080324 0.00015046924090711403 0.99809545278549205 2.0046814680099492 12.500000000000002 93.813774108886733 78.830558776855483 2.9890033006668095 3.0095150470733647 11.500000000000002 2.9991497993469243 4.5000000000000009 2.1575815677642827 3.9160612821578984 0.49479787051677709 77.09790420532228 26.846846580505375 4.0088160037994394 55.68475532531739 3.9994803667068486 82.626663208007827 -0.035882027819752686
decision_type=2 2 2 2 2 2 2 2 2 2 2 2 2 2 2 2 2 2 2 2 2 2 2 2 2 2 2 2 2 2
left_child=1 -1 -3 5 -2 9 7 8 -7 -4 -5 12 -10 14 -14 20 17 19 -19 -17 -13 22 23 24 -18 26 -23 29 -29 -28
right_child=4 2 3 10 -6 6 -8 -9 11 -11 -12 15 13 -15 -16 16 21 18 -20 -21 -22 25 -24 -25 -26 -27 27 28 -30 -31
leaf_value=-0.059780340812376508 0.030762115719201177 -0.059032608639187245 0.053571449373883528 0.02122006624742763 0.058152857129721784 0.013001370071764475 -0.038731509898038079 -0.012803941372317898 0.007564138937439957 -0.0049600858845420762 -0.059007014370183665 -0.0024739302711784738 0.00267889265441347 -0.025291368365167616 -0.15371468001435426 0.0050126273246235845 0.036329298470094244 0.0065337989789556721 -0.042323392526962801 -0.092174075459704463 0.014114908756848133 0.028882972428366585 0.011888100623217998 -0.0018075520082408108 -0.1198478383069555 0.0021529043659402718 -0.066859865902360691 -0.0021960351997277381 -0.05767027138442482 0.0014160607400231966
leaf_weight=262.80897979042493 232.75796017958783 58.084116842568619 37.882848639885196 676.62397917220369 2758.9905773868086 1518.1874812996539 79.783462804785813 563.23169200122356 277.10474589890509 4611.1845639771782 17.50028316420503 604.5950206372072 10.29468035977334 237.5189811643213 16.248339426703751 456.83430549010518 11.236785887100266 99.829578833596315 242.85755844699452 14.482895202309008 1476.6604905152053 88.588443503831513 1670.4491279543727 151.16837062605191 26.903490537239122 4808.9328594072867 46.108276799233863 198.68003726103052 179.48030625362298 523.62974702566862
leaf_count=2029658 10590 307565 27204 14661 162107 7890 531 2156 1796 114382 8666 3598 44 700 94 2469 43 284 844 489 6735 626 8510 850 406 25139 1089 1347 644 1669
internal_value=0.00777451 0.000159913 0.00100528 0.00119546 0.0560328 0.000501542 0.00223981 0.00248992 0.0031713 -0.00447172 0.0191154 0.00183078 -0.012081 -0.0326472 -0.0951626 0.00254207 0.000890913 -0.0107904 -0.028113 0.00183739 0.00929705 0.00212622 0.00897252 -0.0166817 -0.0740827 -5.31423e-05 -0.0102806 -0.0139674 -0.0286076 -0.0042169
internal_weight=21958.6 18966.9 18704.1 18646 2991.75 17951.9 13302.8 13223 12659.8 4649.07 694.124 11141.6 541.167 264.062 26.543 10600.4 8519.18 814.004 342.687 471.317 2081.26 7705.18 1859.76 189.309 38.1403 5845.42 1036.49 947.898 378.16 569.738
internal_count=2742786 2570089 540431 232866 172697 209539 67953 67422 65266 141586 23327 57376 2634 838 138 54742 44409 4086 1128 2958 10333 40323 9809 1299 449 30514 5375 4749 1991 2758
is_linear=0
shrinkage=0.06


Tree=109
num_leaves=31
num_cat=0
split_feature=0 0 7 5 16 7 10 7 9 10 9 2 7 17 2 9 0 5 10 7 6 17 8 8 16 7 11 8 0 4
split_gain=2076.66 266.86 57.0253 92.0887 72.0903 76.1447 59.4764 46.506 45.2413 80.1489 86.0331 79.5385 69.9259 44.9222 56.018 45.6879 44.3394 42.9774 42.9265 67.9413 58.1799 48.7851 46.0454 64.1172 91.305 41.8949 40.871 46.5719 39.7168 47.3933
threshold=0.99740585684776317 0.00012011466969852337 5.27071169926785e-05 0.94936829805374157 86.57657623291017 0.0049877783749252566 0.57518798112869274 3.609237909317017 99.80237197875978 0.26794873178005224 90.038166046142592 -0.98431745171546925 0.46130828559398657 18.465909004211429 -0.97785523533821095 90.038166046142592 0.99944254755973827 0.085427075624465956 0.084523811936378493 0.00071928379475139092 5.5742843151092538 62.910053253173835 69.614067077636733 65.030120849609389 71.611721038818374 0.00013330825458979237 1.0000000180025095e-35 92.40384674072267 0.016710898838937286 -0.38312463462352747
decision_type=2 2 2 2 2 2 2 2 2 2 2 2 2 2 2 2 2 2 2 2 2 2 2 2 2 2 2 2 2 2
left_child=1 -1 3 26 5 6 17 -6 9 28 -11 -10 -12 14 15 -8 -2 18 19 20 -4 -21 23 -20 -25 -22 -3 -28 -7 -30
right_child=16 2 4 -5 7 8 13 -9 11 10 12 -13 -14 -15 -16 -17 -18 -19 22 21 25 -23 -24 24 -26 -27 27 -29 29 -31
leaf_value=-0.059778853906527631 0.037265427406115596 0.00059884908100595285 -0.046065393968120573 0.029806382854502031 0.0047574131912796556 -0.046138883955268946 0.32561780168516774 -0.0050890488461398818 0.15519835234372717 -0.066848844583694791 -0.0026139908663514195 0.0007248954927827028 -0.076625771835962392 -0.015755780481902983 0.017002121516887264 -0.039728993415693567 0.058989906256325289 0.014741952345271233 -0.011528097194800526 -0.071502431953880383 0.23247687076220597 0.077633685315847065 -0.045595595106308603 0.087735017988240668 -0.081271279090253751 -0.052181483560314157 0.018691413336602996 -0.089291922435042623 0.026379820565156111 -0.011818711006134635
leaf_weight=257.48537473877514 401.05172397382557 2591.3945040303224 50.447648573288461 592.58667295495979 8102.3453728409877 98.224355640864815 2.9167066909722044 2193.5989913664234 11.832066439776098 224.74000861812237 231.82460492651444 185.1545916270843 56.34184177924908 913.26767269248376 78.687869230168872 1.5088417617080265 2422.2876261541387 982.4913700344041 441.74945412826492 8.0806091767153685 4.0720160818309514 71.148262238275493 112.1699387311819 52.007860093173804 13.848477045714388 2.4503446978342254 726.57680342532694 13.692858757451175 136.2046207885287 791.51090599497547
leaf_count=2062440 20975 15400 5491 8465 211288 113711 14 8451 586 54820 2942 2390 10480 6534 369 63 151323 3581 38366 1360 167 4608 4604 2112 686 646 2584 54 5040 2825
internal_value=0.00792224 0.000768178 0.00160543 0.00803327 -0.00010321 -0.0064644 -0.000224838 0.00265929 -0.0162892 -0.019754 -0.0390984 0.0107404 -0.0172996 -0.0119056 0.0300848 0.216693 0.0559183 0.00647287 -0.0042792 0.0261006 -0.023648 0.0617215 -0.0109866 -0.00326415 0.0515118 0.132815 0.00415282 0.0165763 -0.0100543 -0.00618814
internal_weight=21771.7 18948.4 18690.9 3924.25 14766.6 4470.68 2734.85 10295.9 1735.83 1538.85 512.906 196.987 288.166 996.381 83.1134 4.42555 2823.34 1738.47 755.975 136.199 56.97 79.2289 619.776 507.606 65.8563 6.52236 3331.66 740.27 1025.94 927.716
internal_count=2742375 2570077 507637 26503 481134 261395 68601 219739 192794 189818 68242 2976 13422 6980 446 77 172298 61621 58040 12272 6304 5968 45768 41164 2798 813 18038 2638 121576 7865
is_linear=0
shrinkage=0.06


Tree=110
num_leaves=31
num_cat=0
split_feature=0 0 6 6 2 0 3 6 6 7 9 9 2 16 7 5 7 5 6 7 10 5 6 10 6 8 3 7 1 10
split_gain=2027.96 233.487 59.7199 77.5113 53.9689 46.0337 43.6267 42.9991 73.1789 47.3994 46.9436 47.441 35.8023 44.034 42.306 34.367 34.024 30.9052 31.1398 29.3742 29.4926 28.8544 28.623 74.067 50.3789 46.4033 43.9533 43.7436 57.3781 66.0631
threshold=0.99740585684776317 0.00010520932846702637 0.92558395862579357 1.9994091987609866 -0.016607834957540032 0.99944254755973827 20.500000000000004 2.1229374408721928 2.9890033006668095 0.0013831454562023284 63.502786636352546 98.53299713134767 -0.98431745171546925 63.007518768310554 0.0057773799635469922 0.00015600645565427842 9.7443426056997864e-05 0.00030672439606860285 1.2038173675537112 3.609237909317017 0.62828946113586437 0.99350962042808544 3.0337734222412114 0.22401433438062671 2.9991497993469243 44.552318572998054 7.5000000000000009 0.054103799164295203 4.5000000000000009 0.077935222536325469
decision_type=2 2 2 2 2 2 2 2 2 2 2 2 2 2 2 2 2 2 2 2 2 2 2 2 2 2 2 2 2 2
left_child=1 -1 -3 6 7 -2 17 10 9 -9 -5 12 -12 14 -14 -10 -6 -4 -19 20 -18 22 23 26 -25 -26 -17 28 -24 -30
right_child=5 2 3 4 16 -7 -8 8 15 -11 11 -13 13 -15 -16 21 19 18 -20 -21 -22 -23 27 24 25 -27 -28 -29 29 -31
leaf_value=-0.059750508682838592 0.036348548681928237 -0.016129754223017299 0.093245285300091518 0.003028968829384155 0.03329117438454083 0.058869341683696327 -0.07608887586064475 0.019405603220315842 0.070316339112086651 0.0011104209671241618 -0.069313558765980804 0.027135867348812397 0.017661077576597701 -0.027775820413054837 -0.091928150587631458 0.0088191984030387884 0.022640830947918016 0.0039948265562740485 0.017514339109821933 -0.1304136827483692 -0.0087916786923322079 -0.049129474336094693 0.017668021475054196 0.0049906910412930664 0.0021228402888031806 -0.03761896676337121 -0.088091049927260051 -0.0057073660996182522 0.022295531837388267 -0.0019394082921821907
leaf_weight=233.01710012207332 388.4602574565215 740.17381490118714 15.663326838519422 525.50489022980764 256.9405353339389 2288.5791895764414 19.534185135562439 1033.3749815452611 22.629154445719905 1005.5025002524198 56.997296436275064 70.780385234960704 142.91666871256894 587.23768792270857 12.913322924185193 597.69715612247819 222.28260358632542 1150.7811164675877 1314.1126949860845 4.6325632603839031 206.38401967321988 45.812106949735607 780.40265277214348 200.42007038422162 133.13568302632484 511.60815539385658 16.34029115512385 3843.1756106926769 443.02323349959624 4597.9306754462159
leaf_count=2028007 21092 25319 2608 26973 5486 151635 1154 8098 6189 41671 11330 351 369 2314 407 9780 4042 22586 23949 30 3861 204500 2780 1104 3255 3395 1043 51014 19271 57520
internal_value=0.00676878 -0.000192833 0.000558166 0.00125227 -0.000346764 0.0556162 0.0110455 -0.00112087 -6.37154e-05 0.010388 -0.0111307 -0.0196689 -0.0238384 -0.0202617 0.00805138 -0.00196847 0.0160359 0.0117621 0.0112067 0.00575061 0.00752223 -0.0021212 -0.0019232 -0.00975298 -0.0212652 -0.0294219 0.00610126 -0.00074013 0.00253958 0.000194474
internal_weight=21468 18790.9 18557.9 17817.7 15317.6 2677.04 2500.09 14627.4 13231.1 2038.88 1396.35 870.845 800.065 743.068 155.83 11192.2 690.24 2480.56 2464.89 433.299 428.667 11169.5 11123.7 1459.2 845.164 644.744 614.037 9664.53 5821.36 5040.95
internal_count=2741133 2568406 540399 515080 464783 172727 50297 451364 409620 49769 41744 14771 14420 3090 776 359851 13419 49143 46535 7933 7903 353662 149162 18577 7754 6650 10823 130585 79571 76791
is_linear=0
shrinkage=0.06


Tree=111
num_leaves=31
num_cat=0
split_feature=0 0 0 4 6 2 7 1 6 6 14 7 2 0 0 7 7 8 7 2 4 6 0 17 8 9 10 14 6 0
split_gain=1861.98 237.419 45.4382 44.037 37.6261 58.9605 59.7277 37.2405 34.5113 58.4879 70.6645 44.3733 42.0154 40.0829 38.0295 37.3592 55.6008 36.1657 46.0282 77.7068 37.4544 42.1444 40.3665 45.7877 54.8998 66.5035 44.4241 42.9584 35.8309 54.5545
threshold=0.99740585684776317 0.00012011466969852337 0.99944254755973827 -0.95904597640037526 0.92558395862579357 -0.044832766056060784 2.1995301722199659e-05 3.5000000000000004 1.9994091987609866 2.0094648599624638 11.500000000000002 0.00022428709053201604 -0.98880416154861439 0.00039155558624770498 0.69954499602317821 8.7255451944656684e-05 2.4993221813929271e-05 30.053763389587406 0.00044121385144535458 -0.83011069893836964 -0.74363002181053151 1.450055778026581 0.34205599129199987 47.493734359741218 66.996700286865249 44.396135330200202 0.51086956262588512 4.5000000000000009 1.0020086169242861 0.34205599129199987
decision_type=2 2 2 2 2 2 2 2 2 2 2 2 2 2 2 2 2 2 2 2 2 2 2 2 2 2 2 2 2 2
left_child=1 -1 -2 -3 -5 8 -7 -8 13 10 12 14 -10 -6 15 16 -12 18 28 -20 21 -19 23 -22 26 -26 27 -25 -15 -30
right_child=2 3 -4 4 5 6 7 -9 9 -11 11 -13 -14 17 -16 -17 -18 20 19 -21 22 -23 -24 24 25 -27 -28 -29 29 -31
leaf_value=-0.059751825485614321 0.036115283198130295 -0.058642174055054744 0.058985701849321989 -0.011303405530265997 0.089472100932884532 0.033160327018395448 0.015602549864494653 -0.00045185121529182134 -0.069282265568340898 0.00070065342128548163 -0.084215206493913897 -0.015032820617334753 0.0049107739358665026 0.056520007972576947 -0.10386413053958646 -0.10525439241731152 0.018052693240970391 -0.053966064472152311 0.1150858218584683 -0.028847934681742387 -0.062288044226093041 0.11244997769293523 0.010985971156564325 -0.00062086196010027034 -0.065231553988822202 -0.0044218723970796663 -0.11740935718620794 0.051694505322253156 -0.084836816483371907 0.035410020406904032
leaf_weight=229.21410229633329 372.88054394209757 42.646057973957795 2155.9986009653658 767.28565259676543 20.614204215147765 367.39206117670983 964.52504861354828 1127.5194219697732 28.683076041226741 12622.36739341724 29.429328993777744 143.2228090671415 368.88900871212536 30.857837213319726 50.51758000254631 23.333108425606042 50.853846830083057 6.5836091341479941 45.523237888002768 18.540745004924247 49.707741305726813 21.360948460947839 1121.0588323617121 114.72697261971189 79.136694138811436 337.97523605040624 7.1760523726698002 110.30167084257118 25.671338506916072 26.839124739170074
leaf_count=2061990 21003 279469 151485 10634 7381 5798 9355 9336 5293 167206 153 552 1341 81 188 153 135 908 563 142 967 553 2844 1373 1059 1808 74 760 255 68
internal_value=0.00729906 0.000806375 0.0556291 0.00155572 0.00169719 0.00225842 0.0108805 0.00695386 0.000874842 -0.000232916 -0.0171665 -0.0392369 -0.000602324 0.00818869 -0.0614856 -0.0400289 -0.0200104 0.00730459 0.0358017 0.0736268 0.00501301 0.0727332 0.0039339 -0.00737538 -0.00308228 -0.0160874 0.0202478 0.0251377 0.00620704 -0.0238631
internal_weight=21360.8 18832 2528.88 18602.7 18560.1 17792.8 2459.44 2092.04 15333.4 13317.3 694.929 297.357 397.572 2016.07 154.134 103.616 80.2832 1995.46 147.432 64.064 1848.03 27.9446 1820.08 699.024 649.317 417.112 232.205 225.029 83.3683 52.5105
internal_count=2742927 2570439 172488 508449 228980 218346 24489 18691 193857 175021 7815 1181 6634 18836 629 441 288 11455 1109 705 10346 1461 8885 6041 5074 2867 2207 2133 404 323
is_linear=0
shrinkage=0.06


Tree=112
num_leaves=31
num_cat=0
split_feature=0 0 2 6 4 0 6 10 2 8 6 4 6 16 15 8 0 9 4 16 5 9 9 14 10 17 2 10 14 2
split_gain=1796.53 209.016 55.6812 58.4478 49.4447 43.8185 42.925 31.9731 31.5179 34.3997 30.1867 28.3762 28.0399 26.5182 26.4907 32.7513 29.7487 28.2528 25.5932 25.4631 25.0081 36.4735 48.8188 54.6203 53.7958 47.321 52.2628 46.6877 44.9799 43.3673
threshold=0.99740585684776317 0.00010520932846702637 -0.10720207542181014 0.97775015234947216 -0.68011146783828724 0.99944254755973827 1.9977397322654726 0.54006412625312816 -0.016607834957540032 91.331184387207045 0.33056092262268072 -4.9966636197495964e-06 8.1038098335266131 74.754901885986342 1.0000000180025095e-35 82.637680053710952 0.0052573319990187892 96.083908081054702 -0.048172909766435616 41.101057052612312 0.17076727002859118 99.80237197875978 90.038166046142592 40.500000000000007 0.73030304908752453 36.549165725708015 -0.89004525542259205 0.83666664361953746 47.500000000000007 -0.89004525542259205
decision_type=2 2 2 2 2 2 2 2 2 2 2 2 2 2 2 2 2 2 2 2 2 2 2 2 2 2 2 2 2 2
left_child=1 -1 4 7 -3 11 -5 14 9 12 19 -2 13 -8 16 -16 -4 -17 -11 -9 21 22 -6 27 28 26 -23 29 -25 -24
right_child=5 2 3 6 20 -7 8 10 -10 18 -12 -13 -14 -15 15 17 -18 -19 -20 -21 -22 25 23 24 -26 -27 -28 -29 -30 -31
leaf_value=-0.059717563207967769 -0.1192134325623284 -0.033700206917220907 -0.05959496809122751 0.021168572681685691 -0.0025972793292320297 0.058681662035633762 0.010242105326284522 0.0057129569758272618 0.017431980760235301 0.052907540840498604 0.0041560257077217283 0.03757321893559476 -0.072310597385785408 -0.0050539045573604682 -0.076028948240194336 -0.008940820218771869 0.022750513439863104 0.17098729262994189 0.0078802571743705994 -0.051856174675496219 0.00053286355234523136 0.072305100614381085 -0.018909866211830727 0.10823766484155765 -0.068229511889561681 -0.022077437137815951 -0.064755963656890403 0.086116449359501468 -0.025235727872794256 -0.056049513478280633
leaf_weight=206.93237780211348 3.2575334757566443 169.49796919572691 16.383137180098856 704.68269262439571 2378.6640229536715 2035.9950304299127 545.29770704661496 33.801693173438252 672.55165748775471 45.486370680737309 74.712527826428413 358.80897301831283 19.13976636424195 1611.1889010678278 26.298164131716476 231.61345441790036 176.05788904582732 2.1860726326704016 2105.314585076645 146.71790066853282 8659.6750765644538 69.889671398850624 576.63116091414122 29.940190924331546 12.491527978214434 46.643538750242442 10.866221184609456 12.609682478010653 12.407346978783606 140.541086050187
leaf_count=2029498 17 321990 9025 4904 117226 151739 2751 439 13468 146 291 21079 118 6125 823 3443 1284 9 6743 1030 38200 262 10332 97 144 263 44 55 83 874
internal_value=0.00636279 0.000103856 0.000775047 0.00529653 -0.00161707 0.0552491 0.0073148 -0.0109553 0.00535806 0.00347755 -0.0278911 0.0358381 -0.00184181 -0.00118314 -0.0013631 -0.0138279 0.0154683 -0.00653739 0.00885666 -0.0411045 -0.00115924 -0.00561093 -0.00688144 -0.0198495 0.0374295 0.0257433 0.0532962 -0.024199 0.0694515 -0.0262559
internal_weight=21136.3 18738.2 18531.3 6411.43 12119.9 2398.06 5703.66 707.771 4998.98 4326.43 255.232 362.067 2175.63 2156.49 452.539 260.098 192.441 233.8 2150.8 180.52 11950.4 3290.68 3163.29 784.621 54.8391 127.399 80.7559 729.782 42.3475 717.172
internal_count=2742502 2569667 540169 50599 489570 172835 34255 16344 29351 15883 1760 21096 8994 8876 14584 4275 10309 3452 6889 1469 167580 129380 128811 11585 324 569 306 11261 180 11206
is_linear=0
shrinkage=0.06


Tree=113
num_leaves=31
num_cat=0
split_feature=0 0 7 5 14 16 4 6 9 10 17 7 8 14 6 7 5 8 6 7 7 8 6 10 7 9 4 4 8 16
split_gain=1676.65 200.089 63.901 106.85 76.8503 61.4199 111.775 78.8234 53.1372 52.9682 79.9658 49.7865 46.4959 46.646 50.0888 48.754 75.458 68.9361 56.2279 46.5607 52.8409 47.3966 45.8087 41.9764 64.4757 65.2881 55.4515 48.8906 51.7098 46.815
threshold=0.99890872836112987 0.00010520932846702637 0.14056493341922763 0.94936829805374157 16.500000000000004 91.779277801513686 -5.9267042161081911e-05 1.450055778026581 76.970855712890639 0.18350168317556384 90.161289215087905 1.0000000180025095e-35 66.996700286865249 26.500000000000004 0.0095941131003201025 0.00029855276807211345 0.0095248124562203901 86.70682525634767 2.9353500604629521 0.0012847755569964649 0.0010448396787978711 86.240703582763686 0.57425999641418468 0.64495798945426952 0.0011997189139947297 99.80237197875978 -0.00028516503516584629 -0.066907644271850572 26.747966766357425 37.966537475585945
decision_type=2 2 2 2 2 2 2 2 2 2 2 2 2 2 2 2 2 2 2 2 2 2 2 2 2 2 2 2 2 2
left_child=1 -1 3 9 -5 6 7 -4 -7 10 11 -3 23 14 -14 -15 17 18 -17 20 21 -20 -18 24 26 27 -11 28 -26 -27
right_child=-2 2 5 4 -6 8 -8 -9 -10 12 -12 -13 13 15 -16 16 22 -19 19 -21 -22 -23 -24 -25 25 29 -28 -29 -30 -31
leaf_value=-0.05969950105792695 0.057462578054605418 -0.037385887238767075 -0.071448886859457189 0.026879634216018345 0.0022976377725969061 -0.0023401449606644631 -0.044014774176234062 0.0012200113328123645 0.025057491751738981 0.20479732478424628 0.021842533324709812 0.0031392422191978409 -0.063253145384033788 -0.0061777088351130495 -0.0072980447536753956 -0.041212007036810779 0.060095167438450739 -0.050117919604138736 -0.043009890856789863 -0.03263151494499935 0.51073894983090651 0.34385331952347403 0.0064500360025236776 -0.0043030288787966713 0.2568494361650564 0.092165047939517561 0.015787173926041786 -0.019637281918871128 -0.046241637639966672 -0.054815382600277657
leaf_weight=194.91082946813549 2072.3333303024992 130.94656849413877 56.788861129345605 1118.7454370352207 774.87011958600488 4641.0249264895683 357.87929174513556 765.66311965171917 268.64896771017811 4.6159630600013761 1015.2051862797671 630.57313770521432 57.643110530247213 1227.9784695036942 3282.39318263327 1.9303542586276288 59.032938441261649 4.0837657321244469 2.2620897741289814 1.1264386123511938 2.95435028988868 0.96642573457211245 1273.2584761345061 1025.9576475358626 3.7534835803089655 33.920046992308926 1531.9235433976137 400.6523597198684 3.0756954500538995 9.3171025637420808
leaf_count=2029274 162207 1416 20012 19485 14258 177562 1378 168200 2275 1775 28349 39303 300 4068 12376 81 198 143 97 62 11 8 3318 5002 196 100 27996 22453 975 69
internal_value=0.00624552 0.000621638 0.00125396 0.0036934 0.0168272 -0.0037918 -0.0160747 -0.00387832 -0.000836196 0.00136849 0.0108263 -0.00386912 -0.000514918 -0.00360576 -0.00828237 0.00246446 0.0103498 0.14735 0.230999 0.299196 0.355777 0.126725 0.00887031 0.00555024 0.0106368 -0.00930231 0.0164878 -0.0167814 0.131874 0.0599693
internal_weight=20954.4 18882.1 18687.2 12597.2 1893.62 6090.01 1180.33 822.452 4909.67 10703.6 1776.72 761.52 8926.85 5913.63 3340.04 2573.59 1345.61 13.3234 9.23966 7.3093 6.18287 3.22852 1332.29 3013.22 1987.26 450.719 1536.54 407.482 6.82918 43.2371
internal_count=2742947 2580740 551466 182039 33743 369427 189590 188212 179837 148296 69068 40719 79228 20662 12676 7986 3918 402 259 178 116 105 3516 58566 53564 23793 29771 23624 1171 169
is_linear=0
shrinkage=0.06


Tree=114
num_leaves=31
num_cat=0
split_feature=0 0 7 5 16 7 14 4 6 4 9 17 2 3 0 6 5 7 9 2 17 9 14 5 6 14 9 7 9 5
split_gain=1607.37 187.508 60.5288 66.3905 50.1525 71.6133 71.8365 59.2858 52.5677 44.751 39.4836 38.5888 38.3335 36.6441 37.8319 36.4564 65.3186 36.4524 74.1555 39.3367 37.5476 35.5016 34.3877 40.2571 50.3208 36.7411 34.1481 43.111 47.818 35.7698
threshold=0.99890872836112987 0.00010520932846702637 7.825135980965571e-05 0.94936829805374157 87.068004608154311 2.1401023864746098 11.500000000000002 -0.84442242980003346 1.9737861156463625 -0.12251034751534461 70.801959991455092 99.206348419189467 -0.99933674931526173 34.500000000000007 0.00078332840348593902 1.0100094676017763 0.41130582988262182 0.63824188709259044 25.211037635803226 -0.99908414483070362 94.59064102172853 99.80237197875978 2.5000000000000004 0.03108292538672686 4.9550335407257089 1.5000000000000002 45.013088226318366 1.5273948907852175 47.643720626831062 0.97129335999488842
decision_type=2 2 2 2 2 2 2 2 2 2 2 2 2 2 2 2 2 2 2 2 2 2 2 2 2 2 2 2 2 2
left_child=1 -1 3 10 12 6 8 -7 26 -8 22 -12 -4 14 -10 16 -13 18 -16 -20 -19 -11 23 24 -3 -26 -6 28 -28 -29
right_child=-2 2 4 -5 5 7 9 -9 13 21 11 15 -14 -15 17 -17 -18 20 19 -21 -22 -23 -24 -25 25 -27 27 29 -30 -31
leaf_value=-0.059680320666406703 0.057611224035239959 -0.089354041942171419 -0.058843496136200837 0.02432101772433003 0.016069085597127896 0.095115854617847828 -0.058450382913266215 -0.0070288984911629632 -0.058119401594843301 0.00084628775845631342 0.008246888549830524 -0.099566898984263894 -0.005651470333643268 0.22809081167183273 0.043443094993471341 -0.0023060410132470983 -0.011295470630182648 -0.048226743280404445 0.14838557446976572 0.0058995265990131147 0.0046675605755756855 -0.069244665866502533 0.022243130026385654 0.010968328004990799 0.1036059306753235 -0.068627751652334062 0.13478252054218207 0.002423355283890238 0.034022381662278049 0.3098563782230927
leaf_weight=183.55616234182526 1957.6803780423943 36.520216372387949 48.358259882261336 686.02660343516618 268.19340972456121 19.603853720334882 46.08218380681501 2926.495621923008 29.561726156091026 3978.9476142708882 1380.1906524301739 38.233488215133548 4220.2355168761496 1.7336353290811519 287.79365181457251 1453.1647681940813 132.17959503084421 49.148636471683858 6.0480941334972149 698.87182527920231 1321.1221921346296 25.186374927754514 639.37344031996327 127.25462236069143 9.921606693533251 6.6444125909474669 17.88530389880907 2.075175914054852 184.64512265545636 3.0572270510238013
leaf_count=2028624 162264 1642 149620 13559 15006 3531 10238 9698 123612 21018 8001 274 131662 1197 2098 4117 324 3007 297 6012 28576 457 8105 348 183 245 1722 22 5802 365
internal_value=0.0058819 0.000500492 0.00109614 0.0071479 -0.00083492 0.00151591 0.004851 -0.00631717 0.0121111 -0.000295481 0.00406106 0.000874104 -0.00626772 0.00848365 0.00822929 -0.00539466 -0.0315652 0.00908357 0.0178329 0.0073305 0.00273657 0.00038823 0.0157241 -0.00738344 -0.0507645 0.034551 0.0303064 0.0485286 0.0435389 0.206218
internal_weight=20785.8 18828.1 18644.6 4509.51 14135 9866.45 6920.35 2946.1 2870.14 4050.22 3823.48 3003.77 4268.59 2394.28 2392.55 1623.58 170.413 2362.98 992.714 704.92 1370.27 4004.13 819.714 180.341 53.0862 16.566 475.856 207.663 202.53 5.1324
internal_count=2741626 2579362 550738 36798 513940 232658 219429 13229 187716 31713 23239 12716 281282 164799 163602 4715 598 39990 8407 6309 31583 21475 10523 2418 2070 428 22917 7911 7524 387
is_linear=0
shrinkage=0.06


Tree=115
num_leaves=31
num_cat=0
split_feature=0 0 0 14 5 1 6 6 5 8 9 16 16 14 5 6 2 10 10 16 8 6 6 5 2 1 5 6 6 14
split_gain=1479.85 180.078 54.6723 47.8098 40.6398 38.3951 40.4184 34.3287 27.6815 29.4078 30.1997 26.0485 33.1769 32.1134 34.0602 46.2515 47.3405 43.9245 38.8976 70.8403 27.7354 25.7557 24.7082 23.6006 42.738 23.496 21.622 20.357 112.027 140.098
threshold=0.99890872836112987 0.00010520932846702637 0.99218881130218517 21.500000000000004 0.99809545278549205 5.5000000000000009 0.57425999641418468 5.0427784919738778 0.99722614884376537 81.120250701904311 83.398952484130874 28.869047164916996 30.602005958557132 2.5000000000000004 0.0015481936861760916 3.3187196254730229 -0.99811670184135426 0.37797619402408605 0.41885964572429663 27.681992530822757 51.087471008300788 3.9994803667068486 5.0002934932708749 0.00030672439606860285 -0.99914869666099537 6.5000000000000009 0.99350962042808544 4.9985370635986337 5.018308401107789 19.500000000000004
decision_type=2 2 2 2 2 2 2 2 2 2 2 2 2 2 2 2 2 2 2 2 2 2 2 2 2 2 2 2 2 2
left_child=1 -1 4 -4 8 6 -5 22 11 -10 -11 13 20 -3 15 -15 21 -16 19 -19 -13 -17 -7 25 -25 -14 27 -26 29 -29
right_child=-2 2 3 5 -6 7 -8 -9 9 10 -12 12 23 14 17 16 -18 18 -20 -21 -22 -23 -24 24 26 -27 -28 28 -30 -31
leaf_value=-0.05966028590162193 0.057335232199215554 -0.0070339979799829344 0.03220544871152016 -0.16151705110269585 -0.058782474569865358 -0.024951434765486499 0.0089855842544415612 -0.03228549408711915 0.01122826974373229 -0.040038242896801794 0.26032850653638007 -0.068379330562170396 -0.054085793824868333 -0.054855847468867909 -0.046425067318836 0.13760442443284179 0.47327964981129889 0.047818052494377219 0.015923966765871982 0.32801630570454204 0.089523654706608266 -0.046119462927782406 -0.31451151289154344 -0.048296170396441941 0.0018878303819857289 0.054810277650355468 -0.083342459438995375 -0.013783553072127258 0.00064387989491732826 -0.099132641400997687
leaf_weight=173.00065401969186 1849.0541536763194 258.60841521670227 381.95052237552591 4.1420078066876149 39.743392468066304 1.8214171967702011 188.06590099295136 13.276494430727324 8.4385793633409758 1.3070233199978236 3.6064859945327044 37.359173165357788 7.5209032138227476 5.2675566239049685 38.08672952131019 12.260005465010179 0.49439427081960907 23.579676247725732 586.40366907294083 2.8730119504325549 3.6073037413589182 2.9344604027719479 2.3632151510100812 63.080089219860383 13538.444587856531 48.136640956086922 9.9881115135358396 299.59277313237544 2962.416396409797 89.217275113798678
leaf_count=2029477 162342 8090 14030 131 274603 64 6943 433 4036 2368 9 1555 4596 1155 2125 270 30 300 3628 52 86 981 94 90339 88439 20276 4544 2121 19412 591
internal_value=0.00613239 0.00109564 0.00166286 0.0195949 0.00107383 -0.00342123 0.00449436 -0.0860777 0.00120922 0.084504 0.18717 0.00114271 0.000609176 0.010913 0.0178208 0.0913917 0.140839 0.0153157 0.019222 0.0890901 -0.0526733 0.101466 -0.217599 0.000740524 0.00061136 0.0394005 0.00079676 0.000851449 -0.00333469 -0.033572
internal_weight=20656.6 18807.6 18634.6 591.62 18043 209.669 192.208 17.4611 18003.2 13.3521 4.91351 17989.9 17059.4 930.508 671.9 20.9564 15.6889 650.943 612.856 26.4527 40.9665 15.1945 4.18463 17018.4 16962.7 55.6575 16899.7 16889.7 3351.23 388.81
internal_count=2743120 2580778 551301 21695 529606 7665 7074 591 255003 6413 2377 248590 231959 16631 8541 2436 1281 6105 3980 352 1641 1251 158 230318 205446 24872 115107 110563 22124 2712
is_linear=0
shrinkage=0.06


Tree=116
num_leaves=31
num_cat=0
split_feature=0 0 2 7 6 10 7 8 10 6 4 3 6 4 7 8 4 1 6 14 3 14 3 6 6 6 0 8 8 14
split_gain=1449.76 163.052 57.4853 67.4772 42.5981 41.249 75.7568 62.5245 51.2644 39.4425 38.4732 35.8564 30.4305 28.6038 28.0323 35.7446 78.0318 117.882 45.4034 33.0839 42.2924 34.2325 32.0368 30.3305 36.5682 37.9593 27.3802 26.8981 26.6999 26.6603
threshold=0.99890872836112987 0.00010520932846702637 -0.1708688139915466 1.3113437489664649e-05 5.8953206539154062 0.62019231915473949 0.55332806706428539 67.962265014648452 0.072299651801586165 0.0051539160776883372 -0.93738839030265797 14.500000000000002 4.0343182086944589 -0.090820938348770128 1.8965213894844057 74.601570129394545 -0.46498078107833857 6.5000000000000009 0.33056092262268072 4.5000000000000009 12.500000000000002 7.5000000000000009 3.5000000000000004 7.0988714694976816 3.6476689577102666 3.2014797925949101 0.96672680974006664 62.351627349853523 77.836257934570327 11.500000000000002
decision_type=2 2 2 2 2 2 2 2 2 2 2 2 2 2 2 2 2 2 2 2 2 2 2 2 2 2 2 2 2 2
left_child=1 -1 10 29 5 6 8 12 -5 -7 -3 -9 -8 -6 -12 16 18 22 -16 -20 21 -21 -18 24 25 -22 -10 -14 -17 -4
right_child=-2 2 3 4 13 9 7 11 26 -11 14 -13 27 -15 15 28 17 -19 19 20 23 -23 -24 -25 -26 -27 -28 -29 -30 -31
leaf_value=-0.059638631103018987 0.057132400215405103 -0.058671426477588294 0.02897956629489902 0.043079729120389147 0.077631467465478873 -0.055728801681718884 -0.1135461989756357 0.0021298262147691868 0.0080736770817509372 -0.0029599488278838518 -0.00099246108186397115 -0.098587841360353617 0.028368246008294982 -0.011943634963951174 0.3436779837532889 -0.060412119814510543 -0.0046609769182992351 0.071882532545998079 -0.023789209070513222 0.14523177786333538 0.01147996835281285 -0.04992944511865386 -0.072981709122115226 0.21427868392751429 -0.063850338837206741 0.18579323110020826 0.025442305727536963 -0.1185353750351478 -0.012936616242629229 0.0062181931526070003
leaf_weight=162.85168204165529 1744.3864209998865 42.531690358744527 516.40899330831598 219.87414686824195 12.059394737589171 52.050275681511266 24.09730589537503 2810.3826244802112 1318.9123528017954 1320.0573203968743 9338.0775254374894 11.783130581687145 14.898941104533153 790.4409641289385 0.96392572074546379 43.568764006326091 38.832135816279333 39.433057196205482 17.299494603837957 25.198874325724322 17.771834805374969 3.1943607764405888 67.633658514532726 1.855193119496106 13.722323565161785 5.0896477819769634 434.13811717333738 5.2676153297070405 1042.8459502890473 289.61227401555516
leaf_count=2027876 162175 298247 6910 3276 175 418 5135 11031 7106 14472 177123 372 72 3926 4 616 135 236 1107 262 269 232 496 19 270 51 10143 40 5723 3067
internal_value=0.00483775 -4.82291e-05 0.000479015 0.00438875 0.00249795 0.004179 0.00678226 0.000553068 0.0158277 -0.00500084 -0.00237905 0.00167454 -0.0694066 -0.0105026 -0.00214887 -0.0103388 0.0110588 -0.0155769 0.056377 0.0490869 0.0680235 0.122324 -0.0483378 0.0258297 0.0108262 0.0564473 0.012387 -0.0137911 -0.0148943 0.020819
internal_weight=20425.2 18680.9 18518 7819.98 7013.96 6211.46 4839.35 2866.43 1972.92 1372.11 10698 2822.17 44.2639 802.5 10655.5 1317.41 230.995 145.899 85.0957 84.1317 66.8322 28.3932 106.466 38.439 36.5838 22.8615 1753.05 20.1666 1086.41 806.021
internal_count=2740984 2578809 550933 66143 56166 52065 37175 16650 20525 14890 484790 11403 5247 4101 186543 9420 3081 867 2214 2210 1103 494 631 609 590 320 17249 112 6339 9977
is_linear=0
shrinkage=0.06


Tree=117
num_leaves=31
num_cat=0
split_feature=5 3 1 7 5 9 2 1 10 8 5 5 6 6 6 17 6 6 6 9 10 5 6 5 7 1 16 6 2 15
split_gain=1090.51 402.787 74.5765 37.6583 56.2572 41.5255 41.3757 40.4317 40.3822 36.4987 33.6755 32.4849 31.8596 61.9112 56.2424 46.8956 31.9183 108.629 35.3853 35.6259 29.4292 37.0909 28.8015 51.0982 60.4682 40.545 36.8678 60.9796 47.22 37.8478
threshold=0.99783298373222362 1.5000000000000002 17.500000000000004 7.825135980965571e-05 0.94936829805374157 88.02985000610353 -0.99568235874176014 15.500000000000002 0.76696833968162548 63.224515914916999 0.03108292538672686 0.99917250871658336 5.9503896236419687 5.0073704719543466 4.9985370635986337 41.444372177124031 4.148522377014161 3.9994803667068486 4.0041313171386728 98.192703247070327 0.3390804678201676 0.012415881268680097 3.0954118967056279 0.004444266203790904 0.0081255468539893645 9.5000000000000018 71.611721038818374 3.9949316978454594 -0.99874174594879139 1.0000000180025095e-35
decision_type=2 2 2 2 2 2 2 2 2 2 2 2 2 2 2 2 2 2 2 2 2 2 2 2 2 2 2 2 2 2
left_child=2 11 3 4 5 -1 20 -8 12 -9 -10 -2 13 14 16 -16 17 -7 19 -19 21 22 23 -5 -25 26 27 28 -24 -28
right_child=1 -3 -4 6 -6 8 7 9 10 -11 -12 -13 -14 -15 15 -17 -18 18 -20 -21 -22 -23 25 24 -26 -27 29 -29 -30 -31
leaf_value=0.0099495640825033229 0.031795555549940374 -0.057436574056475127 -0.052540844400404074 -0.044250965268766276 0.022566437372148748 -0.0037721141437715797 -0.00035589090433915747 0.1684830209049831 -0.085173571165808357 -0.049059444064880275 0.019265110562120477 0.058060689059437412 -0.035872079759395034 0.035643693646502071 0.014551977773080772 -0.11893962718441817 0.018811411442824184 -0.1148927831452863 -0.029734038319801443 0.070422638514705441 -0.059894748368523702 -0.059118854870419069 0.14129462698309891 0.25130175020109774 -0.049139434944770306 -0.037907074357160953 0.11992701579742483 -0.059486271408027099 -0.053384747663020163 -0.0047386396298565786
leaf_weight=1682.0781427996117 194.17317844578065 121.20180665120279 93.927319806338346 74.778592313974514 606.26899755024351 1219.7771783727221 13693.191974892361 8.3527954619057692 10.512843909789806 3.413667723114485 340.83021058607846 1597.9748046219465 121.35764930587175 128.83000956069009 13.802074717590584 27.876206782471854 170.31994243690133 49.428855442936765 46.856276863858511 3.3820060491561881 59.788077870172856 49.576157461953699 12.955449505789149 3.882381833609541 4.2286262223569793 32.977503796268138 26.963156648977019 24.759925296311849 5.967522968981938 12.663287107927315
leaf_count=54582 12579 1275593 873367 61029 10294 4052 92005 2554 95 1002 761 157951 586 377 63 210 499 348 238 2 24118 93861 3851 1694 3152 51392 2897 10640 439 1793
internal_value=0.00495815 0.0480708 0.000503821 0.000776924 0.00560417 0.00290341 -0.000746385 -0.000256413 -0.0026553 0.106471 0.0159072 0.0552343 -0.00632276 -0.00414256 -0.00751059 -0.0754277 -0.00556119 -0.00871918 -0.068625 -0.101937 -0.0224392 -0.0132329 -0.00157333 -0.0284094 0.106467 0.0176347 0.0398094 0.00151084 0.0803028 0.080952
internal_weight=20442.1 1913.35 18528.7 18434.8 4421.32 3815.05 14013.5 13705 2132.97 11.7665 351.343 1792.15 1781.63 1660.27 1531.44 41.6783 1489.76 1319.44 99.6671 52.8109 308.541 248.753 199.176 82.8896 8.11101 116.287 83.3093 43.6829 18.923 39.6264
internal_count=2742024 1446123 1295901 422534 72107 61813 350427 95561 7231 3556 856 170530 6375 5789 5412 273 5139 4640 588 350 254866 230748 136887 65875 4846 71012 19620 14930 4290 4690
is_linear=0
shrinkage=0.06


Tree=118
num_leaves=31
num_cat=0
split_feature=0 0 5 5 7 8 7 1 14 10 6 3 5 8 8 6 6 14 8 10 17 7 5 8 7 7 14 5 9 17
split_gain=1274.72 155.781 42.4022 58.7562 34.8738 56.362 38.6124 31.4272 45.2194 48.877 31.8716 30.6133 30.1402 44.2165 52.7813 48.0487 79.4913 40.8223 75.9969 58.17 52.2878 58.3701 50.5304 44.2376 43.2815 50.5871 51.1055 39.3317 41.2071 46.5906
threshold=0.99890872836112987 0.00012011466969852337 0.99898830056190502 0.98860448598861705 3.609237909317017 99.425289154052749 0.00046431329974439001 5.5000000000000009 16.500000000000004 0.64495798945426952 0.92558395862579357 7.5000000000000009 0.17076727002859118 93.127067565917983 86.70682525634767 3.9160612821578984 2.0250639915466313 3.5000000000000004 63.224515914916999 0.35504202544689184 28.919860839843754 0.018431727774441246 0.0011921658297069373 79.431911468505874 1.0000000180025095e-35 0.0018947893404401841 4.5000000000000009 0.03108292538672686 91.697994232177749 18.465909004211429
decision_type=2 2 2 2 2 2 2 2 2 2 2 2 2 2 2 2 2 2 2 2 2 2 2 2 2 2 2 2 2 2
left_child=1 -1 3 4 5 11 -7 10 -9 -10 -5 12 13 14 17 16 -15 22 19 -19 21 -21 23 -3 -20 26 -26 28 29 -24
right_child=-2 2 -4 7 -6 6 -8 8 9 -11 -12 -13 -14 15 -16 -17 -18 18 24 20 -22 -23 27 -25 25 -27 -28 -29 -30 -31
leaf_value=-0.059625696301275295 0.056814174953090074 0.012491021397521066 -0.062048790833528968 -0.042883892506779493 -0.0067695030360603106 0.037417920139995585 0.0086046123835478491 0.015923414286037031 0.0017903315009404112 -0.13754788012223074 0.023982253818091978 -0.065296138495783404 0.001698922232363384 -0.024742985278594594 -0.029872321672713861 -0.032996162572299106 0.10592099268329012 0.037786822302213106 -0.059574424075112792 0.021928084333029257 -0.018491124767392557 0.19131169417981758 0.037366374906715349 0.12396910007122461 0.10227459782858545 -0.032483611907283633 0.0017674125331101967 -0.002969898671603861 -0.057727258895172981 -0.021988513990461929
leaf_weight=153.87842264426581 1555.6220376522397 135.01350487326272 37.564731646198197 25.800009243481327 2245.0698846818414 191.61142597199068 1290.7201545975549 62.296651056669361 18.002470557308698 17.199157531140372 666.00965374051884 24.761351774635841 10715.403594211137 25.46483236856875 304.46496607884183 26.971465811831877 46.287287002982339 317.62655759074551 54.45818567450624 52.908854643756058 172.5276541843923 7.5724384770146562 50.863099304639036 13.200276065035721 17.982026706857141 167.58480585682264 450.46116894102306 670.31287305009027 104.74680093143252 592.17097778755124
leaf_count=2060702 162102 36976 245282 1387 8617 2578 12094 30089 581 472 26247 13172 66532 293 7119 819 496 11237 424 383 2970 68 1100 1116 361 7220 8290 7069 2563 22650
internal_value=0.00465049 0.000298717 0.000800212 0.000931406 0.000215841 0.00123238 0.0123518 0.0169374 -0.0148362 -0.0682078 0.0214303 5.00867e-05 0.000170957 -0.00492755 -0.006186 0.0344046 0.0598456 -0.0036075 0.00451844 0.021125 -0.00165206 0.0459022 -0.0100452 0.0231838 -0.00873602 -0.00429643 0.0058352 -0.013532 -0.0229833 -0.0172429
internal_weight=20214.6 18658.9 18505.1 18467.5 17678.2 15433.1 1482.33 789.308 97.4983 35.2016 691.81 13950.8 13926 3210.62 3111.89 98.7236 71.7521 2807.43 1241.12 550.636 233.009 60.4813 1566.31 148.214 690.486 636.028 468.443 1418.09 747.781 643.034
internal_count=2741009 2578907 518205 272923 214147 205530 14672 58776 31142 1053 27634 190858 177686 111154 109546 1608 789 102427 30953 14658 3421 451 71474 38092 16295 15871 8651 33382 26313 23750
is_linear=0
shrinkage=0.06


Tree=119
num_leaves=31
num_cat=0
split_feature=5 3 1 6 3 1 6 6 7 2 4 8 9 5 7 3 6 6 10 6 3 2 16 2 7 7 8 10 6 10
split_gain=935.308 375.803 70.0398 36.3721 53.1592 46.6374 46.4235 54.7591 30.9561 49.5833 31.8505 36.4251 25.3585 32.5791 43.536 25.3293 25.0969 35.9294 66.4188 49.8409 43.4664 38.4882 40.3614 37.092 47.8603 45.0276 40.377 31.5799 68.8315 56.2365
threshold=0.99865004420280468 1.5000000000000002 17.500000000000004 0.97775015234947216 47.500000000000007 2.5000000000000004 1.1177777647972109 0.9990660846233369 0.023711605928838256 -0.51479646563529957 -0.29934647679328913 81.120250701904311 56.47956848144532 0.042713785544037826 0.00021411299530882391 5.5000000000000009 1.9944345951080324 2.1575815677642827 0.21583850681781772 2.9890033006668095 29.500000000000004 -0.98880416154861439 58.957218170166023 -0.83011069893836964 0.0081255468539893645 0.46130828559398657 71.010189056396499 0.069366481155157103 1.7252347469329836 0.092329546809196486
decision_type=2 2 2 2 2 2 2 2 2 2 2 2 2 2 2 2 2 2 2 2 2 2 2 2 2 2 2 2 2 2
left_child=2 -2 3 4 -1 6 7 12 -8 -10 -11 -12 -5 14 -14 -9 27 18 23 -19 -21 -20 -23 24 -18 -25 -27 28 -7 -29
right_child=1 -3 -4 5 -6 16 8 15 9 10 11 -13 13 -15 -16 -17 17 19 21 20 -22 22 -24 25 -26 26 -28 29 -30 -31
leaf_value=-0.011348762833406138 0.056284790636477504 -0.062306635342131926 -0.051915227764582829 -0.022070167778824767 0.27375873469169087 -0.072905955540101416 0.033940029650593742 -0.0024896605119056133 -0.074701330433608784 0.10535079482030861 -0.040939398316508724 0.019089804354741353 -0.0032088671687754344 0.040304836094316551 0.23831395929965699 -0.088079656284316604 0.0015536599743838746 0.010491492756757106 -0.068797494718220456 0.00025786034202740521 -0.068361173053670052 0.0071403996888633418 -0.02170311027390608 0.044089223368070946 -0.07373424301414494 -0.11527129185427328 0.0072771810270996383 0.074132832114344266 0.011944514333094626 0.011910152503574382
leaf_weight=858.76557952031726 1514.7132165951771 101.90754609154828 87.929476854675158 18.164573736896273 1.3621574655844586 46.468842846326879 399.97294338780921 715.3176480864422 22.406259048962966 12.669117871962952 40.45372226042673 299.50090398965403 4.2124747895068122 79.348692655854393 6.2927975581042119 11.669816237561461 116.53950571129099 1920.71062641756 49.066389922816597 11604.688716743782 32.328206817095634 229.41674728300131 725.1417915899583 139.36867494240141 40.103810984408483 8.9660885252160352 335.88209469249705 56.618255273868272 124.42000162839395 574.01136394941568
leaf_count=28492 164932 1236609 900895 167 28 8337 5304 4587 106 23 253 779 26 383 25 187 19421 38552 10661 271577 1388 1213 4104 826 13192 65 756 5163 4350 19629
internal_value=0.00501836 0.0487752 0.00120498 0.00146061 -0.0105799 0.00204914 0.0117798 0.00195858 0.0223453 0.00992205 0.0154952 0.0118474 0.0416143 0.0545897 0.149605 -0.00398268 0.00106954 0.00052361 -0.00784897 0.00153967 6.13757e-05 -0.0174779 -0.0147707 0.00723421 -0.018067 0.0154395 0.00376682 0.0114106 -0.0114183 0.0176051
internal_weight=20178.4 1616.62 18561.8 18473.9 860.128 17613.7 1610.01 835.006 775.003 375.03 352.624 339.955 108.019 89.854 10.5053 726.987 16003.7 15202.2 1644.49 13557.7 11637 1003.62 954.559 640.86 156.643 484.217 344.848 801.518 170.889 630.63
internal_count=2742030 1401541 1340489 439594 28520 411074 11840 5375 6465 1161 1055 1032 601 434 51 4774 399234 361755 50238 311517 272965 15978 5317 34260 32613 1647 821 37479 12687 24792
is_linear=0
shrinkage=0.06


Tree=120
num_leaves=31
num_cat=0
split_feature=0 0 5 7 14 1 2 8 7 3 2 8 1 9 1 16 1 3 4 1 2 8 1 8 7 9 8 7 9 10
split_gain=1131 132.806 39.8709 82.2526 47.5565 41.4955 36.3328 27.7185 44.6057 43.3312 39.6545 36.675 47.6398 45.4543 34.7701 47.4148 32.3753 29.617 29.4534 40.7064 29.3998 29.2633 27.507 27.3579 27.1977 32.4988 35.6343 45.2867 42.6251 47.0934
threshold=0.99890872836112987 0.00010520932846702637 0.98173660039901745 1.000100910663605 20.500000000000004 2.5000000000000004 -0.25812765955924982 97.999198913574233 0.00071928379475139092 26.500000000000004 -0.98880416154861439 53.399339675903327 12.500000000000002 98.192703247070327 13.500000000000002 36.181818008422859 9.5000000000000018 41.500000000000007 -0.22878473997116086 12.500000000000002 -0.91912096738815297 49.018096923828132 5.5000000000000009 94.570026397705092 1.0000000180025095e-35 71.707641601562514 49.29521560668946 3.609237909317017 52.062900543212898 0.22401433438062671
decision_type=2 2 2 2 2 2 2 2 2 2 2 2 2 2 2 2 2 2 2 2 2 2 2 2 2 2 2 2 2 2
left_child=1 -1 7 4 -4 6 -5 11 20 10 -10 14 13 -13 16 -16 17 24 19 -18 -9 -17 -6 -24 -3 26 27 -26 -28 -30
right_child=-2 2 3 5 22 -7 -8 8 9 -11 -12 12 -14 -15 15 21 18 -19 -20 -21 -22 -23 23 -25 25 -27 28 -29 29 -31
leaf_value=-0.059547567540571493 0.056638071095588688 0.018507339742469809 0.027231700845098 0.15752348498554647 0.0054464759571576657 -0.063538433899737526 -0.023072379619763782 -0.011160518971679741 -0.065039892368924657 0.12264423985934071 0.0041585671421827675 -0.0014256982349248341 -0.061704297984356976 -0.034520181504538838 -0.05623694984634562 0.11826629640514549 -0.043972548809714497 0.1892136193796787 -0.049650403073150544 0.29509164129675142 0.045336656005172345 -0.04943608106602819 -0.022331407108771233 -0.14938607420337011 0.0017232925724689925 -0.0003177780105118491 0.0014760903563776854 0.26111518733944139 0.11204065224212496 0.0067057410159948516
leaf_weight=130.49280862444357 1389.23052733246 477.6963458013488 620.8831765871073 5.2033640180525245 302.51013759832131 69.686960136212292 10.755181546235688 41.575291354209185 29.22916472604993 9.9915157411887758 2174.4882046218991 12126.495025149212 47.034131732340029 150.27204686752521 8.857984417860278 26.369036996700746 2.4685497666723668 2.1664971737191072 56.440396981503 1.2311992760587602 156.32904000655981 3.7749608318918026 31.373785039359063 6.7304130750271716 190.30368817895942 1840.7068318074671 44.223045657883631 1.4545051616296394 45.005837774377142 23.07819210436719
leaf_count=2029247 162066 2267 68750 1161 9235 249370 1680 1290 7355 324 6250 92586 34582 613 5946 9586 1804 45 12073 424 1571 2861 655 206 11878 24077 2751 111 965 633
internal_value=0.00443261 0.00053827 0.000965145 0.0123312 0.0173613 -0.0436882 0.0416283 0.000282782 0.00625316 0.00380585 0.00321166 -0.000674419 -0.00206705 -0.00183357 0.00562503 0.0611569 0.00479584 0.00579921 -0.0383717 0.107641 0.0334714 0.0963518 -0.000657781 -0.0480196 0.00557562 0.00268811 0.0208261 0.00503522 0.0475058 0.0769496
internal_weight=20026.1 18636.8 18506.3 1047.14 961.498 85.6455 15.9585 17459.2 2411.61 2213.71 2203.72 15047.6 12323.8 12276.8 2723.78 39.002 2684.78 2624.63 60.1401 3.69975 197.904 30.144 340.614 38.1042 2622.47 2144.77 304.065 191.758 112.307 68.084
internal_count=2742362 2580296 551049 331057 78846 252211 2841 219992 16790 13929 13605 203202 127781 93199 75421 18393 57028 42727 14301 2228 2861 12447 10096 861 42682 40415 16338 11989 4349 1598
is_linear=0
shrinkage=0.06


Tree=121
num_leaves=31
num_cat=0
split_feature=0 0 4 5 14 6 1 6 3 3 3 14 5 8 9 9 10 3 0 6 9 6 6 4 3 17 8 16 1 5
split_gain=1045.15 125.809 36.4193 34.7121 35.3667 29.718 42.443 28.507 72.9398 32.2612 47.0725 31.5777 24.56 24.0296 46.2371 24.2038 23.4725 23.1982 25.8221 23.8151 39.3825 36.0158 27.9574 30.6773 29.8255 24.8607 26.4915 50.0273 25.6758 34.0626
threshold=0.99890872836112987 0.00010520932846702637 -0.93738839030265797 0.98564207553863536 18.500000000000004 0.79617789387702953 3.5000000000000004 5.987056016921998 20.500000000000004 29.500000000000004 27.500000000000004 1.5000000000000002 0.99898830056190502 97.498435974121108 88.02985000610353 97.57275772094728 0.65942031145095836 8.5000000000000018 0.91612541675567638 6.0050153732299814 1.0000000180025095e-35 5.9973108768463144 6.9994382858276376 -0.84442242980003346 7.5000000000000009 15.587044239044191 54.261501312255866 52.277431488037116 10.500000000000002 0.9047992229461671
decision_type=2 2 2 2 2 2 2 2 2 2 2 2 2 2 2 2 2 2 2 2 2 2 2 2 2 2 2 2 2 2
left_child=1 -1 -3 7 12 16 -7 -4 11 10 -10 -9 -5 15 -15 -8 -6 19 -19 20 -13 -22 23 24 -21 -24 -27 -28 29 -29
right_child=-2 2 3 4 5 6 13 8 9 -11 -12 17 -14 14 -16 -17 -18 18 -20 22 21 -23 25 -25 -26 26 27 28 -30 -31
leaf_value=-0.059519654100101849 0.056073077530321716 -0.058427915903469477 0.001425825647404421 0.024529339901140017 -0.0057851607486251568 0.021788101169500741 0.008854432743502982 0.045052484937639102 0.074605144012366925 -0.05381261036646208 0.30780666190711908 0.010641066559612368 -0.059018084664522644 0.015889224087949218 -0.12435667838227502 -0.048145384943310186 -0.1676195212550789 -0.079333602001810333 0.077451549360109978 -0.032466319903690893 -0.0046825394161875734 -0.072672459583933507 0.10000588095141656 0.00032464439748846637 0.3238605771144466 -0.054928030704319869 0.088484749695267817 0.0018578914271487942 -0.071813071503796747 -0.032686980321463048
leaf_weight=122.97103726139176 1313.7699932554387 35.894249024535384 15999.968246800519 521.67312523782311 6.246166452416217 173.20842103369068 86.235016939215711 37.502337541474844 18.016047945304315 3.9718676379125091 3.102718491878476 59.674320999183692 12.057615004086982 14.285230938286984 19.060398999135941 37.772500760154799 5.8415877689840272 28.150712619040863 3.5341489464044562 1.1530347607185822 43.597769332292955 78.382831888797227 5.5086956481682128 787.75878225335327 1.0630084215954412 61.286396159601281 15.820206993375903 236.26043979979295 27.805730492022121 180.7126942386094
leaf_count=2029602 162220 307484 184715 16576 123 6080 2368 901 206 208 36 258 7875 530 715 1104 126 1533 3 439 512 1347 73 9628 27 2335 375 1047 3086 702
internal_value=0.00437111 0.000722033 0.00112554 0.00124443 0.0128919 -0.00215076 0.001356 0.000663535 -0.0069875 0.0925232 0.121234 -0.00863757 0.0225351 -0.0211305 -0.0655622 -0.00875388 -0.0908257 -0.00998153 -0.0600111 -0.00888475 -0.0291924 -0.0486075 -0.00606446 0.00108005 0.186013 -0.0167479 -0.0181692 -0.0131697 -0.0169758 -0.013156
internal_weight=19942.3 18628.5 18505.5 18469.7 876.38 342.649 330.562 17593.3 1593.3 25.0906 21.1188 1568.21 533.731 157.353 33.3456 124.008 12.0878 1530.71 31.6849 1499.02 181.655 121.981 1317.37 789.975 2.21604 527.394 521.885 460.599 444.779 416.973
internal_count=2742234 2580014 550412 242928 35497 11046 10797 207431 22716 450 242 22266 24451 4717 1245 3472 249 21365 1536 19829 2117 1859 17712 10094 466 7618 7545 5210 4835 1749
is_linear=0
shrinkage=0.06


Tree=122
num_leaves=31
num_cat=0
split_feature=0 0 4 5 7 9 10 10 7 5 9 8 8 8 9 8 8 5 6 8 9 7 10 4 9 8 6 17 6 1
split_gain=1004.84 116.881 36.936 48.0387 30.795 29.7838 25.7453 25.4713 63.7369 55.029 40.5486 57.072 58.6444 39.2132 46.1186 42.6297 42.5073 38.0122 67.7565 74.9988 72.9437 41.0055 37.6083 37.544 38.099 33.5628 57.5761 33.332 32.8808 32.4486
threshold=0.99890872836112987 0.00010520932846702637 -0.80003023147582997 0.98564207553863536 1.7159025073051455 92.344322204589858 0.62828946113586437 0.41885964572429663 0.0022871553665027027 0.31739783287048345 60.894552230834968 88.273490905761733 97.498435974121108 73.499401092529311 49.890829086303718 15.535444736480715 93.957649230957045 0.06023716367781163 4.6807298660278329 92.612083435058608 94.602687835693374 0.030745055526494983 0.26491229236125952 -0.00026378255279269064 78.291275024414077 56.294013977050788 4.9957077503204355 66.091953277587905 3.9994803667068486 12.500000000000002
decision_type=2 2 2 2 2 2 2 2 2 2 2 2 2 2 2 2 2 2 2 2 2 2 2 2 2 2 2 2 2 2
left_child=1 -1 5 7 6 -3 -5 8 9 13 -11 -12 -13 14 25 -16 22 18 19 28 -21 -20 -15 24 -17 27 -27 -4 -9 -19
right_child=-2 2 3 4 -6 -7 -8 17 -10 10 11 12 -14 16 15 23 -18 29 21 20 -22 -23 -24 -25 -26 26 -28 -29 -30 -31
leaf_value=-0.059489834243429365 0.056039579447382394 -0.046531729482184522 -0.052845431107949918 0.027456410347780541 -0.058265946458133808 0.065896105818560258 0.0064397694942539604 -0.026024093173804285 -0.0010401547221647622 0.036658886512327613 0.023747534434688473 -0.015800783656227318 0.047034034607725435 -0.0085551247431819421 -0.10706803002914596 -0.045409921881631329 0.021302161536299744 -0.0011810366938660921 0.01050667919437683 0.14580225754033119 -0.064489103907549375 0.16218959120572468 -0.047694755631216321 0.014767556112553084 0.18883965574670242 -0.055261362831474752 0.026706068539647961 0.035000370573420807 -0.073953360924109451 0.11950058582435849
leaf_weight=115.82406610904218 1243.0274524465785 88.20726531447508 19.240149886609288 401.41748366890533 19.359438835090259 8.498737052541399 440.15098917699652 436.57116341368237 6785.93867271411 331.78969489922747 621.86366833467036 325.91919350298122 62.939766355324537 376.76120807370171 9.2351093282632046 3.0589072572183778 124.95739320052962 6846.6960221551271 171.14918145292904 16.065579927526418 8.3898754389956576 5.676822407564031 114.72258595743915 917.02292490910622 7.5742946966347517 106.99642759245762 42.48374184819113 66.635401579100289 57.970237061905209 7.030256168160121
leaf_count=2028923 162273 318389 2822 15421 1190 6537 14740 12292 80901 3070 1899 1003 386 9852 464 4830 2969 21841 5902 85 92 315 546 28703 958 7332 2040 3252 3174 874
internal_value=0.00383811 0.000335424 0.000714722 0.000910818 0.0147386 -0.036078 0.0164851 0.000228447 0.00222747 0.00930714 0.0184836 0.0124869 -0.00553594 0.0024132 0.0088531 0.0148162 -0.00982764 -0.00239743 -0.0157488 -0.0266651 0.0739588 0.016261 -0.0177694 0.0161436 0.123341 -0.0148466 -0.0319427 0.0149371 -0.0317803 -0.00103983
internal_weight=19783.2 18540.1 18424.3 18327.6 860.928 96.706 841.568 17466.7 9917.14 3131.2 1342.51 1010.72 388.859 1788.69 1172.25 936.891 616.441 7549.55 695.823 518.997 24.4555 176.826 491.484 927.656 10.6332 235.356 149.48 85.8756 494.541 6853.73
internal_count=2743075 2580802 551879 226953 31351 324926 30161 195602 151027 70126 6358 3288 1389 63768 50401 34955 13367 44575 21860 15643 177 6217 10398 34491 5788 15446 9372 6074 15466 22715
is_linear=0
shrinkage=0.06


Tree=123
num_leaves=31
num_cat=0
split_feature=5 3 1 7 8 5 10 16 4 11 10 4 17 1 6 9 10 17 17 16 9 8 16 9 5 8 10 6 7 10
split_gain=736.192 296.768 53.9127 32.7899 74.6673 51.6057 85.3811 44.473 67.9837 39.4518 58.0536 41.4828 38.9996 42.444 41.7805 38.9915 66.4209 45.0022 40.6908 39.6661 44.4863 34.1127 32.8066 52.5932 33.5953 33.4776 36.5217 35.3324 33.4516 30.5415
threshold=0.99865004420280468 1.5000000000000002 17.500000000000004 0.14056493341922763 73.286384582519545 0.94936829805374157 0.43167701363563543 54.72370910644532 -0.066907644271850572 1.0000000180025095e-35 0.78759399056434642 -0.68011146783828724 97.726097106933608 5.5000000000000009 0.97775015234947216 79.422195434570327 0.12660256773233416 95.119049072265639 71.611721038818374 95.742755889892592 61.41041564941407 20.126582145690922 99.206348419189467 68.769905090332045 0.085427075624465956 40.175437927246101 0.22902098298072818 7.9585366249084482 3.609237909317017 0.096006143838167204
decision_type=2 2 2 2 2 2 2 2 2 2 2 2 2 2 2 2 2 2 2 2 2 2 2 2 2 2 2 2 2 2
left_child=2 -2 3 5 7 29 -7 8 9 11 -11 -5 -8 14 -14 16 18 -17 -6 -18 -21 -13 23 25 -24 28 27 -27 -9 -1
right_child=1 -3 -4 4 15 6 12 22 -10 10 -12 21 13 -15 -16 17 19 -19 -20 20 -22 -23 24 -25 -26 26 -28 -29 -30 -31
leaf_value=0.011259946957839172 0.055061916069834682 -0.062460921226001366 -0.050268124553302422 -0.055233306181800598 0.066941745148047002 0.035180393699277571 0.017992796954055833 0.017929733295288755 -0.033695438917952701 -0.063000278352165234 0.0628508715245647 -0.065297641652316302 -0.058508570701566336 -0.040550923412361238 0.0053454835421111657 -0.05440534152720658 -0.10324402017840366 0.032650593414074267 -0.00026015979970315969 -0.087636440097133964 -0.0034074275196728358 0.082097843350357469 0.11065384465854976 -0.081746526435792527 -0.017389240612147791 -0.039889231977749337 0.090265218002313394 0.15225026267402003 0.28719682239404548 0.00028666135531846807
leaf_weight=1008.2283758025042 1217.1464710809523 81.784575435776787 72.84506322283778 10.032307620262143 31.657741262144555 444.16203579958528 474.60565684980247 6.7622270946667395 106.74823695312807 30.74423376431514 21.603367624760722 5.4200611946253039 38.209556700894609 98.020559060852975 622.53179743071087 22.859270836757787 28.364302527148539 211.630871512054 4789.1490153293307 29.335544687524816 88.568172726241755 68.767390592594893 6.5924807988048988 86.580981392165995 274.34179955002037 181.55002733761285 7.6364084131637346 2.5488295974464554 1.2696906198943905 9587.287706814448
leaf_count=110227 165206 1236450 900458 29100 1132 8393 9571 3278 492 6423 81 263 401 1158 11209 271 1406 960 39598 1473 1010 6726 20 4296 6540 27904 1332 181 27 166192
internal_value=0.00398542 0.04762 0.000895614 0.00110218 -0.00252776 0.00288043 0.0126552 -0.019454 0.00200277 0.0299485 -0.0108581 0.055142 0.00452141 -0.00391753 0.00157008 0.000113219 -0.00101758 0.023969 0.00019494 -0.0407107 -0.0249252 0.070604 -0.0286445 -0.0429107 -0.0140027 -0.0257556 -0.0309331 -0.0364209 0.0875808 0.0013318
internal_weight=19657 1298.93 18358.1 18285.2 6012.16 12273 1677.53 810.598 243.316 136.567 52.3476 84.2198 1233.37 758.762 660.741 5201.56 4967.07 234.49 4820.81 146.268 117.904 74.1875 567.282 286.348 280.934 199.767 191.735 184.099 8.03192 10595.5
internal_count=2741778 1401656 1340122 439664 132513 307151 30732 86663 43085 42593 6504 36089 22339 12768 11610 45850 44619 1231 40730 3889 2483 6989 43578 37018 6560 32722 29417 28085 3305 276419
is_linear=0
shrinkage=0.06


Tree=124
num_leaves=31
num_cat=0
split_feature=5 3 1 6 1 3 6 5 7 8 8 4 7 5 8 3 1 2 8 10 7 16 7 6 6 1 6 6 6 6
split_gain=719.59 282.822 50.3364 49.7922 44.9287 38.9672 35.1523 26.477 30.1383 37.4544 28.4789 23.9815 23.0851 50.5737 39.647 33.099 30.9397 29.8118 39.5774 31.7156 55.3043 32.3568 47.5334 43.8632 118.193 104.234 67.8365 58.8292 41.845 47.4548
threshold=0.99865004420280468 1.5000000000000002 21.500000000000004 0.92558395862579357 2.5000000000000004 9.5000000000000018 1.3162558078765871 0.085427075624465956 1.3754158020019533 93.127067565917983 21.483516693115238 -0.0023876142222434278 2.1401023864746098 0.97644221782684337 65.240276336669936 34.500000000000007 3.5000000000000004 -0.83011069893836964 15.535444736480715 0.28801843523979193 0.014719572849571707 63.007518768310554 0.018431727774441246 3.0419229269027714 2.9935092926025395 4.5000000000000009 2.2023533582687382 1.9994091987609866 3.7399325370788579 4.148522377014161
decision_type=2 2 2 2 2 2 2 2 2 2 2 2 2 2 2 2 2 2 2 2 2 2 2 2 2 2 2 2 2 2
left_child=2 -2 3 7 5 6 -5 10 -9 -10 -1 -11 15 14 16 17 -14 18 -6 20 -19 22 -21 24 26 -25 27 -23 -27 -30
right_child=1 -3 -4 4 12 -7 -8 8 9 11 -12 -13 13 -15 -16 -17 -18 19 -20 21 -22 23 -24 25 -26 28 -28 -29 29 -31
leaf_value=0.051654375864146798 0.055196350990310873 -0.063109466847435805 -0.058907809617029815 0.0048859546348299946 -0.065497821458226343 -0.066799301653323429 0.023008706174946648 -0.004786275333817082 -0.085733328230779587 0.037232194620901812 -0.05186438009824472 -0.045297460756877315 -0.080730306512896158 -0.10333774429979994 -0.0054247558109154865 0.20050983647101217 0.044720416377541768 0.021027223195615685 -0.0030626145455729076 0.012948489421656753 0.0028140376400584474 0.0099086557062653246 -0.017328700374646202 0.023440044706839202 -0.032986751734369914 0.040623128372474074 0.013887650014861861 -0.023228563156204036 -0.015800627770143114 0.0015731123248110496
leaf_weight=9.7966669522829743 1152.2836393899634 76.827837987697421 50.452085637571145 1043.4771027436509 35.972128483535926 22.169551453334861 610.55912371037994 559.53501154179321 38.734990734534222 22.642167980789964 97.544109219521488 26.359723970293999 6.8062516185855193 17.613406778033095 2689.4509838991798 2.0001597360424048 84.416383567051525 844.18393302247205 3230.5020154152298 1264.4144228388141 2071.905637772139 298.50904927498777 218.07755283291044 692.07545790786389 524.01556118251756 77.086237774143228 692.74843149143271 541.63852352142567 828.91349589650054 1779.1207987885282
leaf_count=492 165269 1236947 798858 6341 3129 148 5863 10355 876 96 19809 80 132 1152 9243 842 1947 6136 436074 6228 6722 853 1011 6086 3142 110 2820 2859 2974 6761
internal_value=0.00332835 0.0477561 0.000355041 0.00052136 0.00116968 0.0105096 0.0115855 -0.0145601 -0.00994731 -0.0424366 -0.042027 -0.00718125 0.000184413 -0.00476152 -0.00410019 0.0012411 0.0345865 0.00119537 -0.00377002 0.00284512 0.00809201 0.000632138 0.00848598 -0.00151165 -0.00841679 0.00269523 -1.59447e-06 -0.0114569 -0.00265838 -0.00395274
internal_weight=19609.8 1229.11 18380.7 18330.3 17575.7 1676.21 1654.04 754.613 647.272 87.7369 107.341 49.0019 15899.5 2798.29 2780.67 13101.2 91.2226 13099.2 3266.47 9832.69 2916.09 6916.6 1482.49 5434.11 2056.91 3377.2 1532.9 840.148 2685.12 2608.03
internal_count=2743355 1402216 1341139 542281 510573 12352 12204 31708 11407 1052 20301 176 498221 12474 11322 485747 2079 484905 439203 45702 12858 32844 7239 25605 9674 15931 6532 3712 9845 9735
is_linear=0
shrinkage=0.06


Tree=125
num_leaves=31
num_cat=0
split_feature=0 0 5 5 6 6 14 6 5 5 10 8 10 14 14 8 17 0 6 7 9 6 6 17 7 14 1 6 6 8
split_gain=817.448 101.327 29.4216 33.9078 25.603 54.4515 127.062 34.1512 31.8575 30.3901 47.2245 55.7707 44.2802 44.9113 60.3294 39.9643 46.1838 38.2823 33.603 33.452 94.8248 52.018 108.477 82.5291 74.1931 49.0044 47.8227 44.0091 79.7172 54.7063
threshold=0.99890872836112987 0.00010520932846702637 0.99898830056190502 0.99641242623329174 4.9985370635986337 5.0029244422912607 11.500000000000002 4.9234395027160653 0.71638363599777233 0.17076727002859118 0.042572464793920524 71.89255523681642 0.092329546809196486 41.500000000000007 48.500000000000007 70.659969329833999 81.365741729736342 0.1069132797420025 2.0029376745224003 0.90090259909629833 62.532051086425788 4.1198303699493417 3.9994803667068486 71.039428710937514 5.4522770369658255e-06 2.5000000000000004 4.5000000000000009 3.0419229269027714 2.9979834556579594 89.512962341308608
decision_type=2 2 2 2 2 2 2 2 2 2 2 2 2 2 2 2 2 2 2 2 2 2 2 2 2 2 2 2 2 2
left_child=1 -1 3 4 7 6 -6 9 -9 10 11 15 -12 -14 18 17 -17 -3 -15 20 25 22 27 -24 -25 -11 -26 28 -22 -30
right_child=-2 2 -4 -5 5 -7 -8 8 -10 19 12 -13 13 14 -16 16 -18 -19 -20 -21 21 -23 23 24 26 -27 -28 -29 29 -31
leaf_value=-0.059400423294690884 0.05526178025472292 -0.03668300701038181 -0.060756793485357827 0.021680787440328881 -0.00050282558659774633 -0.0015914622785652302 -0.097671661323254569 0.029634258077246577 0.0023284094916074028 -0.0016702841531795016 0.021800852294801248 -0.074196337371177715 -0.0056248723607130032 -0.0079164527560162262 -0.069120617456996145 0.11691052127195191 -0.089114118368053316 0.041205601999312114 0.13092443058115877 -0.0018072260439450025 0.004074487350899058 0.018868720648834061 0.01950918292284121 -0.12964941017154905 0.041826597985367246 0.030748067662523654 -0.036557763038744945 0.012709812497299033 -0.0068609296810392293 -0.043691692536838293
leaf_weight=98.582989545895543 1054.081253946817 114.92856817015854 26.474597063846886 290.47990614163791 147.5233141731951 3389.0333131720108 71.144038292681216 307.36750195249624 307.27110407099099 219.31067729073402 257.56294715544209 70.249627637662343 2179.6112487965438 8.271056344732644 9.7411643780069408 15.001418452578948 4.3720664589927756 27.370917454361916 23.656108366325498 3588.1584805577004 3349.3218936122139 644.46515193907544 116.44709720830724 28.35067739058286 29.594519361387938 713.18858684910811 354.61225463919982 1381.0832113036449 456.24921507143881 212.27597694960423
leaf_count=2028935 162458 5788 262635 36614 2684 54182 545 4171 2566 2255 15525 9793 67533 49 101 151 175 37 84 41581 15944 2765 867 192 216 13551 1485 6420 2390 913
internal_value=0.00389793 0.000959266 0.00128688 0.00137987 0.00105155 -0.00346835 -0.0324177 0.00218265 0.0160094 0.00156588 -0.00412813 -0.0299585 -0.00170031 -0.00443392 0.0565351 -0.0103985 0.0683245 -0.0215183 0.0958082 0.00295755 0.00523557 0.00269354 0.00093214 -0.024971 -0.0375426 0.0231301 -0.0304271 0.00347436 0.000297424 -0.0186035
internal_weight=19495.8 18441.7 18343.1 18316.6 18026.2 3607.7 218.667 14418.5 614.639 13803.8 2710.77 231.923 2478.84 2221.28 41.6683 161.673 19.3735 142.299 31.9272 11093.1 7504.9 6572.4 5927.93 529.005 412.557 932.499 384.207 5398.93 4017.85 668.525
internal_count=2742605 2580147 551212 288577 251963 57411 3229 194552 6737 187815 99236 15944 83292 67767 234 6151 326 5825 133 88579 46998 31192 28427 2760 1893 15806 1701 25667 19247 3303
is_linear=0
shrinkage=0.06


Tree=126
num_leaves=31
num_cat=0
split_feature=5 3 1 5 14 17 17 17 17 4 2 17 10 14 16 7 1 2 7 16 10 2 17 6 6 14 6 3 3 5
split_gain=607.586 246.061 70.548 30.2711 34.9699 28.9606 49.3817 39.5338 37.3139 35.182 31.5322 29.6873 29.9863 27.4491 35.3348 45.9828 30.5127 52.6874 47.0755 32.8007 31.7916 30.794 30.4393 25.6109 44.4503 71.8694 36.7977 45.438 42.0336 39.1733
threshold=0.99917250871658336 1.5000000000000002 15.500000000000002 0.99641242623329174 27.500000000000004 28.919860839843754 27.681992530822757 26.846846580505375 30.151515007019047 -0.00072585014277137805 -0.10720207542181014 26.201373100280765 0.47722567617893225 2.5000000000000004 22.474746704101566 0.00097512963111512374 4.5000000000000009 -0.95530155301094044 0.00051751159480772923 49.528301239013679 0.43167701363563543 -0.91912096738815297 20.256410598754886 5.9503896236419687 6.0822477340698251 8.5000000000000018 6.6949117183685312 20.500000000000004 6.5000000000000009 0.87587347626686107
decision_type=2 2 2 2 2 2 2 2 2 2 2 2 2 2 2 2 2 2 2 2 2 2 2 2 2 2 2 2 2 2
left_child=2 -2 3 5 -5 6 7 11 -7 10 -8 13 -13 16 -15 -16 17 18 19 -1 -20 -18 -19 -10 25 -25 28 -28 29 -26
right_child=1 -3 -4 4 -6 8 9 -9 23 -11 -12 12 -14 14 15 -17 21 22 20 -21 -22 -23 -24 24 26 -27 27 -29 -30 -31
leaf_value=-0.012863170273389084 0.056552661183813788 -0.062748301336555817 -0.052736954606079363 0.031706980076809041 -0.014243799645790929 -0.059900371962185971 0.12760719690401609 -0.070734838167619218 0.0018488070578594239 0.030317589782161411 -0.10889957228946251 -0.06109124807402113 0.053457272814361259 0.023107874331056592 0.0078459234400553926 -0.065938005881674838 -0.077274365744028573 0.0032141165688675442 -0.042411176625386314 0.2010079258528539 0.19811125702317142 -0.0096846720613151561 -0.083968345873844746 0.0035550024720815512 0.032476886678412434 -0.043746117176775942 -0.0094657013705935523 0.088525671833217828 -0.076394232666374989 -0.00781358871939517
leaf_weight=20.066853941556477 965.30481511179823 65.714550897908339 84.663840165929287 237.01941339360565 78.893462353596988 35.196208681732969 22.558160783857605 22.465616469205997 15395.08769629067 114.92660019290633 1.4693211905978376 8.3672448353427153 76.521030632920883 327.33543070048472 115.09591523104609 40.242009547870111 40.751562874338561 50.762841971183661 2.0235380431367949 1.9473925344645966 10.17174542302382 58.748087972042413 19.097824189302628 216.00674179274938 256.73777736286866 247.52618023640753 783.33353310995153 16.4192132868302 16.433037362723553 130.54373058009514
leaf_count=291 158063 1190167 987710 46339 4511 2395 1285 1543 302669 2305 67 1292 402 4391 1680 1715 8049 270 247 4 124 636 198 8406 2892 1806 11066 148 514 1163
internal_value=0.00409503 0.0488953 0.00158633 0.00183989 0.0202229 0.00151668 0.0118074 0.00600414 0.000954735 0.0446711 0.109371 0.00832851 0.0415867 0.00415996 0.0119473 -0.0115681 -0.0142724 0.00842551 0.0683474 0.013968 0.158012 -0.0378605 -0.0214676 0.00108377 -0.00597836 -0.0217436 0.000106843 -0.00734586 0.0148522 0.0189107
internal_weight=19461.4 1031.02 18430.4 18345.7 315.913 18029.8 932.551 793.597 17097.3 138.954 24.0275 771.131 84.8883 686.243 482.673 155.338 203.57 104.07 34.2095 22.0142 12.1953 99.4997 69.8607 17062.1 1667 463.533 1203.47 799.753 403.715 387.282
internal_count=2742348 1348230 1394118 406408 50850 355558 24499 20842 331059 3657 1352 19299 1694 17605 7786 3395 9819 1134 666 295 371 8685 468 328664 25995 10212 15783 11214 4569 4055
is_linear=0
shrinkage=0.06


Tree=127
num_leaves=31
num_cat=0
split_feature=0 1 5 7 2 2 8 16 6 14 8 8 6 6 9 10 10 10 10 6 9 10 8 6 5 6 6 14 8 7
split_gain=755.733 92.5656 41.0889 42.4256 37.3174 50.0279 43.5017 34.8251 34.2064 40.6124 59.2046 77.1002 55.115 52.8243 41.8655 37.9484 39.3923 36.2253 59.9822 73.2327 58.2292 65.1349 48.5846 50.8529 44.4363 42.8771 42.0082 38.9597 35.8578 42.0392
threshold=0.99944254755973827 10.500000000000002 0.49479787051677709 1.0467052106832854e-05 -0.97785523533821095 -0.96970340609550465 73.879596710205092 71.039428710937514 4.148522377014161 33.500000000000007 90.054946899414077 94.360820770263686 4.6256113052368173 8.884775638580324 44.713190078735359 0.5847701132297517 0.62828946113586437 0.053342817351222045 0.31698563694953924 3.9994803667068486 96.083908081054702 0.57518798112869274 86.70682525634767 3.9269261360168461 0.06023716367781163 3.815250158309937 2.0000146627426152 33.500000000000007 89.512962341308608 0.00017762418428901586
decision_type=2 2 2 2 2 2 2 2 2 2 2 2 2 2 2 2 2 2 2 2 2 2 2 2 2 2 2 2 2 2
left_child=1 2 8 -4 -5 6 7 -6 17 10 -10 13 -11 -12 -13 -14 -17 24 26 20 22 -22 25 28 -1 -20 -19 -27 -24 -30
right_child=-2 -3 3 4 5 -7 -8 -9 9 12 11 14 15 -15 -16 16 -18 18 19 -21 21 -23 23 -25 -26 27 -28 -29 29 -31
leaf_value=-0.051251701729548939 0.057486612030917546 -0.034799088939251779 0.014028836637155928 -0.058771352225117361 -0.042192596555740883 0.0017796445019938355 -0.051280827967851529 0.20327393624665077 0.005726438934572026 0.088679190369359645 -0.076682385575378473 0.043712325631014418 -0.080402667744097697 0.17243706962689348 -0.033933706415922443 0.10112311051311282 0.0070791453920892623 0.020269905094324723 -0.010272232569232244 -0.045512923040805342 0.07454717686697214 0.0033985422629177866 -0.052891246620193622 -0.10323162677198074 -0.01097949141475236 0.016689720282920588 -0.0014120635640630025 0.14113732711422386 0.0084386331612547032 -0.035247000295499667
leaf_weight=127.45659100209377 872.06821841665078 264.75698447034301 1111.8441516595194 35.569461110098928 2.1955146483996968 11044.366814929439 4.3173252024826061 9.8675260976597183 1242.4068613545605 44.194916984066367 90.79166236785386 51.846320868167822 13.426459794864057 2.2510943794623008 46.469801760904375 18.290356140583754 96.091050250455737 472.68355506440275 957.04920721339658 190.22670042620302 50.006930209056009 505.59009299088211 110.65664859814569 30.156292984262109 428.60446675009371 125.11873555617058 1002.181157581188 8.8065500205848348 159.14736517891288 156.44755493616685
leaf_count=20100 151872 2137319 12072 200807 1170 95665 1119 522 26734 71 1017 743 123 2 401 58 522 18134 16309 3183 186 2034 627 183 4097 1644 43745 44 460 639
internal_value=0.00294268 0.000354986 0.000870012 0.00286024 0.00173999 0.00193988 0.103656 0.158788 -0.00322715 0.00424906 0.000934862 -0.0300427 0.0317102 -0.0688856 0.00704024 0.0114752 0.0228635 -0.00600378 -0.00389133 -0.00996059 -0.00672457 0.00992476 -0.0127052 -0.0291208 -0.0202859 -0.0058173 0.00554588 0.0258584 -0.0236483 -0.0132603
internal_weight=19274.9 18402.8 18138.1 12208.2 11096.3 11060.7 16.3804 12.063 5929.9 1605.77 1433.77 191.359 172.003 93.0428 98.3161 127.808 114.381 4324.13 3768.07 2293.21 2102.98 555.597 1547.38 456.408 556.061 1090.97 1474.86 133.925 426.252 315.595
internal_count=2741602 2589730 452411 311355 299283 98476 2811 1692 141056 29671 28897 2163 774 1019 1144 703 580 111385 87188 25309 22126 2220 19906 1909 24197 17997 61879 1688 1726 1099
is_linear=0
shrinkage=0.06


Tree=128
num_leaves=31
num_cat=0
split_feature=0 0 7 10 9 17 10 5 7 5 4 10 14 0 10 7 4 10 4 10 10 4 8 14 9 4 3 4 4 8
split_gain=691.244 86.5334 37.0779 51.8765 70.0238 63.0455 42.4044 74.7376 47.7951 44.3811 40.3949 40.0627 39.2568 36.9981 36.5309 51.1676 38.5336 34.9213 33.3359 33.1576 41.894 31.6647 71.1526 81.432 70.3208 46.7783 46.8533 36.9776 31.2349 29.4736
threshold=0.99944254755973827 0.00010520932846702637 0.14056493341922763 0.15894736349582675 79.422195434570327 94.59064102172853 0.084523811936378493 0.77991238236427318 3.1511646056969771e-06 0.98860448598861705 -0.035882027819752686 0.22902098298072818 19.500000000000004 0.016710898838937286 0.93541666865348827 0.72611209750175487 -0.12251034751534461 0.4463601559400559 -0.17105547338724134 0.43167701363563543 0.23205128312110904 -0.17105547338724134 90.521114349365249 6.5000000000000009 76.970855712890639 -0.22878473997116086 12.500000000000002 -0.38312463462352747 -0.008631088770925997 81.53021621704103
decision_type=2 2 2 2 2 2 2 2 2 2 2 2 2 2 2 2 2 2 2 2 2 2 2 2 2 2 2 2 2 2
left_child=1 -1 6 13 10 14 7 8 -3 -8 11 -5 -11 -4 15 16 17 19 -19 20 -6 22 -15 25 -25 26 -24 -28 -10 -13
right_child=-2 2 3 4 5 -7 9 -9 28 12 -12 29 -14 21 -16 -17 -18 18 -20 -21 -22 -23 23 24 -26 -27 27 -29 -30 -31
leaf_value=-0.059307506547447 0.056819896966787263 -0.023236645161815631 -0.047724728104207359 -0.078603096099441688 0.13009530134144937 0.015802804914185713 0.00077799758085332757 0.041689693540823622 -0.043872751037066463 0.029337423916819528 -0.096913981036287081 -0.048869821688375892 0.00035398184040586492 0.018554261703302797 0.022096262274000258 -0.072733768506076768 -0.037518817488739045 -0.069144763085544181 0.067888899067501923 0.17591251499282912 -0.060488903960472698 -0.0025700617159361097 -0.060128269160315564 -0.076313789385525119 0.11571913716921173 0.062666878267999396 0.099397934986736852 -0.066821237631844277 0.016193044828251759 0.03087402317855082
leaf_weight=85.325437863022671 822.14895153249381 168.7114470898523 59.368316906147811 40.017251477704121 6.5039243336868848 222.60451675050717 10604.109942773444 267.22645217692479 32.050245352766069 380.69894234178355 51.361050156643614 28.046695320343133 300.86909550748533 709.33775096499812 44.161063266670681 87.435806194258475 87.11996356297459 16.294697027944494 9.1835977413429664 7.5925599249312645 8.382541285856858 4446.2907878464903 36.555870371634228 88.041990685855126 6.559375754739448 42.220501224510372 14.892809940509325 6.0959753505885592 560.29185114106076 38.216632517800463
leaf_count=2029655 151664 1414 234334 29588 155 2177 116682 3750 6641 19510 390 40514 14087 8882 848 34999 689 853 146 89 857 10087 604 1516 17 95 52 45 29966 2472
internal_value=0.00302358 0.000624145 0.000905726 -0.00293764 -0.0189816 -0.00773278 0.00279607 0.0144545 0.00484939 0.00173263 -0.0536261 -0.0319985 0.0165623 -0.00101575 -0.0273646 -0.0372358 -0.0138922 0.0289178 -0.0190528 0.0817847 0.0257254 -0.000488603 0.00974385 -0.02234 -0.0619276 0.0154406 -0.0196879 0.0502779 0.0128746 -0.0031032
internal_weight=19277.7 18455.6 18370.2 6056.28 646.92 489.279 12314 1028.28 761.054 11285.7 157.642 106.281 681.568 5409.36 266.674 222.513 135.077 47.9573 25.4783 22.479 14.8865 5350 903.704 194.367 94.6014 99.7652 57.5447 20.9888 592.342 66.2633
internal_count=2742778 2591114 561459 369409 113777 40813 192050 41771 38021 150279 72964 72574 33597 255632 38636 37788 2789 2100 999 1101 1012 21298 11211 2329 1533 796 701 97 36607 42986
is_linear=0
shrinkage=0.06


Tree=129
num_leaves=31
num_cat=0
split_feature=0 1 4 5 10 7 14 1 4 14 7 14 5 9 7 9 16 6 10 8 6 7 10 17 0 9 9 9 8 6
split_gain=653.238 88.288 39.0067 35.0108 25.3694 35.7854 31.27 21.968 26.2101 46.5624 35.8059 25.063 64.3729 50.7465 36.1272 35.756 53.2603 66.068 55.1203 54.0339 46.1842 42.0309 61.5996 46.273 56.6948 39.4479 47.1887 38.3031 37.9579 34.9567
threshold=0.99944254755973827 17.500000000000004 -0.88000279664993275 0.99641242623329174 0.11269841343164445 1.000100910663605 21.500000000000004 4.5000000000000009 -0.84442242980003346 8.5000000000000018 3.609237909317017 31.500000000000004 0.0056119766086339959 94.602687835693374 0.00011416065899538809 81.848690032958999 55.245780944824226 3.3187196254730229 0.45643940567970281 80.229885101318374 3.3639423847198491 0.0068542195949703464 0.15504807978868487 72.111110687255874 0.03805800527334214 94.053512573242202 94.602687835693374 74.521984100341811 59.67530822753907 7.0988714694976816
decision_type=2 2 2 2 2 2 2 2 2 2 2 2 2 2 2 2 2 2 2 2 2 2 2 2 2 2 2 2 2 2
left_child=1 2 -1 7 -5 6 -6 -4 9 -9 -11 15 13 14 -13 21 17 25 20 -18 -19 -10 23 24 -23 -17 -27 -25 -26 -21
right_child=-2 -3 3 4 5 -7 -8 8 11 10 -12 12 -14 -15 -16 16 19 18 -20 29 -22 22 -24 27 28 26 -28 -29 -30 -31
leaf_value=-0.050294337605369013 0.056707911188575988 -0.059502750347675354 0.0025917064765777404 0.18690008455570667 0.037563552866121223 -0.062582897464588672 -7.8110704744396788e-05 0.00017020659024839034 0.007826177633153979 -0.034251643411529885 0.30459397747310396 -0.034536893662584993 0.005718194633017812 -0.045851047400731919 0.29770437156397017 -0.076709707274687178 -0.029686402649937368 0.21791777163885245 0.00041411488921792888 -0.010009504964621847 0.032782794799839136 -0.059375246375600987 -0.034046990782806409 -0.0039271014023950614 -0.035874257732607308 0.11904024942306206 -0.03752750631250313 0.065339289025639444 0.074873178542582505 0.032345485211832302
leaf_weight=52.524651541665662 776.65045032498892 86.674696346472047 9560.6544643174129 2.2499435798526966 199.41088891506661 17.78842333216744 131.62709171313327 10.122126305504933 1684.7376835348659 1.2847227625279618 3.1403082946781069 1.2134887678548674 949.61570474458858 2.8149592406116426 5.2562496135942638 56.681180360221333 582.9981181584044 4.0513586945889974 814.86634853532087 1060.8697630883835 156.57035084853851 17.018530304794695 226.90127054461482 2491.3128028442225 12.538304132409392 8.5442149999580561 24.317263285287481 28.077690864934993 71.742621901910752 74.144737394992262
leaf_count=459085 151641 1751040 55885 529 16290 5370 9159 2507 191700 391 19 36 3338 116 76 6247 4787 43 7613 4130 4745 16211 18748 30584 90 168 444 163 217 226
internal_value=0.0028466 0.000562714 0.000851179 0.00100153 0.0197382 0.0181289 0.0226413 0.000631922 -0.00162861 0.0762037 0.218037 -0.00177464 0.00734134 0.156655 0.239107 -0.00297041 -0.00832222 0.00221906 0.00676326 -0.0148545 0.0387719 0.000316946 -0.00412697 -0.00152448 0.0380348 -0.0468139 0.0054945 -0.00312953 0.05817 -0.00721663
internal_weight=19116.4 18339.7 18253.1 18200.6 351.076 348.826 331.038 17849.5 8288.82 14.5472 4.42503 8274.27 958.9 9.2847 6.46974 7315.37 2783.04 1065.03 975.488 1718.01 160.622 4532.33 2847.59 2620.69 101.299 89.5427 32.8615 2519.39 84.2809 1135.01
internal_count=2741598 2589957 838917 379832 31348 30819 25449 348484 292599 2917 410 289682 3566 228 112 286116 28403 19260 12401 9143 4788 257713 66013 47265 16518 6859 612 30747 307 4356
is_linear=0
shrinkage=0.06


Tree=130
num_leaves=31
num_cat=0
split_feature=0 0 0 7 14 6 1 4 5 16 8 16 14 10 16 9 17 16 17 8 8 10 14 6 2 7 5 7 7 1
split_gain=627.73 81.8126 29.6573 35.7445 42.4615 31.8421 27.6393 26.3385 22.0287 46.1647 44.7764 58.1055 43.4644 62.9455 55.2358 37.7449 36.8209 40.5723 47.0309 35.7999 73.1292 60.9557 42.8532 42.6064 38.1303 37.2279 45.8853 36.5686 33.1925 32.3616
threshold=0.99944254755973827 0.00012011466969852337 0.99218881130218517 0.72611209750175487 21.500000000000004 0.57425999641418468 5.5000000000000009 -0.92279571294784535 0.17076727002859118 10.818713188171388 71.010189056396499 69.666328430175795 3.5000000000000004 0.45643940567970281 45.584415435791023 91.697994232177749 54.72370910644532 49.528301239013679 33.647798538208015 93.127067565917983 85.880397796630874 0.11269841343164445 2.5000000000000004 3.9387391805648808 -0.98880416154861439 0.0081255468539893645 0.007256704382598401 7.825135980965571e-05 2.8240580832061827e-05 10.500000000000002
decision_type=2 2 2 2 2 2 2 2 2 2 2 2 2 2 2 2 2 2 2 2 2 2 2 2 2 2 2 2 2 2
left_child=1 -1 7 4 -4 -6 -7 -3 9 -9 12 28 -11 14 -14 -15 17 18 -17 20 -13 25 -23 24 27 26 -22 -21 -12 -16
right_child=-2 2 3 -5 5 6 -8 8 -10 10 11 19 13 15 29 16 -18 -19 -20 23 21 22 -24 -25 -26 -27 -28 -29 -30 -31
leaf_value=-0.059299812680529786 0.05642895345963609 -0.058015484463771035 0.030666756192866615 -0.061728646029433301 -0.13027630746322533 0.0082522795382277501 -0.059395180689741256 -0.089538846083896645 0.00080754335256094938 -0.0050494890604844038 -0.002201905939061076 -0.00090981788488910464 0.070334324854258931 -0.06408835139050123 0.018433215238445481 0.034937124254726115 -0.077806264883657716 0.1135490325582894 -0.049620806661391709 0.05340672790677263 -0.06374430755959605 0.16789940823200447 -0.053219613551330418 -0.029255316509763929 0.040848930675749122 -0.078084967009317802 0.058738318172102649 -0.071176719700940069 -0.068361925027912843 -0.062211531694843204
leaf_weight=82.81129071396208 733.18407207794371 27.433056761892658 318.97202524048043 20.760409935610369 5.9273259064648292 187.54129107570043 23.57778707559919 21.882962096991832 14242.605300314142 1319.055709377586 37.916271526279161 563.22723322511592 75.371152352032368 46.543653703294694 468.44968322073692 54.736964665877167 18.186239664326422 11.608484299067639 40.171673529723193 12.165601452521512 13.370139785300124 2.2489717757562167 249.58885502378689 65.255368967133109 142.8457485090621 12.750446420424849 47.291164924565237 23.236370999191422 97.123276226047892 17.663385612453567
leaf_count=2062389 151481 289796 20093 420 185 10535 836 677 83467 65155 309 13170 2508 894 9283 271 280 46 334 164 3507 19 3094 4180 908 2360 66 3100 5684 7406
internal_value=0.00203246 -0.00015582 0.00011702 0.0137382 0.0167706 -0.00369817 0.000453016 -0.000314382 -0.000221064 -0.00460533 -0.00401851 -0.0128824 0.00145874 0.0131657 0.0228698 -0.0186001 -0.00124747 0.0124259 -0.000997641 -0.00842166 -0.0140052 -0.0366098 -0.0505887 0.011925 0.0270799 0.0113802 0.0311464 -0.0280736 -0.0499383 0.0153812
internal_weight=18983.5 18250.3 18167.5 556.779 536.018 217.046 211.119 17610.7 17583.3 3340.69 3318.81 1267.02 2051.79 732.731 561.484 171.247 124.703 106.517 94.9086 1131.98 888.477 325.25 251.838 243.503 178.248 73.4118 60.6613 35.402 135.04 486.113
internal_count=2742617 2591136 528747 32069 31649 11556 11371 496678 206882 123415 122738 36561 86177 21022 19197 1825 931 651 605 30568 22216 9046 3113 8352 4172 5933 3573 3264 5993 16689
is_linear=0
shrinkage=0.06


Tree=131
num_leaves=31
num_cat=0
split_feature=0 0 5 0 5 1 17 10 9 7 7 7 9 6 5 9 7 17 3 5 7 6 8 7 6 10 17 8 2 10
split_gain=572.464 73.874 25.196 28.0946 21.5432 19.7479 19.6373 25.6641 27.6638 29.1013 22.8411 36.0167 40.2044 35.0624 44.5988 33.5907 28.0122 29.2228 31.8631 26.5768 29.8996 27.8432 27.4463 34.1147 25.9675 30.5697 25.1815 23.5171 21.7159 26.5488
threshold=0.99944254755973827 0.00010520932846702637 0.99945282936096203 0.99740585684776317 0.00010726175241870807 17.500000000000004 28.919860839843754 0.41277891397476202 74.521984100341811 0.00091289237025193881 0.36193761229515081 0.0025101304054260258 90.960163116455092 5.3291192054748544 0.06023716367781163 90.960163116455092 0.99412971735000621 26.201373100280765 1.5000000000000002 0.41130582988262182 4.516459739534185e-05 2.9890033006668095 24.525599479675297 5.4522770369658255e-06 4.020545721054078 0.73508772253990184 15.587044239044191 29.818989753723148 -0.74151420593261708 0.54006412625312816
decision_type=2 2 2 2 2 2 2 2 2 2 2 2 2 2 2 2 2 2 2 2 2 2 2 2 2 2 2 2 2 2
left_child=1 -1 3 4 -3 6 7 8 -6 -10 11 12 -9 24 15 -15 17 -12 -19 20 22 -22 23 -14 27 -26 -23 28 29 -13
right_child=-2 2 -4 -5 5 -7 -8 10 9 -11 16 13 19 14 -16 -17 -18 18 -20 -21 21 26 -24 -25 25 -27 -28 -29 -30 -31
leaf_value=-0.059179509731525207 0.056569201496544999 0.14630715981820583 -0.064593871746021506 0.023032027770167982 -0.088748515850868084 -0.057784970159595266 0.00072418863022879847 0.031065406350940586 0.019725778788291314 -0.07637958580957846 -0.090666183845530421 -0.0073051435363177724 -0.0023729621936805592 -0.039075811858734349 0.044968135127459091 0.23216157440303226 0.027410538205554801 -0.17326466890012293 0.0498204937231305 0.01182849562370971 -0.10877377307141889 0.03285234338358408 0.02096462321262613 -0.11847175704905072 -0.08251068664335301 0.038814036109753931 -0.056309066499250514 -0.030252478131161616 0.02056866258266004 0.097772896866228906
leaf_weight=71.93473291004193 693.80009084480116 2.6798062433954319 19.850443864906993 212.63710469880607 16.888444183783577 19.469243085324706 17114.273416602839 189.6753219547536 45.793603922080365 13.97447538777851 24.851259921604651 10.817003924879826 28.590824500657618 1.6584617861517461 25.729322751139989 8.8574933652416785 25.426591056642792 1.7610743348486693 13.088955954852281 215.94768536533229 19.74819386593299 16.913136891904287 74.946507416083477 12.402398671954868 14.825826575310204 13.328056299593298 30.958197317697341 15.329193626035702 53.608556709979894 39.822197226036224
leaf_count=2028430 151657 421 248005 21169 3360 44135 231720 2253 1335 2446 627 447 70 152 134 62 1160 14 200 1567 250 69 269 56 380 48 406 446 238 209
internal_value=0.00310934 0.00108573 0.00132605 0.00140123 0.00114517 0.00111551 0.00118232 0.00974161 -0.0232856 -0.00363191 0.0127859 0.0156647 0.00839712 0.038768 0.0909274 0.189706 -0.0211098 -0.0520945 0.0141023 -0.00241588 -0.0191469 -0.0505382 -0.000562971 -0.0394831 0.0254455 -0.0257142 -0.0247803 0.0376043 0.0477749 0.0756204
internal_weight=19049.6 18355.8 18283.9 18264 18051.4 18048.7 18029.2 914.943 76.6565 59.7681 838.286 773.158 589.182 183.976 36.2453 10.516 65.1279 39.7013 14.85 399.507 183.559 67.6195 115.94 40.9932 147.731 28.1539 47.8713 119.577 104.248 50.6392
internal_count=2741735 2590078 561648 313643 292474 292053 247918 16198 7141 3781 9057 7056 4940 2116 348 214 2001 841 214 2687 1120 725 395 126 1768 428 475 1340 894 656
is_linear=0
shrinkage=0.06


Tree=132
num_leaves=31
num_cat=0
split_feature=0 0 6 6 6 6 0 14 5 7 7 9 8 4 14 5 10 7 8 9 9 16 8 7 7 2 10 14 6 14
split_gain=540.124 69.0042 24.891 35.8663 41.273 51.4877 42.3671 41.7471 43.4937 42.3229 81.5189 35.3356 42.0893 41.7204 34.6897 33.93 38.7545 33.5944 50.3539 29.1193 40.6325 28.8824 38.7884 29.3459 32.3568 31.4009 28.2693 27.9479 27.6821 38.1438
threshold=0.99944254755973827 0.00010520932846702637 2.9935092926025395 2.1575815677642827 1.9994091987609866 1.2038173675537112 0.0052573319990187892 13.500000000000002 0.042713785544037826 0.00013330825458979237 0.00011416065899538809 46.384283065795906 89.009658813476577 -0.066907644271850572 5.5000000000000009 0.00094708296819590043 0.10435571894049646 3.609237909317017 62.351627349853523 58.848993301391609 75.083892822265639 59.516963958740241 87.570224761962905 0.001115475199185312 0.00097512963111512374 -0.071540091186761842 0.40370370447635656 44.500000000000007 3.0095150470733647 29.500000000000004
decision_type=2 2 2 2 2 2 2 2 2 2 2 2 2 2 2 2 2 2 2 2 2 2 2 2 2 2 2 2 2 2
left_child=1 -1 3 4 5 -3 -6 -8 9 10 27 12 17 14 -13 16 -4 -7 -19 -18 -21 -10 23 24 -23 -25 -22 -9 -17 -30
right_child=-2 2 15 -5 6 11 7 8 21 -11 -12 13 -14 -15 -16 28 19 18 -20 20 26 22 -24 25 -26 -27 -28 -29 29 -31
leaf_value=-0.059130427647018986 0.056268076563274719 -0.0013770491886812681 -0.033863512394598734 0.010509289970155124 -0.057378427964106846 -0.010662725037273372 0.0022818587101680094 -0.064468833219405566 0.056279710595806803 -0.032746258022398514 0.28563529575402691 0.10510520833479053 0.014580555865379102 0.017108369506884737 0.0076996550064011788 -0.010288117535000658 0.10704518252340946 0.12168390892603483 -0.10358095158220987 -0.057184740216277244 0.087186604485563923 -0.045460880766679354 -0.01324818713079998 -0.15844542552473395 0.066582700148322488 -0.03050709823524712 -0.015283091642944748 0.13797179086488856 -0.001476552114590902 0.0091544000503086687
leaf_weight=67.838177766796434 654.28765016846592 1895.8033964236201 23.550099132036848 2073.0092689616686 56.981266924878582 110.91320474107124 960.8735297149542 6.2813246902078408 15.10854810638193 10.556565097533165 5.3393841888755551 35.651780931209942 226.78168795786041 868.12065212176822 20.800297381352721 1040.9407867643386 23.739362898908439 3.1926414251793167 29.883806120513327 14.151144989082239 31.124483400206373 120.52068803040311 310.81831133101514 15.7240059152864 9.1734803509898466 12.753376129141541 13.499111223034559 2.7047258131206036 8903.9696053130865 1405.9884145600699
leaf_count=2029420 151339 51917 15722 52940 36629 5831 7489 100 118 162 14 5265 4674 8515 2888 23868 6034 32 248 9222 4146 1054 1901 128 34 292 4379 4 309016 8288
internal_value=0.00274401 0.000829026 0.00105516 0.00393315 0.00104209 0.00492348 -0.0070681 -0.00508005 -0.0189554 0.0569526 0.120876 0.0141386 -0.00150876 0.0204083 0.0699739 -0.000650939 0.032968 -0.026775 -0.0789049 0.0522193 0.0286546 -0.0229663 -0.0256335 -0.0497355 -0.037087 -0.104128 0.0565329 0.00417874 -0.000967955 -2.60419e-05
internal_weight=18970.1 18315.8 18248 6790.99 4717.98 3191.15 1526.84 1469.85 508.98 24.882 14.3254 1295.34 370.771 924.573 56.4521 11457 106.064 143.99 33.0764 82.5141 58.7747 484.098 468.99 158.172 129.694 28.4774 44.6236 8.98605 11350.9 10310
internal_count=2741669 2590330 560910 180235 127295 79370 47925 11296 3807 280 118 27453 10785 16668 8153 380675 39503 6111 280 23781 17747 3527 3409 1508 1088 420 8525 104 341172 317304
is_linear=0
shrinkage=0.06


Tree=133
num_leaves=31
num_cat=0
split_feature=0 0 6 14 6 0 17 17 17 2 2 2 10 10 0 14 8 7 5 2 4 9 0 7 2 2 14 6 1 6
split_gain=509.404 75.1788 25.3463 40.5019 31.4398 31.0169 21.2885 39.4982 34.5338 31.2431 26.5045 37.0161 22.7044 26.2746 21.5815 35.4716 26.0961 42.25 36.356 35.1401 34.4163 33.5803 32.5108 63.5391 33.6427 27.2738 25.2316 24.6656 24.5816 21.762
threshold=0.99944254755973827 0.00014382728113560009 0.080883663147687926 7.5000000000000009 0.036448605358600623 0.0089481566101312655 28.919860839843754 27.681992530822757 26.846846580505375 -0.25812765955924982 -0.99684157967567433 -0.9972475767135619 0.37797619402408605 0.31698563694953924 0.99218881130218517 20.500000000000004 99.425289154052749 0.0068542195949703464 0.31739783287048345 -0.94335177540779103 -0.066907644271850572 55.77577209472657 0.34205599129199987 1.1391819119453432 -0.97785523533821095 -0.37693089246749872 10.500000000000002 3.9387391805648808 5.5000000000000009 5.8953206539154062
decision_type=2 2 2 2 2 2 2 2 2 2 2 2 2 2 2 2 2 2 2 2 2 2 2 2 2 2 2 2 2 2
left_child=1 -1 3 4 5 -3 7 8 12 -10 11 -9 13 -4 16 -16 -8 19 20 26 21 -19 23 -20 -25 -24 27 -18 -17 -29
right_child=-2 2 6 -5 -6 -7 14 10 9 -11 -12 -13 -14 -15 15 28 17 18 22 -21 -22 -23 25 24 -26 -27 -28 29 -30 -31
leaf_value=-0.055832157097687553 0.055667192643678816 -0.062500939383394516 0.0047235270963898015 -0.0305343606814346 -0.069193904651685692 0.025964575973013285 -0.00087447019035275637 0.04773599828922357 -0.12300698628836039 0.022994518852191771 0.029928607794177088 0.25487504688299795 0.0096055173535907409 -0.084409357822497671 0.026833788999165817 0.0021775414344703376 0.030268649418854522 -0.068650921955286479 -0.03119315962444922 0.038843988109497428 -0.078327663723978092 0.08928315063304719 -0.022090185530164497 0.26642184546767894 0.079050337386546474 0.0050034209426822567 -0.082909546269825454 -0.089707249664040326 -0.05910196455954226 0.041672734787170672
leaf_weight=84.273569859742565 619.15500791717204 14.974610520152053 28.102296154409487 231.06707283674768 16.02482070944825 135.73921195694857 13999.499593273951 10.883071228781771 13.127446368034727 7.9839508659788399 120.22269096230593 3.7404808726496404 695.61140095415976 19.532144479502676 281.93091806731536 203.27017381606856 47.988671595405322 7.5723038981377639 17.442204204711743 224.74845416410244 36.080197294082609 10.250158024180562 143.25638597318903 3.6107357711116519 21.154347446787142 1838.9783513294533 12.325339207571231 13.151175913430054 25.647201533138286 5.9691073331778162
leaf_count=2103731 151498 5981 4163 3093 1533 738 356847 2329 1431 63 1222 50 13228 3373 18251 11582 1461 686 41288 2531 1990 74 682 3526 780 4661 256 1184 891 568
internal_value=0.00218794 0.00037304 0.000636493 -0.014323 0.00819092 0.0168208 0.000971752 0.00996218 0.00465728 -0.069249 0.0397766 0.113641 0.00684676 -0.0328088 0.000492632 0.0126249 0.00011356 0.00591706 0.00285452 0.0267641 -0.0453248 0.0220988 0.00415908 0.0556489 0.115649 0.00303521 -0.00747216 0.00739667 -0.00491522 -0.0486594
internal_weight=18893.3 18274.2 18189.9 397.806 166.739 150.714 17792.1 899.203 764.357 21.1114 134.846 14.6236 743.246 47.6344 16892.9 510.848 16382 2382.53 2078.34 304.183 53.9027 17.8225 2024.44 42.2073 24.7651 1982.23 79.4343 67.109 228.917 19.1203
internal_count=2739691 2588193 484462 11345 8252 6719 473117 25859 22258 1494 3601 2379 20764 7536 447258 30724 416534 59687 53687 6000 2750 760 50937 45594 4306 5343 3469 3213 12473 1752
is_linear=0
shrinkage=0.06


Tree=134
num_leaves=31
num_cat=0
split_feature=0 0 5 5 6 17 17 2 7 17 2 10 4 7 2 10 0 1 2 10 10 7 16 6 1 14 16 0 7 2
split_gain=476.039 60.7333 28.8317 32.7341 45.6757 43.2825 33.0288 35.1114 31.006 53.6022 37.0771 36.878 29.7622 36.2544 28.8394 29.1336 30.7073 34.5816 31.6859 28.3486 29.1423 28.0566 35.6464 34.8893 31.721 26.6515 32.6885 44.6085 26.177 25.6944
threshold=0.99944254755973827 0.00010520932846702637 0.0021058855345472698 0.06023716367781163 1.450055778026581 26.846846580505375 15.587044239044191 -0.91912096738815297 5.27071169926785e-05 97.220077514648452 -0.37693089246749872 0.1863425895571709 -0.0014965970767661927 0.0014907147851772609 -0.98880416154861439 0.71825397014617931 0.1069132797420025 3.5000000000000004 -0.83011069893836964 0.62828946113586437 0.10762548446655275 0.0025101304054260258 86.038963317871108 2.5011512041091923 8.5000000000000018 29.500000000000004 56.873315811157234 0.69954499602317821 2.1995301722199659e-05 -0.96970340609550465
decision_type=2 2 2 2 2 2 2 2 2 2 2 2 2 2 2 2 2 2 2 2 2 2 2 2 2 2 2 2 2 2
left_child=1 -1 12 4 5 6 -4 -8 9 10 19 -11 -3 -14 -10 29 17 -17 -18 20 -5 23 -23 25 -24 26 27 -20 -7 -16
right_child=-2 2 3 8 -6 28 7 -9 14 11 -12 -13 13 -15 15 16 18 -19 21 -21 -22 22 24 -25 -26 -27 -28 -29 -30 -31
leaf_value=-0.059026046239500946 0.055416701948935269 0.20723911892749275 -0.091144858405883364 -0.027877371842893659 -0.0035376839123500751 -0.0062474062387956556 0.12899802255072243 -0.019223215136018997 -0.038832982415802852 0.026339902256556792 0.026720417772179334 -0.0026724069622276864 0.020462399816568142 -0.057976603316437975 0.037534319768608382 -0.077102169435355222 -0.085968408008595273 0.062055266047852234 -0.13595861767188222 -0.015720060977494475 0.022212996028440769 -0.013462043986182922 0.020761911761648308 -0.0086336352860082299 0.15787327091022019 -0.010982386622022243 -0.088047859056447797 0.006970462197228698 -0.053466304530398807 0.00083687853974032654
leaf_weight=60.490259346748644 585.55932408440276 1.952045282399921 4.8411081212671006 48.191712088882923 1630.5188553948756 58.405228754505515 13.129231749044269 9.3171604172239277 67.462957354469836 174.54815536364913 631.1910763308988 1552.697729135165 345.98853882416734 21.639454488053161 68.084470556757879 6.8456328156353257 19.202254094539967 37.113578381628031 8.7796717211604101 162.30692263692617 281.7161311917007 172.47004673704214 135.41269332490629 490.69993248794344 5.3999706506729117 71.619684414879885 58.86500445852289 39.634087855403777 154.73940623536328 11934.186963632668
leaf_count=2030241 151472 2033 91 113 41385 197 103 170 305361 1990 8946 9807 58848 15511 11518 135 271 734 38 345 443 2153 1099 4911 3 627 1160 475 4436 88266
internal_value=0.00221154 0.000503119 0.000704127 0.00035997 -0.00714645 -0.0315037 0.038601 0.0692778 0.00123997 0.00691026 0.0171058 0.000272999 0.0172687 0.0157005 7.12332e-06 0.000210897 -0.00938766 0.0391518 -0.0115539 0.00474731 0.0148338 -0.0100142 0.00479604 -0.0169402 0.0270961 -0.0395496 -0.0583436 -0.0211761 -0.0406171 0.00104816
internal_weight=18853 18267.4 18207 17837.4 1870.95 240.432 27.2875 22.4464 15966.4 2850.65 1123.41 1727.25 369.58 367.628 13115.8 13048.3 1046.04 43.9592 1002.08 492.215 329.908 982.881 313.283 669.598 140.813 178.898 107.279 48.4138 213.145 12002.3
internal_count=2742882 2591410 561169 484777 46382 4997 364 273 438395 21644 9847 11797 76392 74359 416751 111390 11606 869 10737 901 556 10466 3255 7211 1102 2300 1673 513 4633 99784
is_linear=0
shrinkage=0.06


Tree=135
num_leaves=31
num_cat=0
split_feature=5 4 1 6 6 2 9 2 6 6 10 6 8 7 1 6 5 5 6 3 4 10 7 9 16 8 5 8 6 6
split_gain=351.29 160.187 28.9294 24.8369 56.9205 27.1964 30.2571 25.505 38.9675 32.3396 27.7296 38.3578 48.4402 26.9427 26.8259 26.0663 22.8871 22.3286 26.9173 22.231 22.3067 21.3523 38.8766 23.6835 19.8126 19.1567 19.0448 31.6034 18.6652 70.1675
threshold=0.99865004420280468 -1.0000000180025095e-35 21.500000000000004 0.97775015234947216 0.9990660846233369 -0.74151420593261708 56.019323348999031 -0.071540091186761842 4.9822118282318124 5.0113520622253427 0.39009661972522741 5.0002934932708749 64.051280975341811 2.4993221813929271e-05 5.5000000000000009 1.0004107356071474 0.98173660039901745 0.99970462918281566 0.0030240638880059127 5.5000000000000009 -0.95015516877174366 0.62828946113586437 0.94700521230697643 72.240142822265639 46.737588882446296 68.108486175537124 0.085427075624465956 15.535444736480715 4.1871047019958505 3.9999670982360844
decision_type=2 2 2 2 2 2 2 2 2 2 2 2 2 2 2 2 2 2 2 2 2 2 2 2 2 2 2 2 2 2
left_child=2 -2 3 19 5 6 -5 15 13 10 -10 -12 -13 -9 -14 -6 -16 18 -3 20 -1 22 23 -15 -8 -24 27 -22 29 -17
right_child=1 17 -4 4 7 -7 24 8 9 -11 11 12 14 21 16 28 -18 -19 -20 -21 26 -23 25 -25 -26 -27 -28 -29 -30 -31
leaf_value=0.13605273914351865 -0.063442863652001094 -0.19698659681866354 -0.058092029511617703 -0.037610973308642486 -0.03531463748655863 0.017213782968718082 -0.020572094004728873 0.02409874559584204 -0.0051331495147445881 -0.0013056314169830538 -0.026055887999565409 0.0021909450334520811 0.036294548893744179 0.038591860495863189 -0.28851714189940242 2.6430021464438746e-05 -0.10489119972206988 0.057521158374568969 0.033326785312284765 -0.068903796530405043 0.077371022514785406 -0.0041400755268969766 -0.081656871093755634 0.013852977690700199 0.10707374447806303 0.0029643343288943791 -0.0047948645419746902 -0.039550675445042642 0.0029459622211700206 -0.017244681466642695
leaf_weight=2.8639960589007378 45.965337022933454 0.86766438090307829 29.320916817410762 6.8348321064459006 75.635153737077417 68.465348753923536 4.5872345467305413 356.82159075875825 56.61439193924889 710.9229506328702 37.786088819091674 7.1738906388636705 1.4550311630591721 184.38370001304429 6.5253924354910851 7984.4855267473158 6.2596515065524727 503.67318052533665 147.28582458620076 21.055583865438166 8.0870651280292787 532.84915457747411 8.7184985135681909 570.22366075817263 38.968486228595793 1075.2969828258501 711.67624132399033 108.61829972100895 4463.2521499942213 946.30334230123663
leaf_count=3214 1236505 152 798167 1587 2900 413 351 7339 366 5434 561 110 37 2615 58 283141 125 137722 27173 9216 120 8717 42 8347 320 2053 5067 16329 139686 43859
internal_value=0.00208399 0.0438238 0.000465808 0.000564439 0.00106166 0.0422651 0.0753049 0.00077154 0.00529121 -0.00611489 -0.0353725 -0.0637254 -0.126067 0.00874851 -0.186585 -0.000421635 -0.212743 0.0514736 0.0306663 -0.00942644 -0.00783889 0.00642966 0.00949345 0.0199408 0.0934703 0.00220911 -0.00849981 -0.0308601 -0.000221975 -0.00180534
internal_weight=18723 697.792 18025.2 17995.9 17143.6 118.856 50.3906 17024.7 3555.03 826.737 115.814 59.2001 21.414 2728.29 14.2401 13469.7 12.785 651.827 148.153 852.301 831.246 2371.47 1838.62 754.607 43.5557 1084.02 828.382 116.705 13394 8930.79
internal_count=2741726 1401552 1340174 542007 508061 2671 2258 505390 35804 6691 1257 891 330 29113 220 469586 183 165047 27325 33946 24730 21774 13057 10962 671 2095 21516 16449 466686 327000
is_linear=0
shrinkage=0.06


Tree=136
num_leaves=31
num_cat=0
split_feature=0 0 6 5 7 6 9 4 7 10 7 14 14 7 5 8 9 17 6 7 7 13 0 14 14 6 3 4 3 6
split_gain=428.69 53.7518 22.5521 25.4215 30.7229 27.955 24.359 23.8697 22.6011 22.5121 23.0716 21.235 29.8139 49.3623 40.9382 47.2126 39.9168 36.8308 34.4993 32.3641 25.3651 40.1348 22.5818 20.9055 30.066 38.6026 46.7062 40.8077 34.9698 33.087
threshold=0.99944254755973827 0.00010520932846702637 0.080883663147687926 0.98860448598861705 0.99930936098098766 1.8956952691078188 82.626663208007827 -0.001726467511616647 2.4993221813929271e-05 0.62828946113586437 0.99547848105430614 7.5000000000000009 24.500000000000004 0.0003131125849904493 0.6510990858078004 86.70682525634767 76.220237731933608 69.666328430175795 1.0000000180025095e-35 0.00036341324448585516 0.0027778000803664331 1.0000000180025095e-35 0.0089481566101312655 2.5000000000000004 5.5000000000000009 2.9991497993469243 24.500000000000004 -0.54152429103851307 15.500000000000002 3.0648717880249028
decision_type=2 2 2 2 2 2 2 2 2 2 2 2 2 2 2 2 2 2 2 2 2 2 2 2 2 2 2 2 2 2
left_child=1 -1 11 23 8 6 -6 -7 -5 -10 -11 22 16 18 15 -15 -13 -18 -14 -17 21 -16 -3 -4 -25 26 28 -28 -26 -27
right_child=-2 2 3 4 5 7 -8 -9 9 10 -12 12 13 14 20 19 17 -19 -20 -21 -22 -23 -24 24 25 29 27 -29 -30 -31
leaf_value=-0.058915123573518066 0.055116827939894676 -0.062152051037073448 -0.0062703089314754901 0.036642719338611886 -0.066932798918176523 -0.078777678173486271 0.098963627569006771 0.012984366770563319 0.023384608273552002 -0.0050747251304484138 0.070657452506683524 -0.0086683480051833548 0.13008459020022284 0.18775644916103768 -0.10476368962966996 0.15740854246375649 0.010284431905314615 -0.095749965454532418 -0.055787060430759206 -0.062839275616917531 0.062513271286810321 0.086983523285231013 0.011232259889580119 0.0056601458106039972 0.0036893750048195284 -0.013614716459778867 -0.056677175787979622 0.10832462412236794 -0.088353026984241648 -0.001672049654385906
leaf_weight=54.222607263534883 525.40778501797467 15.937502162869349 1620.1873957458847 139.57749872747627 3.8896376941484041 32.26071467807742 8.788401524847357 14.356450399627645 237.28384984015611 287.68500155967922 14.24682958451376 63.216021360422019 2.9535223515704265 10.517956247553231 12.23032523784787 2.468491852283476 14.605459898946718 56.51716045993453 45.749525137303863 6.8157580844126642 11.242429913567319 4.7188322208821765 137.99305916508456 3633.9113753188649 4273.6925920867288 959.51522999229201 6.1073620387178407 25.392409452862921 13.913241518112043 6401.1744969327119
leaf_count=2029433 151786 9169 47091 8627 24082 250707 2213 151 27078 14062 223 1940 6 62 85 4 92 554 350 80 31 12 945 81274 28651 7891 355 263 457 55186
internal_value=0.00174156 0.00019018 0.000370918 0.00068424 0.0115767 -0.0295113 0.046894 -0.050839 0.0152041 0.00959705 -0.00127981 -0.0139767 -0.0254403 3.8775e-06 0.0427423 0.106595 -0.0436196 -0.0741345 -0.0421247 0.00533181 -0.00422379 -0.0495073 0.00328215 0.000208819 0.000894674 -0.000588355 0.00391413 0.0755735 0.00337017 -0.00323049
internal_weight=18636.6 18111.2 18056.9 17672 738.088 59.2952 12.678 46.6172 678.793 539.216 301.932 384.966 231.035 96.6968 47.9938 19.8022 134.339 71.1226 48.703 9.28425 28.1916 16.9492 153.931 16933.9 15313.7 11679.8 4319.11 31.4998 4287.61 7360.69
internal_count=2742860 2591074 561641 548311 327143 277153 26295 250858 49990 41363 14285 13330 3216 630 274 146 2586 646 356 84 128 97 10114 221168 174077 92803 29726 618 29108 63077
is_linear=0
shrinkage=0.06


Tree=137
num_leaves=31
num_cat=0
split_feature=5 3 14 3 4 17 17 8 7 5 10 17 4 9 7 10 5 17 16 4 8 7 5 2 14 16 6 9 6 6
split_gain=312.747 144.206 28.8852 29.6887 32.1632 46.7448 43.2137 41.3411 34.6678 34.8039 40.6019 30.8572 31.289 28.7871 35.608 34.4495 28.5721 31.4357 30.9584 30.7225 28.4157 39.6069 35.1458 47.356 64.3458 40.5873 35.2108 63.9571 39.5204 55.6736
threshold=0.99917250871658336 1.5000000000000002 2.5000000000000004 4.5000000000000009 -2.3278696971829046e-05 53.45238113403321 27.681992530822757 88.273490905761733 0.72611209750175487 0.87587347626686107 0.65942031145095836 84.924243927001967 -0.12251034751534461 47.466186523437507 0.94700521230697643 0.084523811936378493 0.94936829805374157 99.206348419189467 55.086206436157234 -0.46498078107833857 50.242717742919929 0.00044121385144535458 0.03108292538672686 -0.83011069893836964 3.5000000000000004 38.196554183959968 5.6526088714599618 87.112743377685561 4.7779271602630624 4.7359700202941903
decision_type=2 2 2 2 2 2 2 2 2 2 2 2 2 2 2 2 2 2 2 2 2 2 2 2 2 2 2 2 2 2
left_child=2 -2 3 4 5 6 -1 13 9 10 -6 -9 -13 14 -7 -15 18 -18 -16 -20 21 -4 -23 26 -25 -26 28 -28 29 -24
right_child=1 -3 20 -5 8 7 -8 11 -10 -11 -12 12 -14 15 16 -17 17 -19 19 -21 -22 22 23 24 25 -27 27 -29 -30 -31
leaf_value=-0.030942632350174179 0.05373254851235381 -0.065063323200109366 0.014602549186546259 -0.050852551926588586 -0.0051431986463526683 -0.045648477856625361 0.075788190263300609 0.1687471590199266 -0.043459357927910697 0.023251812919709177 -0.036731713795933978 -0.10115761747837659 0.041218055019244824 0.11216999495617448 0.10947838311213451 -0.059159231114701061 -0.081587010492235462 0.0064130323876890527 -0.067024354454139456 0.018369794532980498 0.00043506779358183168 -0.034443658245939264 0.020531801147904032 -0.044320198407959185 0.023365791555696732 -0.022224606413027044 -0.060767439475259609 0.16240260209717075 -0.071111356126012687 0.21978339319363277
leaf_weight=17.196689639249598 533.67263166239536 38.673734052239524 1243.9465511133731 52.735842551846872 747.01492585366395 91.131622385653827 57.570213985929513 5.256939568098459 105.14479217585176 117.01055132062174 181.35500200699607 5.1844330819676534 57.713308647616941 12.758037681036514 10.450815261794558 5.3522685348489167 26.668325439994078 30.687854471820174 16.699983746200814 105.24783166125417 14479.475296501669 108.12244989851024 145.03038676337928 125.90089517489469 190.17687282924817 110.23411374062562 5.8921915000610197 14.951380198957848 15.203249305583084 4.2496070284851148
leaf_count=13265 158310 1189719 227046 211323 83155 32026 46882 97 283 1395 1466 456 207 1305 161 3999 11424 2254 750 198 479786 141660 90800 6692 843 1793 16177 449 17649 432
internal_value=0.00197821 0.045606 0.000595306 -0.00698236 -0.00549854 0.00824715 0.0511553 -0.000605895 -0.0107809 -0.00745565 -0.0113468 0.0412161 0.0280831 -0.0102446 -0.0150443 0.0610897 -0.000184127 -0.0352004 0.0151354 0.00622558 0.00135385 0.00812484 -0.00307515 0.00251718 -0.00849358 0.00661842 0.0277552 0.0994217 0.0181276 0.0276287
internal_weight=18660.7 572.346 18088.4 1645.18 1592.44 441.918 74.7669 367.151 1150.53 1045.38 928.37 68.1547 62.8977 298.997 280.886 18.1103 189.755 57.3562 132.399 121.948 16443.2 1963.71 719.761 611.639 426.312 300.411 185.327 20.8436 164.483 149.28
internal_count=2742002 1348029 1393973 410646 199323 113024 60147 52877 86299 86016 84621 760 663 52117 46813 5304 14787 13678 1109 948 983327 503541 276495 134835 9328 2636 125507 16626 108881 91232
is_linear=0
shrinkage=0.06


Tree=138
num_leaves=31
num_cat=0
split_feature=0 4 8 14 6 6 0 8 5 10 7 14 0 14 7 10 10 2 5 2 11 14 7 6 6 8 6 6 2 6
split_gain=365.789 50.8426 42.3784 54.2482 33.0634 43.024 23.103 21.6536 21.4935 22.1312 23.8868 22.9801 21.1303 24.5057 20.9422 34.0414 21.6499 20.4713 29.0748 29.396 39.0636 28.6754 24.7769 20.2514 22.2164 35.0221 29.5756 28.4288 25.6786 21.3982
threshold=0.99944254755973827 -0.61291360855102528 81.120250701904311 3.5000000000000004 3.5028904676437382 4.2222459316253671 0.00010520932846702637 84.028984069824233 0.99641242623329174 0.11269841343164445 1.000100910663605 27.500000000000004 0.00090632398496381949 7.5000000000000009 1.3754158020019533 0.061553031206130988 0.36602871119976049 -0.99861815571784962 0.0011921658297069373 -0.99846965074539173 1.0000000180025095e-35 5.5000000000000009 7.8532375482609512e-06 5.4877259731292733 2.9824775457382207 66.996700286865249 1.8956952691078188 1.0630096793174746 -0.99901691079139698 5.0657584667205819
decision_type=2 2 2 2 2 2 2 2 2 2 2 2 2 2 2 2 2 2 2 2 2 2 2 2 2 2 2 2 2 2
left_child=1 2 -1 4 -4 -6 -3 -5 12 -10 11 -11 13 14 15 -8 23 22 19 20 -19 -21 -14 24 26 28 27 -17 29 -26
right_child=-2 6 3 7 5 -7 8 -9 9 10 -12 -13 17 -15 -16 16 -18 18 -20 21 -22 -23 -24 -25 25 -27 -28 -29 -30 -31
leaf_value=-0.050795637608699186 0.054304605973641229 -0.057512444492810816 0.0071168084735281903 0.032693540022723802 0.18996728453861864 -0.047254757530157274 -0.056846424209798276 -0.05140007916825011 0.16870750714727503 0.02957488286345019 -0.052650773194418535 -0.0068399740930639823 0.016783887055791646 -0.056326824403809976 0.18015306813804174 -0.018505331485101806 -0.0094926900848675728 -0.028718855168627443 0.00081190451611935842 -0.058244064006259817 0.44592030287418755 0.088237676753552721 -0.059952830519309892 -0.052474325224007551 0.049525846285961357 -0.052941718196759469 -0.057211746087303166 0.10441783400955101 0.16069695735796538 0.16821810824316613
leaf_weight=123.67354406142294 471.75964537891559 23.10407550119271 14.943201886319004 14.0690304220534 10.339593693250206 3.1801394703707038 16.102436471330293 41.851883300338159 2.4197449290950308 212.28014745419205 16.817889657439082 87.721744662354467 22.994321247562766 12.820589978633505 2.1738102511881143 11.847460755954673 34.286893725926348 0.8469583867117787 17477.988810053386 6.2286790632642832 0.57453434355556965 14.140629218891261 41.428514012368396 6.5892711549167862 53.251049314894765 7.0803397648196542 13.33391964468319 14.045940540876471 11.59045041896025 5.4271742153214282
leaf_count=1299626 151975 853575 32328 19310 10336 18770 20285 129882 201 18899 2732 6245 239 11505 45 5325 16464 48 86375 241 11 99 5840 8076 21146 7502 11646 2020 770 1306
internal_value=0.00219604 0.000850057 -0.0285697 0.00421807 0.0702607 0.134756 0.00118989 -0.0300405 0.00126811 0.0166741 0.0149857 0.0189397 0.00099015 0.0209159 0.0268381 0.0238967 0.0324608 0.000775072 0.000900262 0.0686251 0.268047 0.0428159 -0.0327254 0.0441222 0.049982 0.068456 0.0127587 0.0495779 0.0812593 0.0631385
internal_weight=18774.9 18303.2 208.057 84.3838 28.4629 13.5197 18095.1 55.9209 18072 319.24 316.82 300.002 17752.8 188.549 175.729 173.555 157.452 17564.2 17499.8 21.7908 1.42149 20.3693 64.4228 123.166 116.576 77.349 39.2273 25.8934 70.2687 58.6782
internal_count=2742822 2590847 1510252 210626 61434 29106 1080595 149192 227020 28077 27876 25144 198943 106090 94585 94540 74255 92853 86774 399 59 340 6079 57791 49715 30724 18991 7345 23222 22452
is_linear=0
shrinkage=0.06


Tree=139
num_leaves=31
num_cat=0
split_feature=0 6 0 13 6 10 2 6 3 4 5 10 7 14 17 1 6 6 16 17 10 5 16 7 5 14 7 5 7 5
split_gain=360.243 51.2178 45.2577 31.1459 23.4076 27.4862 20.2285 31.9299 27.0475 31.2017 35.3754 25.2437 36.7971 35.9287 22.2897 38.4211 34.0093 41.0884 26.9357 42.6499 25.4665 21.7353 25.27 21.9581 20.4902 20.4541 40.9956 38.4643 50.5916 28.2043
threshold=0.99944254755973827 0.080883663147687926 0.00010520932846702637 1.0000000180025095e-35 0.0017476914799772205 0.43167701363563543 -0.071540091186761842 6.9994382858276376 5.5000000000000009 -0.22878473997116086 0.97129335999488842 0.5847701132297517 0.94700521230697643 18.500000000000004 54.72370910644532 5.5000000000000009 5.0427784919738778 4.9902315139770517 69.309261322021499 95.119049072265639 0.73508772253990184 0.99522051215171825 46.291208267211921 5.6804234191076837e-05 0.83325815200805675 35.500000000000007 0.0030950487125664954 0.0095248124562203901 0.00011416065899538809 0.004444266203790904
decision_type=2 2 2 2 2 2 2 2 2 2 2 2 2 2 2 2 2 2 2 2 2 2 2 2 2 2 2 2 2 2
left_child=1 3 -3 4 5 -1 25 8 9 10 -8 12 13 24 -13 21 17 -17 -19 20 -20 22 23 -16 -11 -4 27 28 -27 -30
right_child=-2 2 6 -5 -6 -7 7 -9 -10 11 -12 14 -14 -15 15 16 -18 18 19 -21 -22 -23 -24 -25 -26 26 -28 -29 29 -31
leaf_value=0.023965972163995011 0.054649596884135024 -0.058702755152412835 -0.00093686417233289972 0.018846852164876648 -0.041512834742563641 -0.034430088632743841 -0.04788179773065053 -0.023357949606112215 -0.055129920422721898 -0.015293403934293522 0.21267041484626656 0.014538537874646224 0.0027372278855592076 0.0014523624514242467 -0.015468646642999691 0.01515264147958892 -0.013718220897565065 -0.0027883241182036903 -0.46477655454137945 -0.11051404902146986 -0.03621012597582348 0.016244320279171037 -0.0056389781878669141 -0.21234757629978238 0.026645423136331146 -0.052390527489305977 0.037801138545086009 0.0010216068282208107 -0.036475837294522757 0.23070732311992642
leaf_weight=52.993366029237222 446.26716107540415 45.20146897322411 12864.240782366545 56.659133437140554 200.74836080575551 61.804123348047142 2.4010624277871093 141.16302847341285 25.219509578706493 43.831666388980011 4.3778112017735111 237.61566024937201 1476.3642539471912 363.09212355822092 4.5118404047098002 10.62834415771067 66.89541942049982 5.5781835182569948 1.3565283648204087 19.902982266037725 0.86391670769080509 187.47375847952208 585.83663666527718 2.9994719999376684 739.86260723252781 4.4671771612483999 142.62120494054398 747.39042108692229 1.4402687107212822 6.6889479989185929
leaf_count=18553 151748 1959149 493272 8417 56237 506 94 1277 399 320 606 3991 3102 7079 57 46 994 121 56 281 43 14354 5772 55 13492 110 292 2020 74 79
internal_value=0.0014552 0.000141019 0.000603957 -0.0218561 -0.0292011 -0.00749885 0.000758835 0.00456087 0.00560972 0.00603239 0.126092 0.00578159 0.00900392 0.0170622 -0.00174214 -0.00611968 -0.0399751 -0.0842861 -0.121637 -0.150186 -0.361053 -0.00151194 -0.00714009 -0.1098 0.0242833 -0.00032401 0.00840194 0.00284239 0.102855 0.18456
internal_weight=18550.5 18104.2 17732 372.205 315.546 114.797 17686.8 3919.97 3778.81 3753.59 6.77887 3746.81 2623.15 1146.79 1123.66 886.047 105.225 38.33 27.7016 22.1234 2.22045 780.822 593.348 7.51131 783.694 13766.8 902.608 759.987 12.5964 8.12922
internal_count=2742596 2590848 2507135 83713 75296 19059 547986 52139 50862 50463 700 49763 23993 20891 25770 21779 1541 547 501 380 99 20238 5884 112 13812 495847 2575 2283 263 153
is_linear=0
shrinkage=0.06


Tree=140
num_leaves=31
num_cat=0
split_feature=0 0 3 0 6 14 4 10 14 2 8 10 10 10 8 1 6 6 6 6 5 10 6 6 6 6 6 6 0 6
split_gain=331.529 44.635 20.2331 54.8745 23.1503 19.0758 29.1437 32.8488 34.6049 52.154 49.426 53.2466 48.3777 47.6726 43.848 39.2023 37.4344 64.7973 61.7453 44.8206 64.3787 74.8159 38.3414 81.5926 72.1116 119.725 93.6892 52.9863 114.751 48.4306
threshold=0.99944254755973827 0.00010520932846702637 29.500000000000004 0.016710898838937286 2.8014169931411748 6.5000000000000009 -0.014686733018606899 0.18350168317556384 14.500000000000002 -0.1708688139915466 70.396453857421889 0.4629120826721192 0.54006412625312816 0.37268517911434179 58.898942947387702 5.5000000000000009 3.0337734222412114 3.9160612821578984 2.9991497993469243 2.0250639915466313 0.0095248124562203901 0.71008405089378368 4.093024969100953 3.9994803667068486 4.9550335407257089 5.0281038284301767 4.999772548675538 5.7932796478271493 0.03805800527334214 4.0041313171386728
decision_type=2 2 2 2 2 2 2 2 2 2 2 2 2 2 2 2 2 2 2 2 2 2 2 2 2 2 2 2 2 2
left_child=1 -1 5 4 -4 -3 -7 -8 9 10 11 -9 -11 15 -13 -10 18 -18 19 -15 21 -21 23 -19 -24 26 -26 28 -27 -25
right_child=-2 2 3 -5 -6 6 7 8 13 12 -12 14 -14 16 -16 -17 17 22 -20 20 -22 -23 24 29 25 27 -28 -29 -30 -31
leaf_value=-0.058678179978636322 0.054486898382676265 0.0035915016116116649 0.16192827033265983 -0.056954399663974475 -0.042327270474833617 -0.0090618561721538746 0.0058540884809466899 0.022222809520962891 -0.011287091519928604 0.015976754083429738 -0.029689358352338473 -0.011048304013096791 -0.013150425259173317 -0.006135819081665027 -0.097215933071645985 -0.063959355457118866 0.0254862449631841 0.010398632413319222 -0.026325202787087856 -0.049738805740366134 0.010094385936440617 0.28611553803513839 0.027448204668129486 -0.058243270089152137 -0.0063745013152820542 0.23181216580160502 -0.080580339494585693 -0.00033864548911142925 0.024833283660372043 -0.0094337006022521385
leaf_weight=44.345964290365373 422.35854580395971 6655.1897056626585 5.6556165703550487 51.145822403486818 2.3543934621338849 1257.8282143113647 3024.0952845054562 172.12925776825432 272.28497704782058 420.52038707950851 569.81801967854699 108.92035034702712 399.17642162856646 1286.565438787482 25.519336164463311 61.746405645797495 547.33237186068436 326.98473558109254 353.78277063946007 3.3913966978434456 778.12466593791032 5.4123760657384992 453.86267976395902 141.55411818431458 148.27072556316853 9.0775295849889499 103.59310133545659 522.6424051016802 237.36996113500209 151.34194301324897
leaf_count=2029343 151707 362866 1250 689 3039 119515 22056 1533 2578 4596 1926 362 7565 8464 110 435 3243 2161 2700 77 4833 27 2537 1115 1043 78 916 3248 1294 1137
internal_value=0.0020003 0.000775304 0.000924238 -0.0338152 0.103857 0.00104004 -0.000452094 0.000618443 -0.00161226 -0.00908635 -0.019253 0.000178441 0.00179364 0.000735068 -0.0280017 -0.0211855 0.00218337 0.00712414 -0.00319525 0.000762005 0.0120329 0.164861 0.00231636 -0.0101942 0.00757802 -0.00127344 -0.0370938 0.01049 0.033363 -0.0331409
internal_weight=18562.4 18140 18095.7 59.1558 8.01001 18036.5 11381.3 10123.5 7099.42 1696.08 876.387 306.569 819.697 5403.34 134.44 334.031 5069.31 2642.03 2427.28 2073.49 786.928 8.80377 2094.7 619.881 1474.82 1020.95 251.864 769.09 246.447 292.896
internal_count=2742443 2590736 561393 4978 4289 556415 193549 74034 51978 16092 3931 2005 12161 35886 472 3013 32873 16772 16101 13401 4937 104 13529 4413 9116 6579 1959 4620 1372 2252
is_linear=0
shrinkage=0.06


Tree=141
num_leaves=31
num_cat=0
split_feature=0 0 7 10 14 2 8 4 17 17 2 4 7 3 14 14 8 8 10 9 8 2 1 8 8 9 5 5 8 10
split_gain=306.939 41.649 27.9983 52.0253 61.9824 48.3991 36.5529 35.4536 120.915 48.4212 35.2359 34.2857 33.8277 37.1544 36.3105 34.8359 33.5847 33.5551 35.8043 33.4964 30.2933 32.4361 30.76 28.9461 39.6305 31.4437 32.633 33.7402 32.8312 65.6978
threshold=0.9996677339076997 0.00010520932846702637 0.14056493341922763 0.084523811936378493 2.5000000000000004 -0.97785523533821095 62.192192077636726 -0.066907644271850572 88.303691864013686 86.811592102050795 -0.64716216921806324 -0.008631088770925997 0.8590485453605653 2.5000000000000004 4.5000000000000009 10.500000000000002 80.229885101318374 73.879596710205092 0.65942031145095836 79.422195434570327 78.319625854492202 -0.25812765955924982 3.5000000000000004 58.578638076782234 59.549139022827156 98.192703247070327 0.007256704382598401 0.00084816961316391837 85.215545654296889 0.19292803853750232
decision_type=2 2 2 2 2 2 2 2 2 2 2 2 2 2 2 2 2 2 2 2 2 2 2 2 2 2 2 2 2 2
left_child=1 -1 3 4 -3 -4 -6 12 9 -9 17 -8 15 19 16 -7 20 -10 -19 -14 21 -15 -23 -5 -25 26 27 -26 -29 -30
right_child=-2 2 5 23 6 7 11 8 10 -11 -12 -13 13 14 -16 -17 -18 18 -20 -21 -22 22 -24 24 25 -27 -28 28 29 -31
leaf_value=-0.058599527859577748 0.055646351854785371 -0.00398399489238223 -0.050742276038923506 0.0063906815631580762 -0.023167265308872111 0.029861845805539938 -0.062541175058284076 -0.038637037110584874 0.025411903398094824 -0.1673363455115828 -0.0015248435777246217 0.033290322426229098 -0.024940531376263321 -0.0022790439691499614 -0.0010292644434381109 -0.034909532384047259 0.040872862128385382 -0.074193911695859288 0.065363166055511276 0.021570992733094357 -0.080433552007397491 -0.074056794727931766 0.10268700504027756 -0.055891673273199723 0.044959518726725087 -0.020671071251843271 0.00099756911269610138 -0.042130414299075304 -0.068559133623805307 0.073509746024309666
leaf_weight=41.804049664169725 369.95966154168127 372.19664837358869 73.568291175764898 2818.6866796886607 47.776244927757944 281.53317500151024 12.875735628578694 254.98020494587945 21.27689103782177 10.102923867234493 3909.3693654178351 567.00758121372201 277.95854253381913 114.57755252747302 657.40279633793762 32.58748906578694 178.70603721149928 61.333993822801858 6.6317092925310126 68.838398231655447 13.379108257962796 3.5214618053123585 19.776375279432614 45.47241913434118 23.579649839804915 263.87174965202576 7828.7450567848646 162.48075922748831 19.054743830980442 27.250806795258541
leaf_count=2028754 140569 10765 310397 71092 6023 2615 4536 1333 49 76 9797 20576 12654 5101 15158 246 2999 315 6 5895 361 928 2482 1789 9643 12008 56353 8127 1450 493
internal_value=0.00161621 0.000515907 0.000655098 0.00230531 0.0154113 -0.00270523 0.0269006 -0.00209897 -0.00498765 -0.0441525 -0.00238087 0.0310585 0.00537181 0.00119475 0.00712904 0.0230529 0.0233374 -0.0394478 -0.0598264 -0.0156726 0.00248695 0.0110546 0.0740238 0.00113289 -0.000638186 -0.000329705 0.000338629 -0.0217712 -0.0294859 0.0148349
internal_weight=18586.3 18216.3 18174.5 12189 999.856 5985.54 627.66 5911.98 4263.7 265.083 3998.61 579.883 1648.28 1334.16 987.363 314.121 329.961 89.2426 67.9657 346.797 151.254 137.875 23.2978 11189.1 8370.46 8324.98 8061.11 232.366 208.786 46.3056
internal_count=2742590 2602021 573267 202855 41900 370412 31135 60015 11576 1409 10167 25112 48439 45578 27029 2861 11871 370 321 18549 8872 8511 3410 160955 89863 88074 76066 19713 10070 1943
is_linear=0
shrinkage=0.06


Tree=142
num_leaves=31
num_cat=0
split_feature=0 0 7 6 16 10 7 10 9 14 1 10 6 4 7 17 7 6 6 2 10 8 8 6 16 13 6 6 1 16
split_gain=288.388 39.4828 31.5771 29.9469 29.8329 31.4875 58.8277 40.2369 56.6627 61.0368 53.1147 41.643 42.5572 46.6999 50.943 69.231 35.2802 34.2018 43.4994 51.9532 33.1468 29.2096 32.7289 31.3356 30.8138 28.7365 32.5618 31.7489 43.0241 27.6312
threshold=0.99944254755973827 0.00010520932846702637 5.27071169926785e-05 1.9944345951080324 87.652439117431655 0.57518798112869274 0.0011997189139947297 0.084523811936378493 97.57275772094728 2.5000000000000004 2.5000000000000004 0.0745370388031006 1.9737861156463625 -0.29934647679328913 0.8009229600429536 74.179893493652358 0.0044254653621464976 2.0018776655197148 4.7779271602630624 -0.74151420593261708 0.32795698940753942 35.926244735717781 35.585998535156257 5.9503896236419687 82.480819702148452 1.0000000180025095e-35 6.9723069667816171 2.0720355510711674 3.5000000000000004 74.179893493652358
decision_type=2 2 2 2 2 2 2 2 2 2 2 2 2 2 2 2 2 2 2 2 2 2 2 2 2 2 2 2 2 2
left_child=1 -1 3 -3 5 6 -4 10 -9 -10 -8 12 -12 14 15 -14 -13 -16 29 -20 -11 22 -7 -24 -23 26 27 -5 -29 -19
right_child=-2 2 4 25 -6 21 7 8 9 20 11 16 13 -15 17 -17 -18 18 19 -21 -22 24 23 -25 -26 -27 -28 28 -30 -31
leaf_value=-0.058517138448039456 0.053410754001721392 0.016689570212246374 0.008679461432563481 -0.016943409171914253 0.0014196395764022143 -0.0038911183078308036 -0.052869417610715445 -0.020342555464907628 0.11744373407435046 -0.10853987594713919 -0.080280158872914523 0.10138632561879275 0.14772168999562088 -0.0025568684615214256 0.11601207203558206 -0.072055824056449169 -0.02489995038925143 -0.070841968179444603 -0.059425355848273048 0.095547768067871755 0.021982378699016841 -0.024084608673489782 0.017445238857188929 0.20044980879004107 0.0094362261407426023 0.015536686621069572 -0.046122830788712682 0.032858526648281018 0.0013803207891323389 0.0077974610220022944
leaf_weight=39.429909089503781 380.6688146511151 728.63016964588314 1290.4970730554633 297.62562864963547 9910.2392997301449 546.39730957453867 60.086502223175557 899.34513405613325 21.635806274516654 7.8747409942043296 20.938589205052267 26.986569812463131 23.975606170613904 634.86278882030456 10.232550760558295 5.8496043430932323 10.657122430349771 25.931209922930066 9.7917486440874182 28.664293526526308 32.277995895847198 694.85009858611193 9.2825076744938979 4.4878812215974895 114.49628355845925 544.89290222522686 52.221987045457354 169.48021876832354 1882.2925469123293 39.507919372155811
leaf_count=2028936 151888 5584 46870 2702 236107 9258 1354 160295 170 227 5716 903 495 8976 1114 621 8739 13738 11134 119 406 11196 164 23 1355 7213 635 3006 15057 8804
internal_value=0.00179576 0.000709936 0.000842155 0.00580646 -0.000422605 -0.00446243 -0.00115822 -0.00798983 -0.0165139 0.0386488 0.00114702 0.00508135 0.00213923 0.0044552 0.0351842 0.103678 0.0659149 0.0165396 0.00573003 0.0555822 -0.00563107 -0.0120539 -0.0015157 0.086621 -0.0193367 0.00311047 0.000285851 0.0013366 0.00399522 -0.0239618
internal_weight=18524.1 18143.4 18104 3675.14 14428.9 4518.63 3149.12 1858.62 961.134 61.7885 897.485 837.398 799.754 778.816 143.953 29.8252 37.6437 114.128 103.895 38.456 40.1527 1369.51 560.168 13.7704 809.346 2946.51 2401.62 2349.4 2051.77 65.4391
internal_count=2742805 2590917 561981 34197 527784 291677 269681 222811 161098 803 61713 60359 50717 45001 36025 1116 9642 34909 33795 11253 633 21996 9445 187 12551 28613 21400 20765 18063 22542
is_linear=0
shrinkage=0.06


Tree=143
num_leaves=31
num_cat=0
split_feature=0 0 5 5 14 16 8 10 15 0 1 17 0 3 3 5 6 10 2 8 3 10 5 10 4 2 10 1 17 1
split_gain=271.069 36.987 19.9631 25.991 24.0449 16.7703 50.9404 67.5776 45.3432 48.9484 40.2816 36.262 36.278 38.0918 34.6193 32.9568 45.1603 32.5463 44.3272 42.4619 32.0699 39.9246 62.6108 46.0445 40.6896 34.7619 32.0041 48.241 31.8187 38.6028
threshold=0.9996677339076997 0.00010520932846702637 0.99522051215171825 0.99967017769813549 26.500000000000004 89.827587127685561 60.107526779174812 0.80476191639900219 1.0000000180025095e-35 0.00090632398496381949 8.5000000000000018 77.485187530517592 0.34205599129199987 2.5000000000000004 2.5000000000000004 0.2359685152769089 1.0035089850425722 0.57518798112869274 -0.97785523533821095 70.064933776855483 20.500000000000004 0.053342817351222045 0.6510990858078004 0.41885964572429663 -0.29934647679328913 -0.83011069893836964 0.37268517911434179 5.5000000000000009 99.206348419189467 7.5000000000000009
decision_type=2 2 2 2 2 2 2 2 2 2 2 2 2 2 2 2 2 2 2 2 2 2 2 2 2 2 2 2 2 2
left_child=1 -1 5 4 -4 6 -3 10 9 -7 11 17 13 28 -14 16 -10 18 19 26 21 22 -11 -23 -24 -22 -8 -28 -13 -30
right_child=-2 2 3 -5 -6 8 7 -9 15 20 -12 12 14 -15 -16 -17 -18 -19 -20 -21 25 23 24 -25 -26 -27 27 -29 29 -31
leaf_value=-0.058430314613556897 0.055151515268031748 0.0033327899889416899 0.02512097741792467 -0.066301725488631419 -0.0056732636830558441 0.096263944042757968 -0.010044216935888509 -0.071922090553188017 -0.054611734811869088 -0.073712136747407647 -0.04188860540609856 -0.03095158117990136 -0.0073194047067454311 -0.070862745090348192 0.021360080456250933 0.0017817174400011221 -0.006016462582669563 -0.024283411440114668 0.016152051831172222 -0.06460209071654649 -0.05323053748392638 0.029791799601612618 -0.057925272146544249 -0.016374177982398569 0.011700374087700981 0.13751835699685752 -0.067037224877197085 0.16488482249694181 -0.0083150070825743858 0.081981104686433479
leaf_weight=37.196933858354896 332.33530704755685 3216.9902315112413 301.04604561925407 13.360258945378517 130.35886624112027 24.695802783830004 98.762685133562627 56.18156016827561 73.156305009077187 40.966315610567108 108.57796174787291 285.15430651036149 1443.2923045112984 50.544255714983592 168.3108878377825 9145.9649701314192 967.64538923204236 118.28199714736547 658.94941164706688 49.395179784871289 3.9754867239098557 418.80666349483363 32.827476536222093 94.778258732520044 282.42052161437459 12.834673806326462 4.2348583899001815 8.4029894437262538 261.84451572906255 17.227235510050377
leaf_count=2029206 140838 99987 84974 231074 11241 3751 6276 434 1725 280 25842 4284 6947 3912 352 49800 24846 787 3755 3250 79 3066 782 1045 860 29 138 172 2069 342
internal_value=0.0015356 0.00054959 0.000674095 0.013214 0.0158242 0.000357265 -0.00205107 -0.00725297 0.00177787 0.0145927 -0.00612128 -0.00488117 -0.00904906 -0.0214378 -0.00431282 0.000630137 -0.00948129 0.00501026 0.00926152 -0.0189016 0.0122119 0.010567 -0.00486197 0.0212569 0.00428986 0.0919517 0.00175659 0.0879523 -0.0168927 -0.00246817
internal_weight=18458.5 18126.2 18089 444.765 431.405 17644.2 6546.15 3329.16 11098.1 911.305 3272.98 3164.4 2226.37 614.77 1611.6 10186.8 1040.8 938.027 819.745 160.796 886.609 869.799 356.214 513.585 315.248 16.8102 111.401 12.6378 564.226 279.072
internal_count=2742143 2601305 572099 327289 96215 244810 158547 58560 86263 9892 58126 32284 17906 10607 7299 76371 26571 14378 13591 9836 6141 6033 1922 4111 1642 108 6586 310 6695 2411
is_linear=0
shrinkage=0.06


Tree=144
num_leaves=31
num_cat=0
split_feature=0 0 6 6 7 14 6 7 4 8 14 7 8 14 8 4 4 2 6 7 2 0 9 10 7 10 9 1 16 16
split_gain=257.842 33.7037 28.9609 25.4746 55.6767 31.9474 32.8772 31.9782 30.492 28.8936 22.1811 20.5173 35.5038 51.997 42.9287 24.1906 28.7447 22.9133 43.3768 20.0667 21.273 19.9466 18.5882 44.9476 35.0259 49.6936 49.1405 45.9677 47.0896 42.7252
threshold=0.9996677339076997 0.00010520932846702637 6.9994382858276376 7.0988714694976816 0.0022871553665027027 20.500000000000004 7.9585366249084482 0.00076210941188037406 -0.02666106820106506 90.521114349365249 27.500000000000004 0.0044254653621464976 92.907444000244155 2.5000000000000004 65.240276336669936 -0.00042207424121443177 -0.048172909766435616 -0.044832766056060784 7.7134242057800302 0.0039138230495154866 -0.95530155301094044 0.99740585684776317 94.053512573242202 0.5847701132297517 0.054103799164295203 0.15894736349582675 80.123455047607436 12.500000000000002 87.068004608154311 20.256410598754886
decision_type=2 2 2 2 2 2 2 2 2 2 2 2 2 2 2 2 2 2 2 2 2 2 2 2 2 2 2 2 2 2
left_child=1 -1 21 4 -4 11 10 -8 -6 -9 -7 19 13 14 -13 16 -14 -17 -19 20 -5 22 24 -24 -3 -26 -27 28 29 -28
right_child=-2 2 3 5 8 6 7 9 -10 -11 -12 12 15 -15 -16 17 -18 18 -20 -21 -22 -23 23 -25 25 26 27 -29 -30 -31
leaf_value=-0.058338416800989619 0.054305390193090705 0.0036361357572686427 -0.096622327911719014 -0.06345755480267383 -0.092522738298433965 0.082161615320566483 -0.12037566971514929 0.050715602417036106 0.014354682942153456 -0.10830574308827758 0.0086344597713666777 0.099787493630044383 -0.070117325504490388 -0.05971109842203684 -0.049336813087043942 -0.0063898786153919005 0.040150672784764835 0.019567694516610907 -0.1713601530781933 0.12482667232813902 0.011176427410138766 0.018412084946752314 0.012206550422629154 -0.006396878454667904 -0.00084850544009925288 -0.045163604184825172 0.039578477421605238 0.14579976147618709 0.014586581409538101 -0.045921079623696522
leaf_weight=35.087204696479603 314.45831192923652 7644.9166322955662 38.289517156395959 14.917019977343442 10.768005648760662 32.971962585825167 8.1783369635231811 16.361235114580271 51.472760677002952 4.4024343320706967 26.5916895660921 14.210796858440519 9.0236109533452673 123.72761788779098 11.950311938697267 53.090885203404468 57.568925621875678 7.4356242364738128 8.5449152721557748 3.9152781395823686 99.930102782294853 211.66508059835178 543.94558609146952 3292.7983408480868 5213.8549125881 184.46580851907675 24.204438583730735 6.0140425788886196 148.33010553613531 131.80823520347803
leaf_count=2029416 140795 137477 976 2382 3117 144 113 113 528 91 203 1178 3921 11479 781 142 285 21 55 93 570 31319 4592 21691 246624 73011 2079 8134 1045 20186
internal_value=0.00052911 -0.00041173 -0.000295549 -0.0133195 -0.0406955 -0.007664 0.0248024 -0.0270348 -0.00530636 0.0135717 0.0500206 -0.0148146 -0.0235075 -0.0435334 0.0323595 -0.00122515 0.0243925 -0.0259191 -0.0866022 0.00610827 0.00101844 0.000149265 -7.66637e-05 -0.00375693 0.000980949 -0.00257482 -0.0207263 -0.00610323 -0.00957261 -0.0324887
internal_weight=18344.9 18030.4 17995.4 593.351 100.53 492.821 88.5057 28.942 62.2408 20.7637 59.5637 404.315 285.553 149.889 26.1611 135.664 66.5925 69.0714 15.9805 118.762 114.847 17402 17190.3 3836.74 13353.6 5708.68 494.823 310.357 304.343 156.013
internal_count=2742561 2601766 572350 26192 4621 21571 664 317 3645 204 347 20907 17862 13438 1959 4424 4206 218 76 3045 2952 546158 514839 26283 488556 351079 104455 31444 23310 22265
is_linear=0
shrinkage=0.06


Tree=145
num_leaves=31
num_cat=0
split_feature=0 1 7 4 6 16 16 10 16 7 14 7 9 4 5 4 2 0 1 9 4 14 6 6 6 4 17 16 10 10
split_gain=238.168 44.161 28.6491 46.5125 56.5228 46.6521 32.496 29.4585 31.1093 66.8739 43.8562 43.0349 29.714 58.6441 29.5677 28.891 28.3662 37.7906 39.6751 31.2878 27.6559 35.8325 26.9324 47.315 41.4793 26.8747 39.6142 48.0098 38.7429 40.1423
threshold=0.99944254755973827 17.500000000000004 3.609237909317017 -6.7497487179934965e-05 1.0100094676017763 99.206348419189467 84.73193740844728 0.23205128312110904 90.161289215087905 0.46130828559398657 11.500000000000002 0.014719572849571707 76.220237731933608 -0.38312463462352747 0.87587347626686107 -0.46498078107833857 -0.99933674931526173 0.00078332840348593902 16.500000000000004 55.051025390625007 -0.38312463462352747 25.500000000000004 6.1533207893371591 3.6476689577102666 3.1692844629287724 -0.066907644271850572 44.671201705932624 94.59064102172853 0.4463601559400559 0.39009661972522741
decision_type=2 2 2 2 2 2 2 2 2 2 2 2 2 2 2 2 2 2 2 2 2 2 2 2 2 2 2 2 2 2
left_child=1 2 7 5 -5 -4 -6 8 16 10 -10 -12 13 -11 -13 22 -1 19 -19 -18 21 -9 23 24 -7 26 28 -28 29 -22
right_child=-2 -3 3 4 6 15 -8 20 9 12 11 14 -14 -15 -16 -17 17 18 -20 -21 25 -23 -24 -25 -26 -27 27 -29 -30 -31
leaf_value=-0.058175986643831841 0.052288638873582489 -0.058917978204005038 0.029547381931895714 -0.12576517918189137 -0.11952061612981384 0.018842487898662566 -0.01418710287503349 -0.066078047763621292 0.026937681962413418 -0.035728294957456226 0.010727303536850797 -0.077150369597967394 0.039736574536176301 0.0040763560501664228 0.028579335576879479 -0.0060863395525237798 0.093774248620593359 -0.0016075338442701548 0.14291485718779562 -0.051997417591949202 -0.053236667848108828 0.068214818597643848 0.10816748096416758 -0.04444308856996846 0.13483520984344907 -0.00046245907258583738 -0.059566082510995856 0.030931135992393916 0.028466389981293722 0.15835710395389946
leaf_weight=29.657518526397325 325.32953880038986 43.812459458782541 170.95364033179521 16.334574520587921 9.7406222820281965 52.56798604720916 651.41392847057432 42.224758064876369 874.12907280000309 140.7388052382621 209.96788799006208 37.093070943119528 75.299298730093142 2223.6994771920035 12.105520876124499 1288.5812550401752 24.878966404452516 1901.7846084026987 5.8630615169586227 5.9719908481674784 3.4108875931633547 7.7253271049776222 11.71354630362657 31.562691288492715 13.223710387759636 10070.511873779345 34.019697681907928 52.128266326311859 63.321959179756959 17.118618880673239
leaf_count=338677 151812 1751780 1727 89 37 1009 1496 92697 24878 129686 1837 600 875 5146 229 4066 47002 41533 319 16140 984 27 258 963 207 124670 2338 547 1109 412
internal_value=0.00148562 0.000570738 0.000718164 -0.00562171 -0.0187471 5.55346e-05 -0.0159171 0.00161792 0.00514453 0.00848038 0.0205173 -0.00115784 0.00288292 0.00169296 -0.0510841 -0.00357031 -0.000912692 -7.06476e-06 -0.00108871 0.0648098 -0.000281392 -0.044377 0.0259405 0.0150479 0.043826 -6.19953e-05 0.0235249 -0.00507951 0.0526261 0.122362
internal_weight=18446.9 18121.6 18077.7 2246.09 677.489 1568.6 661.155 15831.7 5541.19 3573.03 1133.3 259.166 2439.74 2364.44 49.1986 1397.65 1968.16 1938.5 1907.65 30.851 10290.5 49.9501 109.068 97.3544 65.7917 10240.5 169.999 86.148 83.8515 20.5295
internal_count=2743150 2591338 839558 9852 1622 8230 1533 829706 606922 163251 27544 2666 135707 134832 829 6503 443671 104994 41852 63142 222784 92724 2437 2179 1216 130060 5390 2885 2505 1396
is_linear=0
shrinkage=0.06


Tree=146
num_leaves=31
num_cat=0
split_feature=0 4 9 7 9 4 5 16 8 2 0 8 10 3 3 6 6 6 7 9 7 9 16 10 5 8 8 10 10 16
split_gain=234.438 54.6996 31.5655 50.9107 53.3573 25.7629 24.4829 30.5401 56.7354 23.9606 22.8787 40.9006 36.9782 26.3683 23.366 32.1961 23.9156 60.4621 23.6251 125.088 34.248 41.32 31.8622 31.8222 32.036 23.9499 23.645 26.6801 27.546 30.0426
threshold=0.9996677339076997 -0.61291360855102528 55.190372467041023 1.0492028594017031 58.159646987915046 -0.84442242980003346 0.49479787051677709 10.818713188171388 48.52813911437989 -0.94335177540779103 0.1069132797420025 76.50690078735353 0.089572194963693633 27.500000000000004 20.500000000000004 2.2569777965545659 2.6913695335388188 3.6476689577102666 0.63824188709259044 61.916847229003913 0.36193761229515081 85.201290130615249 95.346321105957045 0.5847701132297517 0.98173660039901745 25.677655220031742 18.321678161621097 0.63961037993431102 0.28801843523979193 96.424011230468764
decision_type=2 2 2 2 2 2 2 2 2 2 2 2 2 2 2 2 2 2 2 2 2 2 2 2 2 2 2 2 2 2
left_child=1 2 -1 -4 -5 -6 7 8 -3 -8 11 12 -11 14 18 -16 -17 -18 19 -12 23 -22 25 24 -21 -23 -20 28 -28 -30
right_child=-2 6 3 4 5 -7 9 -9 -10 10 13 -13 -14 -15 15 16 17 -19 26 20 21 22 -24 -25 -26 -27 27 -29 29 -31
leaf_value=-0.050643228097637896 0.054514184126314938 -0.085069327871386102 -0.059865923067655959 0.23284461388130201 0.061846771015172913 -0.058622958621730635 -0.066349151931400369 -0.0029161579873246417 0.16021619421408462 0.13491604846097974 0.031998523001589445 -0.065056305395894715 -0.054066100858935866 -0.051696642064424023 -0.080328450456234282 0.11472470538472447 -0.091948148647895411 0.05559273872864684 -0.081477026850941464 0.0041564865507930726 -0.12736438490544877 0.0065702986240990255 0.026291388479138315 -0.0022851265617713887 0.024802739407151574 -0.11613514103054565 -0.0016721738195462762 0.030277184530224894 -0.066048946277823747 0.0029026455834538899
leaf_weight=120.94692981012395 282.86443202210648 30.351727920622579 23.768577541817649 4.1103532585175371 17.082228670436059 8.9461371267543601 17.725279183825478 5942.9527990728593 2.8796791156810277 16.532753506681736 515.43560710200109 6.8593002145589699 4.14156306523273 32.516663379967213 7.3029744625091544 13.382306724786757 11.366709008812903 52.225245997309685 12.411961808873455 2750.141433335375 14.487239580368621 9.4098918787203747 28.879840883600991 3342.5853014078602 299.17708559765015 13.233792829327284 4495.6185921462748 91.116288279576111 49.300083794718375 41.383292762868223
leaf_count=1135238 140909 3357 335436 6462 31434 1583 12639 990123 94 382 5159 206 431 223 39 15 52 122 171 8238 130 42 227 38891 16270 196 11465 1054 1132 710
internal_value=0.000412891 -0.000441402 -0.0337405 0.00441435 0.0554028 0.0198035 -0.000112445 -0.00324216 -0.0597546 0.00146938 0.0015768 0.055239 0.0963106 0.00144669 0.00159818 0.0328913 0.0445256 0.0282054 0.00136926 0.00358361 0.00131109 -0.0413603 -0.0152135 0.00175817 0.00618961 -0.067022 -0.00192335 -0.00169488 -0.00233653 -0.0348945
internal_weight=18259.1 17976.3 174.854 53.9073 30.1387 26.0284 17801.4 5976.18 33.2314 11825.2 11807.5 27.5336 20.6743 11780 11747.5 84.2772 76.9743 63.592 11663.2 6973.35 6457.91 66.0108 51.5235 6391.9 3049.32 22.6437 4689.83 4677.42 4586.3 90.6834
internal_count=2742430 2601521 1510153 374915 39479 33017 1091368 993574 3451 97794 85155 1019 813 84136 83913 228 189 174 83685 69153 63994 595 465 63399 24508 238 14532 14361 13307 1842
is_linear=0
shrinkage=0.06


Tree=147
num_leaves=31
num_cat=0
split_feature=0 0 7 5 8 6 0 9 6 6 6 6 6 6 8 6 9 2 8 9 9 11 9 16 14 6 8 5 5 8
split_gain=209.497 29.9814 19.5044 32.6788 30.7281 44.3581 38.8781 50.484 43.2427 56.6455 33.7906 64.8361 56.0562 53.8828 54.4682 30.6262 28.9581 27.0865 25.6737 28.4577 27.3552 25.6449 34.1008 32.0545 38.4198 32.3121 30.9373 26.8166 25.8074 36.7309
threshold=0.9996677339076997 0.00010520932846702637 5.27071169926785e-05 0.98173660039901745 55.40315246582032 2.9890033006668095 0.016710898838937286 73.357315063476577 3.0268198251724248 3.9160612821578984 4.020545721054078 3.9986263513565068 5.987056016921998 6.0001089572906503 88.273490905761733 2.9979834556579594 93.515834808349624 -0.99983397126197804 94.570026397705092 98.192703247070327 82.626663208007827 1.0000000180025095e-35 52.954607009887702 28.869047164916996 22.500000000000004 0.017697479575872425 76.50690078735353 0.0056119766086339959 0.99067899584770214 64.326763153076186
decision_type=2 2 2 2 2 2 2 2 2 2 2 2 2 2 2 2 2 2 2 2 2 2 2 2 2 2 2 2 2 2
left_child=1 -1 3 4 17 -6 -7 -8 15 -10 11 -11 -12 -14 -15 16 -9 -3 19 20 -13 -4 -23 -24 25 -25 -26 -28 29 -27
right_child=-2 2 21 -5 5 6 7 8 9 10 12 18 13 14 -16 -17 -18 -19 -20 -21 -22 22 23 24 26 28 27 -29 -30 -31
leaf_value=-0.058095786257455623 0.053759307899013883 0.098875383285668153 0.00053415960285789043 0.025777831500508719 0.0084033304751182196 -0.04520162223883805 0.015507574112987954 -0.065667211187874538 0.026714306100654037 -0.0046154593336469336 0.0064759231386766099 -0.010702047260100711 -0.1557125567777535 0.0077213600857258154 -0.10444216015162254 -0.056916907515634892 0.038706447310545115 0.010077361606816647 0.045910188457279615 0.052561147610615651 -0.11108982021567473 0.11524804532249168 0.0093785302237121594 -0.12246100049616644 -0.035806477345144819 -0.01334840150608582 0.17068747416721819 0.0014845231720794637 0.010539570065000038 -0.042654273720901331
leaf_weight=30.493778944619407 267.78381632511446 11.522960094531298 12312.527627951888 239.81092436199833 1001.5010149631999 94.790219287737273 306.30152396135963 13.470816286280749 146.31942619429901 103.55399462860078 317.73029029136524 11.957209944725035 13.065581765025852 50.505385695025325 21.464753258042037 115.49341304041445 27.262918034568429 1100.1125013239616 5.176616519689559 4.4556318521499625 58.66909550037235 7.2213761454413534 346.62486049559357 9.9083341293589893 84.590120270397165 511.91994897024415 2.3872331837192169 758.75801062688697 97.645119939094002 220.17911968405679
leaf_count=2029026 140848 1014 476724 15869 4704 3110 1751 64 392 334 954 31 77 147 104 504 59 8164 14 6 325 1098 11309 460 1552 12410 36 8436 21347 1477
internal_value=0.00117884 0.000394775 0.000497114 0.0044171 0.00290483 -0.00106662 -0.00841827 -0.00546623 -0.012701 -0.00656589 -0.0148988 -0.0361422 -0.00513835 -0.0481052 -0.0267037 -0.0412572 0.00344323 0.0110859 -0.0762624 -0.0851785 -0.0944806 -0.000498205 -0.00672864 -0.0072186 -0.0106356 -0.0197193 -0.00160457 0.00223847 -0.0183465 -0.0222083
internal_weight=18293.2 18025.4 17994.9 3643.16 3403.35 2291.72 1290.22 1195.43 889.125 732.898 586.579 183.813 402.766 85.0357 71.9701 156.227 40.7337 1111.64 80.2586 75.0819 70.6263 14351.8 2039.23 2032.01 1685.39 839.653 845.735 761.145 829.744 732.099
internal_count=2742346 2601498 572472 37623 21754 12576 7872 4762 3011 2384 1992 710 1282 328 251 627 123 9178 376 362 356 534849 58125 57027 45718 35694 10024 8472 35234 13887
is_linear=0
shrinkage=0.06


Tree=148
num_leaves=31
num_cat=0
split_feature=0 1 5 0 2 7 9 14 3 8 5 2 6 6 1 8 17 9 1 4 14 4 5 14 9 7 0 16 17 1
split_gain=216.261 37.3842 20.1985 28.1482 30.453 26.5005 108.832 28.0608 26.3597 24.636 24.3357 27.6797 38.2751 60.3148 33.0934 29.9167 37.4465 47.0057 34.9655 33.2568 28.1751 29.7446 24.3387 36.2321 28.6521 27.9469 38.7797 37.983 46.7674 39.4858
threshold=0.99944254755973827 17.500000000000004 0.57806041836738598 0.016710898838937286 -0.96970340609550465 0.8590485453605653 61.916847229003913 2.5000000000000004 47.500000000000007 68.783603668212905 0.0021058855345472698 -0.9972475767135619 3.2715010643005376 3.3639423847198491 5.5000000000000009 63.224515914916999 76.026271820068374 52.193151473999031 5.5000000000000009 -0.00028516503516584629 1.5000000000000002 -0.0014965970767661927 0.03108292538672686 47.500000000000007 94.053512573242202 0.14056493341922763 0.03805800527334214 91.168830871582045 72.902095794677749 3.5000000000000004
decision_type=2 2 2 2 2 2 2 2 2 2 2 2 2 2 2 2 2 2 2 2 2 2 2 2 2 2 2 2 2 2
left_child=1 2 8 -4 -5 6 7 9 10 -6 11 12 -1 14 -14 16 18 -18 -15 -20 -13 -22 23 -12 -25 26 -24 28 29 -27
right_child=-2 -3 3 4 5 -7 -8 -9 -10 -11 22 20 13 15 -16 -17 17 -19 19 -21 21 -23 25 24 -26 27 -28 -29 -30 -31
leaf_value=-0.021784533061434089 0.052308407868886353 -0.058743316223521982 -0.058044770875983122 0.073971416301317247 0.045109466960381754 -0.0025324360305759644 0.00098452132293679181 0.034492289980248773 0.16172177703803733 -0.01998689692683275 -0.012219033797481649 0.13466481742518727 0.29931081532320125 0.07005807944036635 0.05043536880090959 -0.038477713209913028 0.12047881058195292 -0.054634021783752942 0.094894298404631941 -0.030470260005190639 0.22144901450720683 0.020330262940407798 0.023686052980429948 0.18311148138334302 -0.046151671255570549 -0.087695737177021726 -0.0017215067957357031 -0.0037859109394068704 -0.061325990595219974 0.00381114091671828
leaf_weight=124.68932840990874 279.45476007393154 38.98303160380965 28.078900310580138 19.587115919901407 28.735118351876736 4629.2344898609044 5863.354036232573 471.66587699740194 2.4851733938521638 69.677338264184073 1317.5698464601628 9.5685207357801101 3.1872531899643937 22.5571432375109 4.4828086372963298 30.695580234498266 24.20840954181222 6.4275674713699109 7.7396453012352131 59.192802030516759 1.7759444318835438 67.124509781082452 227.58603076244253 5.0486932611092916 2.4026199313811958 18.720840213632982 4010.3648228701204 553.73141489723093 108.69380886067665 121.45993694645131
leaf_count=85948 151816 1751031 462554 4587 81 27794 52438 4862 111 520 48295 3443 62 1401 1084 18101 4251 1838 12478 47075 435 15857 13380 20 44 435 10919 7068 3992 10083
internal_value=2.91582e-05 -0.000790863 -0.000660943 0.000910317 0.00106491 0.000929154 0.00341998 0.0284235 -0.00325474 -0.000717066 -0.00333972 0.0117799 0.00298776 0.0224912 0.176448 0.013551 0.0270538 0.0831737 0.00713475 -0.0147904 0.0430725 0.0286081 -0.00420043 -0.0114335 0.112473 -0.00229716 -0.000351807 -0.0125559 -0.0319753 -0.008944
internal_weight=18158.5 17879 17840 11110.3 11082.3 11062.7 6433.43 570.078 6729.71 98.4125 6727.23 361.65 283.181 158.491 7.67006 150.821 120.126 30.636 89.4896 66.9324 78.469 68.9005 6365.58 1325.02 7.45131 5040.56 4237.95 802.606 248.875 140.181
internal_count=2742003 2590187 839156 552836 90282 85695 57901 5463 286320 601 286209 191973 172238 86290 1146 85144 67043 6089 60954 59553 19735 16292 94236 48359 64 45877 24299 21578 14510 10518
is_linear=0
shrinkage=0.06


Tree=149
num_leaves=31
num_cat=0
split_feature=0 1 7 4 6 2 0 8 4 3 3 6 6 9 6 3 8 0 0 7 10 1 8 8 8 6 4 15 6 16
split_gain=184.867 37.4401 28.4477 24.395 46.0991 25.5525 24.3534 41.6534 25.7204 33.9571 30.7224 28.5317 43.3852 25.1628 25.2698 20.1835 18.7178 24.6054 37.8525 36.359 21.6287 23.5171 17.2799 23.8074 30.687 17.9833 17.1887 25.5666 33.6284 27.2268
threshold=0.9996677339076997 17.500000000000004 3.609237909317017 -0.84442242980003346 4.148522377014161 -0.91912096738815297 0.34205599129199987 42.163742065429695 -0.090820938348770128 27.500000000000004 11.500000000000002 1.9328965544700625 4.0267622470855722 94.602687835693374 1.0010587573051455 26.500000000000004 98.332870483398452 0.0019673134665936236 0.0025836817221716051 0.00028454292623791849 0.65942031145095836 3.5000000000000004 91.715686798095717 91.024166107177749 85.215545654296889 3.5028904676437382 -0.00015022804291220379 1.0000000180025095e-35 1.0630096793174746 96.148147583007827
decision_type=2 2 2 2 2 2 2 2 2 2 2 2 2 2 2 2 2 2 2 2 2 2 2 2 2 2 2 2 2 2
left_child=1 2 16 4 -4 -6 7 -5 9 10 13 -12 22 14 -9 -14 -1 -18 19 -19 -20 -22 23 24 -13 -24 -8 29 -29 -28
right_child=-2 -3 3 6 5 -7 26 8 -10 -11 11 12 15 -15 -16 -17 17 18 20 -21 21 -23 25 -25 -26 -27 27 28 -30 -31
leaf_value=0.00084652764960185204 0.053307552884091544 -0.058730474765780707 -0.05086276123721617 0.1981917717677239 -0.031969340128893589 0.26216408699858895 -7.3340453039013286e-05 0.065576641399836558 -0.074075952864321767 -0.065259130293065459 -0.069468660100876767 0.069853046528290316 -0.068280772348125005 0.099690250963430038 -0.075414879380550359 0.060045686101100934 -0.060839187071811941 0.23623731320606112 0.009280011282587047 -0.04229864753703421 0.00075713564087240488 -0.0945463565681533 -0.071495901925148 0.15605212344873753 -0.064523948708789677 0.072467369949774665 -0.024891681543768949 -0.081444235631832368 -0.0058555592030932182 -0.12412735470584529
leaf_weight=14211.488310213053 240.74945422547171 37.353177317199879 4.2923833720196836 1.9831034358576278 1.1193684788213429 3.6444254223933967 1336.9112250095641 4.4454153375991146 35.47033453732729 42.010124746164365 11.688592920734662 34.791082912943239 18.820368734493972 3.0547389975181423 35.917471331966226 4.8365921415388575 17.530875821921654 3.9942962210625401 1434.2424704888053 2.1459333731745573 24.265955276947352 14.118805203586815 6.639868551399557 8.3615799993276578 6.5578391108283531 4.3075857684016228 36.955356433987617 20.952726379036903 617.92508248356171 13.003300145268438
leaf_count=780853 140793 1751628 1367 11 637 46 3462 34 225 1241 129 243 265 4 490 19 39280 8 16315 1138 2432 826 41 6 77 12 79 89 1324 59
internal_value=0.00118795 0.000487885 0.000614299 -0.00568817 0.0875742 0.199495 -0.00610328 -0.0250702 -0.0280117 -0.0186493 -0.00424016 0.014715 0.0270629 -0.0455409 -0.0586766 -0.0406736 0.00151886 0.00789965 0.00875512 0.146602 0.00808126 -0.0358082 0.0537117 0.0684937 0.0475208 -0.0135253 -0.00404252 -0.0117347 -0.00845798 -0.0526498
internal_weight=18239.6 17998.8 17961.5 2253.69 9.05618 4.76379 2244.63 218.885 216.902 181.431 139.421 96.0035 84.3149 43.4176 40.3629 23.657 15707.8 1496.3 1478.77 6.14023 1472.63 38.3848 60.658 49.7105 41.3489 10.9475 2025.75 688.836 638.878 49.9587
internal_count=2743133 2602340 850712 9860 2050 683 7810 2797 2786 2561 1320 792 663 528 524 284 840852 59999 20719 1146 19573 3258 379 326 320 53 5013 1551 1413 138
is_linear=0
shrinkage=0.06


Tree=150
num_leaves=31
num_cat=0
split_feature=0 1 5 7 4 14 17 0 7 7 5 10 5 15 2 1 16 16 16 8 4 4 8 8 8 8 1 5 8 1
split_gain=183.335 34.0097 22.0374 35.2376 52.1101 48.7113 42.9489 24.9564 52.4046 29.5895 44.3437 31.1307 31.2804 31.857 31.4833 24.895 34.9507 39.6754 24.6723 38.6918 55.0911 26.462 24.3213 39.4066 41.3885 29.3926 24.0813 30.7171 25.6207 22.7179
threshold=0.99977904558181774 17.500000000000004 0.03108292538672686 0.0057773799635469922 -0.0014965970767661927 4.5000000000000009 63.286264419555671 0.03805800527334214 3.1511646056969771e-06 1.0492028594017031 0.17076727002859118 0.098387096077203764 0.6510990858078004 1.0000000180025095e-35 -0.99937295913696278 13.500000000000002 67.333332061767592 45.222154617309577 99.206348419189467 76.50690078735353 -0.0042324815876781932 -0.008631088770925997 53.399339675903327 67.962265014648452 71.494102478027358 48.808847427368171 3.5000000000000004 0.085427075624465956 26.747966766357425 10.500000000000002
decision_type=2 2 2 2 2 2 2 2 2 2 2 2 2 2 2 2 2 2 2 2 2 2 2 2 2 2 2 2 2 2
left_child=1 2 3 4 5 -1 -7 8 -4 10 22 12 13 -11 -15 -6 17 -17 -5 20 21 -20 25 -24 -25 26 -10 -28 -29 -9
right_child=-2 -3 7 18 15 6 -8 29 9 11 -12 -13 -14 14 -16 16 -18 -19 19 -21 -22 -23 23 24 -26 -27 27 28 -30 -31
leaf_value=-0.047769098842037637 0.056032328155214702 -0.058569365513007947 0.077743244406789133 -0.055298996693375652 -0.0062454524726227043 0.27068304937593562 -0.039144539936385718 0.00035553174410670336 0.084616644400216851 0.17769134068947795 -0.041105263010573975 0.12548907823847433 -0.055786414166853378 0.16038713264499174 -0.054268373744866545 -0.05403392334053387 -0.06018162585965503 0.11000601057670187 -0.038017520591636947 -0.036366612706724526 -0.062238648418767015 0.21372907454664425 -0.070802634800964132 0.089973060148380538 -0.0047731764711997013 0.10159839696268573 -0.032205269019785807 0.1163319068893718 -0.051939917927972354 -0.050142122014403032
leaf_weight=3.8291624265220872 210.29200822442363 34.846763268666109 42.768458951265529 85.158217423698261 1502.4756160864663 5.6697220658170409 1.8203199903146012 15843.976584415299 14.219101772365319 5.1809250154401534 68.072718016673207 13.613696925058319 11.584410493724134 2.3909144489207383 7.9647599759628074 6.1915941121842506 8.3265848495320807 22.462999562434561 1.5222429020031985 33.125075052683314 5.4578233867105146 6.8625055796273946 23.445927384866081 19.628289973428764 84.5072902197644 19.669264041303904 34.63881742124795 10.289713196849332 3.9027729564550091 31.137219510177601
leaf_count=10975 129794 1750895 54 22996 138606 869 2239 117816 246 170 434566 24294 25004 16 903 20680 9751 30137 387 3770 266 167 3604 744 4518 1255 3767 388 1888 989
internal_value=0.000468513 -0.000185354 -6.85593e-05 -0.00660207 -0.00405625 0.118863 0.199643 0.000608979 0.016167 0.00769718 0.000631629 0.0548099 0.0161308 0.0698846 0.00505088 -0.00503662 0.0429474 0.0739339 -0.0362277 -0.00121713 0.0796783 0.168844 0.0142721 -0.00220084 0.0137713 0.0394017 0.0187155 -0.0017871 0.069686 0.000253334
internal_weight=18165 17954.7 17919.9 1682.9 1550.78 11.3192 7.49004 16237 361.877 319.109 278.374 40.7347 27.121 15.5366 10.3557 1539.46 36.9812 28.6546 132.126 46.9676 13.8426 8.38475 210.301 127.582 104.136 82.7197 63.0504 48.8313 14.1925 15875.1
internal_count=2741754 2611960 861065 240843 213257 14083 3108 620222 501417 501363 450976 50387 26093 1089 919 199174 60568 50817 27586 4590 820 554 16410 8866 5262 7544 6289 6043 2276 118805
is_linear=0
shrinkage=0.06


Tree=151
num_leaves=31
num_cat=0
split_feature=0 4 7 10 5 1 2 9 7 14 16 7 5 8 4 17 4 5 9 8 2 9 7 16 10 17 10 8 1 9
split_gain=167.14 32.037 19.9143 49.4616 55.5265 30.2192 36.723 47.0655 29.1836 39.1082 46.2734 28.816 40.269 29.1031 31.3431 25.981 92.4954 27.2688 53.324 31.9277 25.3355 24.2806 47.8325 23.6182 26.3503 23.4815 23.4159 21.8553 54.5763 44.5365
threshold=0.9996677339076997 -0.88000279664993275 0.14056493341922763 0.18350168317556384 0.83325815200805675 2.5000000000000004 -0.96970340609550465 92.344322204589858 1.0000000180025095e-35 1.5000000000000002 90.161289215087905 0.011774214450269939 0.085427075624465956 61.938297271728523 -0.035882027819752686 87.652439117431655 -0.066907644271850572 0.94936829805374157 98.53299713134767 87.138130187988295 -0.97785523533821095 56.47956848144532 0.00097512963111512374 27.36185455322266 0.71008405089378368 66.091953277587905 0.31414473056793218 61.633426666259773 6.5000000000000009 87.112743377685561
decision_type=2 2 2 2 2 2 2 2 2 2 2 2 2 2 2 2 2 2 2 2 2 2 2 2 2 2 2 2 2 2
left_child=1 -1 3 4 8 6 7 26 9 -3 -11 12 -8 14 -13 16 17 19 -19 20 -4 22 25 24 -18 -7 -5 28 29 -22
right_child=-2 2 15 5 -6 21 11 -9 -10 10 -12 13 -14 -15 -16 -17 23 18 -20 -21 27 -23 -24 -25 -26 -27 -28 -29 -30 -31
leaf_value=-0.049429167012747292 0.053389116481758633 0.047994277841038477 -0.057733888358542887 0.0073473938328354116 0.037754954238760179 -0.059446644278410364 -0.040086994866747341 -0.067620194036601522 0.010683161866955102 -0.042363184974671383 0.015923444541850851 0.11940328283116181 0.0064063369248920877 0.050449669987717646 -0.068313210448825754 -0.00094042660856328447 -0.077348507408374192 -0.077834092879297087 0.056944981118106384 0.10230127744134794 0.077001901792215804 -0.0012732456922503546 -0.05162443840360758 -0.050931267271637423 0.020956119255332209 0.052997783677766627 0.096362606401636186 -0.0051809568859011966 -0.068300625037684332 0.001989464986234851
leaf_weight=45.178666476327635 216.56331461011723 32.88343616685961 17.854906887570905 14.542104694361113 245.14135985216126 6.4139372781964985 69.947396231547827 9.2392864446155709 1260.9869002317282 135.41195705062273 75.879260870609869 3.0499210394664269 1226.6487198906834 87.874475754244486 14.94294052819896 5335.3663174534622 12.229983933204492 31.945887250680244 14.702116835578634 13.038956138993852 66.7441134499295 8680.9589455951282 22.102072564803166 199.5551206901082 37.072075448464602 87.840932354410143 40.487319371677586 110.7296249835299 16.550961432838449 49.272826174203146
leaf_count=1462669 140659 3474 68461 180 4551 12759 1223 127 732125 9788 708 29 17971 928 230 45002 83 3091 889 113 713 218576 6823 1235 180 2873 222 1725 4219 364
internal_value=0.00111519 0.000482093 0.000610681 0.00201291 0.0113325 0.000422715 0.00839285 0.0523932 0.00700692 -0.0119443 -0.0214548 0.00634061 0.0038692 0.0362894 -0.0318825 -0.00224213 -0.0144099 0.00688639 -0.035052 0.0141228 0.00934672 -0.000906908 0.0262022 -0.0417839 -0.00448245 0.0448023 0.0733904 0.0144858 0.0308285 0.0454331
internal_weight=18181.2 17964.6 17919.4 12014.4 1750.3 10264 1466.73 64.2687 1505.16 244.175 211.291 1402.46 1296.6 105.867 17.9929 5905.06 569.697 320.839 46.648 274.191 261.152 8797.32 116.357 248.857 49.3021 94.2549 55.0294 243.298 132.568 116.017
internal_count=2741990 2601331 1138662 1012587 750646 261941 20910 529 746095 13970 10496 20381 19194 1187 259 126075 81073 79575 3980 75595 75482 241031 22455 1498 263 15632 402 7021 5296 1077
is_linear=0
shrinkage=0.06


Tree=152
num_leaves=31
num_cat=0
split_feature=0 5 0 7 8 9 14 6 14 6 7 7 14 2 14 8 7 7 14 14 2 7 6 6 10 16 10 10 7 6
split_gain=156.722 30.6143 25.8811 24.5277 21.6126 41.9477 38.3408 46.0887 36.3829 44.7786 44.8797 33.6384 29.5378 38.2927 46.8822 34.8167 34.0046 30.0692 29.121 54.4281 67.1971 46.2775 63.2339 55.264 49.5053 45.4574 49.0325 43.2529 38.2224 39.8077
threshold=0.9996677339076997 0.2359685152769089 0.0052573319990187892 0.46130828559398657 85.880397796630874 46.851995468139656 33.500000000000007 1.957142770290375 2.5000000000000004 4.0005357265472421 0.36193761229515081 4.516459739534185e-05 34.500000000000007 -0.99481073021888722 35.500000000000007 88.273490905761733 8.7255451944656684e-05 0.0020675400737673049 3.5000000000000004 5.5000000000000009 -0.9935147464275359 0.00021411299530882391 6.0138678550720224 1.8316063284873965 0.3390804678201676 94.868419647216811 0.22401433438062671 0.18019481003284457 0.0002354165990254842 4.4571340084075937
decision_type=2 2 2 2 2 2 2 2 2 2 2 2 2 2 2 2 2 2 2 2 2 2 2 2 2 2 2 2 2 2
left_child=1 3 -3 4 18 -6 8 -8 -7 -10 -11 -9 -13 -14 -15 -16 -17 -18 25 20 28 -21 23 24 -23 -1 -27 -24 -20 -30
right_child=-2 2 -4 -5 5 6 7 11 9 10 -12 12 13 14 15 16 17 -19 19 21 -22 22 27 -25 -26 26 -28 -29 29 -31
leaf_value=-0.0096733041040379959 0.052450201634913554 -0.044024840162991942 0.0013032719937724516 -0.075837242343890873 0.015956985258964447 0.14573322341064668 -0.079507683335563184 -0.050521235373960367 -0.020111261019458725 -0.070837020181086813 0.14453281276873026 0.094712720330472122 0.15252485969252835 -0.071577584128443075 -0.070097984424387486 0.15032464583206129 -0.012062533085737639 0.081869880267678691 0.040072350181540387 0.011546111055518646 0.013874873044335816 0.035022361148863729 -0.047562218068946845 -0.028852142108162962 -0.057376896977473904 0.057251815075849241 -0.099799570309769603 0.084415702973942741 0.17727105568364901 -0.046105663038683069
leaf_weight=1618.7694348706755 205.42380898461852 44.494418740418041 14075.018447808554 16.473596225348956 137.38379714628445 3.2427775279038533 19.2929582381621 21.156845830380917 325.61997750705996 107.53791354011901 2.6931685401505083 20.009147970937192 5.8459749834146342 20.796501649543643 9.8546272795647365 8.6824389398097974 29.534289313480258 19.726866481825709 25.978864807423633 524.77631975102486 196.80224295046082 101.03715003532125 11.052270897769629 426.53175375808951 25.291682467701321 61.763503247120752 7.1581093821077948 36.123478871141742 19.68815560993335 2.9145318876926458
leaf_count=754426 140736 1517498 123742 335 20601 64 199 197 4086 3153 13 89 63 256 109 27 220 61 4327 46386 1920 13459 6544 82484 483 9151 87 1973 6740 3114
internal_value=0.000468535 -0.000130068 0.00115732 -0.00490542 -0.00457712 -0.0138354 -0.0207412 0.00490215 -0.0297781 -0.0314145 -0.064323 0.0174054 0.0302909 0.0157925 0.00516845 0.0294078 0.0472332 0.0264336 -0.00235895 0.0041377 0.0296794 -0.00145576 -0.0128272 -0.0185429 0.0162182 -0.00763276 0.0397466 0.0531506 0.0921318 0.147734
internal_weight=18130.7 17925.3 14119.5 3805.74 3789.26 731.377 593.993 154.9 439.094 435.851 110.231 135.607 114.45 94.4407 88.5947 67.7982 57.9436 49.2612 3057.89 1370.2 245.384 1124.81 600.036 552.861 126.329 1687.69 68.9216 47.1757 48.5816 22.6027
internal_count=2742543 2601807 1641240 960567 960232 29138 8537 1221 7316 7252 3166 1022 825 736 673 417 308 281 931094 167430 16101 151329 104943 96426 13942 763664 9238 8517 14181 9854
is_linear=0
shrinkage=0.06


Tree=153
num_leaves=31
num_cat=0
split_feature=0 5 5 6 9 14 2 2 10 5 14 8 9 8 6 6 9 9 0 6 9 9 10 6 14 8 9 7 10 14
split_gain=143.645 23.6483 21.1301 24.1436 13.8416 16.276 13.7423 17.467 27.1305 13.2341 38.0786 41.2689 50.7124 36.2438 47.0022 40.498 52.5992 51.1353 47.1924 35.6563 35.4508 50.4467 32.5979 28.6804 28.2871 28.3552 40.4208 52.9967 25.8338 24.2506
threshold=0.99977904558181774 0.99978008866310131 0.99722614884376537 0.33056092262268072 99.80237197875978 13.500000000000002 -0.9998590052127837 -0.99983397126197804 0.30901856720447546 0.17076727002859118 41.500000000000007 85.880397796630874 46.851995468139656 85.215545654296889 4.2657186985015878 3.001092910766602 90.960163116455092 59.708566665649421 0.1069132797420025 4.4099645614624032 96.636753082275405 92.908306121826186 0.042572464793920524 4.3581087589263925 2.5000000000000004 91.024166107177749 96.636753082275405 8.7255451944656684e-05 0.73508772253990184 6.5000000000000009
decision_type=2 2 2 2 2 2 2 2 2 2 2 2 2 2 2 2 2 2 2 2 2 2 2 2 2 2 2 2 2 2
left_child=1 2 6 4 -4 -6 -1 8 -8 10 11 13 22 -9 15 -15 17 -17 -19 23 21 -12 -13 24 -14 26 28 -28 -26 -11
right_child=-2 -3 3 -5 5 -7 7 9 -10 29 20 12 19 14 -16 16 -18 18 -20 -21 -22 -23 -24 -25 25 -27 27 -29 -30 -31
leaf_value=-0.056192200737536856 0.054346557171413741 -0.067469397043933038 -0.029644225467464206 0.020413051891185887 0.021297041419997761 -0.32283952036730779 -0.049641213114856406 -0.0019706199625402912 0.11406754211573171 0.0049096754053261577 -0.068614419800913637 -0.034644876315108521 0.13091432551602405 0.0037555532351641096 -0.074177733865407353 0.015679038366816892 -0.059470783728337348 0.28921880320077409 0.070738991287134609 -0.067644783843618855 -0.062770468825653278 0.10006407407097768 0.033879218349801836 0.14458510178090059 -0.063484715923939145 -0.0091775155586802486 0.12100874243604764 -0.062178711260267777 0.072955013749101585 -0.00050457376160359217
leaf_weight=14.474395750756228 179.20788321541477 17.404862774514186 4.6460512606481634 254.57118514491049 0.55328990031193803 0.56710375935654156 4.6846649780445651 2605.0387222911604 10.316199400575895 4236.0339595455098 7.0365692488849154 33.920932958811136 3.2733476109206086 20.066964582346372 8.9894428094503365 7.3240437701651961 4.6465503526851526 9.3435047675448022 6.6923990771174422 71.696728450509909 7.8245341870933762 34.523094090865925 87.462580961030653 2.7374842991703181 117.40980559112904 183.57286045016644 10.476322009228172 10.376449258066712 4.4115475486032656 10023.196282920049
leaf_count=781667 130042 993327 13036 331578 112 120 30543 273906 2548 104757 61 9856 37 532 434 324 70 45 6 2073 104 127 3350 26 2020 2276 55 181 37 59444
internal_value=0.00104702 0.000507483 0.000577793 0.0175129 -0.0946162 -0.222998 0.000325241 0.000375164 0.0630352 0.000317841 -0.00314509 -0.00396196 -0.0193136 -0.00092636 0.0459591 0.0694778 0.114816 0.150501 0.207543 -0.0295161 0.0486113 0.0705636 0.0146034 -0.0211102 -0.02292 -0.0248588 -0.044831 0.0311797 -0.05799 0.00110409
internal_weight=17982.5 17803.3 17785.9 260.338 5.76644 1.12039 17525.5 17511.1 15.0009 17496.1 3236.82 3187.44 525.338 2662.1 57.0629 48.0735 28.0065 23.3599 16.0359 403.955 49.3842 41.5597 121.384 332.258 329.52 326.247 142.674 20.8528 121.821 14259.2
internal_count=2742694 2612652 1619325 344846 13268 232 1274479 492812 33091 459721 295520 295228 19911 275317 1411 977 445 375 51 6705 292 188 13206 4632 4606 4569 2293 236 2057 164201
is_linear=0
shrinkage=0.06


Tree=154
num_leaves=31
num_cat=0
split_feature=0 5 14 14 2 8 11 16 6 9 9 7 10 14 14 7 14 10 14 10 6 6 9 8 6 14 7 7 4 5
split_gain=137.292 28.4278 43.765 37.6012 36.5511 32.6941 65.6937 47.8905 35.742 64.1568 33.5928 39.4069 39.1155 35.4117 35.8337 32.0479 51.9008 29.3544 29.354 28.7647 35.8466 29.9246 35.6965 31.9239 54.3593 27.9391 35.3686 46.1641 32.5944 29.2186
threshold=0.99977904558181774 0.2359685152769089 11.500000000000002 39.500000000000007 -0.97785523533821095 86.70682525634767 1.0000000180025095e-35 99.206348419189467 3.2715010643005376 94.602687835693374 58.848993301391609 0.00016921264614211398 0.2788888961076737 22.500000000000004 30.500000000000004 1.8748372895061042e-05 31.500000000000004 0.73508772253990184 50.500000000000007 0.86811593174934398 3.9160612821578984 2.9687083959579472 61.580039978027351 93.127067565917983 2.9979834556579594 3.5000000000000004 0.26676015555858618 0.018431727774441246 -0.048172909766435616 0.0011921658297069373
decision_type=2 2 2 2 2 2 2 2 2 2 2 2 2 2 2 2 2 2 2 2 2 2 2 2 2 2 2 2 2 2
left_child=1 2 25 5 -3 6 7 -4 15 10 -10 -12 -13 -14 -15 -9 -17 -18 -5 20 21 22 -7 24 -23 26 27 29 -29 -1
right_child=-2 4 3 18 -6 19 -8 8 9 -11 11 12 13 14 -16 16 17 -19 -20 -21 -22 23 -24 -25 -26 -27 -28 28 -30 -31
leaf_value=0.014767128974698056 0.054049880117118081 -0.047272779121089833 -0.053197913565643178 0.037489907185356719 0.0015166512134152201 0.024439356067174192 -0.075905492689373535 0.031234668365311684 -0.021016754588582192 -0.066765584306931081 0.022757536229078619 -0.016731760076800127 0.18340733373020107 -0.020075116191669431 0.12831875585731614 -0.054852391329277453 0.0062103013836699904 0.14866572067090186 -0.073086770144997162 0.13272336009674343 -0.063320924086305949 0.054589342410962062 -0.05419005605998687 0.047726872005531398 -0.063591892854026166 0.0056424030009257558 -0.072821276174012683 -0.029631125287359731 0.027384823141303732 -0.011815242651143873
leaf_weight=166.21411567076757 170.24296652062912 54.497246691902546 49.711909570667558 65.686058322899044 14027.703999849735 24.774093067409922 45.115761180004483 45.654332703228647 19.731326688764966 19.187745516945142 45.378949682954044 8.3376131044842605 18.790385545464233 9.4603409069823119 13.428055360680444 74.356458450238279 22.705995469819758 5.7941730722086495 8.9877504197938816 2.7215046882629386 114.51010377489456 20.47314632117741 113.63456180645153 35.651149875698138 39.633860837972861 1261.5375196228169 27.057224013755331 42.2127607987386 221.95102933163344 1364.49537364978
leaf_count=610563 130434 1426272 1716 313 226053 206 512 192 518 400 276 96 113 115 104 966 290 28 92 1 1620 63 888 164 479 180856 1249 29469 26678 102699
internal_value=0.000580176 7.06216e-05 -0.00447098 -0.0169316 0.0013245 -0.021088 -0.00879536 0.000509833 0.0101042 0.0324192 0.0493825 0.0640107 0.100259 0.123506 0.0687111 -0.0101596 -0.0286568 0.0392297 0.0233909 -0.0342367 -0.0359157 -0.022302 -0.0400416 0.00348772 -0.0231034 -0.00121861 -0.00596979 -0.00492204 0.0181964 -0.008921
internal_weight=18139.6 17969.4 3887.19 803.725 14082.2 729.051 377.653 332.537 282.825 134.314 115.127 95.3953 50.0164 41.6788 22.8884 148.511 102.857 28.5002 74.6738 351.398 348.677 234.167 138.409 95.7582 60.107 3083.47 1821.93 1794.87 264.164 1530.71
internal_count=2743425 2612991 960666 9152 1652325 8747 5326 4814 3098 1622 1222 704 428 332 219 1476 1284 318 405 3421 3420 1800 1094 706 542 951514 770658 769409 56147 713262
is_linear=0
shrinkage=0.06


Tree=155
num_leaves=31
num_cat=0
split_feature=0 0 0 7 5 8 5 2 8 16 16 7 10 9 6 0 10 17 2 8 2 6 8 9 6 8 16 6 9 6
split_gain=127.722 34.4427 19.945 15.5278 22.5797 23.6402 19.8125 19.9186 27.1597 19.4004 18.3403 20.1181 23.4644 20.6353 20.7074 22.7669 18.3473 35.1371 39.3568 35.3379 33.814 28.056 23.4845 23.8855 24.5138 20.1137 22.5304 27.0822 19.9899 19.3463
threshold=0.99977904558181774 0.00013726406905334446 0.00015046924090711403 1.0467052106832854e-05 0.94936829805374157 69.268848419189467 0.022658575326204303 -0.99883973598480214 93.127067565917983 10.818713188171388 60.660173416137702 7.8532375482609512e-06 0.4463601559400559 66.828475952148452 6.0138678550720224 0.69954499602317821 0.55902779102325451 99.206348419189467 -0.51479646563529957 83.414241790771499 -0.51479646563529957 4.9957077503204355 94.804317474365249 90.960163116455092 5.0281038284301767 87.570224761962905 80.425533294677749 3.9916747808456425 95.356536865234389 2.9041168689727788
decision_type=2 2 2 2 2 2 2 2 2 2 2 2 2 2 2 2 2 2 2 2 2 2 2 2 2 2 2 2 2 2
left_child=1 -1 -3 4 5 9 7 -7 -9 -4 -8 13 -13 14 -12 -16 17 -15 19 -19 21 -18 23 24 29 26 -22 -28 -25 -20
right_child=-2 2 3 -5 -6 6 10 8 -10 -11 11 12 -14 16 15 -17 20 18 22 -21 25 -23 -24 28 -26 -27 27 -29 -30 -31
leaf_value=-0.058526073298062649 0.054086694650956814 0.062158857099822544 -0.06367181623613713 1.4851097765936352e-05 0.021964254800251666 0.073217018792140917 0.037747273481507755 -0.066535403762200115 0.03862357644738125 0.011298773881022321 0.015014998384364972 -0.042656805868328089 0.040266344011057491 0.030111301355804143 -0.19726095192922058 0.017874262074723486 0.032475727140773764 -0.019392130416140508 0.00034742402793557777 -0.1254294257539999 0.013472969714097791 -0.077819249798201512 0.051819957406859331 -0.09486876199468057 0.040121388040199386 4.8968641342378703e-05 -0.032035374473468221 -0.12018567026732323 0.020119787726723265 -0.053458755354968711
leaf_weight=34.398192422668217 161.18122765297448 17.999988012979884 11.627811785157972 15784.099769988294 262.58332610578509 4.5692776359064728 40.343296699225903 45.252925316890469 10.230386844021266 856.6316102504934 175.90216892352328 14.196297656744717 65.675169255584478 35.800849599763751 2.5437189042568198 3.2378505785018206 103.55692148767412 19.813003085553646 46.696956761181355 26.762759095057845 21.548287928104401 8.0736514404416067 14.211959243752061 25.539785350672904 23.328112743794918 105.02523604221642 46.694421185180545 16.789089689031243 6.4557500928640357 48.590492431074381
leaf_count=2094681 130346 21767 78 474714 12668 417 80 445 37 4822 1175 54 110 98 17 43 251 61 136 143 53 63 35 100 40 235 129 73 13 169
internal_value=0.00108103 0.000600155 0.000717408 0.000651883 0.00557431 0.00314428 -0.00360702 -0.0366231 -0.046805 0.0102227 -0.00123632 -0.00322103 0.0251824 -0.00635649 0.011128 -0.0919092 -0.0121536 -0.0242372 -0.0335396 -0.0816776 -0.00220511 0.0238786 -0.0195263 -0.026556 -0.0138644 -0.0175702 -0.0390799 -0.0568502 -0.0717609 -0.0273605
internal_weight=18039.4 17878.2 17843.8 17825.8 2041.68 1779.1 910.838 60.0526 55.4833 868.259 850.786 810.442 79.8715 730.571 181.684 5.78157 548.887 247.2 211.399 46.5758 301.688 111.631 164.823 150.611 118.616 190.057 85.0318 63.4835 31.9955 95.2874
internal_count=2743053 2612707 518026 496259 21545 8877 3977 899 482 4900 3078 2998 164 2834 1235 60 1599 795 697 204 804 314 493 458 345 490 255 202 113 305
is_linear=0
shrinkage=0.06


Tree=156
num_leaves=31
num_cat=0
split_feature=0 1 7 16 7 14 14 3 10 14 14 10 17 9 7 10 7 8 8 5 9 3 9 6 6 6 6 6 9 5
split_gain=121.439 28.9394 22.3067 22.559 62.0034 57.7242 52.1822 42.6696 39.1052 37.073 36.8878 58.9692 34.9878 34.4698 51.0843 37.3486 47.2981 48.9847 38.9509 34.1775 33.9294 49.5684 33.5509 34.7754 76.6945 56.5817 53.2335 52.686 46.0746 43.8588
threshold=0.99977904558181774 17.500000000000004 2.1401023864746098 87.068004608154311 0.0049877783749252566 7.5000000000000009 5.5000000000000009 3.5000000000000004 0.54006412625312816 2.5000000000000004 3.5000000000000004 0.29520697891712194 51.925926208496101 1.0000000180025095e-35 0.8590485453605653 0.4463601559400559 0.054103799164295203 93.957649230957045 71.494102478027358 0.83325815200805675 56.019323348999031 3.5000000000000004 97.57275772094728 4.1871047019958505 3.9994803667068486 3.0530729293823247 2.9991497993469243 4.7359700202941903 91.697994232177749 0.71638363599777233
decision_type=2 2 2 2 2 2 2 2 2 2 2 2 2 2 2 2 2 2 2 2 2 2 2 2 2 2 2 2 2 2
left_child=1 2 3 4 8 20 7 -6 10 19 11 -1 -11 14 -7 16 18 -18 -15 -10 -5 -22 23 24 25 26 -17 -25 -28 -26
right_child=-2 -3 -4 5 6 13 -8 -9 9 12 -12 -13 -14 15 -16 22 17 -19 -20 -21 21 -23 -24 27 29 -27 28 -29 -30 -31
leaf_value=-0.013453621917164328 0.054134895508068014 -0.058216365275562426 -0.0039485801112241143 0.0073404467535779202 -0.0024286625605665123 0.037474632695459087 -0.030052112788314767 -0.065001696267084158 -0.033500986060046783 0.0084690220938614096 0.014253567987890792 0.01233272038966206 -0.0081905629721266207 0.027751711938185385 0.0048904072971789076 0.0030660029877346874 -0.017112516173410607 -0.083803120515117735 -0.0066503553600818768 0.016793041223147936 0.021889958861231115 0.096424765800451201 -0.016320151288597966 0.044679878620450066 -0.057651210012696186 0.019345002974498281 0.014506357075559796 0.0078315069653598912 -0.038352842530533594 -0.0077611643156094917
leaf_weight=615.55347377845919 152.30139343655901 29.162541935507761 3184.6729508148183 831.08774383289165 1010.4686906665784 212.85259401181247 411.47770905986727 39.822202004414066 239.49958048345252 829.86315169820955 1300.405949069117 661.12030373708603 999.09541761030232 127.3573925988494 913.62356045728666 1574.71643190959 155.4526671691774 52.581233346213594 1541.2346444898085 60.312272051087348 495.18145336576163 33.49176417126364 305.46017903103348 162.45993010915299 116.11407200852409 634.28702539770893 80.193513886537403 965.61994708890597 222.75789280730532 139.19535774528049
leaf_count=133570 130008 1750910 17356 80139 146209 3037 73252 176438 2563 6691 39119 26197 19166 1601 2195 10695 41978 23847 16817 879 8896 4271 10603 939 831 4083 678 6116 1747 1278
internal_value=0.000959527 0.000505233 0.00060406 0.00158847 -0.00117813 0.0035809 -0.0119676 -0.00486072 0.00217522 -0.00384178 0.00714506 -0.000101069 -0.000631023 0.00143986 0.0110751 -0.000347599 -0.00738264 -0.034289 -0.00400953 -0.0233613 0.0149146 0.0267849 0.00279618 0.00429902 0.000678044 0.0038667 -0.00136947 0.0131731 -0.0243589 -0.0305874
internal_weight=18097.4 17945.1 17916 14731.3 6167.62 8563.67 1461.77 1050.29 4705.85 2128.77 2577.08 1276.67 1828.96 7203.91 1126.48 6077.43 1876.63 208.034 1668.59 299.812 1359.76 528.673 4200.8 3895.34 2767.26 2511.95 1877.67 1128.08 302.951 255.309
internal_count=2742109 2612101 861191 843835 624084 219751 395899 322647 228185 29299 198886 159767 25857 126445 5232 121213 84243 65825 18418 3442 93306 13167 36970 26367 19312 17203 13120 7055 2425 2109
is_linear=0
shrinkage=0.06


Tree=157
num_leaves=31
num_cat=0
split_feature=0 3 5 4 0 8 3 1 6 7 5 14 3 6 8 7 16 15 7 10 1 15 16 9 14 5 14 10 10 7
split_gain=115.213 43.8437 21.5836 19.8248 38.6298 29.0234 58.1343 37.5265 45.7689 29.2519 25.2654 24.5567 19.2791 32.8598 28.5972 24.2197 18.8051 64.5319 55.4657 31.7337 29.3967 25.7526 31.5338 28.441 30.3967 28.3593 25.6619 23.6026 23.4347 65.621
threshold=0.99977904558181774 29.500000000000004 0.99978008866310131 -0.54152429103851307 0.016710898838937286 61.633426666259773 2.5000000000000004 5.5000000000000009 4.3581087589263925 0.90090259909629833 0.94936829805374157 2.5000000000000004 2.5000000000000004 4.0017282962799081 86.70682525634767 0.8590485453605653 91.168830871582045 1.0000000180025095e-35 1.5949402950354855e-05 0.0745370388031006 7.5000000000000009 1.0000000180025095e-35 67.333332061767592 96.083908081054702 25.500000000000004 0.95523107051849376 1.5000000000000002 0.23205128312110904 0.45643940567970281 0.0011997189139947297
decision_type=2 2 2 2 2 2 2 2 2 2 2 2 2 2 2 2 2 2 2 2 2 2 2 2 2 2 2 2 2 2
left_child=1 2 3 4 -1 6 -6 11 -9 -10 -8 -7 13 15 -15 -13 18 20 19 26 -18 28 -23 25 -25 -24 -5 -22 29 -20
right_child=-2 -3 -4 16 5 7 10 8 9 -11 -12 12 -14 14 -16 -17 17 -19 21 -21 27 22 23 24 -26 -27 -28 -29 -30 -31
leaf_value=-0.05747127576850105 0.05421258958515094 -0.054730260560700551 -0.0684556254296005 0.032864802090966781 -0.027540283666262731 -0.062793226730030197 0.13051947828180732 0.1016624971954698 0.081345799800138854 -0.021618821093171505 -0.045449643195856947 0.070137255042102706 -0.017598563765966961 -0.04236602484815577 0.22872667322379828 -0.03282771070169388 0.0143783026684968 0.00068232970575409326 0.0096035126381122556 0.011586981375880755 0.064088750229337577 -0.0036063258117807213 -0.097322210000890488 0.081696667564719064 -0.076849355117448323 -0.0034546839814141293 -0.0317650242708385 -0.050597605756583695 -0.0086808355933390424 -0.0087155680691357214
leaf_weight=21.789156574270237 144.00787621680502 50.567670648862986 15.244394751636717 26.818089421100922 15.299226633889701 22.626417822197254 27.68282615556382 30.484395527748347 12.902262556599451 33.861131151645168 2.7811014229882849 13.590340879280122 51.77570517382992 1.5483203274779942 4.1219867892395996 17.922315175772383 778.38001459203952 10063.416375378467 1279.0935317410881 1258.1514327647601 67.946086682602072 89.394640373330731 45.890557899323539 9.2542397021315974 6.5907517571467897 15.489975592470726 108.95843120652989 6.3921657105483964 2235.5492162674136 1563.0297732478407
leaf_count=497463 129766 73422 955423 16041 1919 1076 319 908 101 2514 822 60 1391 79 37 963 10661 93093 602209 45763 7577 1676 1203 47 185 327 12217 94 35153 250045
internal_value=0.000946397 0.000514293 0.000674068 0.000737077 0.0172683 0.0244245 0.0667819 0.0138616 0.0457267 0.00789798 0.113521 -0.00840815 0.00596881 0.0383868 0.159449 0.012369 0.000494666 0.00202599 -0.00202343 0.0086106 0.017864 -0.00485105 -0.0279922 -0.0558138 0.015102 -0.0740689 -0.0188526 0.0536864 -0.00408633 -0.000470614
internal_weight=18020.6 17876.6 17826 17810.7 256.385 234.596 45.7632 188.833 77.2478 46.7634 30.4639 111.585 88.9587 37.183 5.67031 31.5127 17554.4 10916.1 6638.22 1393.93 852.718 5244.29 166.62 77.2255 15.845 61.3805 135.777 74.3383 5077.67 2842.12
internal_count=2742554 2612788 2539366 1583943 507652 10189 3060 7129 3523 2615 1141 3606 2530 1139 116 1023 1076291 111425 964866 74021 18332 890845 3438 1762 232 1530 28258 7671 887407 852254
is_linear=0
shrinkage=0.06


Tree=158
num_leaves=31
num_cat=0
split_feature=0 6 6 3 5 10 0 7 4 10 9 7 7 4 4 4 0 5 5 8 17 7 6 6 6 7 6 9 15 8
split_gain=105.518 24.1571 33.0674 32.3168 26.4109 34.8766 24.9 24.2413 31.2728 30.3826 27.1492 26.5186 25.2385 24.0213 20.6325 20.4124 20.2615 33.4223 23.0656 21.472 18.5768 19.9311 18.3138 17.7673 17.6917 30.8953 16.5496 20.762 27.0177 25.9425
threshold=0.99977904558181774 0.92558395862579357 0.9990660846233369 47.500000000000007 0.99221944808959972 0.93095237016677868 0.99740585684776317 1.8965213894844057 -0.00042207424121443177 0.43167701363563543 95.356536865234389 0.0016065154923126104 0.00048970410716719936 -0.048172909766435616 -0.92279571294784535 -4.9966636197495964e-06 0.34205599129199987 0.49479787051677709 0.71638363599777233 85.215545654296889 79.583332061767592 0.0081255468539893645 0.00073225295636802923 1.0004107356071474 0.080883663147687926 0.00057795949396677326 0.0017476914799772205 84.248119354248061 1.0000000180025095e-35 74.601570129394545
decision_type=2 2 2 2 2 2 2 2 2 2 2 2 2 2 2 2 2 2 2 2 2 2 2 2 2 2 2 2 2 2
left_child=1 3 -3 4 7 -6 14 9 13 26 16 12 -12 -9 -4 -8 -11 19 -19 -18 -20 22 -22 -16 -24 -26 -1 29 -29 -28
right_child=-2 2 6 -5 5 -7 15 8 -10 10 11 -13 -14 -15 23 -17 17 18 20 -21 21 -23 24 -25 25 -27 27 28 -30 -31
leaf_value=0.035875044793459869 0.053051206287594632 0.024632598881818856 -0.057399579096847744 0.18109124384371925 -0.049671801553476808 -0.3248889576088585 -0.11757680206508894 -0.069923243770697724 -0.10766094996607117 -0.074532259660515895 -0.0031772326985809798 0.041633785359942367 -0.089105833956935443 0.012289408105567374 -0.026040678690689666 0.023459748406504971 0.09150180432943672 -0.085555924698297009 0.033355515636239515 -0.022497633956645897 0.010368172543549433 0.038948597583280217 -0.091379753206282874 0.0005264335489535858 0.012058754928135488 -0.12657289259195317 -0.039402531543575689 0.058714336835608817 -0.028562069357090568 0.0066347222705377346
leaf_weight=60.522230046870845 137.05237954896438 207.00479335854106 21.277248431204498 2.1715092940576133 21.137699669549423 0.87354273777600511 2.7839872613549224 19.158208768340046 18.161270774900913 33.896700523930122 93.46953707060311 41.102849239774514 13.185608225488975 34.374644763767719 90.119552718882915 207.28466167079023 12.660719953477384 25.351221457123756 17.158882409334183 9.9602062627673131 16.683063754811883 11.083711884915827 30.352499793283641 16610.424593759853 21.421449357643727 6.8566601388156405 63.207859185128655 40.988916855659227 17.630713769234717 139.75621592632797
leaf_count=10020 130378 20025 1356110 1100 73094 121 20 552 88 1136 372 126 97 83 4428 41294 16 115 33 41 40 16 135 1052545 55 32 45794 509 80 4604
internal_value=0.000796652 0.000393397 0.00085522 -0.0101309 -0.010926 -0.0742382 0.000563087 -0.00890972 -0.0417876 -0.00525441 -0.0179323 0.0012687 -0.0145295 -0.0178754 0.000304571 0.0210424 -0.0331575 -0.0234741 -0.0352856 0.0424794 -0.0222786 -0.033583 -0.0446278 0.000381521 -0.060188 -0.0247306 0.00787438 0.00128396 0.0324259 -0.00782527
internal_weight=18027.1 17890.1 17138.9 751.166 748.994 22.0112 16931.9 726.983 71.6941 655.289 333.183 147.758 106.655 53.5329 16721.8 210.069 185.425 151.528 128.907 22.6209 103.556 86.3974 75.3137 16700.5 58.6306 28.2781 322.106 261.584 58.6196 202.964
internal_count=2743059 2612681 2474422 138259 137159 73215 2454397 63944 723 63221 2214 595 469 635 2413083 41314 1619 483 426 57 311 278 262 1056973 222 87 61007 50987 589 50398
is_linear=0
shrinkage=0.06


Tree=159
num_leaves=31
num_cat=0
split_feature=0 1 1 6 3 10 9 17 5 2 7 5 10 14 9 8 3 7 4 4 7 14 6 7 8 17 2 4 7 6
split_gain=104.313 26.3904 21.7697 47.1951 34.9661 23.3558 34.7351 29.0932 29.1688 26.3562 32.5061 54.4689 26.3453 45.0247 24.6414 23.164 25.5195 25.6653 22.297 26.8601 33.2886 22.0355 25.397 24.9592 21.1837 21.9809 20.3224 26.5851 19.3246 24.1254
threshold=0.99977904558181774 17.500000000000004 2.5000000000000004 1.3162558078765871 9.5000000000000018 0.3390804678201676 68.013607025146499 46.291208267211921 0.2359685152769089 -0.98880416154861439 0.00048970410716719936 0.31739783287048345 0.90692642331123363 8.5000000000000018 64.165023803710952 79.431911468505874 8.5000000000000018 1.3754158020019533 -0.29934647679328913 -0.00054450790048576881 1.8965213894844057 21.500000000000004 1.0000000180025095e-35 0.0081255468539893645 60.107526779174812 88.303691864013686 -0.51479646563529957 -0.38312463462352747 0.0081255468539893645 0.9990660846233369
decision_type=2 2 2 2 2 2 2 2 2 2 2 2 2 2 2 2 2 2 2 2 2 2 2 2 2 2 2 2 2 2
left_child=1 2 3 4 5 6 9 -7 14 -1 -11 24 21 -14 -9 16 17 -13 -17 -20 -21 -10 -23 -24 25 -12 -5 -28 29 -16
right_child=-2 -3 -4 26 -6 7 -8 8 12 10 11 15 13 -15 28 18 -18 -19 19 20 -22 22 23 -25 -26 -27 27 -29 -30 -31
leaf_value=-0.087718801449603173 0.054034109976835415 -0.05809542995971273 -0.00050724862462084503 -0.045655831617679547 -0.074007573029410093 0.018055095829857429 0.031273341562272954 0.10321813566077712 -0.015477064795841319 0.034862857771336513 -0.080741374699554169 -0.013824610715500322 0.022658561766961127 -0.28196838310464012 -0.023524073835048068 -0.075185461331315803 0.10882727646216665 -0.11143317084636165 0.029125366867997445 0.017560267007447831 -0.034705621281450397 0.11482866612685018 -0.0015395882724810301 0.050072705955755713 -0.092556829775767638 0.079628226583081912 0.13936286429712294 0.020267181296184052 0.027057824645533624 -0.092324565546311022
leaf_weight=10.577511551717633 129.63755850477901 26.890227082825731 15470.782104058664 15.684573849721344 21.306487000763809 171.15917972011903 195.71747994826592 3.1395901643118114 331.89421360552296 97.785023725769406 4.7412338111789705 26.946714275574323 3.4251336983725187 2.2975986517412821 37.139708216165673 10.024095977279101 3.0617894801198409 14.45446536541567 162.30395126630901 102.80825136066414 75.000141583383083 6.4925137609243384 358.98083539526851 36.223217480874155 30.67036640853803 5.6353582061165071 5.8581562044710145 598.46568344681873 10.231841967208309 37.125572641114559
leaf_count=1230 130041 1752162 825930 73 439 1615 2012 4 4215 872 235 1527 190 328 579 1041 41 274 290 424 212 8 2735 161 408 29 21 16420 81 267
internal_value=0.000613854 0.000223465 0.00031457 0.00565654 0.000636259 0.00159345 0.00966635 -0.00439328 -0.00905576 0.00184971 0.00378659 -0.00325265 -0.00514887 -0.123395 -0.0415848 0.00365583 -0.0366553 -0.0497272 0.00886466 0.011555 -0.00455645 -0.00405971 0.00538867 0.00330548 -0.0681738 0.00569649 0.0198765 0.02165 -0.0481094 -0.0586875
internal_weight=18006.5 17876.8 17849.9 2379.15 1759.14 1737.84 739.726 998.109 826.95 544.009 533.431 435.646 739.314 5.72273 87.6367 394.599 44.463 41.4012 350.136 340.112 177.808 733.591 401.697 395.204 41.047 10.3766 620.008 604.324 84.4971 74.2653
internal_count=2743864 2613823 861661 35731 19217 18778 8595 10183 8568 6583 5353 4481 7637 518 931 3809 1842 1801 1967 926 636 7119 2904 2896 672 264 16514 16441 927 846
is_linear=0
shrinkage=0.06


Tree=160
num_leaves=31
num_cat=0
split_feature=0 7 10 2 4 8 8 4 14 14 4 17 10 3 16 8 9 4 14 5 5 7 14 14 16 2 5 10 10 4
split_gain=92.2681 20.0226 44.2758 36.0439 31.8727 31.6047 42.7605 31.5245 31.3344 38.6749 52.1269 38.5248 29.8311 29.1036 35.4934 55.4802 45.1646 31.7664 40.6258 28.1813 25.8779 39.7507 33.6019 29.3921 26.8136 25.435 25.154 24.8139 24.5667 24.4003
threshold=0.99977904558181774 1.7159025073051455 0.23669467866420749 -0.99940654635429371 -0.38312463462352747 42.462121963500984 42.163742065429695 -0.066907644271850572 2.5000000000000004 11.500000000000002 -0.0034323075087741013 46.737588882446296 0.21807064861059192 2.5000000000000004 92.450141906738295 60.107526779174812 55.391838073730476 -0.38312463462352747 3.5000000000000004 0.00014608787751058119 0.17076727002859118 0.0098283044062554854 42.500000000000007 1.5000000000000002 1.0000000180025095e-35 -0.016607834957540032 0.57806041836738598 0.85357144474983226 0.1012820526957512 -0.0013084529200568793
decision_type=2 2 2 2 2 2 2 2 2 2 2 2 2 2 2 2 2 2 2 2 2 2 2 2 2 2 2 2 2 2
left_child=1 2 3 -1 -4 6 7 -6 12 11 -11 -10 -5 -13 15 16 -15 18 28 -9 21 23 -23 -7 -25 26 -3 29 -16 -26
right_child=-2 25 4 8 5 20 -8 19 9 10 -12 13 -14 14 17 -17 -18 -19 -20 -21 -22 22 -24 24 27 -27 -28 -29 -30 -31
leaf_value=-0.041580326562143839 0.052253879376035609 -0.01907843548274479 -0.05321734250523423 -0.0056153854214949818 0.044019864962850451 0.068976707165994772 0.085169743886439012 0.084713653397146566 -0.05345341727734227 -0.07737640592521218 -0.00088532240881660721 0.011547068322886458 0.074921066351806162 0.15043797133136028 0.14698093385445563 -0.068105321935267277 -0.054078940805467733 0.061898171029296317 -0.067311742326674459 0.0031320663272335326 -0.00089738139832912754 -0.068760458012503828 0.10854644149378963 0.15607599121817536 0.13593703805528798 -0.02895413611893867 -0.0011194819135549681 0.071424485622438971 -0.051529071769961896 -0.011986613750252425
leaf_weight=53.731829213244509 122.85989206864178 305.62377516453807 40.523627392325579 710.65560493313933 72.129263164410986 16.491502202908123 23.514313224703983 14.376584813138832 30.574438450928028 34.687774110539976 316.91391433630088 2535.3658384770197 15.953880936736821 9.2306677919509621 6.000354766184957 24.781869763163286 5.6019689128297605 122.8417067762648 16.088711479586891 1787.3513158653841 7170.098538857932 57.718215771817995 3.2374126985669127 2.5090964655209964 3.0381395812100882 136.17313604151059 3331.6524078285624 12.243721078481029 2.6907168573852687 908.86386967991712
leaf_count=1823124 130086 2135 161374 88822 4616 1142 834 21894 42687 8114 3003 63778 2348 60174 13509 35488 16126 8321 37138 60916 74165 5927 10 22 3841 1290 38930 52 3999 30196
internal_value=0.000647477 0.000287769 0.0013335 0.00677679 -0.000758304 -0.000541969 0.00643228 0.00539933 0.00746563 0.01009 -0.0086297 0.0124829 -0.00374654 0.0132427 0.0360198 -0.0141287 0.0746593 0.0494817 -0.0120843 0.00382966 -0.0021614 -0.0111776 -0.0577435 -0.00811012 -0.00955489 -0.00359058 -0.00263332 -0.0101728 0.0865476 -0.0113454
internal_weight=17893.5 17770.7 13997.2 3885.12 10112.1 10071.6 1897.37 1873.86 3831.39 3104.78 351.602 2753.18 726.609 2722.6 187.236 39.6145 14.8326 147.621 24.7798 1801.73 8174.2 1004.1 60.9556 943.146 926.655 3773.45 3637.28 924.146 8.69107 911.902
internal_count=2744061 2613975 2571620 2206631 364989 203615 88260 87426 383507 292337 11117 281220 91170 238533 174755 111788 76300 62967 54646 82810 115355 41190 5937 35253 34111 42355 41065 34089 17508 34037
is_linear=0
shrinkage=0.06


Tree=161
num_leaves=31
num_cat=0
split_feature=0 1 3 14 2 8 7 5 14 4 0 7 3 7 2 16 8 5 9 10 14 3 3 8 8 16 8 1 4 15
split_gain=90.9397 25.0074 42.8493 21.4925 42.7286 28.9644 23.3264 24.5764 21.0652 32.9157 31.3743 36.0964 67.7735 28.2374 43.9715 29.5906 28.8343 27.9746 49.2641 33.6732 29.75 27.7447 44.5111 25.7294 26.1033 25.6985 25.0765 27.1257 25.7206 28.7834
threshold=0.99944254755973827 2.5000000000000004 8.5000000000000018 2.5000000000000004 -0.9935147464275359 82.637680053710952 0.00048970410716719936 0.06023716367781163 5.5000000000000009 -0.048172909766435616 0.0025836817221716051 0.72611209750175487 2.5000000000000004 0.14056493341922763 -0.51479646563529957 94.868419647216811 65.692962646484389 0.31739783287048345 92.908306121826186 0.10435571894049646 4.5000000000000009 41.500000000000007 28.500000000000004 95.538970947265639 21.483516693115238 36.181818008422859 84.660633087158217 6.5000000000000009 -0.0034323075087741013 1.0000000180025095e-35
decision_type=2 2 2 2 2 2 2 2 2 2 2 2 2 2 2 2 2 2 2 2 2 2 2 2 2 2 2 2 2 2
left_child=1 2 3 4 -1 6 7 -6 9 10 -3 17 -13 15 -15 -11 -17 19 -19 -12 25 22 -14 24 -16 -21 28 -28 -18 -30
right_child=-2 8 -4 -5 5 -7 -8 -9 -10 13 11 12 21 14 23 16 26 18 -20 20 -22 -23 -24 -25 -26 -27 27 -29 29 -31
leaf_value=0.090988560458319143 0.046154469895905048 -0.057452013955835615 -0.062984953047138983 0.0083776658656752462 -0.086831697281291906 0.016939043808051234 -0.074777423027860376 0.011512846194876573 -0.0022377573837047394 0.0013007934082469631 -0.037833479453119226 -0.023915889932229928 0.020352374511442693 -0.038141048575885683 -0.10050826075658828 -0.066943565423483398 0.11776161475264416 0.072564967932537999 -0.075652236941429515 -0.062650339382294931 0.12969129528075168 0.13211967879764175 -0.064930614756994839 0.011227698088796671 -0.0096633036063872579 0.041856312492842961 0.023113351907328723 -0.065576255553340609 0.05485386051317423 -0.04008355512541386
leaf_weight=11.394710216063229 154.90875683916238 21.541426128689636 31.044659787364253 2153.2280158733843 11.306642852239746 39.485830571811675 44.395777841873496 34.937248110538349 10613.644542239839 2801.0753432933552 29.931787542998791 177.69011527006842 536.96634758236178 156.20754212761767 10.71514378604479 10.4661631076342 17.271458141426592 89.8863460496068 8.0540665285661799 9.9814624597784114 9.811467483174054 6.6502844373462713 22.014956059865654 276.37916866806336 428.88773782350745 36.653933803085238 75.120847961728941 13.847784025808322 59.38299404279951 13.430082333021344
leaf_count=458 151561 1187403 550 23211 343 286 1528 256 580643 744004 482 14598 13171 680 69 4212 1803 606 119 311 63 186 544 579 1052 608 686 7609 1032 3914
internal_value=0.000530408 0.000129689 0.00592798 0.00688731 -0.0156881 -0.0256522 -0.0441888 -0.0138614 -0.000744875 0.00254772 0.0125522 0.0142379 0.00831863 8.67682e-05 -0.00940613 0.00285754 0.0257384 0.0379355 0.059735 0.0128173 0.0398667 0.0184693 0.0168836 -0.00309251 -0.0121007 0.0186429 0.0314977 0.00873355 0.0536371 0.0370372
internal_weight=17906.3 17751.4 2325.79 2294.75 141.52 130.125 90.6397 46.2439 15425.6 4811.97 949.182 927.641 743.322 3862.78 872.19 2990.59 189.519 184.319 97.9404 86.3787 56.4469 565.632 558.981 715.982 439.603 46.6354 179.053 88.9686 90.0845 72.8131
internal_count=2742567 2591006 26632 26082 2871 2413 2127 599 2564374 1983731 1218091 30688 28499 765640 2380 763260 19256 2189 725 1464 982 13901 13715 1700 1121 919 15044 8295 6749 4946
is_linear=0
shrinkage=0.06


Tree=162
num_leaves=31
num_cat=0
split_feature=0 5 17 10 14 7 2 7 7 6 10 7 16 5 10 9 10 17 17 2 7 1 5 0 6 7 10 17 5 17
split_gain=80.7908 19.8969 16.2834 36.1289 29.9682 46.1351 32.2804 27.9636 32.3233 41.4063 34.8704 86.7302 34.8226 28.6923 33.0027 27.7685 93.9323 47.7134 32.7737 28.6564 27.3793 26.3702 26.1926 36.646 34.459 26.1526 36.3056 27.7331 26.0217 25.3072
threshold=0.99977904558181774 0.99978008866310131 70.429252624511733 0.86811593174934398 2.5000000000000004 1.0000000180025095e-35 -0.64716216921806324 0.00016148779832292351 0.00012676779442699629 3.3187196254730229 0.38675214350223547 0.00013330825458979237 44.671201705932624 0.2359685152769089 0.54006412625312816 99.80237197875978 0.71825397014617931 62.910053253173835 61.678319931030281 -0.9935147464275359 6.4794403442647322e-05 7.5000000000000009 0.007256704382598401 0.016710898838937286 1.450055778026581 5.4522770369658255e-06 0.83666664361953746 38.196554183959968 0.1185344345867634 96.871944427490249
decision_type=2 2 2 2 2 2 2 2 2 2 2 2 2 2 2 2 2 2 2 2 2 2 2 2 2 2 2 2 2 2
left_child=1 2 7 4 5 6 -4 8 13 -10 11 12 -11 14 20 16 18 -17 -9 -20 -1 29 24 -24 -21 -16 -27 -28 -22 -7
right_child=-2 -3 3 -5 -6 21 -8 15 9 10 -12 -13 -14 -15 25 17 -18 -19 19 22 28 -23 23 -25 -26 26 27 -29 -30 -31
leaf_value=0.013537195562182127 0.051462611125065054 -0.070777743832288145 -0.083840808172059439 -0.048648436873303405 0.00047966623894074491 -0.0015327616038543453 -0.01010491495676656 -0.0084120603180483436 -0.00019130713443601664 0.40075737202415684 0.042154756241426693 0.055603797065685967 -0.018857085500143537 0.016817056838986037 0.002614551351347904 0.015459983325274611 -0.073524019549961669 -0.14837964860546668 -0.03997879139876747 -0.056775061807722758 -0.049283850666094982 0.027541599177980648 -0.065786443391257637 0.019390084033494945 0.12011218566267426 -0.047518449124818861 0.060395499896809798 -0.061566005779421076 0.045813558461889704 -0.02633371159209599
leaf_weight=497.09855153056014 111.39206833653589 13.114447227966592 49.368165384991698 54.584775647272181 13707.062066424172 421.95332317416296 37.664105706650389 798.25787898024464 45.719598483296068 3.8717325897287109 38.377472178818607 13.329699873016578 0.73177489461977518 682.69323526555672 142.88522761333752 380.30019567062936 68.347991513508532 5.5143452121155851 32.056466769741292 4.4604768830267885 47.301574397167315 73.100247961386685 18.431997907451205 288.89355401062312 16.635651188763404 122.43755109227732 21.79893149249256 8.5948429070413095 12.337004937231539 227.34903216764405
leaf_count=159241 130138 993461 1269 4578 438491 9760 493 639890 18332 1689 605 14180 1965 7254 582 3111 1046 504 126350 4371 90573 81049 6551 2027 849 1293 38 34 14 3571
internal_value=0.000751832 0.000432227 0.000488598 -0.000368043 -0.000183161 -0.0113943 -0.0524081 0.00432811 0.00984966 0.0423907 0.0763638 0.143479 0.342594 0.0076607 0.000316662 -0.00127918 -0.00569405 0.0127407 -0.00163315 0.0133601 0.00891708 -0.00638749 0.0186719 0.0140848 0.081835 -0.0158506 -0.0330188 0.0250444 -0.0291806 -0.0102438
internal_weight=17945.7 17834.3 17821.2 14571.1 14516.5 809.435 87.0323 3250.08 1637.18 102.03 56.3107 17.9332 4.60351 1535.15 852.454 1612.9 1227.08 385.815 1158.74 360.478 556.737 722.403 328.422 307.326 21.0961 295.717 152.831 30.3938 59.6386 649.302
internal_count=2743309 2613171 1619710 539211 534633 96142 1762 1080499 295800 36771 18439 17834 3654 259029 251775 784699 781084 3615 780038 140148 249828 94380 13798 8578 5220 1947 1365 72 90587 13331
is_linear=0
shrinkage=0.06


Tree=163
num_leaves=31
num_cat=0
split_feature=5 3 6 6 2 2 14 8 17 6 14 6 7 7 6 6 14 5 1 8 8 2 10 1 9 10 6 10 16 6
split_gain=60.9815 46.6305 24.9 46.4069 35.0321 81.4338 36.391 33.571 38.7435 32.9963 71.3004 48.6832 31.4829 37.5687 31.8767 27.9261 26.2018 27.0092 23.3422 25.9999 65.4859 51.6347 40.9676 34.941 30.2297 43.5115 28.3891 24.8169 23.4544 33.7054
threshold=0.99865004420280468 1.5000000000000002 4.9902315139770517 4.9234395027160653 -0.99160954356193531 -0.95530155301094044 11.500000000000002 61.348484039306648 36.939571380615241 5.0029244422912607 11.500000000000002 4.9985370635986337 0.0044254653621464976 0.0039138230495154866 5.018308401107789 5.018308401107789 20.500000000000004 0.03108292538672686 6.5000000000000009 85.215545654296889 90.521114349365249 -0.99785974621772755 0.19292803853750232 11.500000000000002 47.466186523437507 0.3390804678201676 4.3084278106689462 1.0000000180025095e-35 23.669467926025394 4.6256113052368173
decision_type=2 2 2 2 2 2 2 2 2 2 2 2 2 2 2 2 2 2 2 2 2 2 2 2 2 2 2 2 2 2
left_child=2 -2 3 18 -5 6 7 8 -6 10 -4 -12 13 14 16 -14 17 -11 -1 21 22 24 27 -22 -20 -26 -24 -21 29 -23
right_child=1 -3 9 4 5 -7 -8 -9 -10 12 11 -13 15 -15 -16 -17 -18 -19 19 20 23 28 26 -25 25 -27 -28 -29 -30 -31
leaf_value=0.00073981630387017394 0.037326640885930233 -0.066725192589927845 -0.0011330188473325526 -0.064712416986567586 0.11153567707067547 0.014145153732085643 -0.057601112602131056 0.16241756100249874 -0.07320782049104016 -0.073434433933797671 -0.012469113660622482 -0.088888433266018529 0.019459110398543481 0.067166368868617918 0.0043486962609503533 -0.010595078803095053 -0.070603587077414459 0.0069854942365667116 -0.057725467894786907 0.075640095873716257 -0.067376348859817234 -0.038394711707219677 0.15907607790982276 0.059248997616768287 0.045291070259318507 -0.058285662851261237 -0.056933131406555537 -0.065600661210103994 -0.047830466401559787 0.12713012041703081
leaf_weight=13046.763128774268 223.77484143873062 15.75086940526762 210.47559790780952 16.36084545818585 10.253555172123013 427.44310434743738 4.1777204802638144 23.218089941018661 5.5627157733033519 17.96653609715213 50.58137032157174 74.149200481793741 118.81742638362857 31.378276305146755 1476.8423242719032 1580.9695213910059 34.752178243361413 71.856737188296393 18.308635427388253 7.8628939114205414 29.591254486575963 10.895427589935482 16.661928929735044 9.6895693180654217 72.732857329909166 17.295754710698475 1.9913884119368948 8.0569300516995082 172.36964195005567 6.1097487939641715
leaf_count=124595 164983 1236300 36330 30598 37 1678 71 100 73 12877 345 679 7987 1735 137370 90476 223 322 389876 8088 5915 4030 199 15333 338341 23576 53 6468 103152 50
internal_value=0.000228718 0.0302354 -0.000181977 0.000978029 0.0191528 0.0221991 0.0997449 0.117603 0.0460703 -0.00457887 -0.0224942 -0.0582441 -0.00277066 0.00317869 0.00188378 -0.00848404 -0.0271398 -0.00973161 0.000317002 -0.0144914 0.0172035 -0.0223853 0.0763365 -0.0354457 0.0105953 0.0249708 0.134292 0.00450652 -0.0412093 0.0248341
internal_weight=17812.7 239.526 17573.1 13905.3 487.016 470.655 43.2121 39.0344 15.8163 3667.79 335.206 124.731 3332.58 1632.8 1601.42 1699.79 124.575 89.8233 13418.3 371.566 73.854 297.712 34.5731 39.2808 108.337 90.0286 18.6533 15.9198 189.375 17.0052
internal_count=2741860 1401283 1340577 1052233 32557 1959 281 210 110 288344 37354 1024 250990 152527 150792 98463 13422 13199 1019676 895081 36056 859025 14808 21248 751793 361917 252 14556 107232 4080
is_linear=0
shrinkage=0.06


Tree=164
num_leaves=31
num_cat=0
split_feature=0 6 6 3 0 16 0 10 14 0 0 3 3 16 4 4 14 4 6 6 2 6 6 6 14 3 3 13 10 9
split_gain=75.0789 24.1371 26.1699 25.0522 27.6175 20.3997 18.8023 25.1119 37.5995 18.6769 30.3692 17.8439 18.3946 16.8797 16.8108 20.5881 27.7086 39.0281 33.1826 40.1882 38.2629 33.5581 32.2624 45.3678 47.8172 41.7613 33.8795 32.7049 30.3667 30.5509
threshold=0.99977904558181774 0.97775015234947216 0.9990660846233369 47.500000000000007 0.1069132797420025 20.256410598754886 0.96672680974006664 0.87867647409439098 13.500000000000002 0.0010639447718858721 0.00090632398496381949 5.5000000000000009 4.5000000000000009 15.587044239044191 -0.92279571294784535 -0.17105547338724134 7.5000000000000009 -0.84442242980003346 3.2715010643005376 2.5011512041091923 -0.74151420593261708 1.9977397322654726 5.6526088714599618 5.8539156913757333 4.5000000000000009 26.500000000000004 29.500000000000004 1.0000000180025095e-35 0.73508772253990184 61.580039978027351
decision_type=2 2 2 2 2 2 2 2 2 2 2 2 2 2 2 2 2 2 2 2 2 2 2 2 2 2 2 2 2 2
left_child=1 3 -3 4 5 13 11 -8 -9 10 -7 12 -6 -1 -4 16 18 -18 19 20 21 -16 -20 24 -24 27 -27 -25 29 -19
right_child=-2 2 14 -5 6 9 7 8 -10 -11 -12 -13 -14 -15 15 -17 17 28 22 -21 -22 -23 23 25 -26 26 -28 -29 -30 -31
leaf_value=-0.066755544830756311 0.05124809784942766 0.030668325069606706 -0.056898500409909937 0.14813242453726641 -0.002651622515837847 -0.055477290254408146 -0.023962617256849988 -0.036820066800695411 -0.37062511343761118 -0.053672751879152381 0.095484653718917137 -0.068989037240546849 0.06706632071897578 0.084823062264071283 0.0063564011361089108 -0.00035541046272468719 0.092702857990053025 -0.0093857469618071725 -0.0094591556845399771 0.042528840894009753 0.026584143135259444 -0.072310744857711523 0.16108357640482857 -0.022513403972103503 -0.060760885009894336 0.16999421417650015 -0.048843893257284887 0.1026846044722536 0.084291987734937485 -0.067106344528208545
leaf_weight=2.9505136303719137 101.7903233222678 100.58452605049388 17.592571489582042 2.5817428478530919 577.14623511888931 9.7016556003072782 69.457604170689592 3.921337589272297 0.94983205737662491 99.623250110464141 7.7182604046893166 13.237418967844858 12.953017533996897 7.6338867637291514 46.01372752917996 15696.200310808348 11.608908187798077 167.87705560317772 285.06509090675581 224.0658136487873 121.41895106851052 32.720613456178398 14.395196371010117 61.962735545190753 3.9454947864373926 8.244381551235163 2.9975809452403146 7.5336487199483591 9.4127372155453468 40.232454813050026
leaf_count=1376 129960 9901 1356397 1213 1881 134499 1576 114 86 5386 597 156 46 1396 9099 982368 2629 6704 43467 22257 900 13208 963 11607 506 132 561 1326 123 2005
internal_value=0.000118322 -0.000179273 0.000306674 -0.0103037 -0.0109948 -0.0364878 -0.00614689 -0.0344119 -0.153949 -0.0437295 0.0129621 -0.00261357 -0.0010104 0.0404539 0.000122545 0.000185889 0.00836764 -0.0100178 0.0135849 0.0251321 0.00554243 -0.0268332 0.000800971 0.0301204 0.112686 0.0102156 0.112419 -0.00767743 -0.015899 -0.020812
internal_weight=17761.5 17659.7 16851.9 807.875 805.293 127.628 677.665 74.3288 4.87117 117.043 17.4199 603.337 590.099 10.5844 16751.3 16733.7 1037.49 229.131 808.363 424.219 200.153 78.7343 384.144 99.079 18.3407 80.7383 11.242 69.4964 217.522 208.11
internal_count=2742439 2612479 2464153 148326 147113 143254 3859 1776 200 140482 135096 2083 1927 2772 2454252 1097855 115487 11461 104026 45464 23207 22307 58562 15095 1469 13626 693 12933 8832 8709
is_linear=0
shrinkage=0.06


Tree=165
num_leaves=31
num_cat=0
split_feature=0 0 5 3 6 0 3 2 4 6 6 6 6 14 6 6 3 6 5 8 8 8 5 6 0 6 6 4 4 6
split_gain=66.9445 15.385 17.3391 14.4274 40.6299 27.3095 23.7004 61.2698 23.822 28.3198 20.1338 16.2466 27.38 36.0623 33.8676 39.629 28.7066 24.1101 21.3514 38.7222 19.5714 17.1674 16.562 36.9949 15.6348 15.1362 15.0853 18.3065 15.1591 15.005
threshold=0.99988952279090892 0.00010520932846702637 0.00010726175241870807 20.500000000000004 7.0988714694976816 0.69954499602317821 14.500000000000002 -0.74151420593261708 -0.29934647679328913 2.2023533582687382 1.957142770290375 2.2569777965545659 2.8014169931411748 6.5000000000000009 3.2014797925949101 3.2344100475311284 28.500000000000004 0.33056092262268072 0.41130582988262182 84.660633087158217 67.962265014648452 82.637680053710952 0.9047992229461671 3.6476689577102666 0.34205599129199987 3.4490302801132207 4.8198792934417733 -0.46498078107833857 -0.22878473997116086 1.8956952691078188
decision_type=2 2 2 2 2 2 2 2 2 2 2 2 2 2 2 2 2 2 2 2 2 2 2 2 2 2 2 2 2 2
left_child=1 -1 -3 6 5 11 -4 8 10 -10 -8 17 13 -13 -14 -16 18 -5 19 -17 -15 -20 -18 -24 -6 -23 28 -28 -27 -9
right_child=-2 2 3 4 24 -7 7 29 9 -11 -12 12 14 20 15 16 22 -19 21 -21 -22 25 23 -25 -26 26 27 -29 -30 -31
leaf_value=-0.056490115756610025 0.054859943184640082 0.12565452046398259 0.00044122205784009411 0.10355515379240011 -0.041804644760879771 -0.099110565841374398 0.084779447243283929 0.0059889706773192377 -0.056685632404954674 0.12591126450213325 -0.062654367661230434 -0.01767733366085315 -0.074539183190014874 -0.04689404636819898 0.17200704087582533 0.21897914181403952 -0.066730322029116801 -0.047734958381992557 -0.065331811517463728 -0.050236969498708123 0.13381136694649803 -0.070343932813412891 0.20853267920599072 -0.055413531309342692 0.13460265909155575 -0.056889978006046234 0.073454937058075098 -0.07264300247895307 0.077153951971466669 -0.061734374481247176
leaf_weight=16.091693376129115 80.654205950879259 2.9818227484138324 17521.885009662834 3.4757775452180821 1.6250505755388065 7.0712620094418517 4.0123640471661046 13.736277224337753 3.2139488196080519 14.034491548416552 9.0429623746308589 10.698714795211801 14.477756707398383 1.9271760302208374 4.8934658311959529 4.3442113610290098 19.811421700687792 25.154831296460088 6.4691173600413086 2.5118626385155949 18.690440068561657 3.7558930662389676 1.9104429337276077 4.7283193145062796 12.181117817759512 2.6651433946308236 4.1323278015593132 6.8199379166544514 28.518580913543712 75.094157940581681
leaf_count=2029619 108388 415 580779 256 458 31 726 655 217 1082 8624 331 1370 72 158 233 1008 2282 1109 255 493 147 312 1652 12 936 843 49 45 350
internal_value=0.000656338 0.000408306 0.000462823 0.000434836 0.0170191 0.00875876 0.000259152 -0.0262999 0.0463156 0.0906456 -0.0145347 0.0139513 0.0225745 0.0708848 0.00763859 0.0214468 0.0109611 -0.0264932 0.0340306 0.126507 0.115533 0.0197781 -0.0400455 0.0378983 0.112418 0.0329129 0.0435343 -0.015986 0.0642861 -0.0513119
internal_weight=17926.6 17846 17829.9 17826.9 185.863 172.057 17641 119.134 30.3038 17.2484 13.0553 164.985 136.355 31.3163 105.038 90.5607 85.6673 28.6306 59.2171 6.85607 20.6176 52.361 26.4502 6.63876 13.8062 45.8919 42.136 10.9523 31.1837 88.8304
internal_count=2742907 2634519 604900 604485 12052 11582 592433 11654 10649 1299 9350 11551 9013 896 8117 6747 6589 2538 3617 488 565 3129 2972 1964 470 2020 1873 892 981 1005
is_linear=0
shrinkage=0.06


Tree=166
num_leaves=31
num_cat=0
split_feature=0 6 8 6 17 4 4 8 8 6 6 7 1 4 3 6 5 8 8 3 3 8 15 6 4 6 4 3 5 4
split_gain=61.0941 15.2812 24.7025 46.1409 41.197 19.6463 24.5627 23.0203 19.9324 18.1826 39.5181 52.2216 34.8069 30.991 56.5568 54.2252 36.3603 47.1038 34.0769 35.0662 56.3954 64.749 31.921 53.5684 45.3073 41.9924 35.4313 27.8415 27.337 29.9956
threshold=0.9996677339076997 6.9994382858276376 81.53021621704103 7.7134242057800302 15.587044239044191 -0.29934647679328913 -0.38312463462352747 77.015758514404311 27.139569282531742 4.1871047019958505 3.9971848726272587 0.0039138230495154866 4.5000000000000009 -0.066907644271850572 4.5000000000000009 5.0073704719543466 0.41130582988262182 63.510736465454109 69.614067077636733 12.500000000000002 5.5000000000000009 68.108486175537124 1.0000000180025095e-35 6.0050153732299814 -0.12251034751534461 6.0343182086944589 -0.090820938348770128 20.500000000000004 0.93470215797424328 -0.22878473997116086
decision_type=2 2 2 2 2 2 2 2 2 2 2 2 2 2 2 2 2 2 2 2 2 2 2 2 2 2 2 2 2 2
left_child=1 9 3 4 -3 6 -5 8 -7 10 -1 12 -12 16 -15 27 -11 -18 19 20 21 -19 25 26 -25 -20 28 -16 -24 -30
right_child=-2 2 -4 5 -6 7 -8 -9 -10 13 11 -13 -14 14 15 -17 17 18 22 -21 -22 -23 23 24 -26 -27 -28 -29 29 -31
leaf_value=0.0016507203970758286 0.046649973729396305 0.10978339113088263 0.00070478556721467484 -0.049143678930753679 -0.073283260907235012 -0.076534500875876627 0.14063195667401207 -0.091225515632058829 0.0072091718945735284 0.057665265823284351 0.03900498775362736 0.0041149193548708747 -0.021898300873388371 0.0042250610198203723 -0.021449631812130072 -0.076620593796797518 -0.044045615139866573 -0.085804503246024913 0.042905804293651678 -0.060752006582617271 0.15007369762181086 0.10057754880250373 -0.047214638659557231 0.071588474664226784 -0.08830751697207205 -0.078835965776720696 0.049038803562624397 0.067244727357695391 0.036847901986148568 -0.098420711945718262
leaf_weight=10892.978871154261 106.82304162763467 3.8492824823233596 391.35226425881001 3.1464616647899657 70.221260844538847 10.407264800633582 6.0079458535947197 10.354774105896466 98.332579527379494 72.385577188927073 34.465220693441552 612.50243969305666 757.65743524443405 4398.7492911488598 46.221258350708467 60.875875136874583 47.204711850166859 11.070335636482925 132.28929897494345 6.4843011459111031 21.550030206791689 14.158831598168943 101.48581288295782 44.80511660331922 6.5413628804380997 10.134636389472233 22.184867092466448 16.450430070653056 31.257019156893421 6.2352729302656362
leaf_count=1533680 141068 367 14836 20000 33764 905 164 326 12625 15089 1598 173108 87703 141995 56865 70545 295612 9422 31521 6625 9820 2828 4577 14710 43 6199 50 3771 52395 105
internal_value=0.00162061 0.00134992 -0.00810775 -0.0250737 -0.062434 -0.00318006 0.0769881 -0.00993208 -0.00143014 0.00167403 0.000429109 -0.00903902 -0.0192026 0.00470487 0.00309704 -0.0367763 0.0184496 0.0121036 0.0186885 0.0629968 0.0810628 0.0186414 0.0118811 -0.00286737 0.0499204 0.0337536 -0.0198897 0.00252186 -0.0311644 0.0123792
internal_weight=18048.2 17941.4 593.672 202.32 74.0705 128.249 9.15441 119.095 108.74 17347.7 12297.6 1404.63 792.123 5050.08 4522.3 123.548 527.787 455.402 408.197 53.2635 46.7792 25.2292 354.933 212.509 51.3465 142.424 161.163 62.6717 138.978 37.4923
internal_count=2742316 2601248 82987 68151 34131 34020 20164 13856 13530 2518261 1796089 262409 89301 722172 273176 131181 448996 433907 138295 28695 22070 12250 109600 71880 14753 37720 57127 60636 57077 52500
is_linear=0
shrinkage=0.06


Tree=167
num_leaves=31
num_cat=0
split_feature=0 5 5 6 16 15 10 4 14 4 10 7 14 2 14 5 4 6 17 2 5 10 10 5 6 7 7 10 6 6
split_gain=57.8738 15.6792 19.0476 14.901 14.7672 32.9834 32.4077 43.2704 31.2826 29.6607 28.7797 55.4469 54.7338 42.0148 39.0625 39.1001 38.8967 30.8922 30.3889 41.7228 41.4938 40.4184 31.8339 30.1209 39.3792 38.192 29.1714 35.3398 28.9535 41.2114
threshold=0.99988952279090892 0.99988707900047313 0.99722614884376537 0.0095941131003201025 89.827587127685561 1.0000000180025095e-35 0.053342817351222045 -0.005274747032672166 11.500000000000002 -0.54152429103851307 0.57518798112869274 0.0049877783749252566 5.5000000000000009 -0.10720207542181014 3.5000000000000004 0.085427075624465956 -0.0014965970767661927 2.0197814702987675 81.934734344482436 -0.99846965074539173 0.0029789878753945236 0.15504807978868487 0.069366481155157103 0.007256704382598401 2.0250639915466313 0.0025101304054260258 0.19754115492105487 0.063508063554763808 1.450055778026581 2.0018776655197148
decision_type=2 2 2 2 2 2 2 2 2 2 2 2 2 2 2 2 2 2 2 2 2 2 2 2 2 2 2 2 2 2
left_child=1 2 4 -4 10 6 7 9 -8 -6 11 14 28 26 15 17 -16 -1 19 -18 21 -20 -21 -19 -25 -26 27 -14 -13 -30
right_child=-2 -3 3 -5 5 -7 8 -9 -10 -11 -12 12 13 -15 16 -17 18 23 20 22 -22 -23 -24 24 25 -27 -28 -29 29 -31
leaf_value=-0.030947119941383178 0.053503158723851932 -0.072098938237387167 -0.086669258678030603 0.018437609471684293 -0.062581602246728471 0.00042411446001848583 0.0297561271471697 -0.026465382674181154 -0.0042352001857874034 0.020479482726225635 -0.0078922280657583235 -0.035728268235773214 0.074258212183900787 6.3069515812376023e-05 0.15727157684746723 0.010444377872853329 -0.06008101543399505 0.0087287878807994299 0.08445790800804924 -0.091438195508263154 -0.0019911282912660772 -0.064188653029049719 0.023326972044436241 0.11748114375310277 -0.026782400738602764 0.04377105762294476 -0.078005582444680241 -0.038135976526610327 0.037843448171942726 -0.0035684436498845027
leaf_weight=190.28169102079573 72.845229784146795 9.7691831420161162 3.9756162264930017 253.58719736038256 15.665608278856324 10114.435495007992 411.95510802915032 147.48877082500485 127.28325685701338 222.38062112477792 2136.0704260550719 86.601204656014033 9.8996072309796528 110.41521873232205 5.6514025921646853 582.34401956084184 22.003525866050495 344.52236531452718 35.639236974907362 7.8397057342463077 602.83387566625606 7.2538261117597349 757.5147640874934 6.6983051486313334 284.64471541251987 29.675922718830407 67.27598825387895 145.43380835900462 94.110230105605297 955.80902815742411
leaf_count=150042 108352 841113 9816 508452 4530 121279 9146 5375 1551 1868 16056 30806 4199 2571 6997 2116 89556 504671 11293 3460 3492 1527 10962 18 1472 246 31965 16827 19681 223677
internal_value=0.00049638 0.000276324 0.000320145 0.0164863 8.15814e-05 0.00141634 0.0122563 -0.0010298 0.0217397 0.0147744 -0.00219127 0.000611643 -0.00886661 -0.030219 0.00545461 -0.00153845 0.0124411 -0.00969483 0.0117607 0.0196655 0.00210655 0.05843 0.0220336 -0.00358138 -0.0167789 -0.0200036 -0.0451722 -0.0305438 -0.00258884 0.000176017
internal_weight=17861.9 17789.1 17779.3 257.563 17521.7 11039.2 924.773 385.535 539.238 238.046 6482.52 4346.45 1469.55 333.025 2876.9 1438.17 1438.74 855.823 1433.08 787.358 645.727 42.8931 765.354 665.541 321.019 314.321 222.609 155.333 1136.52 1049.92
internal_count=2743116 2634764 1793651 518268 1275383 143749 22470 11773 10697 6398 1131634 1115578 329726 55562 785852 658565 127287 656449 120290 103978 16312 12820 14422 506407 1736 1718 52991 21026 274164 243358
is_linear=0
shrinkage=0.06


Tree=168
num_leaves=31
num_cat=0
split_feature=0 1 10 6 17 17 16 1 6 7 17 17 4 17 7 8 17 6 8 8 1 1 10 2 9 14 6 16 0 10
split_gain=56.4182 25.5598 43.6955 45.0498 54.9838 40.1644 39.786 37.8223 26.2836 17.7773 17.5535 39.6051 22.3587 29.8675 22.2509 18.4928 42.286 18.2901 18.024 18.772 23.2671 17.6145 37.5507 32.8798 28.5969 19.7708 30.995 39.3388 38.4486 27.9446
threshold=0.99988952279090892 9.5000000000000018 0.29520697891712194 5.7290852069854745 35.805860519409187 62.622549057006843 58.434959411621101 12.500000000000002 8.884775638580324 0.00091289237025193881 28.919860839843754 29.814814567565922 -0.014686733018606899 26.201373100280765 0.55332806706428539 27.812939643859867 12.70161294937134 4.0155320167541513 20.126582145690922 21.483516693115238 2.5000000000000004 7.5000000000000009 0.47722567617893225 -0.94335177540779103 90.038166046142592 2.5000000000000004 2.9998129606246953 26.201373100280765 0.69954499602317821 0.65942031145095836
decision_type=2 2 2 2 2 2 2 2 2 2 2 2 2 2 2 2 2 2 2 2 2 2 2 2 2 2 2 2 2 2
left_child=1 10 -3 4 -4 6 7 -6 -5 -10 12 -12 13 17 21 16 -16 18 -1 -20 -21 25 -23 24 -24 26 29 28 -28 -14
right_child=-2 2 3 8 5 -7 -8 -9 9 -11 11 -13 14 -15 15 -17 -18 -19 19 20 -22 22 23 -25 -26 -27 27 -29 -30 -31
leaf_value=-0.037123419211699565 0.053994781752996761 -0.038132940190085771 -0.058193082105804893 -0.07025148539741663 -0.052967667065630594 -0.053127793758260614 0.24699846040422532 0.11898542045266823 0.044099517810899852 -0.04829454310994806 -0.13365733278914638 -0.00010889080501687999 0.033329632152490421 0.084124463948565181 0.017000381639943028 0.022390646827265711 -0.20297759213311375 -0.051623071228649314 0.11990098939964984 0.097723890677778105 -0.043609874363882396 -0.070046851314557179 -0.052305695084365632 0.021563397521113609 0.15468353812054964 0.010892471723146113 -0.093197466337867033 0.007912857597345082 0.017154875766734651 -0.031549000782008084
leaf_weight=9.3920670411362135 68.903443616756704 159.02213873083315 10.738103313021609 23.682789723866563 5.4895126923547712 5.1614062492863004 6.0693679906212301 17.421562821108864 20.599545388061419 10.52274418470415 6.9980726236244655 16570.662713020967 71.208387749785288 30.674749425384562 5.6112894634716231 6.1377135324291876 5.7681057315785438 12.347353026960262 9.3216320148726499 6.0518747670357689 9.4033468937159324 8.6846802208237914 2.3351977757520244 30.679698921265299 14.577085205743058 511.67038263798713 44.357981721204851 45.715243873974941 14.795635565184055 34.799075334041845
leaf_count=1883 108122 2095472 34666 16408 8285 5607 1617 32571 163 885 649 414251 1691 3549 19 16 67 2305 417 177 4519 2362 187 83 156 4537 975 698 72 198
internal_value=0.000198015 -1.4328e-05 -0.0186988 0.0123743 0.056318 0.0929645 0.119888 0.0772932 -0.0239756 0.0123293 0.000263717 -0.000173325 0.00854852 0.039171 0.0055348 -0.0594888 -0.101893 0.00838032 0.0309146 0.0571451 0.0143084 0.00707171 0.0391051 0.060055 0.124779 0.00452614 -0.0108996 -0.033878 -0.0657696 0.0119361
internal_weight=17778.8 17709.9 258.707 99.685 44.88 34.1418 28.9804 22.9111 54.8051 31.1223 17451.2 16577.7 873.532 77.191 796.34 17.5171 11.3794 46.5163 34.1689 24.7769 15.4552 778.823 56.2767 47.592 16.9123 722.547 210.876 104.869 59.1536 106.007
internal_count=2742607 2634485 2195674 100202 82746 48080 42473 40856 17456 1048 438811 414900 23911 12850 11061 102 86 9301 6996 5113 4696 10959 2788 426 343 8171 3634 1745 1047 1889
is_linear=0
shrinkage=0.06


Tree=169
num_leaves=31
num_cat=0
split_feature=0 6 6 14 6 7 5 14 4 8 8 4 17 6 10 5 5 0 1 7 8 6 17 14 9 17 6 8 14 4
split_gain=48.975 24.407 46.4628 26.5895 24.0012 24.1653 31.2877 23.9054 23.0734 30.1596 34.1324 24.0624 41.0975 50.3723 43.8418 37.9663 36.3743 35.4288 34.896 37.4929 29.8445 29.5319 29.1569 28.1172 26.005 25.5881 23.2575 25.0402 24.6101 22.5835
threshold=0.99988952279090892 1.9994091987609866 1.1177777647972109 11.500000000000002 1.0330126881599428 0.00036341324448585516 0.71638363599777233 49.500000000000007 -0.68011146783828724 83.414241790771499 84.660633087158217 -0.29934647679328913 86.038963317871108 2.9215167760849003 0.16904762387275699 0.94936829805374157 0.57806041836738598 0.00050213109352625917 8.5000000000000018 1.7159025073051455 85.880397796630874 5.8539156913757333 28.919860839843754 11.500000000000002 1.0000000180025095e-35 99.206348419189467 3.9160612821578984 89.825496673583999 10.500000000000002 -0.74363002181053151
decision_type=2 2 2 2 2 2 2 2 2 2 2 2 2 2 2 2 2 2 2 2 2 2 2 2 2 2 2 2 2 2
left_child=1 2 3 4 -1 -6 -7 29 9 -3 -11 12 13 -10 15 21 17 -14 19 26 -20 -15 -16 25 -25 -21 28 -28 -18 -4
right_child=-2 8 7 -5 5 6 -8 -9 11 10 -12 -13 16 14 22 -17 18 -19 20 23 -22 -23 -24 24 -26 -27 27 -29 -30 -31
leaf_value=0.0078228981376536316 0.051865286455183832 -0.060018497497388378 0.072656625551431139 -0.010578460725993021 0.013815493414519779 -0.086058579258536022 -0.0047848420737887729 -0.10096446618339003 -0.069064914964527255 0.1239300065426973 -0.024026898392494781 -0.0010821321542007292 0.11963019491655312 0.097765342323706872 0.051906970347754197 -0.058508665579877182 -0.089732613716944853 -0.069700108482121548 0.11087003082446184 -0.072150801130434969 -0.056621804466659237 -0.060423705020824559 -0.063863994717870007 0.19416771507205557 -0.04601020261530734 0.016042455623579435 0.020246076037327369 -0.075247916318325142 0.042163960052243668 0.012993106880560511
leaf_weight=921.58331565029198 65.358463790005771 50.494686548095615 22.301929992392843 685.11445947231914 41.944474803767207 31.806286172868113 35.769224536440106 5.5518476840952635 12.319193916001494 6.8971410949393457 18.601455040777182 14148.838270121265 3.0344421587974457 71.746293238122689 14.261511600980613 6.166416243875573 28.88497635013664 35.406457330973353 18.427122908881305 11.48739974433556 4.1078569980154489 3.8660571558998518 15.104660689561113 4.6716459691524497 1.8136317381940896 235.30015335493954 37.591889204469226 12.292913206378214 5.5181893427070454 1307.8656317601967
leaf_count=233407 108247 1112765 80349 9055 3550 4315 12512 271 4998 12321 147109 914863 4943 12654 1111 108 524 1842 1403 101 1269 2509 6129 4 80 1402 512 329 133 63753
internal_value=0.000415676 0.000223846 0.00510692 -0.00142478 0.00466172 -0.0217689 -0.0437357 0.0134941 -0.00078701 -0.0335471 0.0191607 -0.000615042 0.0120233 0.0421208 0.0549504 0.0772993 0.00261722 -0.0521006 0.00858656 0.00365045 0.0792297 0.088994 -0.00778264 0.015187 0.129827 0.0116626 -0.0307869 -0.00430246 -0.0679833 0.0140473
internal_weight=17864.1 17798.8 3051.94 1716.22 1031.1 109.52 67.5755 1335.72 14746.8 75.9933 25.4986 14670.8 522.001 123.464 111.145 81.7788 398.537 38.4409 360.096 337.561 22.535 75.6124 29.3662 253.273 6.48528 246.788 84.288 49.8848 34.4032 1330.17
internal_count=2742568 2634321 407212 262839 253784 20377 16827 144373 2227109 1272195 159430 954914 40051 27509 22511 15271 12542 6785 5757 3085 2672 15163 7240 1587 84 1503 1498 841 657 144102
is_linear=0
shrinkage=0.06


Tree=170
num_leaves=31
num_cat=0
split_feature=0 9 7 7 1 11 17 7 2 0 6 2 2 8 7 6 8 16 8 6 1 9 14 0 2 14 0 9 8 16
split_gain=44.3955 16.7375 21.1365 18.3434 31.6168 44.2046 48.0269 42.5401 32.1163 25.631 60.0359 29.6288 27.0355 25.9839 22.9713 35.5015 39.2814 32.6456 33.5151 32.8847 29.2677 22.8177 21.8581 21.8267 20.0661 21.8183 19.6537 45.5839 28.4373 34.6333
threshold=0.99988952279090892 94.053512573242202 0.0068542195949703464 0.054103799164295203 8.5000000000000018 1.0000000180025095e-35 42.488718032836921 9.7443426056997864e-05 -0.37693089246749872 0.00090632398496381949 3.3187196254730229 -0.99883973598480214 -0.99811670184135426 99.425289154052749 0.030745055526494983 2.0197814702987675 50.242717742919929 95.346321105957045 77.525508880615249 3.0014369487762456 5.5000000000000009 90.960163116455092 3.5000000000000004 0.99218881130218517 -0.64716216921806324 11.500000000000002 0.0019673134665936236 83.398952484130874 52.40406799316407 64.400920867919936
decision_type=2 2 2 2 2 2 2 2 2 2 2 2 2 2 2 2 2 2 2 2 2 2 2 2 2 2 2 2 2 2
left_child=1 3 -3 4 9 8 -7 -8 -6 10 11 -1 -11 14 23 -16 20 18 19 -18 -17 24 -19 26 25 -15 27 28 29 -14
right_child=-2 2 -4 -5 5 6 7 -9 -10 12 -12 -13 13 21 15 16 17 22 -20 -21 -22 -23 -24 -25 -26 -27 -28 -29 -30 -31
leaf_value=-0.059497210856686987 0.051429384476871579 -0.0042527075042603788 0.0080595582910479614 -0.000530946901173952 -0.022365533791578952 -0.034853587707784434 0.12376758862101489 -0.007992251178248139 -0.12360379147442083 -0.029038064478139322 0.068377780093317561 0.030194753571891358 -0.05900770701339815 0.016532702829837286 -0.045042173209116486 0.030838923068008887 0.01667840074510929 0.10503148615723573 0.041660294538922372 -0.11125629659439136 0.15460517472243637 -0.033405710213862919 0.026149580518445268 0.025810840481107558 0.033949161774414288 -0.048146863307113374 0.0023834551809822128 0.11343880326910956 -0.062770837890051015 0.087679151403906405
leaf_weight=26.79189761685393 61.985743645287585 3417.5247134211413 587.39035410115412 5981.7889743622272 214.75755131802953 24.168899477674131 21.748920598678978 14.220411594505547 10.986843980409047 86.097073007258587 68.59039376853616 24.48355843606987 7.8429161730455261 89.077977117616683 21.021991829271428 13.248585008201191 12.139744457090275 17.061706978827715 20.185415947926231 16.091689256485552 14.837693584151564 25.931887856626417 45.702626530721318 149.44692604945885 235.72328286332777 22.722954868339002 6493.4313493155641 18.080710567999631 14.826393192401154 16.418712094658986
leaf_count=30975 108127 58065 13245 1609353 727910 52469 3484 14091 31342 4915 18643 9784 340 384 279 99 86 20 137 269 136 2851 263 16484 7742 99 29279 280 610 76
internal_value=0.00114536 0.000966491 -0.00244534 0.00196343 0.0038946 -0.0156526 0.0297147 0.0728694 -0.0278161 0.00464773 0.0320551 -0.0169118 0.0041946 0.0045941 0.00375341 0.0261305 0.0371183 0.0206673 -0.0161851 -0.0575548 0.0992908 0.0199861 0.0489035 0.00321425 0.0240546 0.00307663 0.00269487 0.0374173 0.000299883 0.0398018
internal_weight=17774.3 17712.3 4004.92 13707.4 7725.64 285.883 60.1382 35.9693 225.744 7439.76 119.866 51.2755 7319.89 7233.79 6860.34 160.289 139.267 111.181 48.4168 28.2314 28.0863 373.456 62.7643 6700.05 347.524 111.801 6550.6 57.1687 39.088 24.2616
internal_count=2741837 2633710 71310 2562400 953047 829296 70044 17575 759252 123751 59402 40759 64349 59434 48358 1289 1010 775 492 355 235 11076 283 47069 8225 483 30585 1306 1026 416
is_linear=0
shrinkage=0.06


Tree=171
num_leaves=31
num_cat=0
split_feature=0 2 5 16 1 3 6 3 5 6 6 1 6 3 8 8 17 2 2 6 6 16 3 9 5 8 9 5 6 6
split_gain=44.2273 32.862 22.023 24.624 21.3566 15.5465 39.9276 22.3824 42.2764 22.7072 20.2485 18.1145 35.6263 29.505 19.8539 27.4781 25.8084 22.7771 21.0773 20.4177 19.7 22.0145 19.2823 19.248 18.8562 18.2944 18.2373 17.9137 17.8831 21.6695
threshold=0.99988952279090892 -0.99893328547477711 0.00035843298246618366 37.617923736572273 7.5000000000000009 20.500000000000004 2.2569777965545659 14.500000000000002 0.31739783287048345 2.2023533582687382 7.0988714694976816 2.5000000000000004 1.8956952691078188 5.5000000000000009 51.530771255493171 84.028984069824233 77.09790420532228 -0.96970340609550465 -0.89004525542259205 1.0035089850425722 0.0030240638880059127 73.765182495117202 1.5000000000000002 97.067424774169936 0.2359685152769089 93.788581848144545 99.80237197875978 0.007256704382598401 4.6256113052368173 4.5701234340667733
decision_type=2 2 2 2 2 2 2 2 2 2 2 2 2 2 2 2 2 2 2 2 2 2 2 2 2 2 2 2 2 2
left_child=1 2 3 4 -1 7 -7 11 9 -9 28 12 13 14 17 16 22 19 -18 -3 21 -20 23 27 25 -17 -26 -16 29 -8
right_child=-2 5 -4 -5 -6 6 10 8 -10 -11 -12 -13 -14 -15 15 24 18 -19 20 -21 -22 -23 -24 -25 26 -27 -28 -29 -30 -31
leaf_value=0.080807046943475 0.052004600388382713 0.076308970055568373 -0.043938320478199698 -0.030180932170190737 -0.051175625825655033 -0.048076521545665413 0.026537659979007516 -0.057099637213310336 -0.039043818973260987 0.10366041572180063 0.093644974120208418 -0.00010497712405056344 0.023336717774332175 -0.055399417128655502 -0.066626552353556315 -0.039095210900868309 -0.077965028270959136 0.011433069301492715 0.013053090262153254 -0.06605979993008175 -0.011276891586655615 -0.10019230501447751 -0.07414743656226315 -0.056400992997507123 0.0091210408253793607 0.023069861685644909 -0.11194476160425518 0.026140088793532117 -0.015772861083959838 0.13647715077994432
leaf_weight=17.459738520506793 59.014914316085196 33.132277964333753 98.670211358440383 31.761739701029001 5.0436947348221102 27.299642318174165 104.99785950037653 3.4959141019685367 104.10195504482544 11.676613607221496 14.962129305437882 15079.427001017593 346.25189842290638 30.231813875856005 6.9952795478693579 58.073658064633491 19.723959358095271 228.16721178672879 8.827116550157827 3.290379577978455 320.12727226951711 18.087976333222741 8.3235326419330686 11.620277007139519 1004.3571388537243 23.181949540892674 3.5045297478936837 132.98250617505983 33.854045526192522 5.9779426123052408
leaf_count=3550 108375 253 1596658 412083 117207 18323 6041 5401 16813 1155 85 412352 21541 782 281 543 390 3328 139 153 4655 415 1181 725 7866 116 1231 731 1141 90
internal_value=0.000584116 0.00041068 -0.0271915 0.00350324 0.050307 0.000651476 0.0178091 0.000466569 -0.0253273 0.0653793 0.0292943 0.000645483 0.00565754 0.00244311 0.00340201 0.000902565 -0.0103371 0.0186049 -0.0190916 0.062026 -0.0155312 -0.063915 0.00973458 0.0147959 0.00634246 -0.0212949 0.00858953 0.0210644 0.0220498 0.0336257
internal_weight=17854.6 17795.6 152.935 54.2652 22.5034 17642.7 187.092 17455.6 119.274 15.1725 159.792 17336.3 2256.88 1910.63 1880.4 1615.81 526.688 264.59 366.766 36.4227 347.042 26.9151 159.922 151.598 1089.12 81.2556 1007.86 139.978 144.83 110.976
internal_count=2743604 2635229 2129498 532840 120757 505731 25680 480051 23369 6556 7357 456682 44330 22789 22007 18273 8517 3734 5599 406 5209 554 2918 1737 9756 659 9097 1012 7272 6131
is_linear=0
shrinkage=0.06


Tree=172
num_leaves=31
num_cat=0
split_feature=0 2 7 1 9 1 16 8 11 8 8 17 17 16 16 6 1 9 8 8 14 14 6 1 4 8 9 9 7 9
split_gain=41.3127 23.0713 28.4279 47.6543 31.7889 35.567 29.8981 21.8754 37.4645 24.6009 22.5232 19.1267 25.404 38.42 30.3746 21.4075 42.0742 22.6456 22.2625 36.6568 24.1283 24.4774 23.7008 22.9351 17.1286 44.5775 54.879 54.4431 32.523 30.5443
threshold=0.99988952279090892 -0.99632024765014637 3.1511646056969771e-06 5.5000000000000009 76.970855712890639 4.5000000000000009 55.245780944824226 36.088342666625984 1.0000000180025095e-35 44.920890808105476 44.552318572998054 56.873315811157234 63.286264419555671 57.384986877441413 52.506265640258796 6.5538671016693124 8.5000000000000018 28.644688606262211 50.242717742919929 48.808847427368171 9.5000000000000018 11.500000000000002 1.1177777647972109 6.5000000000000009 -0.46498078107833857 69.268848419189467 55.391838073730476 56.265703201293952 0.90090259909629833 1.0000000180025095e-35
decision_type=2 2 2 2 2 2 2 2 2 2 2 2 2 2 2 2 2 2 2 2 2 2 2 2 2 2 2 2 2 2
left_child=1 2 3 6 5 -4 -1 -7 11 10 -10 -9 13 14 -13 17 -17 -14 19 -19 22 23 -20 -22 25 26 -3 28 29 -27
right_child=-2 24 4 -5 -6 7 -8 8 9 -11 -12 12 15 -15 -16 16 -18 18 20 -21 21 -23 -24 -25 -26 27 -28 -29 -30 -31
leaf_value=0.067006028920899727 0.051578808148796632 0.059286428439033284 -0.065226369587206928 -0.031269208610621053 -0.05222181614443739 -0.061288941999941775 -0.033874739365717846 -0.05917981857565513 0.090674750973143856 0.0074272430056943409 0.34168990108794134 -0.048868911625584363 0.048825573552625172 -0.055405309877650438 0.13018465486767064 0.18057234006889064 -0.05020461243329196 -0.057257665184597462 0.05367513931566785 0.085212861349372046 0.15901183080858758 -0.05485986309164996 -0.053935538001950389 -0.04364710692408115 0.00048547819355778039 0.07048024378515251 -0.039235642942224758 0.042319912504469391 -0.031602389106515354 -0.068428504018219427
leaf_weight=51.816585979876209 55.982298104718211 108.86822772941537 36.329506068716455 47.851523294788876 86.750832754947169 19.683518975371953 12.561742576697723 19.378045577514285 7.8131481378961798 7.9322890793057459 0.97494158422114185 3.6849240902788614 17.635756685535398 7.63502527735477 16.325630255454598 5.0311343405169264 4.7332509826983369 10.05266313305242 7.2693512036582879 15.010821069707617 5.6270321493711872 5.2746036744670164 84.559349026839982 2.3678699603206042 16902.024086213176 22.245576299377721 24.243375929416743 70.194436224745687 144.19715884428433 6.6717768213907211
leaf_count=707 108294 74577 20676 21358 81830 452423 503 513673 34885 27581 808 84543 34148 86334 43847 540 55335 111622 22314 26899 1432 8764 596337 14105 223365 112 43042 11180 40411 1244
internal_value=0.000572093 0.000408369 -0.0126046 0.0137073 -0.020731 -0.0107278 0.0471047 -0.00227642 0.0032244 0.086922 0.150586 -0.00400557 0.00205406 0.0540453 0.0964555 -0.00735155 0.0744325 -0.0132186 -0.0219332 0.0280652 -0.0340088 0.0394236 -0.0449304 0.10081 0.000767794 0.0134095 0.041184 -0.00189207 -0.0199592 0.0372154
internal_weight=17810.7 17754.7 476.3 112.23 364.07 277.319 64.3783 240.989 221.306 16.7204 8.78809 204.585 185.207 27.6456 20.0106 157.562 9.76439 147.797 130.162 25.0635 105.098 13.2695 91.8287 7.9949 17278.4 376.421 133.112 243.309 173.115 28.9174
internal_count=2742889 2634595 2240664 22568 2218096 2136266 1210 2115590 1663167 63274 35693 1599893 1086220 214724 128390 871496 55875 815621 781473 138521 642952 24301 618651 15537 393931 170566 117619 52947 41767 1356
is_linear=0
shrinkage=0.06


Tree=173
num_leaves=31
num_cat=0
split_feature=17 1 1 9 2 14 9 6 7 1 6 7 17 2 15 3 10 9 8 7 2 8 14 16 10 4 14 2 3 4
split_gain=21.951 24.8464 22.8802 45.4099 31.8108 19.1666 24.3446 20.1001 15.6804 15.5311 61.4574 30.2391 33.1104 22.7334 22.3971 21.5856 21.881 21.7328 23.3608 23.0927 20.9257 20.7526 20.064 21.1126 19.0881 22.4488 18.8482 17.9398 18.1391 16.7055
threshold=28.919860839843754 9.5000000000000018 7.5000000000000009 88.953113555908217 -0.94335177540779103 3.5000000000000004 80.972057342529311 5.0009615421295175 2.4993221813929271e-05 2.5000000000000004 1.1177777647972109 0.023711605928838256 95.346321105957045 -0.51479646563529957 1.0000000180025095e-35 5.5000000000000009 0.3390804678201676 58.848993301391609 86.240703582763686 1.0492028594017031 -0.00043835354153998191 66.996700286865249 8.5000000000000018 82.842723846435561 0.5847701132297517 -0.0067112604156136504 16.500000000000004 -0.10720207542181014 6.5000000000000009 -0.005274747032672166
decision_type=2 2 2 2 2 2 2 2 2 2 2 2 2 2 2 2 2 2 2 2 2 2 2 2 2 2 2 2 2 2
left_child=1 2 5 -4 -5 7 -7 -1 -9 10 15 -12 24 14 -14 16 17 18 19 -2 -11 -17 23 -20 25 -13 -19 -15 -29 -25
right_child=9 -3 3 4 -6 6 -8 8 -10 20 11 12 13 27 -16 21 -18 26 22 -21 -22 -23 -24 29 -26 -27 -28 28 -30 -31
leaf_value=0.0056286348745644126 -0.0081377856453763095 -0.065310463178274852 -0.051164846977760046 0.11765748766411777 0.027889568607463795 0.097050780572495887 0.016417273167487763 0.0062125069059748338 -0.054881649468818926 -0.00052852648382200967 0.031142990580622722 -0.010064285920135972 0.049150678887302381 0.035690476428501199 -0.096236553111207754 0.04897933536485944 -0.0070519922360326144 0.029453807556792246 -0.073170122602612894 -0.070167113036660067 0.04265023282379822 -0.07781568846619584 -0.0076379569577259875 0.053283266827879441 0.023290855664690361 -0.13731474749857428 -0.021729862699186919 0.0081665678487233637 -0.10716028756238022 0.01082184810004571
leaf_weight=455.63678345715971 92.033703403195204 14.573705561385166 14.021843198397162 24.184766319971459 34.576497429497067 13.203141763915481 290.05327765311017 24.855801066709319 36.902445410795735 14607.104791254889 373.42648673797885 8.7040985273888509 4.6982623394433185 106.04478627766366 11.848187845547727 5.0640510767855202 874.60053410875389 192.883536769496 6.6288421803474185 27.370521697955155 39.517879482411445 22.487611440679757 136.07129848220393 59.643210316258319 7.6356139209819949 11.258236302295703 29.154425162247207 204.03526850933122 4.0324923396110526 75.589137896247848
leaf_count=12948 2671 140741 6146 906 220 156 2576 109 804 2383783 88450 87 24 195 84 527 20261 2248 108 429 67996 498 1054 361 859 150 393 6513 17 269
internal_value=0.000792966 0.00987573 0.0111738 0.0431914 0.0661865 0.00828508 0.0202353 0.00125526 -0.0305859 0.000304404 0.00494069 0.0192173 0.00673465 0.0120583 -0.0545063 -0.00193289 -0.000944618 0.00767689 -0.000735081 -0.0228212 -0.000409123 -0.0536113 0.00880126 0.0245126 -0.0552407 -0.0849572 0.0226659 0.0157265 0.00542958 0.0298028
internal_weight=17807.8 908.008 893.435 72.7831 58.7613 820.651 303.256 517.395 61.7582 16899.8 2253.21 731.683 358.257 330.659 16.5465 1521.53 1493.98 619.375 397.337 119.404 14646.6 27.5517 277.932 141.861 27.5979 19.9623 222.038 314.113 208.068 135.232
internal_count=2741583 164606 23865 7272 1126 16593 2732 13861 913 2576977 125198 96379 7929 6833 108 28819 27794 7533 4892 3100 2451779 1025 1792 738 1096 237 2641 6725 6530 630
is_linear=0
shrinkage=0.06


Tree=174
num_leaves=31
num_cat=0
split_feature=0 1 7 2 10 14 10 7 9 10 6 16 6 6 7 6 0 6 5 2 9 16 9 7 17 7 17 7 16 5
split_gain=38.8384 18.8741 18.6164 25.2473 20.7555 31.1849 46.2065 42.8285 58.1936 32.215 29.2566 25.3961 24.9668 24.9373 23.1175 24.4142 33.9131 28.53 22.1965 27.3462 25.7791 21.8672 21.4656 23.9774 21.3142 20.7337 20.4163 28.9389 23.2057 34.5724
threshold=0.99988952279090892 17.500000000000004 1.8965213894844057 -0.016607834957540032 0.092329546809196486 2.5000000000000004 0.0745370388031006 0.63824188709259044 23.278391838073734 0.061553031206130988 3.3639423847198491 81.557067871093764 6.8383300304412851 7.9585366249084482 0.55332806706428539 3.0033818483352666 0.34205599129199987 2.9998129606246953 0.00023179592244559902 -0.97785523533821095 43.365068435668952 91.779277801513686 50.471738815307624 0.0057773799635469922 81.934734344482436 2.1401023864746098 76.759410858154311 0.00038225078606046742 82.480819702148452 0.57806041836738598
decision_type=2 2 2 2 2 2 2 2 2 2 2 2 2 2 2 2 2 2 2 2 2 2 2 2 2 2 2 2 2 2
left_child=1 2 4 -4 5 6 11 8 26 -10 -11 13 18 -1 15 17 -17 -13 -12 -20 -21 -16 -22 -24 -14 -5 27 -7 29 -28
right_child=-2 -3 3 25 -6 7 -8 -9 9 10 12 14 24 -15 21 16 -18 -19 19 20 22 -23 23 -25 -26 -27 28 -29 -30 -31
leaf_value=-0.0023672586353301753 0.052024503730028406 -0.057273289820651913 -0.0024592820249872698 -0.11901917137966804 0.00034440800543543323 -0.076260114386824743 0.06695929759550058 0.0030168865141110609 -0.030410420847089423 0.027362092717725377 0.07377141735297954 -0.0012717075276096686 0.13309909074753887 0.10470629986251517 -0.077016438874984813 -0.088011026912024837 0.010718717017843058 0.10642926464150677 -0.06643883468945129 -0.10435039318493708 0.080379106673702586 -0.016207548405678507 0.032895879705136834 -0.084385115967484631 -0.073862265870794211 -0.023003474682940485 -0.07197279356720919 0.10898324684198225 0.037920328418694721 0.041281092790705007
leaf_weight=480.47303256864234 51.646237547596684 19.394812724724034 3377.0955837467377 7.8133235082386809 11495.845009553068 2.7505238847343234 30.083519263109338 1188.8554960671754 77.6610511162271 180.20025417330589 6.9948601798914742 42.522373965182396 5.9834963877115106 6.9599474203589571 46.059427824791101 23.273899175370389 25.479154347442091 10.175588983990563 39.832951321144265 5.9767151723535781 12.992993776686488 40.093242007400477 15.49354697479612 9.1571300319046696 1.6866467346180796 115.46065103172759 17.190291997345412 23.391127013541791 342.10452385783537 19.846541976090521
leaf_count=101698 108353 1751168 22171 203 495657 46 12661 163249 28044 20896 6443 1500 739 573 7572 1868 167 149 8853 32 30 3768 39 59 256 673 150 178 4317 207
internal_value=0.000566527 0.000413197 0.000479821 -0.00343741 0.00144895 0.00622913 -0.00457973 0.0101377 0.0212397 0.00351851 0.0130609 -0.00786225 -0.0132152 -0.000627137 -0.0265576 -0.00701297 -0.0372349 0.0211193 -0.0223178 -0.0311499 0.00184177 -0.0492282 0.020966 -0.0122625 0.0843187 -0.0299979 0.0367581 0.0874011 0.0330456 -0.0117948
internal_weight=17722.5 17670.8 17651.5 3500.37 14151.1 2655.24 705.12 1950.12 761.263 355.98 278.319 675.037 98.1183 487.433 187.604 101.451 48.7531 52.698 90.4482 83.4533 43.6204 86.1527 37.6437 24.6507 7.67014 123.274 405.283 26.1417 379.141 37.0368
internal_count=2741719 2633366 882198 23047 859151 363494 129956 233538 70289 65391 37347 117295 16451 102271 15024 3684 2035 1649 15456 9013 160 11340 128 98 995 876 4898 224 4674 357
is_linear=0
shrinkage=0.06


Tree=175
num_leaves=31
num_cat=0
split_feature=4 5 9 5 8 4 17 8 8 5 1 1 8 5 10 10 2 17 17 5 2 5 3 2 6 6 8 8 8 16
split_gain=24.7016 29.7551 26.7907 27.5687 43.0258 24.4143 36.1358 40.8859 39.9593 36.2831 33.8748 30.4649 30.0699 40.2719 30.0426 29.1555 27.7083 26.4972 24.3209 25.3236 24.0064 30.2943 29.6846 23.6811 25.6274 31.9963 26.7466 23.4676 23.4112 23.1356
threshold=-0.61291360855102528 0.99958303570747387 84.248119354248061 0.71638363599777233 53.093112945556648 -0.12251034751534461 53.45238113403321 65.030120849609389 65.240276336669936 0.87587347626686107 6.5000000000000009 4.5000000000000009 93.127067565917983 0.9047992229461671 0.37268517911434179 0.4463601559400559 -0.89004525542259205 36.939571380615241 86.038963317871108 0.49479787051677709 -0.97785523533821095 0.41130582988262182 2.5000000000000004 -0.99937295913696278 3.6961218118667607 4.0446970462799081 77.525508880615249 60.640108108520515 76.028167724609389 99.206348419189467
decision_type=2 2 2 2 2 2 2 2 2 2 2 2 2 2 2 2 2 2 2 2 2 2 2 2 2 2 2 2 2 2
left_child=2 5 3 4 -1 6 15 -8 -9 10 11 16 -11 -14 -15 27 -10 -17 19 -13 -12 22 -22 -20 -25 28 -27 -2 -26 -4
right_child=1 -3 29 -5 -6 -7 7 8 9 12 20 18 13 14 -16 17 -18 -19 23 -21 21 -23 -24 24 25 26 -28 -29 -30 -31
leaf_value=0.15529945767922132 0.10639571263847507 0.034395195181474263 -0.053267150454539787 -0.046033273610434237 -0.054733656969931668 -0.00052478487502926176 -0.027781756639437053 0.12703747813986027 -0.03312303855838486 0.00051378344104371487 -0.054113783848433759 -0.066385047870559238 0.042316867054071845 -0.09459864646966186 0.077067936238495144 0.036419441090366975 0.028214452914534775 -0.070196572759427589 0.12601764729721746 0.069395485942823701 -0.053514625967186522 0.033093654091019283 0.12230405782874644 -0.076139841201850009 -0.074808779092039868 0.01118028055739639 -0.068990034520984664 -0.060240627622656952 0.048080881335467174 0.075766326429217448
leaf_weight=5.6478147702334791 28.710335828209057 90.375774290787376 6.4839415152578121 105.99867101167911 6.6465884564929638 16363.27600620802 117.78490019490937 9.3193009733536183 28.862161360069877 306.06757207946794 7.6046266822511361 5.5005519645310441 12.557054549455641 35.572995014430489 3.3319125946145496 50.555621118779072 245.6694865688969 9.0694484153304966 2.8231529594622762 21.212130199924559 3.3692807254474273 93.683997316311888 27.136800894892986 27.606272098430054 5.6931185557623385 23.819892295636237 38.274769655108685 2.7480806609742094 34.707511568645714 14.776487739849472
leaf_count=6629 19853 148859 25765 1471643 6089 1018160 21479 215 660 1453 13867 219 23 289 5 737 757 472 201 104 74 786 774 622 61 100 247 590 156 305
internal_value=4.54515e-05 0.000245566 -0.0250079 -0.0361431 0.0461755 6.73017e-05 0.00854648 0.00538215 0.00959497 0.00827369 0.0177144 0.0095783 -0.00667852 -0.0486488 -0.0783338 0.0445905 0.0216691 0.0193119 -0.0112199 0.0400496 0.044243 0.0506499 0.101803 -0.0217452 -0.0258884 -0.0117486 -0.0385464 0.0904316 0.029375 0.035789
internal_weight=17734.9 17595.3 139.554 118.293 12.2944 17505 1141.68 1050.6 932.813 923.493 565.964 434.169 357.53 51.462 38.9049 91.0835 274.532 59.6251 159.637 26.7127 131.795 124.19 30.5061 132.925 130.102 102.495 62.0947 31.4584 40.4006 21.2604
internal_count=2741194 1230763 1510431 1484361 12718 1081904 63744 42092 20613 20398 18628 3127 1770 317 294 21652 1417 1209 1710 323 15501 1634 848 1387 1186 564 347 20443 217 26070
is_linear=0
shrinkage=0.06


Tree=176
num_leaves=31
num_cat=0
split_feature=0 7 13 17 8 9 9 2 9 8 6 2 17 10 10 14 7 8 0 1 6 10 7 10 6 6 7 0 14 0
split_gain=33.4336 22.574 32.1954 42.3155 34.6518 45.4231 26.79 40.1668 38.7834 26.6283 31.9593 26.2224 25.5696 24.1992 23.8832 25.4311 23.7253 27.8203 22.5487 22.3697 22.2929 21.7247 37.8751 45.261 29.5559 82.3725 28.2251 23.3051 34.4528 21.8721
threshold=0.99977904558181774 7.825135980965571e-05 1.0000000180025095e-35 38.196554183959968 86.70682525634767 94.053512573242202 64.722881317138686 -0.89004525542259205 64.418151855468764 30.053763389587406 5.1965363025665292 -0.016607834957540032 68.857757568359389 0.37797619402408605 0.8441295623779298 36.500000000000007 0.054103799164295203 93.957649230957045 0.03805800527334214 2.5000000000000004 5.8539156913757333 0.43167701363563543 0.054103799164295203 0.38675214350223547 6.0822477340698251 6.0014672279357919 0.0068542195949703464 0.69954499602317821 17.500000000000004 0.34205599129199987
decision_type=2 2 2 2 2 2 2 2 2 2 2 2 2 2 2 2 2 2 2 2 2 2 2 2 2 2 2 2 2 2
left_child=1 -1 14 13 6 18 8 -8 20 -9 -11 -12 -10 19 15 21 17 -17 -6 -4 -5 22 27 -24 25 -23 -27 -3 -29 -26
right_child=-2 2 3 4 5 -7 7 9 12 10 11 -13 -14 -15 -16 16 -18 -19 -20 -21 -22 24 23 -25 29 26 -28 28 -30 -31
leaf_value=0.0037050904463120939 0.043731077094573592 0.0032808079888584215 0.058661585916127405 -0.017369797213803502 -0.079225397222180222 -0.05119667931300758 -0.0742308819391609 0.020450077284609965 0.18637245426879004 -0.022346857960049055 -0.09825708544863905 -0.0046567540901135606 -0.09900426683567766 0.0098043955871464188 -0.032160241943106432 0.01380356511865778 0.066709158919278894 -0.035324044402036743 0.028616330252731248 -0.077665368865255754 0.0477594055961168 -0.0052944006514786986 -0.0013792002717267627 -0.074606395280203797 0.049830193657896739 -0.12620228455828397 -0.007392111922443211 0.025768502587822803 -0.0010678181543545518 0.006096387391694328
leaf_weight=4151.5286609131908 61.687215642697993 1702.5414319402325 4.6743068266905565 140.93389112833461 6.4353916430466134 37.44834762607934 65.472167683565885 42.923648140587375 4.8657886303426485 363.00669909600447 37.675569487277244 15.079124366922768 0.7337571951038625 365.25008406202915 83.741734820881902 475.81820978799078 26.567070889519528 44.497413954144577 126.07502092128652 19.955865240473258 20.853603915905751 3204.0007405308788 5659.7403991395777 29.551173898410525 49.628166627276187 26.473861869141956 9.9298337250409059 472.65803136292379 270.49005385593046 222.37142913149
leaf_count=247087 130428 608425 107 150551 2214 2387 7094 378 267 10813 431 1340 57 5083 2254 2389 130 1116 4516 35098 19010 51508 1426321 22095 3056 451 645 3929 1911 1323
internal_value=-9.54619e-06 -0.000164618 -0.00135223 -0.0105163 -0.0179323 0.006311 -0.023891 -0.0305537 -0.0029698 -0.0241713 -0.0288161 -0.0720872 0.139642 0.00587438 -0.000417445 -0.000196838 0.0124363 0.00954247 0.0228248 -0.0505139 -0.00873315 -0.00079102 0.000911745 -0.0017726 -0.00473388 -0.00632955 -0.0948585 0.00715438 0.0160123 0.0142292
internal_weight=17742.6 17680.9 13529.4 1251.38 861.503 169.959 691.544 524.157 167.387 458.685 415.761 52.7547 5.59955 389.88 12278 12194.3 546.883 520.316 132.51 24.6302 161.787 11647.4 8134.98 5689.29 3512.4 3240.4 36.4037 2445.69 743.148 272
internal_count=2742414 2611986 2364899 239346 199058 9117 189941 20056 169885 12962 12584 1771 324 40288 2125553 2123299 3635 3505 6730 35205 169561 2119664 2062681 1448416 56983 52604 1096 614265 5840 4379
is_linear=0
shrinkage=0.06


Tree=177
num_leaves=31
num_cat=0
split_feature=6 0 14 5 14 16 6 6 6 16 4 1 0 5 16 1 9 10 16 6 7 3 8 8 6 1 1 10 5 16
split_gain=40.9622 38.5895 34.7369 42.6529 36.5452 24.2581 22.0348 33.7769 29.3691 33.1926 30.2994 29.4897 27.799 25.2989 26.9981 26.269 50.6069 40.2098 37.7455 24.3538 47.9752 31.5105 26.7497 33.916 30.565 22.9681 22.872 40.6581 38.473 37.5857
threshold=0.92558395862579357 0.9996677339076997 3.5000000000000004 0.71638363599777233 7.5000000000000009 58.198925018310554 1.9994091987609866 2.1229374408721928 1.450055778026581 18.465909004211429 -0.74363002181053151 5.5000000000000009 0.0052573319990187892 0.0021058855345472698 64.400920867919936 2.5000000000000004 69.255905151367202 0.069366481155157103 79.622642517089858 2.9935092926025395 0.0016065154923126104 7.5000000000000009 67.962265014648452 93.395641326904311 2.7487835884094243 2.5000000000000004 8.5000000000000018 0.29520697891712194 0.57806041836738598 34.891304016113288
decision_type=2 2 2 2 2 2 2 2 2 2 2 2 2 2 2 2 2 2 2 2 2 2 2 2 2 2 2 2 2 2
left_child=2 6 3 -1 -4 -6 8 12 9 -2 -10 -12 -8 14 25 -15 17 -17 -19 20 -9 -22 -23 -24 -25 -11 -21 -28 29 -29
right_child=1 -3 4 -5 5 -7 7 19 10 13 11 -13 -14 15 -16 16 -18 18 -20 26 21 22 23 24 -26 -27 27 28 -30 -31
leaf_value=-0.075158255311067304 -0.09768125369183947 0.044736184099584464 0.015785330671952445 0.0014269993654146297 0.031504334086286091 -0.021978100599543304 -0.05416362268740068 0.014994816229883953 0.085122336525409084 0.043337467258699455 0.013191807619694599 -0.069686952845309222 -0.0078379797186304175 0.0017000805410454019 0.062762524930556868 -0.07693879138618534 -0.076647096223247432 -0.051212856697541748 0.049784550443915401 -0.0001635835740459853 -0.0073618218440887557 -0.066573212354819306 0.05082402481632492 -0.094480207957116591 0.045559556834307839 -0.065331032244708029 -0.032574301128670734 -0.034571458287431758 -0.043495355816242677 0.035486511952657687
leaf_weight=66.159600180922553 11.4973650702575 69.742565644206479 160.32416875138074 42.843609531585344 32.261396722278278 387.97802996712153 47.37722975158249 1094.9835671394565 19.802059183135498 12.596113579219493 981.10373984886701 14.723969421041145 1325.0062570003156 1007.9576451995674 44.987527730032525 17.581507627782003 46.075690477712214 17.319617618116581 48.508970603392299 10803.592039494304 850.1212916117629 9.4305067993318499 86.619889906415438 11.617794682964815 9.2777225454005912 13.497701067896285 214.5079934639316 34.994295878134835 44.388720874702813 118.1642080640604
leaf_count=43918 2230 138215 26631 59715 497 9808 230296 72892 62024 372 8904 40270 11847 9326 7605 40236 7480 41541 6520 190616 93526 58633 17207 2932 1263 37028 1440808 13639 46377 19850
internal_value=-6.91458e-05 0.000514225 -0.0143934 -0.0453172 -0.00851939 -0.0178073 0.000328938 -0.000517889 0.0058759 -0.000399957 0.0134077 0.0118977 -0.0094755 0.000605529 0.0350765 -0.00157756 -0.0269092 0.00114848 0.0228432 0.000408614 0.00639984 -0.00333746 0.0257315 0.0343667 -0.0330608 -0.0132107 -0.000693374 -0.0145498 0.0050877 0.019359
internal_weight=17645 16955.5 689.567 109.003 580.564 420.239 16885.7 14650.1 2235.65 1220.02 1015.63 995.828 1372.38 1208.52 71.0813 1137.44 129.486 83.4101 65.8286 13277.7 2062.05 967.067 116.946 107.515 20.8955 26.0938 11215.6 412.055 197.547 153.159
internal_count=2742206 2601637 140569 103633 36936 10305 2463422 2199886 263536 152338 111198 49174 242143 150108 45005 105103 95777 88297 48061 1957743 246453 173561 80035 21402 4195 37400 1711290 1520674 79866 33489
is_linear=0
shrinkage=0.06


Tree=178
num_leaves=31
num_cat=0
split_feature=0 4 1 5 9 14 6 7 17 15 2 6 3 6 5 8 6 8 5 6 9 2 6 0 7 17 9 5 17 11
split_gain=30.8743 15.951 19.1301 43.7689 45.5891 36.8666 30.907 27.1646 44.8392 44.6032 32.9949 27.1345 40.8836 25.1093 24.356 24.3034 21.9827 20.7565 24.5861 21.9818 27.8627 18.9226 18.6082 18.586 18.4818 87.6092 40.82 40.069 25.4365 25.9971
threshold=0.9996677339076997 -0.066907644271850572 3.5000000000000004 0.96463587880134594 84.248119354248061 7.5000000000000009 7.357795476913453 1.8965213894844057 94.59064102172853 1.0000000180025095e-35 -0.51479646563529957 1.0059807300567629 10.500000000000002 3.2014797925949101 0.6510990858078004 60.107526779174812 0.97775015234947216 92.40384674072267 0.9047992229461671 3.7399325370788579 72.240142822265639 -0.25812765955924982 1.9328965544700625 0.0025836817221716051 0.14056493341922763 88.117645263671889 57.20390701293946 0.83325815200805675 49.56140327453614 1.0000000180025095e-35
decision_type=2 2 2 2 2 2 2 2 2 2 2 2 2 2 2 2 2 2 2 2 2 2 2 2 2 2 2 2 2 2
left_child=1 2 5 6 -5 7 17 8 15 10 -9 16 13 -13 -14 -1 -11 23 19 -19 -21 -6 -16 -4 26 -26 27 28 -3 -30
right_child=-2 24 3 4 21 -7 -8 9 -10 11 -12 12 14 -15 22 -17 -18 18 -20 20 -22 -23 -24 -25 25 -27 -28 -29 29 -31
leaf_value=0.013457090517293309 0.040134838783259214 -0.073397639379181631 -0.05543912102420636 -0.058054945685748982 -0.058748880388721121 -0.045241934695527612 -0.049399059493194099 -0.071812871808089887 0.046706808591890359 -0.059521295963453659 0.048045008450606413 -0.11258752417723794 -0.072419200128767583 0.036849009485258655 -0.065981393330318966 -0.065084316737377773 0.065467965240048109 0.029988733928625329 -0.047487690082919691 -0.028774840847798709 0.073249882352949339 0.053541221301009405 0.048400337390899634 0.018188244716170608 -0.037264898938928162 -0.0016938372945195937 -0.00057985635299280319 0.036331618777397691 0.0060907442180065559 0.072503749210547877
leaf_weight=31.881095177850057 68.452698466335278 13.221687946392192 11.558783608151769 64.691987069893912 5.9831417438053931 69.934093602299299 27.644653484661603 9.0540687505381339 92.046453021626803 6.8522403178039921 47.286934309038315 35.425495497339398 14.073677549953571 4.0770077417837447 5.7345717156131313 24.158654473948673 13.525963263737138 72.892480675719071 37.134624037371623 70.535528550949948 10.165837193373589 24.299213856505503 21.019801198172445 964.82909699981974 265.06613847695007 3949.0649996996508 10310.787625899098 186.03895666671451 1111.4986953504826 20.644126677376789
leaf_count=6133 140925 230285 143068 1387174 23078 3138 4013 536 2740 170 320 200 154 7 71 2958 30 2976 1426 3391 17 987 92 11537 1543 10163 296373 3848 461108 4097
internal_value=0.000209707 5.1443e-05 0.00563669 0.00910374 -0.029898 -0.00627778 0.0122265 0.00277102 0.0211351 -0.0145691 0.0278672 -0.0383505 -0.0539058 -0.0966354 -0.0112416 -0.0209494 0.0226216 0.0137272 -0.00435778 0.00630953 -0.0151837 0.0301863 0.0223896 0.0172608 -0.000535288 -0.00393954 0.000697185 0.01058 0.00636917 0.00736467
internal_weight=17589.6 17521.1 1664.81 1289.74 94.9743 375.07 1194.76 305.136 148.086 157.05 56.341 100.709 80.3306 39.5025 40.8281 56.0397 20.3782 1167.12 190.728 153.594 80.7014 30.2824 26.7544 976.388 15856.3 4214.13 11642.2 1331.4 1145.36 1132.14
internal_count=2742558 2601633 1594216 1577667 1411239 16549 166428 13411 11831 1580 856 724 524 207 317 9091 200 162415 7810 6384 3408 24065 163 154605 1007417 11706 995711 699338 695490 465205
is_linear=0
shrinkage=0.06


Tree=179
num_leaves=31
num_cat=0
split_feature=0 5 10 16 9 16 6 6 7 7 16 4 7 16 8 14 8 16 8 17 16 1 7 8 6 16 16 8 10 14
split_gain=26.3625 24.8656 46.4554 27.2838 25.7491 32.5457 23.9055 32.2497 25.5007 30.7553 23.2877 22.2909 25.3197 40.8905 53.3038 39.4481 37.6818 24.1654 23.0038 22.7119 22.6006 22.2823 21.8582 40.6955 42.3173 35.5372 32.8279 29.6873 23.6527 22.3533
threshold=0.99988952279090892 0.17076727002859118 0.042572464793920524 15.587044239044191 40.729652404785163 78.346122741699233 3.9994803667068486 5.8953206539154062 1.8748372895061042e-05 0.023711605928838256 60.990337371826179 -0.00026378255279269064 0.0039138230495154866 92.450141906738295 30.341388702392582 7.5000000000000009 29.459980010986332 34.891304016113288 85.880397796630874 63.286264419555671 52.506265640258796 3.5000000000000004 0.0022871553665027027 64.051280975341811 5.7290852069854745 55.245780944824226 37.966537475585945 63.510736465454109 0.067816093564033522 30.500000000000004
decision_type=2 2 2 2 2 2 2 2 2 2 2 2 2 2 2 2 2 2 2 2 2 2 2 2 2 2 2 2 2 2
left_child=1 2 6 -3 5 -4 8 -8 10 21 -1 12 19 14 16 18 17 -14 -15 20 -6 -10 29 24 27 26 -26 -24 -25 -13
right_child=-2 3 4 -5 11 -7 7 -9 9 -11 -12 22 13 15 -16 -17 -18 -19 -20 -21 -22 -23 23 28 25 -27 -28 -29 -30 -31
leaf_value=-0.019299132903829983 0.047353777779149848 0.02620170436232315 -0.028513893643961317 0.00092768936678107327 0.014030287484145924 0.038162710844134605 0.0075238123413087221 -0.075865986755309839 -0.072361032634262176 -0.07796038910759874 -0.11994599030785454 -0.0049039095130197921 -0.05889176378743121 0.10409684981456538 -0.051272418342225332 -0.018304797055065374 0.13905818205125578 0.054346173776726542 0.01741605430657537 -0.048290890433501397 0.14646532506963261 0.0066846531040334872 -0.015262383156532746 0.036538108933722051 0.015852277943892712 -0.058758122994270516 0.17409393508442608 0.10840290989086609 -0.041682635748680884 0.016043346798303468
leaf_weight=12.862288250699292 41.694298247413826 154.43252366371235 33.859303752361939 14353.606239951885 7.5568267985982009 108.89970332572238 90.904950414270388 19.414475830969423 15.031710285308689 32.387350530590993 24.675481114688864 1977.1911869070364 11.681355047766376 29.88757372553664 61.713238226403064 25.934156611595881 9.0748840564433504 13.590996586890013 17.863007827203546 4.0048026567455954 12.044159059803858 63.781855626901688 137.90016005126063 14.229205172513501 8.1140879156346326 4.9860514477186362 11.055714408677884 6.3645756662808699 194.77802771326606 201.15972729513669
leaf_count=11527 108317 15294 85107 1669973 75478 6572 64906 24641 863 9347 2499 392119 6720 3023 77506 2649 1619 4640 2566 38126 19587 112379 2331 164 155 136 109 38 2257 2251
internal_value=0.000263043 0.000149183 -0.00468112 0.00119851 -0.00249585 0.0222601 -0.028972 -0.00770116 -0.0445918 -0.0296782 -0.0868551 -0.00378903 0.0158031 0.007511 -0.0182188 0.040849 0.0409405 0.00175612 0.0726928 0.0727018 0.0985667 -0.00910906 -0.00527683 -0.0185878 0.00336423 0.0751943 0.111221 -0.00909791 -0.0362087 -0.00296306
internal_weight=17700.7 17659 3150.95 14508 2891.89 142.759 259.058 110.319 148.739 111.201 37.5378 2749.13 193.351 169.745 96.0605 73.6847 34.3472 25.2724 47.7506 23.6058 19.601 78.8136 2555.78 377.428 168.421 24.1559 19.1698 144.265 209.007 2178.35
internal_count=2742899 2634582 949315 1685267 723153 91679 226162 89547 136615 122589 14026 631474 231914 98723 90485 8238 12979 11360 5589 133191 95065 113242 399560 5190 2769 400 264 2369 2421 394370
is_linear=0
shrinkage=0.06


Tree=180
num_leaves=31
num_cat=0
split_feature=0 2 2 17 6 14 6 6 14 14 6 10 16 6 10 7 8 2 6 6 9 9 2 5 5 4 8 10 5 14
split_gain=30.499 12.5387 15.6593 13.3487 10.8031 18.875 10.7024 36.2406 46.693 36.8208 36.2545 71.0503 71.885 33.7685 80.0394 39.4098 39.366 38.0503 37.6124 32.7202 39.6149 40.7743 29.4795 29.2997 36.24 38.814 29.228 72.9004 48.0528 31.235
threshold=0.99977904558181774 -0.99985226988792408 -0.99983397126197804 44.671201705932624 1.0000000180025095e-35 26.500000000000004 4.148522377014161 4.9957077503204355 31.500000000000004 2.5000000000000004 5.0018389225006112 0.1490740776062012 47.722568511962898 3.9994803667068486 0.21132376790046695 0.00013330825458979237 21.483516693115238 -0.74151420593261708 4.0002548694610605 4.0023920536041269 98.192703247070327 86.180370330810561 -0.91912096738815297 0.022658575326204303 0.31739783287048345 -0.090820938348770128 42.923898696899421 0.37268517911434179 0.1185344345867634 1.5000000000000002
decision_type=2 2 2 2 2 2 2 2 2 2 2 2 2 2 2 2 2 2 2 2 2 2 2 2 2 2 2 2 2 2
left_child=1 -1 3 -3 5 -4 13 8 9 26 11 -9 -13 -6 23 19 -17 18 -18 20 21 -16 -21 -15 25 -25 -8 29 -29 -28
right_child=-2 2 4 -5 6 -7 7 10 -10 -11 -12 12 -14 14 15 16 17 -19 -20 22 -22 -23 -24 24 -26 -27 27 28 -30 -31
leaf_value=-0.056046142185822101 0.045349832306937829 0.090294939253670506 -0.02362924036888743 -0.044281353990343233 -0.00011785675061954462 0.12030079917561032 -0.070896951024380234 0.0209348052208214 0.032024306932012025 0.007601728210604594 1.264978138243398e-05 0.016915590950113569 -0.074615981461827158 -0.044691307000405779 -0.024795603194487276 0.056787607596775785 0.052087957773794311 -0.010023470473477415 -0.075009859143854898 -0.086189737869872232 0.015163037178970893 -0.11557859058498407 -0.012410896134146551 0.13784546798080335 0.0030879523609394209 0.027897129904327949 0.020824101796125236 0.21381114471750662 0.010608809404517375 -0.05326161876613867
leaf_weight=13.427151871808745 52.23445954190538 10.880597811558571 5.5737284691967925 2.7525501781067296 10689.695508703384 6.1134017813019454 35.078049860493365 80.205834378480176 263.4509178649605 1547.3261764939414 3457.1207261417558 42.689719051022848 107.77226920369935 36.034778443623509 26.902691318387042 25.933147712455821 8.971356975600882 355.78933909010448 60.951935505012443 22.508925744361932 16.12038681586273 55.808755475387443 117.20430449733976 12.868111813482299 409.18134658187341 74.967019119146698 29.700520527662547 6.9270884329803293 9.1202563956430804 61.999491210702445
leaf_count=1581067 130141 11120 43 39581 696984 7 6733 3221 1785 65857 139887 1230 2356 7964 317 795 330 3437 10943 799 358 694 1397 539 25113 721 3212 115 251 5566
internal_value=3.56947e-06 -0.000133635 -8.77442e-05 0.0619545 -0.00013942 0.0552068 -0.00017941 0.00197324 0.00857827 0.00490686 -0.00152715 -0.0245053 -0.048706 -0.00119888 -0.0106379 -0.0241117 -0.0136407 -0.018054 -0.0581983 -0.0437972 -0.0700993 -0.0866995 -0.0248253 0.00682033 0.0106373 0.0453753 -0.0241383 -0.0084037 0.105721 -0.0293004
internal_weight=17645.3 17593.1 17579.6 13.6331 17566 11.6871 17554.3 5641.39 1953.6 1690.15 3687.79 230.668 150.462 11912.9 1223.24 690.191 451.646 425.713 69.9233 238.545 98.8318 82.7114 139.713 533.051 497.016 87.8351 142.825 107.747 16.0473 91.7
internal_count=2742563 2612422 1031355 50701 980654 50 980604 230213 83519 81734 146694 6807 3586 750391 53407 19070 15505 14710 11273 3565 1369 1011 2196 34337 26373 1260 15877 9144 366 8778
is_linear=0
shrinkage=0.06


Tree=181
num_leaves=31
num_cat=0
split_feature=0 6 1 14 9 6 6 5 0 10 0 9 9 1 6 8 8 16 16 5 9 10 7 15 6 8 6 5 17 2
split_gain=27.8705 20.503 28.6722 21.6712 46.428 25.3256 23.6871 37.5198 20.1809 18.9202 18.3557 18.2928 24.9552 15.6049 15.3403 26.1579 17.5852 16.8895 15.6164 15.181 14.7791 22.3501 14.5146 14.2882 12.5797 23.856 18.5337 28.9998 15.8824 28.7201
threshold=0.99988952279090892 0.17130543291568759 2.5000000000000004 6.5000000000000009 99.80237197875978 0.00073225295636802923 0.017697479575872425 0.71638363599777233 0.91612541675567638 0.39009661972522741 0.0089481566101312655 94.053512573242202 92.908306121826186 17.500000000000004 0.017697479575872425 91.024166107177749 78.319625854492202 63.007518768310554 69.309261322021499 0.71638363599777233 94.602687835693374 0.5847701132297517 1.5949402950354855e-05 1.0000000180025095e-35 0.97775015234947216 28.718704223632816 0.9990660846233369 0.1185344345867634 26.846846580505375 -0.98431745171546925
decision_type=2 2 2 2 2 2 2 2 2 2 2 2 2 2 2 2 2 2 2 2 2 2 2 2 2 2 2 2 2 2
left_child=1 3 22 6 5 8 10 -8 9 -5 -1 12 -11 -4 16 20 17 -7 -18 -13 -16 -22 -3 -6 25 -24 27 -26 -28 -30
right_child=-2 2 13 4 23 14 7 -9 -10 11 -12 19 -14 -15 15 -17 18 -19 -20 -21 21 -23 24 -25 26 -27 28 -29 29 -31
leaf_value=-0.057957246790300385 0.050769896537429998 0.020761086483431196 -0.00046982055000640725 -0.085862618627093698 -0.28475473494136366 0.0044810408685213472 -0.07710837764425954 0.026821266334047817 -0.067548486669190416 0.018158231117979887 0.02996275209452701 -0.071172223119313163 0.12676373911796501 -0.056869097668510241 -0.0092463269771924685 -0.059950247658492141 0.068897118034826954 -0.11931320692502745 -0.036590285475700694 0.036643240003120428 0.12753352361164477 0.0023180003267459469 -0.11874071016122133 -0.050777481338938384 0.092264969741974998 -0.003440697448990422 0.040416141381662121 0.010124902863022462 -0.073279086458819184 0.0058197295296217927
leaf_weight=8.4921992439813021 37.995761804355425 251.75618540459459 15331.738149745017 3.8111452617213208 2.1212376448092973 5.063115770843754 25.666792103806984 22.812521483183673 8.2044724699808267 17.624785949941725 91.72722489597345 7.1696148216724422 12.970904304645957 16.681516063172239 38.269676571217587 24.321603165660463 4.4093776586087179 16.224931649117025 102.79895514168334 10.116456434130667 7.6139083635062006 12.78840674436651 5.6151157857866556 2.0994835731689818 22.448926420942371 279.94792136624346 45.623820579160338 46.353724278169466 15.766975236875622 1162.4887076522982
leaf_count=58832 108299 6904 807846 119 202 239 11876 17537 150 52 563 76 30 1692063 1665 834 70 753 2217 17 7 110 151 102 103 2516 381 672 1562 26627
internal_value=0.00010184 -1.04056e-05 0.00031177 -0.013024 -0.0229562 -0.0194712 0.00541534 -0.0286494 0.014783 0.0288842 0.0220138 0.0395872 0.0667559 -0.000534819 -0.0291964 -0.00893655 -0.0421119 -0.0909901 -0.0316551 -0.00952127 0.0128607 0.0528225 0.00740862 -0.200388 0.00526688 -0.00611433 0.00778386 0.0378634 0.00606335 0.00470002
internal_weight=17640.7 17602.7 17178.4 424.307 275.608 271.387 148.699 48.4793 59.8974 51.6929 100.219 47.8818 30.5957 15348.4 211.49 82.9936 128.496 21.288 107.208 17.2861 58.672 20.4023 1830 4.22072 1578.25 285.563 1292.68 68.8027 1223.88 1178.26
internal_count=2742575 2634276 2538825 95451 6643 6339 88808 29413 444 294 59395 175 82 2499909 5895 2616 3279 992 2287 93 1782 117 38916 304 32012 2667 29345 775 28570 28189
is_linear=0
shrinkage=0.06


Tree=182
num_leaves=31
num_cat=0
split_feature=0 6 6 9 5 9 6 17 14 1 0 14 1 0 2 10 10 8 6 10 5 17 8 6 14 2 2 3 4 8
split_gain=24.2497 12.6248 59.2075 88.7454 51.7595 40.1313 42.9713 36.7525 35.7501 31.8613 30.5731 32.744 38.9297 46.8049 34.2408 67.8061 57.908 33.9401 27.0253 53.7633 39.5837 32.7237 42.7603 34.2032 30.6565 29.9508 36.1975 31.7459 43.6024 27.0576
threshold=0.99991801381111156 4.0736513137817392 3.9994803667068486 91.697994232177749 0.016370935365557674 98.192703247070327 4.0041313171386728 55.68475532531739 23.500000000000004 4.5000000000000009 0.91612541675567638 29.500000000000004 5.5000000000000009 0.34205599129199987 -0.74151420593261708 0.67543861269950878 0.55902779102325451 92.907444000244155 3.1692844629287724 0.23205128312110904 0.0056119766086339959 63.286264419555671 82.637680053710952 3.4490302801132207 3.5000000000000004 -0.96970340609550465 -0.98431745171546925 16.500000000000004 -0.090820938348770128 83.414241790771499
decision_type=2 2 2 2 2 2 2 2 2 2 2 2 2 2 2 2 2 2 2 2 2 2 2 2 2 2 2 2 2 2
left_child=1 2 18 4 -4 6 -5 -6 9 -8 11 -3 -13 14 15 16 -14 -18 -1 21 -21 23 24 -20 -23 26 29 28 -27 -24
right_child=-2 10 3 5 7 -7 8 -9 -10 -11 -12 12 13 -15 -16 -17 17 -19 19 20 -22 22 25 -25 -26 27 -28 -29 -30 -31
leaf_value=-0.0014730747044796461 0.051057859943471853 0.0026819554461894324 -0.067610184430147019 -0.082596712987700119 0.050744574487241283 -0.00056207808394227959 0.050964124328350235 -0.0032963155741973999 -0.001601628295580857 -0.080433829235923945 -0.0051126512068346 0.047269282624460111 -0.071040071245724853 -0.0014663212525895415 0.075876737226338836 -0.071431321916844745 0.091939483648193002 -0.061891627435739095 -0.083114828639725233 0.055898438219412976 0.010899279296847596 -0.054965763396284992 0.14123330273291759 0.067792225417989335 -0.011675233378027935 -0.055464713142430427 0.095485084466535655 0.05204352508195724 -0.0010412234495159902 -0.036048152457558456
leaf_weight=8269.8210800216912 32.543086813344416 3730.3350494826709 41.514854363162385 103.96538834751391 47.905859450236221 64.633877286739789 6.8996453454310531 614.31355051581954 70.642330480535747 52.34417639602998 1501.6476329211946 125.41642375290394 11.196198134247423 360.34631503920536 54.838367506861687 22.755083677300718 44.865695692074951 5.1182861775159827 5.4522388139978366 73.35667566862594 1343.7329788834493 95.637835567800721 2.6604542046341093 36.269245243789555 152.62434979512091 57.266144739528954 24.272432968467001 34.858456598704834 586.3421780426761 19.332581007420913
leaf_count=1248206 97562 825737 70634 1579 55260 3384 362 72983 752 1098 30488 144 140 704 81 335 366 63 26498 11335 38115 62690 1434 123202 35192 938 345 154 1899 30951
internal_value=9.08797e-05 -6.47496e-06 -0.00114448 -0.0150819 -0.00343533 -0.0424378 -0.0539601 0.000683694 -0.0305825 -0.064539 0.00226756 0.004813 0.017517 0.00996142 0.0394334 0.0150105 0.047793 0.0752824 0.000162065 0.00572099 0.0132665 -0.00481925 -0.00706911 0.0465875 -0.0285056 0.000303276 0.0464857 -0.00290974 -0.00596218 -0.00939302
internal_weight=17592.9 17560.4 11703.8 1002.22 703.734 298.485 233.852 662.219 129.886 59.2438 5856.52 4354.87 624.536 499.12 138.774 83.9353 61.1802 49.984 10701.6 2431.81 1417.09 1014.72 972.994 41.7215 248.262 724.732 46.2655 678.467 643.608 21.993
internal_count=2742631 2645069 1787011 206052 198877 7175 3791 128243 2212 1460 858058 827570 1833 1689 985 904 569 429 1580959 332753 49450 283303 133603 149700 97882 35721 32730 2991 2837 32385
is_linear=0
shrinkage=0.06


Tree=183
num_leaves=31
num_cat=0
split_feature=0 5 14 9 10 9 8 14 8 17 2 5 6 17 4 2 0 2 6 6 10 10 2 6 8 9 8 8 6 6
split_gain=25.9095 18.8477 22.2615 23.7545 20.759 24.3841 31.7964 28.9787 22.9757 21.981 21.5204 30.43 24.9366 21.0381 39.6699 35.2015 28.6322 23.046 21.7829 20.7305 20.1526 43.5004 40.6645 42.732 39.8801 35.2514 34.9022 29.2588 29.0575 56.0122
threshold=0.99988952279090892 0.2359685152769089 39.500000000000007 96.636753082275405 0.54772728681564342 96.083908081054702 75.701915740966811 31.500000000000004 95.538970947265639 59.516963958740241 -0.74151420593261708 0.93470215797424328 5.0969426631927499 92.940196990966811 -0.68011146783828724 -0.94335177540779103 0.03805800527334214 -0.96970340609550465 7.0089135169982919 0.79617789387702953 0.83666664361953746 0.70294117927551281 -0.91912096738815297 1.7252347469329836 34.822496414184577 98.192703247070327 89.825496673583999 21.483516693115238 2.9353500604629521 2.9979834556579594
decision_type=2 2 2 2 2 2 2 2 2 2 2 2 2 2 2 2 2 2 2 2 2 2 2 2 2 2 2 2 2 2
left_child=1 2 20 -4 5 13 9 -8 -6 -7 -10 12 -12 14 -3 -15 19 -16 -19 -17 21 -1 24 -24 -23 -22 28 -25 -26 -30
right_child=-2 4 3 -5 8 6 7 -9 10 -11 11 -13 -14 15 17 16 -18 18 -20 -21 25 22 23 27 26 -27 -28 -29 29 -31
leaf_value=-0.0031672489016506856 0.051546581399760455 -0.058925668159557097 0.044529613221713185 -0.036049713968999676 -0.0013017236199683903 0.027926188335083178 0.070485544306113743 -0.092312742388847763 0.073706084547483633 -0.044244637505269697 -0.12873147355657455 -0.015779985056806625 -0.0036550434812131372 -0.050105588806623969 0.075624040170604451 0.12731910389007772 0.0015392887593360899 0.011552226052807176 -0.036020114218101147 -0.045544939366640121 0.10136212299956096 -0.055203731189291068 0.0083592681025806415 0.027362556438635183 -0.024978418519939184 0.0055269695503291178 -0.063693338337829405 -0.08867300496335305 0.16983427519501479 0.022796915644264826
leaf_weight=3304.5809820852628 34.482265144615667 28.715338387133215 62.198462499305606 15.827627190830752 4787.5693529361961 36.85297313461524 57.027951660329563 3.3770316322916178 5.8698357492685309 24.378420155089771 17.940274778753523 70.78945783713425 8.3183069378137571 46.524638194342515 18.721220218997587 9.7274300976221166 7521.0100962343467 1216.8373749603174 34.713976150378585 2.6901386366355373 16.088402751251124 40.461509536131416 27.820271738273732 8.2575339525938016 21.399560610123444 72.882342090830207 15.37459105812013 75.560167398303747 11.216742017684735 41.189624406011717
leaf_count=957118 108241 1154940 266 150 75284 507 979 137 3 734 79 11025 18 320695 34057 15652 41434 10020 322 7791 37 595 234 13 284 216 265 468 49 816
internal_value=0.000326772 0.000223521 -0.00357333 0.0279347 0.00123854 0.00294816 0.0295207 0.0600289 -0.00190783 -0.00105686 -0.0298193 -0.0367688 -0.0906969 0.00258084 0.00963295 0.0013712 0.00169572 0.0112279 0.010205 0.0892665 -0.00425718 -0.00496745 -0.0295083 -0.0558834 -0.0065421 0.0237906 0.0159032 -0.0770536 0.0331138 0.0568587
internal_weight=17638.4 17603.9 3712.86 78.0261 13891.1 9000.58 121.636 60.405 4890.49 61.2314 102.918 97.048 26.2586 8878.94 1298.99 7579.95 7533.43 1270.27 1251.55 12.4176 3634.83 3545.86 241.28 111.638 129.642 88.9707 89.1805 83.8177 73.8059 52.4064
internal_count=2742429 2634188 960511 416 1673677 1587268 2357 1116 86409 1241 11125 11122 97 1584911 1199339 385572 64877 44399 10342 23443 960095 959842 2724 715 2009 253 1414 481 1149 865
is_linear=0
shrinkage=0.06


Tree=184
num_leaves=31
num_cat=0
split_feature=0 16 9 14 5 5 7 11 6 10 7 8 8 6 7 14 9 8 5 16 6 8 5 6 10 5 0 5 7 14
split_gain=19.09 16.5931 40.2449 28.639 26.3639 21.5882 29.5899 28.0482 34.4279 26.9221 65.2528 39.3742 40.5847 37.8685 33.852 45.9237 39.0259 66.6928 54.4614 34.2415 33.619 40.0393 33.0144 32.9296 39.4445 32.708 32.7386 62.6143 39.8493 32.5969
threshold=0.99991801381111156 60.660173416137702 98.192703247070327 14.500000000000002 0.57806041836738598 0.17076727002859118 1.0000000180025095e-35 1.0000000180025095e-35 0.0030240638880059127 0.092329546809196486 0.1011839658021927 93.127067565917983 86.70682525634767 4.0267622470855722 0.00014640630979556593 3.5000000000000004 70.801959991455092 85.215545654296889 0.1185344345867634 99.206348419189467 2.9041168689727788 66.996700286865249 0.016370935365557674 2.9824775457382207 0.71008405089378368 0.022658575326204303 0.03805800527334214 0.085427075624465956 0.00057795949396677326 42.500000000000007
decision_type=2 2 2 2 2 2 2 2 2 2 2 2 2 2 2 2 2 2 2 2 2 2 2 2 2 2 2 2 2 2
left_child=1 3 5 -1 -4 6 -3 -7 -9 10 -8 12 14 22 15 -11 17 -16 20 -19 21 -18 -13 24 -22 -25 -27 -28 -29 -14
right_child=-2 2 4 -5 -6 7 9 8 -10 11 -12 13 29 -15 16 -17 18 19 -20 -21 23 -23 -24 25 -26 26 27 28 -30 -31
leaf_value=0.0034580908854052925 0.048156091759077722 -0.027684997162926068 -0.083296148499490713 0.034603897884858313 -0.016987344622268721 0.0019707098597038304 0.017017914987885036 -0.11107756150291903 -0.0067548091140524815 -0.035302527296726186 -0.075019570752597561 -0.036466594051925511 -0.044348654955813048 -0.045565666709941839 -0.040531383935007992 0.021409178194548961 0.017148857394991737 -0.067551206750673234 -0.063722818676215945 0.11980753445331077 0.024941034445863569 -0.060528968136738727 0.046576057167219846 -0.029726276867090281 0.19981329333220318 0.074206684189462135 -0.042056277198449434 -0.071933309122202957 0.099942289318559377 0.042797471389228556
leaf_weight=2944.3917791410327 29.391720827763493 199.40377290938977 22.633943968721724 109.28423848823559 264.26630322208257 11326.990043679441 372.76810411523502 10.506805869289108 1158.7071294810826 63.965914135642834 28.968133130872957 19.658216482006537 174.58982544860328 25.120820375550466 240.31825880236102 245.89353705402209 50.474344773649136 3.8830195675486729 41.408162790185088 13.82647013623864 11.612200177058641 43.787209074735074 109.25828705732101 40.909224681343403 7.1310557797551146 41.248587269016753 39.800531451590359 5.1673217527568367 25.899348415434361 16.156206427142024
leaf_count=1622351 97633 4416 146 2334 35398 706128 155443 224 31370 9850 5210 721 3891 824 50529 5742 1318 188 419 591 137 755 488 3212 13 770 364 45 105 74
internal_value=0.000643973 0.000562166 -0.000278965 0.00458369 -0.0224897 0.000167644 -0.00593335 0.00105723 -0.0077864 -0.0032436 0.0102115 -0.0076786 -0.0117783 0.0205876 -0.0062937 0.00962598 -0.0150188 -0.0321761 -0.00056141 0.077312 0.00947163 -0.0191913 0.0337298 0.0252211 0.0982236 0.0156997 0.0323912 0.00735841 0.0700025 -0.0367827
internal_weight=17687.4 17658 14604.4 3053.68 286.9 14317.5 1821.25 12496.2 1169.21 1621.84 401.736 1220.11 1066.07 154.037 875.325 309.859 565.466 258.028 307.438 17.7095 266.03 94.2616 128.917 171.768 18.7433 153.025 112.116 70.8672 31.0667 190.746
internal_count=2740689 2643056 1018371 1624685 35544 982827 245105 737722 31594 240689 160653 80036 78003 2033 74038 15592 58446 51308 7138 779 6719 2073 1209 4646 150 4496 1284 514 150 3965
is_linear=0
shrinkage=0.06


Tree=185
num_leaves=31
num_cat=0
split_feature=0 7 6 14 5 10 5 8 8 17 16 4 6 5 7 14 10 14 16 9 10 10 5 7 9 7 14 6 7 7
split_gain=21.0525 23.5642 21.9115 12.089 13.5453 14.9041 12.8391 10.9975 66.8114 22.8137 22.3653 21.2343 24.8183 22.1595 27.2911 19.5812 18.6783 30.7271 28.3174 21.9942 35.1198 36.0639 31.8427 42.835 36.4673 32.61 31.2984 36.5896 29.4235 26.9016
threshold=0.99740585684776317 0.98973253369331371 0.0051539160776883372 22.500000000000004 0.9995577633380891 0.94868421554565441 0.99930796027183544 42.462121963500984 42.163742065429695 55.245780944824226 1.0000000180025095e-35 -0.066907644271850572 7.0089135169982919 0.87587347626686107 0.46130828559398657 14.500000000000002 0.19292803853750232 1.5000000000000002 56.873315811157234 83.398952484130874 0.30217391252517706 0.31698563694953924 0.0029789878753945236 5.4522770369658255e-06 92.908306121826186 0.0081255468539893645 2.5000000000000004 2.0000146627426152 0.011774214450269939 0.00013959001080365854
decision_type=2 2 2 2 2 2 2 2 2 2 2 2 2 2 2 2 2 2 2 2 2 2 2 2 2 2 2 2 2 2
left_child=7 2 -2 -4 5 -5 -7 8 11 -10 -9 -1 13 14 15 16 17 -13 19 20 -18 -22 23 24 -21 26 27 -24 -27 -23
right_child=1 -3 3 4 -6 6 -8 10 9 -11 -12 12 -14 -15 -16 -17 18 -19 -20 22 21 29 25 -25 -26 28 -28 -29 -30 -31
leaf_value=0.028299884047310899 -0.1020899524006679 -0.10434132593407558 0.036102758561996136 -0.0009593235259020593 0.035969887732435382 -0.0099975766912058957 -0.26283759275735358 0.096446712323217915 0.002466528082358786 0.12153434165117975 -0.00056518730203114758 0.032795448405461732 -0.042109110347618196 0.016780738775051183 -0.11400563348631804 0.083664399537036846 -0.082879133088383045 -0.07216280772398069 0.027093022488637895 0.087058551900239547 0.088401987047033601 0.0012746026409164129 0.019413201436761292 -0.016554725494322565 -0.060563252348232226 0.075746912336891611 0.0010855455225290006 -0.035890474733761508 0.01023976176308369 -0.050578362501835346
leaf_weight=110.27366103186159 4.1781963955727397 4.5964701054144816 121.86137966841852 71.76362508359307 41.441226843471668 1.5696827173233026 0.48678100875986263 7.5599448803677651 7.7785885307349671 22.186100771255383 15353.882810474344 14.122951943196993 45.2184240085287 316.71225431235507 6.6146956980228415 8.9732272765954786 27.125327646474261 30.089717558748134 129.92865949418729 46.737701742045374 11.37838491586899 96.336821751085154 53.998019187177306 34.01642126663728 6.1768757296467802 29.535011906761156 565.11510373059127 201.65324234279524 131.13677262087367 56.483103270231823
leaf_count=532530 1244 665 58549 8945 102980 142 140 312 9283 5299 1628391 81706 9186 3163 30 13 68091 184717 5260 365 1272 5426 264 7176 130 503 2387 1709 2166 19999
internal_value=0.000276017 0.0176728 0.0204181 0.0229964 0.0089482 -0.00649928 -0.13626 2.79229e-05 0.00426933 0.0917032 -0.000511169 0.00285896 0.00129537 0.00242986 -0.000715349 -0.000117356 -0.000699623 -0.0386519 0.000534807 -0.00222381 -0.0209026 -0.0102244 0.00113761 0.0357284 0.0690225 -0.00195952 -0.00680375 -0.0241792 0.0226755 -0.0180948
internal_weight=17558.9 245.897 241.301 237.123 115.261 73.8201 2.05646 17313 1951.59 29.9647 15361.4 1921.63 1811.35 1766.13 1449.42 1442.81 1433.83 44.2127 1389.62 1259.69 191.324 164.198 1068.37 86.931 52.9146 981.438 820.766 255.651 160.672 152.82
internal_count=2742043 172665 172000 170756 112207 9227 282 2569378 940675 14582 1628703 926093 393563 384377 381214 381184 381171 266423 114748 109488 94788 26697 14700 7671 495 7029 4360 1973 2669 25425
is_linear=0
shrinkage=0.06


Tree=186
num_leaves=31
num_cat=0
split_feature=6 6 7 3 7 14 10 5 10 8 14 10 7 17 5 7 7 1 7 8 16 8 2 14 17 5 14 7 7 5
split_gain=20.4796 24.6781 39.4465 23.6008 22.4892 18.916 26.7527 17.3225 20.5891 23.6019 36.2596 42.5114 58.4574 57.8702 31.3268 37.4569 40.4434 33.5766 31.1408 28.8291 40.6198 34.0548 28.7435 27.9523 44.0669 41.2775 26.9292 36.8702 30.2553 26.576
threshold=6.9994382858276376 7.0988714694976816 0.0022871553665027027 11.500000000000002 0.0027778000803664331 39.500000000000007 0.43167701363563543 0.99641242623329174 0.28801843523979193 36.461387634277351 22.500000000000004 0.57518798112869274 0.0049877783749252566 97.220077514648452 0.085427075624465956 0.0008068600727710874 0.00076210941188037406 10.500000000000002 0.023711605928838256 68.457099914550795 40.370370864868171 40.175437927246101 -0.99684157967567433 11.500000000000002 38.196554183959968 0.9047992229461671 1.5000000000000002 8.2751699665095671e-05 7.825135980965571e-05 0.012415881268680097
decision_type=2 2 2 2 2 2 2 2 2 2 2 2 2 2 2 2 2 2 2 2 2 2 2 2 2 2 2 2 2 2
left_child=7 2 5 -3 -4 6 -2 8 -1 -10 11 12 13 14 15 16 17 26 29 20 21 -14 -19 24 -13 -26 -11 28 -28 -12
right_child=1 3 4 -5 -6 -7 -8 -9 9 10 18 23 19 -15 -16 -17 -18 22 -20 -21 -22 -23 -24 -25 25 -27 27 -29 -30 -31
leaf_value=0.0030305100922764909 -0.033116777766880962 -0.0076748801795157627 0.11522669541209185 0.057141630990587403 -0.01854403278338157 0.039221855638777246 -0.14617198137483739 0.01420413334459566 0.00570761359072057 0.072119662747519978 0.046182695548217551 0.0077853559725465033 0.10971745784928121 -0.005797773532976132 0.022091953633470218 -0.064344180939995166 0.15241792813561306 0.14151111853496037 0.027956749635161947 -0.011426772520631866 -0.062129596496505103 -0.046159466527943067 -0.053213717390332038 -0.0067594302313670144 -0.044570438484555761 -0.011782241018064365 -2.3778460178906433e-05 -0.049400708655002616 0.12576749481375349 5.0637761564672256e-05
leaf_weight=7802.5533932149265 13.409164847805071 467.9021522285542 3.9209128409047471 20.141356309062644 55.685217714956138 3.3235398754186454 18.659255354320067 352.30751111290738 1488.1594960848379 14.133690391603521 44.586658768992493 133.21932236611133 9.138931941355624 1330.9909956623787 576.89245625387412 30.586101371994573 5.5436999193084366 9.3798322895943294 157.01226361637237 213.44662242933282 105.19568856995238 9.2155659569048094 3.1022289529767031 795.89366828539642 322.24996093036225 243.13326824733235 124.54403327614818 60.358674719574083 6.2860583471701821 3249.1792595904553
leaf_count=1102913 5846 53229 166 12390 13718 285 827 1440724 46830 422 1200 1057 1653 5858 2815 6891 277 6906 466 1338 7174 2361 552 3989 1670 2829 1716 3615 59 12578
internal_value=0.000678989 -0.0103693 -0.0381819 -0.00488856 -0.0079885 -0.087416 -0.10133 0.00105656 0.000778941 -0.00118798 -0.00256707 -0.00645906 -0.00166975 0.00195735 0.0143732 -0.00318042 0.00544503 0.00102468 0.00193738 -0.0248744 -0.0478283 0.0331123 0.0927578 -0.0144604 -0.0232116 -0.0305161 -0.00497455 -0.0110194 0.00692834 0.00068894
internal_weight=17670.2 583.042 94.9981 488.044 59.6061 35.392 32.0684 17087.1 16734.8 8932.25 7444.09 3993.31 2498.81 2161.82 830.827 253.934 223.348 217.805 3450.78 336.997 123.55 18.3545 12.4821 1494.5 698.603 565.383 205.322 191.189 130.83 3293.77
internal_count=2742354 86461 20842 65619 13884 6958 6673 2655893 1215169 112256 65426 51182 41637 29111 23253 20438 13547 13270 14244 12526 11188 4014 7458 9545 5556 4499 5812 5390 1775 13778
is_linear=0
shrinkage=0.06


Tree=187
num_leaves=31
num_cat=0
split_feature=0 14 16 14 4 17 8 8 16 9 2 0 2 8 6 6 1 6 6 0 6 9 9 9 17 8 6 6 8 3
split_gain=17.0899 11.62 20.2134 17.2951 32.2788 29.314 29.506 38.9775 21.8373 30.8618 26.3002 39.5413 62.7764 63.8409 34.945 46.3373 31.0098 67.2425 27.7956 27.3644 28.0318 31.0394 43.8249 43.0537 36.0177 30.1125 36.9247 34.1965 26.0363 24.8216
threshold=0.99988952279090892 2.5000000000000004 12.70161294937134 5.5000000000000009 -0.46498078107833857 71.039428710937514 84.028984069824233 94.957626342773452 55.245780944824226 98.192703247070327 -0.97785523533821095 0.0089481566101312655 -0.99160954356193531 66.996700286865249 4.1871047019958505 4.3084278106689462 7.5000000000000009 5.2625176906585702 1.017640292644501 0.03805800527334214 1.1177777647972109 90.960163116455092 75.083892822265639 96.636753082275405 67.29559707641603 92.612083435058608 3.0648717880249028 1.7252347469329836 99.425289154052749 34.500000000000007
decision_type=2 2 2 2 2 2 2 2 2 2 2 2 2 2 2 2 2 2 2 2 2 2 2 2 2 2 2 2 2 2
left_child=1 2 -1 4 5 -3 -7 -8 -5 10 11 12 14 -14 18 -16 17 28 -10 20 -12 22 24 25 -22 26 27 -23 -17 -20
right_child=-2 3 -4 8 -6 6 7 -9 9 -11 19 -13 13 -15 15 16 -18 -19 29 -21 21 23 -24 -25 -26 -27 -28 -29 -30 -31
leaf_value=-0.05621972496555238 0.044512947933827082 -0.06013629991021515 -0.0040421748829894619 0.0097933757871656694 0.0029656300516305981 0.061857962576340339 -0.068983939895360544 0.056074138854412064 0.041504698632976282 -0.02064677468365099 -0.022421430962394844 -0.040851193668906202 0.10669601651002728 -0.054120755921134724 0.13805985860788211 -0.067805136294792609 -0.045451966618926656 0.11839304905913978 -0.044108472127087982 -0.00067392191253290402 0.094569027293418179 0.14244853932111246 -0.072784505653175444 -0.059061948117272278 0.010419577812106723 0.15283978006383017 0.097977106234911418 -0.062491751841010378 0.086232242900871323 0.10567232212180423
leaf_weight=26.192584143492923 29.991010393157921 10.095198096039779 1596.0635196876067 678.18884511344186 3528.8178386779455 81.471144445524146 16.365268133878317 17.568301274851365 16.13611617661104 287.71007321501384 45.962262694498349 144.15596706433598 31.598146845871497 11.507345842723678 9.0971900989632086 17.433144244365625 29.316729270229644 17.695718081294444 134.02735043155303 10703.952718149776 21.553601297983732 2.7517090788678606 17.622816250596543 8.1807069983333331 99.105679845305758 15.171199047937987 23.99376509846843 12.575609477776196 4.1122362540736495 3.1789903924950513
leaf_count=8186 108398 511660 735173 134384 517392 156184 41337 25147 8181 28470 22524 5357 1427 2073 6049 2710 123166 967 204234 79138 863 13 521 141 7256 49 217 178 1032 10338
internal_value=-3.52799e-06 -8.18587e-05 -0.00491874 0.000409161 0.00403404 0.0338146 0.0424792 -0.00448632 -0.000664968 -0.00127422 -0.000782197 -0.0155301 -0.00211321 0.063511 -0.01458 0.0180597 0.000380487 0.0349002 -0.0311192 -0.000217546 0.0194894 0.0291388 0.0130704 0.0638301 0.0261051 0.0830112 0.052947 -0.0192278 -0.0358842 -0.0398987
internal_weight=17641.6 17611.6 1622.26 15989.3 3654.32 125.5 115.405 33.9336 12335 11656.8 11369.1 418.259 274.103 43.1055 230.997 77.655 68.5578 39.2411 153.342 10950.9 246.917 200.955 138.282 62.673 120.659 54.4923 39.3211 15.3273 21.5454 137.206
internal_count=2742765 2634367 743359 1891008 1251720 734328 222668 66484 639288 504904 476434 365534 360177 3500 356677 133924 127875 4709 222753 110900 31762 9238 8640 598 8119 457 408 191 3742 214572
is_linear=0
shrinkage=0.06


Tree=188
num_leaves=31
num_cat=0
split_feature=0 5 2 2 8 6 3 17 9 5 16 8 14 0 2 2 16 17 11 16 17 5 16 6 7 8 17 2 0 7
split_gain=15.0113 12.0267 28.5399 20.0871 19.4013 20.7631 18.8222 16.3553 18.2 17.6892 14.3289 20.8718 14.0908 25.3638 29.8221 18.9797 28.1364 35.3946 13.8209 13.6633 21.0657 20.8739 29.4951 28.143 22.746 15.9899 13.9301 13.0433 22.578 13.0381
threshold=0.99991801381111156 0.0011921658297069373 -0.99893328547477711 -0.99811670184135426 21.483516693115238 4.9636523723602304 34.500000000000007 99.206348419189467 47.466186523437507 0.00012901781155960637 59.516963958740241 63.224515914916999 1.5000000000000002 0.0019673134665936236 -0.9935147464275359 -0.98880416154861439 55.68475532531739 55.245780944824226 1.0000000180025095e-35 71.611721038818374 36.939571380615241 0.41130582988262182 55.245780944824226 4.0581748485565194 1.0000000180025095e-35 51.530771255493171 79.583332061767592 -0.74151420593261708 0.69954499602317821 0.00044121385144535458
decision_type=2 2 2 2 2 2 2 2 2 2 2 2 2 2 2 2 2 2 2 2 2 2 2 2 2 2 2 2 2 2
left_child=1 2 4 6 -1 7 -3 9 -9 18 -7 -12 13 -5 -15 16 17 -16 -6 20 -17 22 -22 24 -24 -23 27 -21 -29 -4
right_child=-2 3 29 12 5 10 -8 8 -10 -11 11 -13 -14 14 15 19 -18 -19 -20 26 21 25 23 -25 -26 -27 -28 28 -30 -31
leaf_value=0.064222661074521514 0.046440942402249004 -0.030895388904476757 0.04957113785793258 0.10046363053282095 -0.049114565700875724 -0.02044523164623618 0.098244528527249742 -0.053621219127507468 0.060290959103866851 -0.060839213352419069 0.09066976290209848 -0.049096814667072171 0.0010377536994572254 -0.068045055626611992 -0.050506031662782204 0.040223964783784871 -0.057435061425822456 0.1874060307171618 0.081615480639460058 0.078773729316205063 -0.091306946505514158 0.054167039743719059 0.032983388878884662 0.044082814475451322 -0.0865643265999924 -0.0066125243740126948 0.012043918077838413 -0.13757635828494466 0.054008898217284253 -0.014040057279707705
leaf_weight=12.463705519810672 25.548109054485394 95.857198720252427 78.796707454334864 10.734738093939994 4.3300586329949038 13.046900682085832 3.2836141966506593 7.2199002362249329 12.242637310433564 46.275893001044551 15.195088482697658 4.3382891394762728 17018.929854480768 15.502887962382372 2.5587609707763459 37.749994098430761 3.3174906463555081 7.6165997646576216 5.5838196700501612 26.63824772900989 20.733746835030615 21.893895398633504 7.8140519708395031 20.795731271617115 16.750012361211702 48.227327673198488 64.334610640730716 2.2144832652711539 6.1275357555714436 13.123346046829054
leaf_count=11315 97644 1483279 55661 24054 260553 121101 41976 18637 4088 179208 25200 14624 357664 1494 138 205 189 55 18709 110 148 239 10 56 109 677 372 34 45 24116
internal_value=0.00135683 0.00128892 0.0154393 0.00111545 -0.00377353 -0.01212 -0.0256798 -0.0292623 0.0174783 -0.0454744 0.0273708 0.0587488 0.00127019 0.0138647 0.0104682 0.0149343 0.0819086 0.128413 0.0252484 0.011341 0.00116498 -0.00987392 -0.0338248 -0.00614721 -0.0487325 0.0128594 0.0289764 0.0589179 -0.00613214 0.0404361
internal_weight=17669.2 17643.7 212.616 17431.1 120.696 108.233 99.1408 75.6523 19.4625 56.1898 32.5803 19.5334 17331.9 313.01 302.275 286.772 13.4929 10.1754 9.91388 273.28 173.965 136.215 66.0935 45.3598 24.5641 70.1212 99.3149 34.9803 8.34202 91.9201
internal_count=2741710 2644066 733212 1910854 653435 642120 1525255 481195 22725 458470 160925 39824 385599 27935 3881 2387 382 193 279262 2005 1444 1239 323 175 119 916 561 189 79 79777
is_linear=0
shrinkage=0.06


Tree=189
num_leaves=31
num_cat=0
split_feature=0 6 6 3 10 8 8 8 8 5 5 5 10 7 6 16 7 6 8 16 6 14 0 14 1 8 14 7 5 4
split_gain=16.5651 13.9899 40.6185 39.1522 41.3814 40.4515 57.8893 31.9191 24.8364 25.257 23.426 22.2882 35.3206 25.0686 40.865 32.2166 28.3647 23.7151 22.1271 25.3699 21.3746 64.0567 26.8841 26.566 25.8364 25.2739 42.589 37.552 38.8696 31.8677
threshold=0.99991801381111156 2.9935092926025395 3.1431311368942265 9.5000000000000018 0.050641026347875602 89.512962341308608 90.054946899414077 64.051280975341811 77.836257934570327 0.085427075624465956 0.00014608787751058119 0.06023716367781163 0.23205128312110904 4.1304887417936704e-05 3.0648717880249028 81.934734344482436 5.4522770369658255e-06 3.0000926256179814 40.175437927246101 41.444372177124031 3.9160612821578984 15.500000000000002 0.00156373274512589 5.5000000000000009 8.5000000000000018 96.34091949462892 5.5000000000000009 0.00027142972976434981 0.41130582988262182 -0.048172909766435616
decision_type=2 2 2 2 2 2 2 2 2 2 2 2 2 2 2 2 2 2 2 2 2 2 2 2 2 2 2 2 2 2
left_child=1 -1 3 4 7 10 -7 -3 9 -9 -6 12 13 16 -15 -16 -12 18 19 -14 21 22 24 -22 -4 27 29 -24 -29 -27
right_child=-2 2 20 -5 5 6 -8 8 -10 -11 11 -13 17 14 15 -17 -18 -19 -20 -21 23 -23 25 -25 -26 26 -28 28 -30 -31
leaf_value=0.0019103233561351177 0.048184116035632094 -0.058406535152636184 0.072351467707853681 -0.085317994952363294 0.081096442164612981 -0.13402007663637222 -0.0263304995738705 -0.076064686363835149 0.001720380454446069 0.041641710226276323 -0.063820542017076376 -0.004671047726853287 -0.064254283700063308 -0.059693567708090381 -0.065262210544787591 0.099366096768605347 0.070683071691052021 -0.068740289642362826 -0.063898937377966827 0.096275546154923453 0.0041113556906091555 0.025332758219434551 0.011199329549651017 -0.0036161364708974489 -0.052488590870514724 0.089763859263640486 -0.005578254912602147 -0.042385422189208877 -0.0072312690146023291 0.019252364471367838
leaf_weight=6430.3724022873848 24.387034712155582 26.215236862833763 29.818910903864435 23.33561426549204 9.4499270519377188 18.159853649773595 314.09471812975994 6.1181890189736796 424.12875787717599 99.218097335022321 6.3630792789044817 754.12707887236274 4.4095045551098364 36.843291802196063 5.4497688625290275 12.473191091179615 25.04549954480899 74.57998443700194 10.548278091810515 9.9547715036451319 2282.5807637205899 455.33305035479611 259.33426856200094 5362.0847716367898 6.6318465080837532 34.194669571841587 167.76293579976118 150.42061358148931 451.23395623909937 69.238605656137224
leaf_count=906933 97637 45760 11849 89024 34585 502 8897 3735 12525 7491 152 96396 378 19464 2804 247 214 8623 450 178 898965 5531 2650 298617 176818 211 1273 1962 8619 167
internal_value=-0.000247492 -0.000317495 -0.00160477 -0.00969271 -0.00868623 -0.0146125 -0.0326009 0.00498248 0.00822522 0.034154 -0.00828849 -0.00927253 -0.0278373 0.000343119 -0.0240495 0.0485047 0.0423055 -0.052006 -0.00118977 0.0460219 1.96052e-05 0.0062689 -0.00117422 -0.00130859 0.048843 -0.00282621 0.0131158 -0.00785704 -0.016076 0.0431995
internal_weight=17583.9 17559.5 11129.1 1860.51 1837.18 1281.5 332.255 555.68 529.465 105.336 949.244 939.794 185.667 86.1748 54.7663 17.923 31.4086 99.4925 24.9126 14.3643 9268.63 1623.97 1168.64 7644.67 36.4508 1132.19 271.196 860.989 601.655 103.433
internal_count=2742657 2645020 1738087 331425 242401 172890 9399 69511 23751 11226 163491 128906 32510 22881 22515 3051 366 9629 1006 556 1406662 209080 203549 1197582 188667 14882 1651 13231 10581 378
is_linear=0
shrinkage=0.06


Tree=190
num_leaves=31
num_cat=0
split_feature=0 0 5 4 14 8 6 0 7 5 2 5 8 6 6 5 8 8 5 5 2 15 11 0 8 8 5 14 6 6
split_gain=13.2443 13.027 11.3489 11.2762 35.6274 31.5634 35.7715 28.4736 35.1104 26.579 44.7501 27.0222 66.6257 51.0866 45.506 33.2873 27.4543 26.4137 25.8073 25.5313 26.2981 25.4401 24.6828 25.3392 27.6877 37.1857 32.0699 24.4669 22.9931 22.8873
threshold=0.99991801381111156 0.00012011466969852337 0.99990954995155346 -0.12251034751534461 6.5000000000000009 80.229885101318374 4.9734709262847909 0.1069132797420025 3.609237909317017 0.95523107051849376 -1.0000000180025095e-35 0.94936829805374157 89.825496673583999 2.9215167760849003 2.9353500604629521 0.91870546340942394 63.510736465454109 63.686313629150398 0.77991238236427318 0.9047992229461671 -0.51479646563529957 1.0000000180025095e-35 1.0000000180025095e-35 0.0052573319990187892 61.633426666259773 68.457099914550795 0.31739783287048345 10.500000000000002 1.9328965544700625 4.0117805004119882
decision_type=2 2 2 2 2 2 2 2 2 2 2 2 2 2 2 2 2 2 2 2 2 2 2 2 2 2 2 2 2 2
left_child=1 -1 3 4 5 7 -7 22 21 11 -11 14 13 -13 15 -6 -15 18 -16 20 -19 -9 23 -3 28 -26 -27 -14 -25 -30
right_child=-2 2 -4 -5 9 6 -8 8 -10 10 -12 12 27 16 17 -17 -18 19 -20 -21 -22 -23 -24 24 25 26 -28 -29 29 -31
leaf_value=-0.055970012158979808 0.045120027671876117 -0.05506241091696374 -0.074863616761297019 0.00034556389749492843 0.024478416116920611 0.014878875476612012 0.055907776975796603 -0.004470435871409678 -0.046171146442639123 -0.066378943354028108 0.16092514294525087 -0.077539898295606577 -0.056172994894928559 -0.078743384213756318 -0.071404640028276803 -0.094857951460213544 0.10349084106755668 -0.042283531636738085 0.054218134706452419 -0.066282583253880159 0.016688262793718416 0.057469689769536737 -0.061365125526970113 -0.056223035809842538 -0.061901899761543214 -0.06754074915085953 0.058335653499798377 0.10148430631285177 0.098072233547910642 -0.00024127152758596549
leaf_weight=13.593905251360409 23.1917808778162 10.503802373756342 6.1447344174957825 16291.257519935742 129.45094045602673 275.46958401212964 105.55393967612304 188.92313358980937 66.79088548225991 41.790728240919634 2.4196949084389408 6.633788096072748 29.517117862078521 2.4811718081273275 6.8620288626661958 8.0175479217050434 43.017761256450285 67.10350583231957 23.007159751114159 64.256833597433797 44.631426967680454 26.306792330440658 10.382558633367124 4.2243149738005732 17.191954901650206 7.8662817284348412 42.856302983274418 3.0842129276061305 43.246760112128868 10.552698680171487
leaf_count=2060742 97439 71175 163684 244901 2717 20737 6803 2862 513 38401 118 156 285 59 375 327 430 6231 300 1675 106 81 10462 610 1853 169 2969 15 2164 1962
internal_value=0.00075547 0.000694426 0.000741425 0.000772119 0.00618755 0.013819 0.0263616 0.00263972 -0.00851425 -0.00690066 -0.050654 -0.00227429 0.0278727 0.0694373 -0.00977394 0.0168836 0.0920734 -0.0275707 0.0239798 -0.0364059 -0.0187887 0.00333105 0.0239769 0.0308702 0.0384147 0.0120937 0.0378858 -0.0386816 0.0684955 0.0791357
internal_weight=17616.3 17593.1 17579.5 17573.4 1282.14 809.869 381.024 428.845 282.021 472.274 44.2104 428.063 84.7341 52.1327 343.329 137.468 45.4989 205.861 29.8692 175.992 111.735 215.23 146.825 136.442 125.938 67.9145 50.7226 32.6013 58.0238 53.7995
internal_count=2740321 2642882 582140 418456 173555 122360 27540 94820 3456 51195 38519 12676 945 645 11731 3044 489 8687 675 8012 6337 2943 91364 80902 9727 4991 3138 300 4736 4126
is_linear=0
shrinkage=0.06


Tree=191
num_leaves=31
num_cat=0
split_feature=2 14 7 5 14 8 10 6 8 4 6 10 5 8 5 6 1 8 8 7 8 7 10 1 10 14 10 7 10 0
split_gain=15.6595 32.5596 53.5527 47.241 68.4327 57.0884 46.9656 41.0096 30.2526 34.4578 30.6864 43.1411 30.1772 31.0354 57.3501 31.9987 29.2254 28.9291 31.0135 27.7223 25.9556 31.2955 36.3798 24.9182 26.6702 24.6868 24.6339 24.1611 28.5472 23.4623
threshold=-0.1708688139915466 29.500000000000004 0.0030950487125664954 0.012415881268680097 32.500000000000007 84.028984069824233 0.73508772253990184 3.0216975212097172 90.054946899414077 -0.22878473997116086 1.9737861156463625 0.73508772253990184 0.41130582988262182 92.612083435058608 0.57806041836738598 2.9591196775436406 8.5000000000000018 76.50690078735353 81.872947692871108 8.7255451944656684e-05 91.715686798095717 0.8590485453605653 0.12973351776599887 4.5000000000000009 0.41885964572429663 31.500000000000004 0.67543861269950878 0.0020675400737673049 0.73508772253990184 0.91612541675567638
decision_type=2 2 2 2 2 2 2 2 2 2 2 2 2 2 2 2 2 2 2 2 2 2 2 2 2 2 2 2 2 2
left_child=1 8 3 4 5 -3 -6 12 -1 -10 -11 -12 25 -14 19 -16 20 -9 26 -15 -2 22 -22 -20 -25 -5 -19 -26 -29 -23
right_child=16 2 -4 7 6 -7 -8 17 9 10 11 -13 13 14 15 -17 -18 18 23 -21 21 29 -24 24 27 -27 -28 28 -30 -31
leaf_value=-0.0014200753912443401 -0.00083111230422410528 0.31765240675729478 0.031450586512178171 -0.095353326765283408 -0.027787350327739411 -0.040917610962079687 0.12525445292369627 -0.092637161016945274 -0.037556394524951991 0.012496987233124299 -0.0098765259938095942 -0.12172887988635255 0.0074677102396598326 -0.035486761347647937 0.015204956197630633 -0.086532675299207107 -0.048336390250734988 0.084289100889546845 0.036946201176061233 -0.15990470044576521 0.041066117984727042 0.013553731957523693 0.010013691508859479 -0.079859804324583825 0.0072479908718303121 -0.023453180808927759 -0.011353451265608556 -0.098825411256763085 0.031073163662546643 -0.001478896457951319
leaf_weight=6653.2256001244305 4421.0713363052237 4.9372794947114462 249.35755004126872 17.999474202282727 20.172997986199338 1.9015697179129345 10.0145720764649 8.9581882301717979 149.89138002047252 234.38206394779081 1472.6128519326578 11.528746806085108 302.58386548981071 12.54054966568947 60.809430435299873 12.574845626950262 40.620784171816922 33.135564714670181 86.908409271389246 14.060225307941435 163.52530855522809 493.74693163372513 785.67787019364005 12.754838554188607 562.76643770327792 200.46058703958988 13.236458119004963 15.720241010189058 8.9714663242921215 1527.9164363030359
leaf_count=2289766 128024 70 581 130 545 70 93 82 118122 2176 18524 75 533 32 92 43 79630 67 117 67 3176 2144 92957 54 1691 956 45 84 20 3728
internal_value=-0.000291796 -0.00182144 0.0058912 0.00132121 0.0672834 0.22545 0.0253717 -0.000518047 -0.00331519 -0.0100591 -0.00764032 -0.0108268 -0.0118854 -0.0021223 -0.030931 -0.00315736 0.00180149 0.00899343 0.0103591 -0.104661 0.00208351 0.00641971 0.0154009 0.00711075 0.00273643 -0.0297847 0.0573255 0.00466241 -0.0522558 0.00219738
internal_weight=17604.1 10171.5 1649.86 1400.51 37.0264 6.83885 30.1876 1363.48 8521.64 1868.42 1718.52 1484.14 621.029 402.569 99.9851 73.3843 7432.56 742.452 733.493 26.6008 7391.94 2970.87 949.203 687.121 600.213 218.46 46.372 587.458 24.6917 2021.66
internal_count=2743694 2434035 5372 4791 778 140 638 4013 2428663 138897 20775 18599 1853 767 234 135 309659 2160 2078 99 230029 102005 96133 1966 1849 1086 112 1795 104 5872
is_linear=0
shrinkage=0.06


Tree=192
num_leaves=31
num_cat=0
split_feature=14 14 17 17 2 2 10 17 7 10 2 6 6 7 6 0 7 8 8 8 10 17 6 17 8 1 4 6 5 5
split_gain=16.3876 29.6274 34.2345 21.7167 26.4227 20.6417 31.0094 35.1798 54.6471 34.471 36.9069 32.0435 30.6863 27.5324 31.3199 29.0228 28.5294 27.9647 26.6364 25.1839 38.3818 23.5204 30.9976 23.0632 25.5726 23.5487 22.6697 31.6967 24.6136 22.285
threshold=1.5000000000000002 2.5000000000000004 12.70161294937134 13.563218116760256 -0.98880416154861439 -0.1708688139915466 0.69615384936332714 72.902095794677749 0.0030950487125664954 0.63961037993431102 -0.96970340609550465 1.0059807300567629 2.3756690025329594 0.023711605928838256 6.9183809757232675 0.016710898838937286 5.27071169926785e-05 89.512962341308608 30.848532676696781 39.801980972290046 0.36602871119976049 53.001201629638679 2.0250639915466313 40.370370864868171 46.709957122802741 5.5000000000000009 -0.12251034751534461 3.0063680410385136 0.6510990858078004 0.41130582988262182
decision_type=2 2 2 2 2 2 2 2 2 2 2 2 2 2 2 2 2 2 2 2 2 2 2 2 2 2 2 2 2 2
left_child=-1 2 -2 4 -4 6 7 8 11 10 -10 18 -12 15 17 -9 -17 26 -5 20 -13 22 -8 24 -21 -25 27 -15 -28 -11
right_child=1 -3 3 5 -6 -7 21 13 9 29 12 19 -14 14 -16 16 -18 -19 -20 23 -22 -23 -24 25 -26 -27 28 -29 -30 -31
leaf_value=0.013241224296456279 -0.085494686620901775 0.00058358621052273974 0.15813284846377751 0.079211727956084707 -0.0094490967345833964 0.0044637908423502178 0.0027018180944832194 -0.065392214128970422 -0.059670414982046185 0.11724504449428008 -0.036754170132250921 0.029087518064264919 0.040228801490657239 -0.0005074590824385185 0.042941030460139099 -0.020528683251052917 0.034957144287235696 0.023848844575572285 -0.059466076262022056 0.097908241680854019 -0.047973515418997859 0.019039119198310587 -0.09113966047587746 0.0087478274044356652 -0.074612073737305745 -0.065263326191645349 -0.063148887975431583 -0.065351500339467961 -0.16974962534357438 -0.0038455941123003521
leaf_weight=336.09662968913108 19.708898990837952 15940.815326359745 5.2760910124459315 20.189024923340188 7.1289577865998108 324.52824501391626 17.444287319772229 22.855121753555295 19.408230933647928 20.889600214461101 21.670162285466404 27.19294260568995 107.90441140262669 51.816134305928244 15.189257563991303 67.629428196698427 63.966947617009282 18.877867479030328 5.715676546802114 14.041435839487805 139.32990004005137 14.227397364135411 44.777463991155173 58.367043853056202 3.1046918133813497 19.971681095144277 57.521036588202151 56.017276392211784 8.7339748404920083 7.2118348243518531
leaf_count=408589 3655 1998527 727 570 105 14300 194 32637 124571 264 3632 20669 967 26616 3589 189 143 2528 2578 2913 8606 51 1293 904 2686 32693 2342 44324 43 1469
internal_value=0.000139837 -0.000116903 -0.00896766 -0.00768443 0.068306 -0.00850664 -0.0131624 -0.0097517 0.00117823 0.0273184 0.0155358 -0.0149385 0.0271712 -0.0237326 -0.037922 -0.00448855 0.00650234 -0.0444757 0.0475406 -0.0212731 -0.035291 -0.0494827 -0.065204 0.00328624 0.0642793 -0.0107054 -0.0519786 -0.0344836 -0.0795164 0.0871046
internal_weight=17537.6 17201.5 1260.7 1240.99 12.405 1228.58 904.053 827.604 464.997 177.084 148.983 287.912 129.575 362.607 208.156 154.451 131.596 192.966 25.9047 262.008 166.523 76.4491 62.2218 95.4849 17.1461 78.3387 174.088 107.833 66.255 28.1014
internal_count=2742374 2333785 335258 331603 832 330771 316471 314933 202522 130903 129170 71619 4599 112411 79442 32969 332 75853 3148 68471 29275 1538 1487 39196 5599 33597 73325 70940 2385 1733
is_linear=0
shrinkage=0.06


Tree=193
num_leaves=31
num_cat=0
split_feature=8 4 8 1 7 8 16 14 7 5 6 2 17 5 10 8 16 16 7 6 6 7 5 7 5 3 17 8 5 7
split_gain=23.1964 20.946 20.7562 22.6511 26.6284 28.4934 22.0328 19.7842 39.9511 23.2907 22.6073 41.204 20.6765 19.3826 19.1695 32.4668 35.6971 26.5426 58.826 38.1696 21.0588 20.2872 30.1317 18.7308 19.4996 18.9657 18.0026 20.1353 23.3402 17.6565
threshold=99.425289154052749 -0.80003023147582997 50.242717742919929 13.500000000000002 3.1511646056969771e-06 35.75188064575196 36.181818008422859 2.5000000000000004 0.0010448396787978711 0.87587347626686107 1.0020086169242861 -0.89004525542259205 18.465909004211429 0.99522051215171825 0.80476191639900219 83.414241790771499 55.68475532531739 72.949001312255874 6.4794403442647322e-05 3.8993831872940068 2.0002775192260747 0.00044121385144535458 0.83325815200805675 0.00044121385144535458 0.007256704382598401 26.500000000000004 81.934734344482436 69.614067077636733 0.98860448598861705 0.0012847755569964649
decision_type=2 2 2 2 2 2 2 2 2 2 2 2 2 2 2 2 2 2 2 2 2 2 2 2 2 2 2 2 2 2
left_child=1 -1 3 4 5 -3 -5 8 9 10 11 -6 -12 14 -4 16 -16 18 20 -20 -18 -17 -23 -2 -25 -26 -19 28 -28 -10
right_child=23 2 13 6 7 -7 -8 -9 29 -11 12 -13 -14 -15 15 21 17 26 19 -21 -22 22 -24 24 25 -27 27 -29 -30 -31
leaf_value=-0.040477597208540571 0.023242334860535577 0.0056322994922080273 -0.0016415652098338324 -0.052817759342015227 0.078765463539349378 0.035799174175859989 0.069620989584674983 0.0036648736139568484 0.079041439878995728 0.040440013363861299 -0.0014929390371487532 -0.10424030283297081 -0.049323381855673094 0.013337580938939596 0.018496682093524546 0.029136158890379443 0.055082399323223286 0.055217129875853199 -0.35267606558554815 -0.082417980566174137 -0.10180266819733397 -0.12077832051937909 0.0047182392085838038 -0.06228827285664465 0.0040733427850635495 0.076574395615116017 -0.18045484009754939 -0.035739282030852852 0.039260896160737378 0.0048775445369919649
leaf_weight=46.544384317619915 198.19352177619476 326.39683612951603 12134.658834677326 5.5560808044938303 14.428238358992532 171.55705746640706 31.509663367204212 1532.6385728564264 11.426103257885186 15.946277042021391 41.368795671798125 5.25417147059943 152.50161584358102 305.20397757781393 26.244098640745506 54.457741184858605 5.4110689554363507 5.4781339243054381 3.8432683555874956 4.3950484427623451 4.9993892284110188 8.4505803112151607 25.138231518445536 14.851494375203854 2188.4446837207861 12.070621598790693 6.5374926878139359 51.130702031219698 1.8557077292352913 167.8981089042677
leaf_count=1418467 36263 3811 430096 135381 832 4042 385767 69247 869 177 1279 1590 19535 110442 169 204 25 32 58 39 53 65 132 5498 101277 4528 71 305 31 11944
internal_value=0.00015457 -0.000715281 -0.000590163 0.00443158 0.00371334 0.0160764 0.0503623 0.000535757 -0.0111753 -0.0277046 -0.0329578 0.0272345 -0.0391772 -0.00157449 -0.00194458 -0.020419 -0.042021 -0.0610017 -0.122673 -0.233024 -0.0225773 0.00671252 -0.0294343 0.00561659 0.00402996 0.00450564 -0.0417179 -0.051404 -0.132868 0.0100152
internal_weight=17574.4 15160.8 15114.3 2476.48 2439.42 497.954 37.0657 1941.46 408.823 229.499 213.553 19.6824 193.87 12637.8 12332.6 197.941 109.895 83.6508 18.6488 8.23832 10.4105 88.0466 33.5888 2413.56 2215.37 2200.52 65.002 59.5239 8.3932 179.324
internal_count=2742229 2594663 1176196 634474 113326 7853 521148 105473 36226 23413 23236 2422 20814 541722 431280 1184 783 614 175 97 78 401 197 147566 111303 105805 439 407 102 12813
is_linear=0
shrinkage=0.06


Tree=194
num_leaves=31
num_cat=0
split_feature=5 1 8 7 14 7 5 14 1 2 0 8 5 8 8 10 0 7 8 7 7 5 5 10 7 8 7 8 8 7
split_gain=16.4098 14.5552 12.8096 12.7969 11.638 29.1347 30.4835 18.23 31.3717 27.238 20.4713 23.2253 25.8148 18.0226 16.5908 16.1278 14.0507 16.216 13.5702 13.089 21.386 12.6035 24.9883 12.4209 12.9623 18.6239 22.6322 12.4321 18.2905 13.862
threshold=0.99722614884376537 5.5000000000000009 99.425289154052749 0.00021411299530882391 34.500000000000007 0.0030950487125664954 0.41130582988262182 32.500000000000007 6.5000000000000009 -0.51479646563529957 0.1069132797420025 94.201679229736342 0.085427075624465956 88.273490905761733 90.521114349365249 0.77097901701927196 0.69954499602317821 0.00022428709053201604 80.229885101318374 0.00034459412563592201 0.0014907147851772609 0.6510990858078004 0.57806041836738598 0.71008405089378368 0.054103799164295203 86.240703582763686 0.0057773799635469922 93.957649230957045 94.360820770263686 0.0044254653621464976
decision_type=2 2 2 2 2 2 2 2 2 2 2 2 2 2 2 2 2 2 2 2 2 2 2 2 2 2 2 2 2 2
left_child=4 -2 3 -3 7 -6 13 -1 9 10 11 12 -9 18 16 -10 17 -11 -7 -12 -21 22 -16 27 25 -25 -27 29 -29 -8
right_child=1 2 -4 -5 5 6 23 8 15 14 19 -13 -14 -15 21 -17 -18 -19 -20 20 -22 -23 -24 24 -26 26 -28 28 -30 -31
leaf_value=-0.00053785138145235657 0.019174178943979308 0.047615722722475613 -0.11876695348121506 -0.038339995270954608 0.0013178447383286253 0.04735577562382326 0.059136561215320446 -0.063160957830590544 -0.093715910609779685 -0.020111416168240779 -0.078147930499192705 0.091862738198798977 0.09794621865141441 0.073857759697029887 -0.012114100072791192 0.028866416953323967 0.0016709355556659903 0.065140698446480294 -0.067136635133297498 0.0054552575167617964 -0.096076699118378003 -0.0014079885962329118 -0.12638820832630956 0.0069414625605503464 0.029798652743418419 -0.010683386182850817 -0.15437882018412641 0.045684629256285247 -0.11694962338033789 0.010845768776418178
leaf_weight=15260.392650220152 245.16551948898154 8.6354457413837107 3.4891707295082588 16.743865985724483 1388.3587872486696 7.3039868786290736 32.050413768738508 14.626630112994468 23.158794672694061 10.010923339985309 35.106147971004248 7.4804418943822375 3.6907996643567449 53.081010098569095 25.66385194612667 4.1188363023102275 68.338096375344321 32.831669443286955 5.765607776818797 24.480956554412842 9.6856163218617422 95.182379562407732 8.5458651185035688 16.871830437332395 14.625142211094497 8.0859940359368903 7.0173944768030188 3.8027178347110731 4.4814940062351525 62.394321189261973
leaf_count=1266328 214479 2285 54907 1195593 6049 27 74 264 167 35 154 22 18 103 74 10 347 47 77 59 49 471 34 69 48 45 62 6 64 209
internal_value=-0.00012251 0.0144177 -0.0252663 -0.00839677 -0.000354626 0.00451108 0.0249843 -0.000854381 -0.014126 -0.00898413 -0.0359919 0.00938469 -0.0273094 0.0585747 0.00179373 -0.0748401 0.018704 0.0452157 -0.00433406 -0.0527837 -0.0252408 -0.0127685 -0.0434395 0.00981365 -0.0156537 -0.0367163 -0.0828885 0.0214058 -0.0454156 0.0276814
internal_weight=17501.2 274.034 28.8685 25.3793 17227.2 1603.84 215.48 15623.3 362.921 335.643 95.0706 25.7979 18.3174 66.1506 240.573 27.2776 111.181 42.8426 13.0696 69.2727 34.1666 129.392 34.2097 149.329 46.6004 31.9752 15.1034 102.729 8.28421 94.4447
internal_count=2742176 1467264 1252785 1197878 1274912 6833 784 1268079 1751 1574 566 304 282 207 1008 177 429 82 104 262 108 579 108 577 224 176 107 353 70 283
is_linear=0
shrinkage=0.06


Tree=195
num_leaves=31
num_cat=0
split_feature=17 2 5 1 1 9 7 6 7 8 2 7 5 6 17 9 9 5 9 6 6 17 8 14 14 14 8 8 2 5
split_gain=16.3389 22.6027 33.3761 22.291 23.5146 34.2356 19.7393 40.4501 37.5886 40.0128 35.6025 32.2667 30.1432 26.4247 23.5942 24.0804 22.144 19.0271 22.0868 55.7172 52.1378 70.1961 29.296 39.3551 50.5612 41.991 34.4381 28.9767 28.5227 25.9129
threshold=28.919860839843754 -0.74151420593261708 0.49479787051677709 9.5000000000000018 7.5000000000000009 88.953113555908217 0.00028454292623791849 2.0552734136581425 0.00014640630979556593 18.321678161621097 -0.89004525542259205 0.00029855276807211345 0.17076727002859118 6.0138678550720224 20.256410598754886 82.626663208007827 88.953113555908217 0.17076727002859118 69.779552459716811 4.9902315139770517 4.9234395027160653 81.934734344482436 92.031745910644545 25.500000000000004 26.500000000000004 36.500000000000007 89.825496673583999 95.293468475341811 -0.99160954356193531 0.007256704382598401
decision_type=2 2 2 2 2 2 2 2 2 2 2 2 2 2 2 2 2 2 2 2 2 2 2 2 2 2 2 2 2 2
left_child=1 3 -3 4 6 -6 8 12 9 16 11 -9 14 -13 -8 -16 -1 18 -2 20 22 -22 26 -24 -25 27 -20 -26 29 -21
right_child=17 2 -4 -5 5 -7 7 10 -10 -11 -12 13 -14 -15 15 -17 -18 -19 19 28 21 -23 23 24 25 -27 -28 -29 -30 -31
leaf_value=-0.017806079393404683 0.00010610973157360433 -0.034110617017264436 0.0066121902178818606 -0.06061858230162586 -0.033542512367794299 0.080097565323945505 0.13112576548035465 0.14561463753478918 -0.090864549458904181 0.018925560632621755 0.042330274578082146 -0.053431545913058993 -0.088267020814397343 0.10418601500826256 0.098058231541777022 -0.029879188633264261 -0.12951928664983342 0.00013441454245651511 -0.0089033464870087488 -0.022114674968244628 0.1016862736533692 -0.068738788036653162 -0.079441646016379139 0.15144337235834032 -0.03515023035819425 0.088802327563118455 -0.071220079617556609 0.13842969590642162 -0.053985810660497471 0.083654209424709747
leaf_weight=19.015699683277493 1349.794165211162 91.839406121034017 329.04004324460811 11.996250809617662 11.580459748955148 42.944097769724067 22.82094434012788 2.6499778816150856 13.427030655019733 192.0142663997467 55.896334177312383 42.552712290134195 2.8957239463129545 3.2748970804632327 10.395178501085867 9.2161169297396537 8.9298839662224037 13815.724417127272 1026.9138725766247 44.051362535620683 32.439297356183033 10.968793378275675 9.9102691272273642 11.758980797603725 34.353574793902226 19.032662201207131 31.980720956111327 2.8517780490219584 143.60221063533663 9.2337197659332997
leaf_count=248 807156 3801 7399 134342 5904 1033 359 31 537 1699 305 6326 2052 19 406 236 46 1698479 53604 12194 1399 166 92 20 309 50 460 14 1865 2311
internal_value=-0.000347954 0.00765933 -0.00233366 0.0169982 0.0192592 0.0557922 0.0139278 0.0308559 0.00298432 0.00909844 0.0100426 -0.0272894 0.0775302 -0.0401836 0.0906166 0.0394028 -0.0567448 -0.000769743 -0.00534901 -0.0106922 -0.00574679 0.0580434 -0.00823146 0.027057 0.0435051 0.0186845 -0.0108509 -0.0185703 -0.0401576 -0.00258271
internal_weight=17413.1 870.489 420.879 449.61 437.613 54.5246 383.089 149.702 233.387 219.96 104.374 48.4776 45.328 45.8276 42.4322 19.6113 27.9456 16542.6 2726.89 1377.1 1180.21 43.4081 1136.8 77.9073 67.997 56.238 1058.89 37.2054 196.887 53.2851
internal_count=2742862 164743 11200 153543 19201 6937 12264 9734 2530 1993 6681 6376 3053 6345 1001 642 294 2578119 879640 72484 56114 1565 54549 485 393 373 54064 323 16370 14505
is_linear=0
shrinkage=0.06


Tree=196
num_leaves=31
num_cat=0
split_feature=11 6 6 7 8 8 9 8 7 16 3 9 14 6 8 14 4 7 10 9 3 5 6 0 16 5 16 8 16 5
split_gain=18.4588 26.2279 49.679 39.4605 34.6288 41.1117 32.2016 36.8517 31.0998 29.1156 28.3521 27.0001 26.4669 25.3466 34.9022 26.9305 25.6334 23.2429 29.6466 26.3629 23.218 22.7767 30.4809 37.9422 21.6644 38.39 30.9241 28.5306 24.7356 22.9132
threshold=1.0000000180025095e-35 1.9994091987609866 2.0046814680099492 0.00091289237025193881 81.53021621704103 80.874973297119155 98.53299713134767 89.825496673583999 0.8009229600429536 77.913280487060561 20.500000000000004 68.013607025146499 6.5000000000000009 1.3162558078765871 25.14367771148682 37.500000000000007 -0.74363002181053151 6.921829117345625e-05 0.24621212482452395 71.707641601562514 9.5000000000000018 0.97644221782684337 2.001456737518311 0.69954499602317821 26.201373100280765 0.17076727002859118 23.669467926025394 37.952857971191413 27.36185455322266 0.0015481936861760916
decision_type=2 2 2 2 2 2 2 2 2 2 2 2 2 2 2 2 2 2 2 2 2 2 2 2 2 2 2 2 2 2
left_child=1 10 3 4 5 -3 7 11 9 -5 13 -6 -10 15 -15 20 -16 18 -2 -20 -1 22 -13 -24 25 27 -27 -4 29 -26
right_child=17 2 24 8 6 -7 -8 -9 12 -11 -12 21 -14 14 16 -17 -18 -19 19 -21 -22 -23 23 -25 28 26 -28 -29 -30 -31
leaf_value=0.0043311467004552183 -0.08333023821603415 -0.013867988266900303 -0.060649240355941818 -0.043906759946473688 0.010798956470821616 0.15689778500765181 0.10285302259557183 -0.032066882386134685 -0.092316570089779171 0.041066704475057579 -0.068663819815848362 -0.088310707938188335 -0.0062404813433748893 0.079512889817511312 0.073639638877204219 -0.078551228933473743 0.011550910003097142 -0.0075717664491176378 0.048080007146084791 0.0029464119681975624 -0.072139079227079225 0.033776442390601041 -0.095893869595235617 -0.34691126742494127 0.13013672147852159 0.01713935146587163 -0.091566963176560115 0.050618050560250184 0.0011902081476015166 0.02266596137685328
leaf_weight=1517.3198608141765 12.748714424736134 96.390201895543669 75.702939591342442 16.863194523064749 8.1180252422454924 4.3553358903668586 4.0006777557282467 111.38596482044613 15.703213758314858 79.163968358143848 16.696282563683326 40.253175598103553 56.623192831308188 28.603192403621279 23.65148988637111 13.49783917814784 883.70306700766901 1928.9723420342557 48.351493787128675 836.40852157506424 13.431748054441867 3.5382563422026569 6.4400169302243722 3.4750976581126451 8.4168030341065769 89.865237965030701 9.5142346507426492 8.5430501237801746 11548.619398806672 32.139435291804602
leaf_count=180813 9767 29932 20652 11878 233 43 501 1201 53830 1894 25779 226 2728 3179 55867 356 45314 283695 1382 47532 58702 173 63 32 5000 24405 10337 5592 1851235 8856
internal_value=0.000578465 0.00143148 0.00028623 -0.01934 -0.0331849 -0.0050161 -0.049081 -0.0531605 0.00357935 0.0258459 0.00703364 -0.0900485 -0.0259331 0.00757068 0.0153564 0.00284495 0.0132486 -0.00386167 0.0041118 0.00546443 0.00361349 -0.105211 -0.115482 -0.207594 0.00103185 -0.0193598 0.00592367 -0.0489046 0.00135659 0.0475647
internal_weight=17542.5 14716 12219.1 446.31 277.957 100.746 177.211 173.211 168.354 96.0272 2496.9 61.8246 72.3264 2480.21 935.958 1544.25 907.355 2826.48 897.509 884.76 1530.75 53.7065 50.1683 9.91511 11772.8 183.625 99.3795 84.246 11589.2 40.5562
internal_count=2741197 2398821 2028811 102734 32404 29975 2429 1928 70330 13772 370010 727 56558 344231 104360 239871 101181 342376 58681 48914 239515 494 321 95 1926077 60986 34742 26244 1865091 13856
is_linear=0
shrinkage=0.06


Tree=197
num_leaves=31
num_cat=0
split_feature=0 5 17 16 5 15 1 10 10 4 5 6 16 16 0 16 10 4 14 5 6 16 5 6 6 2 9 10 9 17
split_gain=11.6426 11.9384 11.1741 31.4096 37.9861 34.7157 40.6868 27.1047 24.9033 24.8 24.6775 27.4198 33.3458 26.0857 27.2909 24.3185 23.9308 36.449 31.8277 48.5395 27.3725 25.0955 23.9 27.6955 37.1824 41.5674 30.5551 44.8458 25.1901 27.1454
threshold=0.99991801381111156 0.99990954995155346 77.913280487060561 90.161289215087905 0.77991238236427318 1.0000000180025095e-35 7.5000000000000009 0.23205128312110904 0.51086956262588512 -0.22878473997116086 0.0036023153224959974 3.0174956321716313 81.934734344482436 70.429252624511733 0.0010639447718858721 37.617923736572273 0.080540537834167494 -0.005274747032672166 22.500000000000004 0.93470215797424328 3.4490302801132207 95.346321105957045 0.022658575326204303 6.0343182086944589 5.0073704719543466 -0.98880416154861439 1.0000000180025095e-35 0.21807064861059192 69.255905151367202 40.370370864868171
decision_type=2 2 2 2 2 2 2 2 2 2 2 2 2 2 2 2 2 2 2 2 2 2 2 2 2 2 2 2 2 2
left_child=1 2 8 4 10 6 16 -8 22 -10 11 -4 13 15 -15 -13 17 20 21 -20 -5 -18 23 24 -1 26 -26 -28 -29 -30
right_child=-2 -3 3 5 -6 -7 7 -9 9 -11 -12 12 -14 14 -16 -17 18 -19 19 -21 -22 -23 -24 -25 25 -27 27 28 29 -31
leaf_value=-0.0038549102006795871 0.043960579435885827 -0.071810312690823302 -0.021612490139359893 0.030123618995342407 0.00091530074627368485 0.00037427438670211403 0.059146338767810933 -0.080176687491880852 -0.069731623435480505 -0.00092243223484200537 -0.015587239347524512 0.074276680775213058 -0.058645041814495334 -0.04765972124028936 0.11991780800679405 -0.057888846227505411 -0.0022963737099451409 -0.02585441046552055 -0.16149958269199341 0.00070533323768144705 -0.01336962942938069 0.031368853628584346 0.012683399338246675 -0.064551201768786967 0.15234253416211582 -0.070221226261583641 -0.062288997274319496 0.11162464803551034 0.059604522961811131 -0.059418844996828431
leaf_weight=610.35225027812521 21.443266418427811 7.1665799583279286 39.831434429017008 128.97526002231598 1435.6257546745039 10097.663925645069 83.432729284529614 4.496401783681903 18.065204691595 1726.6808626947984 1199.8797626152748 8.7055353693062916 8.894761157616129 3.498427339901812 24.837668774271151 9.3729164394869695 107.78565276492168 147.94273942336804 7.4356120713055125 31.187988076178954 86.171686092516438 303.66360374849228 1369.1530039285224 22.743775666429883 8.9864531328034882 10.267335094763892 12.115920543589253 21.013368371090792 24.072896054706689 8.6146279793124432
leaf_count=632646 97613 785291 28664 2072 108789 220433 32033 233 5243 24657 25167 680 6454 12009 368 18916 5062 1086 39 3952 1138 7699 590749 49150 445 169 67147 7392 3929 3053
internal_value=0.000772953 0.000717741 0.000751426 -4.82412e-05 -0.00580667 0.0013818 0.0126592 0.0512004 0.00361571 -0.00167442 -0.0132534 0.0160356 0.0430505 0.063365 0.098309 0.00631177 0.00843386 -0.00302386 0.0176634 -0.0338093 0.0127222 0.0225655 0.00803631 -0.000828482 0.00134526 0.038266 0.0538867 0.038365 0.0617979 0.0274039
internal_weight=17590.1 17568.6 17561.5 13729.4 2730.65 10998.8 901.092 87.9291 3832.07 1744.75 1295.02 95.1407 55.3093 46.4145 28.3361 18.0785 813.163 363.09 450.073 38.6236 215.147 411.449 2087.32 718.167 695.423 85.0706 74.8033 65.8168 53.7009 32.6875
internal_count=2742278 2644665 1859374 474794 201047 273747 53314 32266 1384580 29900 92258 67091 38427 31973 12377 19596 21048 4296 16752 3991 3210 12761 1354680 763931 714781 82135 81966 81521 14374 6982
is_linear=0
shrinkage=0.06


Tree=198
num_leaves=31
num_cat=0
split_feature=11 8 10 1 0 1 16 5 14 7 14 8 5 16 1 7 8 1 16 1 6 6 2 8 10 7 7 6 5 8
split_gain=15.1363 30.4235 37.7902 26.4932 28.2134 26.2294 34.2003 35.2638 26.0186 28.0124 40.8756 40.7661 37.233 28.0436 27.9954 26.3851 23.7707 22.9279 21.8007 32.2097 31.6721 48.7691 29.9255 20.93 19.553 27.3952 23.3364 19.3845 19.2405 18.954
threshold=1.0000000180025095e-35 35.926244735717781 0.39009661972522741 2.5000000000000004 0.00015046924090711403 8.5000000000000018 56.873315811157234 0.0017886158893816175 36.500000000000007 0.00016921264614211398 8.5000000000000018 45.923791885375984 0.03108292538672686 70.429252624511733 6.5000000000000009 0.040095711126923568 47.673160552978523 4.5000000000000009 42.488718032836921 5.5000000000000009 3.0174956321716313 3.0143910646438603 -0.91912096738815297 64.826801300048842 0.45643940567970281 0.0010448396787978711 0.26676015555858618 4.2657186985015878 0.98860448598861705 94.570026397705092
decision_type=2 2 2 2 2 2 2 2 2 2 2 2 2 2 2 2 2 2 2 2 2 2 2 2 2 2 2 2 2 2
left_child=-1 2 3 -2 -5 8 -7 -8 9 10 12 -11 13 -3 23 -10 17 -13 24 22 21 -21 -20 -12 25 -4 -27 -24 29 -18
right_child=1 5 18 4 -6 6 7 -9 15 11 14 16 -14 -15 -16 -17 28 -19 19 20 -22 -23 27 -25 -26 26 -28 -29 -30 -31
leaf_value=0.00082985054696041232 0.041152957991947896 -0.061207911452044246 0.051749510731117457 0.060269881989833331 -0.071640572625715132 -0.034351493265922975 0.17228751746048965 0.032351819979446625 -0.0014768583582285986 -0.065397185349613876 0.015246587902000766 0.088402029584134373 0.021644879877624441 0.079142041467450908 -0.094115108615687781 0.057109973884878901 -0.025852298798158965 -0.053099225406626573 -0.10601997725861063 -0.032612715418752658 0.057045228718051177 0.51171209697890574 0.025159188427745637 -0.023199935840025384 0.00067296781350398044 -0.091882357644852169 0.045644648973394118 -0.098998362828151706 0.0027001760584390013 0.038509744969303865
leaf_weight=14617.049532501254 11.513461633848349 33.649850919717892 58.791035137330027 5.8631707544132032 47.772787134840428 18.287063400685838 7.4959837709293415 30.371733908467831 499.36386196991953 68.726020354760294 64.790887702569307 13.231683351817766 236.27058695600135 5.1305438386134474 15.952304848740821 28.294438388489652 523.47426786249116 5.0290296895373094 6.5406714588154946 0.83665197581649298 47.297812569281746 0.39415223875175798 82.503099592588114 228.25051789876125 649.55805447616365 9.4214254324565463 6.9223630153270497 3.8113139672241223 119.76535562565687 16.152198566123843
leaf_count=2400835 213 779 752 83870 8337 71056 1233 2930 58013 5386 5223 424 7833 17 401 2585 3414 395 241 417 1304 3 801 28345 9480 1372 2956 173 44440 48
internal_value=5.03999e-05 -0.0039525 0.00493903 -0.0387834 -0.0563817 -0.00827831 0.0317759 0.0637723 -0.00950527 -0.0139739 -0.00412096 -0.021668 0.0126789 -0.0411173 -0.0190681 0.00176681 -0.0171432 0.0486988 0.00826893 0.0297349 0.0688222 0.292947 0.00879117 -0.0146765 0.00404583 0.0328132 -0.0343599 0.0186058 -0.0190376 -0.0238581
internal_weight=17462.5 2845.46 931.226 65.1494 53.636 1914.24 56.1548 37.8677 1858.08 1330.42 584.045 746.379 275.051 38.7804 308.994 527.658 677.653 18.2607 866.077 141.384 48.5286 1.2308 92.8551 293.041 724.693 75.1348 16.3438 86.3144 659.392 539.626
internal_count=2743276 342441 109919 92420 92207 232522 75219 4163 157303 96705 42598 54107 8629 796 33969 60598 48721 819 17499 2939 1724 420 1215 33568 14560 5080 4328 974 47902 3462
is_linear=0
shrinkage=0.06


Tree=199
num_leaves=31
num_cat=0
split_feature=4 8 1 2 3 8 6 5 5 8 6 14 9 9 8 8 3 14 7 9 4 5 2 6 8 6 6 8 6 4
split_gain=20.319 16.0527 29.7014 27.5289 26.9683 44.8123 30.7681 24.391 23.2687 23.3552 18.7484 19.3099 18.4332 18.0014 16.1221 29.3066 25.4856 25.233 22.7958 20.4086 27.1005 41.5168 44.1714 21.1771 25.4333 24.2509 24.0653 23.9406 19.1815 27.0678
threshold=-0.17105547338724134 92.031745910644545 10.500000000000002 -0.97785523533821095 4.5000000000000009 93.957649230957045 2.031043648719788 0.91870546340942394 0.9047992229461671 95.101959228515639 2.094290137290955 7.5000000000000009 55.77577209472657 90.038166046142592 79.431911468505874 78.319625854492202 25.500000000000004 9.5000000000000018 0.36193761229515081 80.123455047607436 -0.38312463462352747 0.95523107051849376 -1.0000000180025095e-35 4.0017282962799081 91.331184387207045 2.6913695335388188 2.0122189521789555 90.521114349365249 5.0047795772552499 -0.84442242980003346
decision_type=2 2 2 2 2 2 2 2 2 2 2 2 2 2 2 2 2 2 2 2 2 2 2 2 2 2 2 2 2 2
left_child=1 3 4 13 6 -6 8 -8 9 -3 -7 -12 -4 -1 15 17 19 18 -5 20 23 -22 -23 24 -16 26 -26 28 -25 -30
right_child=-2 2 12 14 5 10 7 -9 -10 -11 11 -13 -14 -15 16 -17 -18 -19 -20 -21 21 22 -24 27 25 -27 -28 -29 29 -31
leaf_value=-0.058808460429284157 0.00047519347432596696 0.074417182090456793 -0.043572305656665256 0.071018041928909217 -0.05169335574488907 -0.069427646631593565 -0.090968351454129889 -0.016636497731954171 -0.080518607250198382 -0.080239798027751552 0.071468071689007734 -0.06031776118219604 0.14826219471122581 0.054215285314763308 -0.032585550424995863 -0.075592016551461153 -0.063096115726289814 -0.075321637579681175 0.0083812888957997805 0.066538759447193813 0.043547205481467004 -0.081141698369776249 0.15046921525977472 0.063273549920894262 -0.057489709811434267 -0.064212174158815846 0.13529956096814857 -0.064753771126073584 0.14172278404387881 -0.033338857640117472
leaf_weight=28.752651935769222 16579.125989110038 17.909671685855081 1.9439381813061789 21.029158115939481 23.779164494386578 3.6675668774396391 34.602585841937525 29.682652704259908 5.7322369068331218 3.4517183937532527 39.458822194204004 3.6855916931308448 5.7302909408087999 5.2953515259183623 72.34777402165264 14.178507728862085 11.196149406090852 11.402589228561054 426.83250709528875 38.043811545275275 189.3541016258232 17.478165002728932 2.5833284842083222 40.230139746256782 2.4186054257063452 4.1211115328345604 8.9831995568606526 8.2198159447939343 2.7772459256616449 19.139945314649598
leaf_count=1334462 1176014 152 64237 1354 1612 1754 1064 20112 6081 154 2592 1200 1509 9560 9487 1294 2127 1567 101786 407 584 261 7 723 439 123 51 243 581 535
internal_value=0.000998059 0.008914 -0.00801518 0.0120262 -0.0137284 0.0140229 -0.0350863 -0.0574274 0.0180799 0.0469559 0.0477878 0.059099 0.100248 -0.040185 0.0140657 0.00646801 0.0226578 0.00916011 0.011474 0.0251737 0.0207244 0.0348321 -0.0455888 0.0019525 -0.0176068 0.0499518 0.0930661 0.0262815 0.0391569 -0.00593969
internal_weight=17673.2 1094.03 169.644 924.384 161.97 70.5911 91.3789 64.2852 27.0936 21.3614 46.812 43.1444 7.67423 34.048 890.336 473.443 416.893 459.264 447.862 405.697 367.653 209.416 20.0615 158.238 87.8707 15.5229 11.4018 70.3671 62.1473 21.9172
internal_count=2742072 1566058 100467 1465591 34721 7158 27563 21176 6387 306 5546 3792 65746 1344022 121569 106001 15568 104707 103140 13441 13034 852 268 12182 10100 613 490 2082 1839 1116
is_linear=0
shrinkage=0.06


end of trees

feature_importances:
sum_s1=845
sum_o=809
max_o_other=647
p1=614
ajac=458
nsort=428
aset=358
w=354
gap_s1=352
gap_o=286
sk_r=220
rk_s1=217
sk_set=204
rk_o=154
ncore_eq=27
akey_eq=18
anum_first_eq=9

parameters:
[boosting: gbdt]
[objective: binary]
[metric: auc]
[tree_learner: serial]
[device_type: cpu]
[data_sample_strategy: bagging]
[data: ]
[valid: ]
[num_iterations: 200]
[learning_rate: 0.06]
[num_leaves: 31]
[num_threads: 8]
[seed: 0]
[deterministic: 0]
[force_col_wise: 0]
[force_row_wise: 0]
[histogram_pool_size: -1]
[max_depth: -1]
[min_data_in_leaf: 20]
[min_sum_hessian_in_leaf: 0.001]
[bagging_fraction: 0.8]
[pos_bagging_fraction: 1]
[neg_bagging_fraction: 1]
[bagging_freq: 1]
[bagging_seed: 3]
[bagging_by_query: 0]
[feature_fraction: 0.9]
[feature_fraction_bynode: 1]
[feature_fraction_seed: 2]
[extra_trees: 0]
[extra_seed: 6]
[early_stopping_round: 0]
[early_stopping_min_delta: 0]
[first_metric_only: 0]
[max_delta_step: 0]
[lambda_l1: 0]
[lambda_l2: 1]
[linear_lambda: 0]
[min_gain_to_split: 0]
[drop_rate: 0.1]
[max_drop: 50]
[skip_drop: 0.5]
[xgboost_dart_mode: 0]
[uniform_drop: 0]
[drop_seed: 4]
[top_rate: 0.2]
[other_rate: 0.1]
[min_data_per_group: 100]
[max_cat_threshold: 32]
[cat_l2: 10]
[cat_smooth: 10]
[max_cat_to_onehot: 4]
[top_k: 20]
[monotone_constraints: ]
[monotone_constraints_method: basic]
[monotone_penalty: 0]
[feature_contri: ]
[forcedsplits_filename: ]
[refit_decay_rate: 0.9]
[cegb_tradeoff: 1]
[cegb_penalty_split: 0]
[cegb_penalty_feature_lazy: ]
[cegb_penalty_feature_coupled: ]
[path_smooth: 0]
[interaction_constraints: ]
[verbosity: -1]
[saved_feature_importance_type: 0]
[use_quantized_grad: 0]
[num_grad_quant_bins: 4]
[quant_train_renew_leaf: 0]
[stochastic_rounding: 1]
[linear_tree: 0]
[max_bin: 255]
[max_bin_by_feature: ]
[min_data_in_bin: 3]
[bin_construct_sample_cnt: 200000]
[data_random_seed: 1]
[is_enable_sparse: 1]
[enable_bundle: 1]
[use_missing: 1]
[zero_as_missing: 0]
[feature_pre_filter: 1]
[pre_partition: 0]
[two_round: 0]
[header: 0]
[label_column: ]
[weight_column: ]
[group_column: ]
[ignore_column: ]
[categorical_feature: ]
[forcedbins_filename: ]
[precise_float_parser: 0]
[parser_config_file: ]
[objective_seed: 5]
[num_class: 1]
[is_unbalance: 1]
[scale_pos_weight: 1]
[sigmoid: 1]
[boost_from_average: 1]
[reg_sqrt: 0]
[alpha: 0.9]
[fair_c: 1]
[poisson_max_delta_step: 0.7]
[tweedie_variance_power: 1.5]
[lambdarank_truncation_level: 30]
[lambdarank_norm: 1]
[label_gain: ]
[lambdarank_position_bias_regularization: 0]
[eval_at: ]
[multi_error_top_k: 1]
[auc_mu_weights: ]
[num_machines: 1]
[local_listen_port: 12400]
[time_out: 120]
[machine_list_filename: ]
[machines: ]
[gpu_platform_id: -1]
[gpu_device_id: -1]
[gpu_device_id_list: ]
[gpu_use_dp: 0]
[num_gpu: 1]

end of parameters

pandas_categorical:[]
