tree
version=v4
num_class=1
num_tree_per_iteration=1
label_index=0
max_feature_idx=17
objective=binary sigmoid:1
feature_names=p1 rk_s1 gap_s1 rk_o gap_o max_o_other sum_s1 sum_o nsort aset ajac akey_eq a_exact anum_first_eq w ncore_eq sk_r sk_set
feature_infos=[2.2758302975489642e-07:0.99999701976776123] [1:30] [-0.99999517202377319:0] [1:47] [-0.99999481439590454:0] [6.8816348175460007e-07:0.99999773502349854] [0:13.615463256835938] [0:10.679250717163086] [0:100] [0:100] [0:1] [0:1] [0:1] [0:1] [1:72] [0:1] [0:100] [0:100]
tree_sizes=3386 3427 3436 3438 3466 3453 3446 3464 3456 3481 3464 3468 3484 3482 3471 3487 3462 3486 3479 3469 3496 3475 3472 3471 3487 3468 3499 3478 3506 3463 3477 3474 3479 3494 3475 3476 3485 3506 3502 3488 3478 3476 3520 3495 3507 3485 3505 3481 3501 3488 3503 3487 3501 3478 3474 3480 3469 3478 3497 3490 3506 3498 3475 3502 3510 3487 3491 3488 3477 3519 3507 3511 3481 3507 3501 3487 3502 3500 3480 3521 3490 3510 3502 3510 3510 3529 3502 3510 3505 3500 3503 3510 3524 3508 3535 3507 3491 3510 3513 3514 3504 3507 3510 3485 3507 3489 3519 3519 3493 3524 3494 3552 3498 3484 3515 3478 3517 3505 3480 3506 3544 3497 3490 3524 3504 3535 3490 3485 3545 3512 3506 3516 3508 3528 3532 3540 3481 3566 3469 3528 3500 3548 3523 3524 3495 3517 3539 3535 3510 3497 3542 3494 3521 3491 3523 3522 3492 3514 3537 3506 3525 3526 3494 3489 3487 3505 3505 3547 3524 3458 3489 3523 3480 3512 3521 3492 3470 3496 3478 3531 3517 3511 3493 3489 3466 3506 3471 3508 3528 3523 3512 3486 3511 3482 3480 3511 3479 3511 3490 3509

Tree=0
num_leaves=31
num_cat=0
split_feature=0 4 0 5 4 7 5 5 0 7 14 7 14 4 5 4 4 9 14 5 7 0 7 7 6 7 6 7 6 5
split_gain=4.81077e+06 24028 12961.3 8484.88 5825.84 3440.04 2553.26 1332.66 1206.63 1527.52 1146.13 1157.09 879.543 733.844 540.81 464.611 424.797 395.553 384.562 338.223 331.268 303.696 302.887 267.241 267.149 227.916 221.497 218.744 202.525 194.5
threshold=0.38107465207576757 -0.019918964244425293 0.079893685877323165 0.83430194854736339 -0.43075647950172419 1.5619859695434573 0.99254158139228832 0.60052680969238292 0.0129409097135067 0.0001219618061440997 13.500000000000002 6.3116978708421825e-05 11.500000000000002 -0.12706227600574491 0.94737157225608837 -0.001546853862237185 -0.17632781714200971 63.499586105346687 12.500000000000002 0.15060451626777652 0.0057269202079623946 0.99218639731407177 3.7084234918438601e-06 2.2512538433074956 2.9990785121917729 2.2512538433074956 4.9981007575988778 0.78521895408630382 2.9998626708984379 0.99721845984458934
decision_type=2 2 2 2 2 2 2 2 2 2 2 2 2 2 2 2 2 2 2 2 2 2 2 2 2 2 2 2 2 2
left_child=2 6 8 7 -4 14 13 12 -1 18 11 -6 -3 -2 27 29 -11 20 24 -12 -13 -7 -9 -15 -10 -24 -21 -5 -19 -16
right_child=1 3 4 5 10 21 -8 22 9 16 19 17 -14 23 15 -17 -18 28 -20 26 -22 -23 25 -25 -26 -27 -28 -29 -30 -31
leaf_value=-1.8576071733680006 -1.7343093755637631 -1.4658166494557787 -1.8505126937120626 -1.3856773373727076 -1.4959860834037264 -1.5184004881725111 -1.8551087651449392 -1.4078989369565817 -1.5975862418292797 -1.8564412599017814 -1.7761167968781295 -1.459769103928469 -1.5808021940440233 -1.5250938706920185 -1.503872090914415 -1.3697434797453576 -1.7961907790081477 -1.6296844961280881 -1.7894653486441849 -1.6500341301030315 -1.6555843652910067 -1.3806545799129981 -1.4535776014330903 -1.6343323846310871 -1.7202938024272085 -1.5827993821636233 -1.7701523518381364 -1.433833266462107 -1.7320458017180207 -1.8514000872208867
leaf_weight=145342.20852029324 159.0978592634201 454.61715388298035 635.62714803218842 5385.2005295753479 328.12648010253906 633.96154916286469 276.50877666473389 679.65805852413177 119.10171103477478 1237.4248003959656 135.71368551254272 61.320415377616882 527.19314324855804 172.67243480682373 12.364578127861025 140640.25629532337 638.91317963600159 123.42188799381256 130.94202101230621 375.35371708869934 66.688032627105713 67.520191431045532 1650.4970289468765 162.89388191699982 140.19162261486053 56.602571249008179 65.154130816459656 440.55154752731323 161.9162757396698 9.7001069784164411
leaf_count=1183020 1022 1224 5112 8557 1020 2172 2242 1285 537 10053 951 156 2263 605 36 192515 4656 612 942 1972 354 97 4175 819 873 242 451 990 1035 79
internal_value=-1.61357 -1.37506 -1.8549 -1.37335 -1.70139 -1.3712 -1.70924 -1.46776 -1.85693 -1.81347 -1.62946 -1.58013 -1.52729 -1.62773 -1.37056 -1.36979 -1.83594 -1.64746 -1.70561 -1.69319 -1.55997 -1.50458 -1.44339 -1.57751 -1.66342 -1.45774 -1.66772 -1.38926 -1.68737 -1.65278
internal_weight=300891 151329 149562 150558 1953.32 147190 771.173 3368.57 147609 2266.57 1317.69 741.473 981.81 494.664 146488 140662 1876.34 413.347 390.235 576.222 128.008 701.482 2386.76 335.566 259.293 1707.1 440.508 5825.75 285.338 22.0647
internal_count=1430067 218323 1211744 213635 11663 204446 4688 9189 1200081 17061 6551 3177 3487 2446 202177 192630 14709 2157 2352 3374 510 2269 5702 1424 1410 4417 2423 9547 1647 115
is_linear=0
shrinkage=1


Tree=1
num_leaves=31
num_cat=0
split_feature=0 0 4 4 5 5 7 0 7 10 7 14 5 7 17 14 4 4 6 3 5 9 0 9 5 7 8 10 6 6
split_gain=2.96953e+06 12519.3 11267 4766.44 3539.35 1713.18 1673.4 1204.78 1491.54 905.781 847.292 742.89 467.611 418.325 410.571 406.499 332.034 301.107 287.772 269.909 334.812 237.867 212.585 210.057 195.672 187.843 169.081 168.335 159.513 157.921
threshold=0.38107465207576757 0.079893685877323165 -0.03543432988226413 -0.43075647950172419 0.73536700010299694 0.99254158139228832 1.5619859695434573 0.0129409097135067 0.0001219618061440997 0.30217391252517706 4.1093673644354574e-05 16.500000000000004 0.91138365864753734 0.0079296678304672259 99.090908050537124 11.500000000000002 -0.56932592391967762 -0.23143005371093747 0.025757221505045894 1.5000000000000002 0.99721845984458934 76.975051879882827 0.18442497402429583 78.287063598632827 0.60052680969238292 2.2512538433074956 65.64831924438478 0.26794873178005224 3.9912524223327641 2.9990785121917729
decision_type=2 2 2 2 2 2 2 2 2 2 2 2 2 2 2 2 2 2 2 2 2 2 2 2 2 2 2 2 2 2
left_child=1 7 5 -3 11 17 12 -1 15 13 14 23 21 28 -11 29 -10 -2 -13 -14 -21 -6 -12 -4 -20 -8 -25 -18 -5 -9
right_child=2 3 4 9 6 -7 25 8 16 10 22 18 19 -15 -16 -17 27 -19 24 20 -22 -23 -24 26 -26 -27 -28 -29 -30 -31
leaf_value=-0.069022006903876484 0.032017059563010812 -0.062308654193379907 0.2750631519391179 0.27145008295522099 0.29103939814598345 -0.067694194412821762 0.24843806195225604 0.16239506293158237 -0.068354594983697101 0.23243201543931905 0.019089859264914435 -0.037689638351378722 0.29560860685265378 0.11522248980679516 0.11254334721774291 -0.0088605302122504691 0.025473088532335708 0.14865283938561916 0.15619505997174368 0.24209019195397399 -0.045272584569179944 0.26444332077305771 0.089874471146021401 0.25188258639194772 0.21280689011339599 0.19378441530832347 0.19406779289678056 -0.03679975011181176 0.16795086165976028 0.072496807837841418
leaf_weight=138080.17551923543 101.04282386600971 613.09594392776489 621.82975003123283 233.56005245447159 2489.4378161728382 251.96161618828773 411.40026101469994 141.50737275183201 1122.7963436096907 207.95155264437199 247.02227884531021 21.294892936944962 189036.68692421913 126.27313475310802 209.66493318974972 134.86566877365112 236.69124559313059 387.63906633853912 474.76394107937813 118.30801891535521 16.304320514202118 2803.4147818684578 401.99967922270298 448.16945597529411 445.46280959248543 585.14005010575056 351.3827251791954 455.73703873157501 78.262364760041237 144.7051455527544
leaf_count=1181926 648 5164 1045 496 3088 2149 909 548 9593 507 1604 135 197212 619 1013 981 1638 1602 1846 245 130 4541 2108 889 1113 1815 1007 3532 282 835
internal_value=0.142927 -0.0661289 0.292886 0.0786353 0.293761 0.0592136 0.294645 -0.0683144 -0.0246135 0.136065 0.106057 0.220535 0.295044 0.208721 0.172654 0.0770042 -0.0482152 0.124651 0.178757 0.295547 0.207207 0.277005 0.0630042 0.248064 0.183801 0.216573 0.226749 -0.0155071 0.246093 0.117354
internal_weight=340999 142434 198564 2117.83 197824 740.644 195461 140316 2236.3 1504.73 1066.64 2362.9 194464 438.096 417.616 421.078 1815.22 488.682 941.522 189171 134.612 5292.85 649.022 1421.38 920.227 996.54 799.552 692.428 311.822 286.213
internal_count=1429220 1210846 218374 11793 213975 4399 207940 1199053 17127 6629 5232 6035 205216 1397 1520 2364 14763 2250 3094 197587 375 7629 3712 2941 2959 2724 1896 5170 778 1383
is_linear=0
shrinkage=0.06


Tree=2
num_leaves=31
num_cat=0
split_feature=0 4 0 0 7 5 7 14 10 5 4 8 5 0 5 2 6 6 6 4 7 9 10 9 6 6 0 7 7 6
split_gain=2.12829e+06 12654.4 4149.58 3762.05 2746.63 1290.41 1186.69 895.335 706.752 501.338 488.344 397.841 318.254 304.78 450.225 285.285 312.198 289.431 278.521 260.371 251.867 247.285 237.818 236.824 214.848 193.461 189.449 445.787 188.027 183.433
threshold=0.18442497402429583 -0.049054281786084168 0.63609617948532116 0.021605790592730049 0.0067095339763909587 0.99138492345809948 0.99741095304489147 13.500000000000002 0.31698563694953924 0.86405959725379955 -0.23143005371093747 70.064933776855483 0.050099568441510207 0.99543121457099926 0.99606797099113475 -0.026848802343010899 2.9954572916030888 3.004915833473206 3.9941577911376958 -0.63829940557479847 7.4395771662238999e-05 56.265703201293952 0.3514705896377564 75.701915740966811 4.0041832923889169 4.9915487766265878 0.0059790529776364574 3.1044690331327736e-05 0.1030123718082905 4.0004851818084726
decision_type=2 2 2 2 2 2 2 2 2 2 2 2 2 2 2 2 2 2 2 2 2 2 2 2 2 2 2 2 2 2
left_child=3 5 8 26 7 10 9 12 28 22 -2 20 23 14 -8 16 -13 -18 -19 -6 -10 -9 -4 -5 -20 -26 -1 -28 -3 -14
right_child=1 2 6 4 19 -7 13 21 11 -11 -12 15 29 -15 -16 -17 17 18 24 -21 -22 -23 -24 -25 25 -27 27 -29 -30 -31
leaf_value=-0.068519926167423514 -8.9412079612968226e-05 0.22100222450884238 0.23077171449180486 0.1244156714043316 -0.067655293005215472 -0.068652779546032675 0.17662539300296529 0.25946771258377171 0.21009639507693667 0.23514057946023978 0.11482810698324325 0.16090913614547525 0.16414039654256674 0.2365642368870686 -0.067497976118204031 -0.010777760917471801 -0.0033730078742438092 0.16829465848851891 -0.014363987930724518 -0.0027975657963832008 0.12369626648271516 -0.0045337296634724378 0.20184956488584191 0.005603326899169302 0.15340890934991186 0.063487016324217022 0.039520066973789451 -0.058814964852047624 0.11684842293882311 0.082436086778461704
leaf_weight=130050.244132936 210.05379156768322 606.85701832175255 1895.0716338008642 105.57557195425034 1009.6555459201336 389.66469372063875 1362.3006480336189 12.184416525065897 367.36360351741314 224420.08851941675 362.48224374651909 535.34004054963589 353.73955304175615 333.46263329684734 27.265505537390709 57.207156956195831 85.703474462032318 222.27704729139805 65.991706237196922 285.96737612038851 190.13392300903797 408.37556929886341 2499.783162266016 139.61174929887056 155.2047608345747 197.67660294473171 181.9639268964529 1815.4041411578655 73.611636161804199 141.95123229175806
leaf_count=1171615 1519 1035 2154 509 9046 3487 3230 28 652 200013 1442 1681 1130 315 230 333 466 675 373 2007 660 2887 4152 909 512 928 1185 15894 244 662
internal_value=0.123328 0.232627 0.233524 -0.066869 0.0066902 0.0154681 0.234368 0.0736589 0.157391 0.234743 0.0727402 0.138244 0.113306 0.184456 0.17179 0.120094 0.12603 0.100155 0.113977 -0.0533532 0.180904 0.00371224 0.214371 0.0570605 0.0848216 0.103358 -0.0682378 -0.0498412 0.209923 0.140956
internal_weight=368562 234058 233095 134505 2457.06 962.201 230538 1161.44 2557.37 228815 572.536 1876.9 740.878 1723.03 1389.57 1319.4 1262.19 726.854 641.15 1295.62 557.498 420.56 4394.85 245.187 418.873 352.881 132048 1997.37 680.469 495.691
internal_count=1429973 224101 217653 1205872 17178 6448 210094 6125 7559 206319 2961 6280 3210 3775 3460 4968 4635 2954 2488 11053 1312 2915 6306 1418 1813 1440 1188694 17079 1279 1792
is_linear=0
shrinkage=0.06


Tree=3
num_leaves=31
num_cat=0
split_feature=0 4 0 5 4 5 7 14 0 7 7 9 4 5 0 10 7 14 7 5 7 10 6 9 8 7 8 6 6 6
split_gain=1.6405e+06 8883.22 3667.8 3030.43 1995.14 1157.35 856.595 606.336 515.814 652.132 512.227 452.824 432.38 321.981 269.802 219.364 218.257 209.728 193.454 155.023 149.301 155.424 133.801 129.61 177.133 125.525 149.774 122.013 119.977 236.737
threshold=0.18442497402429583 -0.049054281786084168 0.038541378453373916 0.73536700010299694 -0.63829940557479847 0.99138492345809948 1.5619859695434573 11.500000000000002 0.0086993081495165842 0.0049065230414271363 0.0001053931518981699 75.058685302734389 -0.43075647950172419 0.36131460964679724 0.96570476889610302 0.29520697891712194 0.017838914878666404 19.500000000000004 0.0079296678304672259 0.36131460964679724 0.78521895408630382 0.26794873178005224 0.055739754810929305 85.814888000488295 52.97661209106446 1.0000000180025095e-35 44.575162887573249 2.9982769489288335 3.9912524223327641 4.0469851493835458
decision_type=2 2 2 2 2 2 2 2 2 2 2 2 2 2 2 2 2 2 2 2 2 2 2 2 2 2 2 2 2 2
left_child=2 5 8 7 -4 12 14 16 -1 11 17 27 -2 -9 20 18 23 -6 -12 -18 21 -5 -15 -3 -25 26 -13 -10 -24 -30
right_child=1 3 4 6 10 -7 -8 13 9 -11 15 25 -14 22 -16 -17 19 -19 -20 -21 -22 -23 28 24 -26 -27 -28 -29 29 -31
leaf_value=-0.067856331025585068 -0.028756038581943203 0.19027054812141925 -0.066401233939376719 0.19938192022646509 0.13232832352909296 -0.068061757119208241 0.14883300623884363 0.076255727414056132 0.12754674319653037 -0.062913775865073199 0.12649351639141837 0.10295641588143661 0.093576040441376601 0.017669251311606002 0.19863161284665604 0.0034270272088554716 0.014179034703506344 0.039324030331438435 0.017526796817662085 0.13680076076646011 0.16735894602695295 0.18640186395613897 0.14891931421818125 0.177419686574253 0.11804396330428026 -0.037917110826812601 -0.045086628287284734 0.037640110025857362 0.015000195878199341 0.13082922186915449
leaf_weight=124101.99239437282 132.9703216701746 996.71673268079758 624.62817596644163 6131.3715919852257 394.98250709474087 369.81017161160707 1290.9816449359059 451.07581835985184 103.52941428869963 1253.6706117987633 126.91678751260042 54.593501068651676 470.12702012062073 34.790111213922501 237985.18391764164 395.77675826847553 44.288023680448532 113.34996710717678 109.00496210157871 236.382578343153 1018.2499136030674 8370.5512882173061 1001.3479714542627 544.25126804411411 285.64015109837055 396.80178764462471 43.336820669472218 115.69415851682425 77.311692714691162 362.54494681954384
leaf_count=1177046 1066 1354 5874 5132 1200 3484 2882 1947 486 11569 439 256 1902 182 189746 2675 228 697 702 521 1507 8912 2358 888 757 3201 323 755 351 986
internal_value=0.109794 0.196375 -0.0661705 0.197056 0.019722 0.0153975 0.197873 0.145375 -0.0673729 -0.0368633 0.0669262 0.00890402 0.0666014 0.120904 0.198123 0.0307705 0.167685 0.111708 0.0764332 0.117571 0.190304 0.191903 0.134488 0.175317 0.15715 -0.0229132 0.0376498 0.0804853 0.137294 0.110551
internal_weight=387638 259804 127834 258831 1764.66 972.908 254796 4034.35 126070 1967.63 1140.03 713.956 603.097 1927.07 253505 631.699 2107.28 508.332 235.922 280.671 15520.2 14501.9 1475.99 1826.61 829.891 494.732 97.9303 219.224 1441.2 439.857
internal_count=1429426 224203 1205223 217751 11587 6452 208179 9572 1193636 16590 5713 5021 2968 5824 205297 3816 3748 1897 1141 749 15551 14044 3877 2999 1645 3780 579 1241 3695 1337
is_linear=0
shrinkage=0.06


Tree=4
num_leaves=31
num_cat=0
split_feature=0 4 0 0 7 7 7 10 0 9 10 4 10 14 17 0 7 10 7 7 4 2 10 7 7 2 7 10 2 9
split_gain=1.32192e+06 6718.09 3485.88 2501.93 2073.24 1019.77 595.983 473.644 356.59 347.373 330.787 259.516 284.734 258.308 223.626 218.5 478.905 248.084 201.595 188.219 181.425 179.772 165.973 131.43 129.959 118.511 111.065 109.264 97.0662 88.0892
threshold=0.18442497402429583 -0.091630481183528886 0.021605790592730049 0.63609617948532116 0.62881579995155346 0.99741095304489147 8.2553626270964755e-05 0.41885964572429663 0.88379943370819103 1.0000000180025095e-35 0.30901856720447546 -0.0055938800796866408 0.065591398626565947 11.500000000000002 69.309261322021499 0.0033698121551424269 0.00022387784702004868 0.36602871119976049 2.2512538433074956 0.0033986198250204329 -0.36241199076175684 -0.026848802343010899 0.28869047760963445 0.95683798193931591 0.0011563430307433011 -0.42983746528625483 0.0079296678304672259 0.22401433438062671 -0.99275383353233326 31.938609123229984
decision_type=2 2 2 2 2 2 2 2 2 2 2 2 2 2 2 2 2 2 2 2 2 2 2 2 2 2 2 2 2 2
left_child=2 9 15 7 6 8 13 26 22 20 19 12 -7 -4 24 -1 17 28 -13 -8 -2 25 -5 -11 -9 -16 -3 -15 -17 -30
right_child=1 3 4 5 -6 11 10 14 -10 23 -12 18 -14 27 21 16 -18 -19 -20 -21 -22 -23 -24 -25 -26 -27 -28 -29 29 -31
leaf_value=-0.067453742613407419 -0.020404965425402773 0.1582035138466478 0.11749512124443044 0.1705864163050711 -0.064613019309229261 0.10953803565765909 0.10781128292401103 0.1474283767742306 0.17345211823132542 0.055953813917630206 -0.012586978057770764 0.15940043072166982 -0.033441734471940113 0.19690258414349679 0.082304784539054848 -0.0013181434159593055 -0.061357028460508084 -0.028907978027008702 0.11649358294451288 0.018520909788048639 0.073992194019871324 -0.017367972283032124 0.15085283352251228 -0.055875282797102639 0.058883981350913023 0.12569076103234889 0.10587883015790607 0.018053429434889742 -0.043800054959983264 0.11251371265293877
leaf_weight=116046.26566191018 116.90823156386614 897.56373539566994 453.46786987781525 2750.0926735699177 935.38993648439646 434.54982022941113 169.05289980024099 418.22904406487942 265357.88436950743 41.178927227854729 531.59507329016924 1056.2200378030539 56.205471068620682 12.326801694929598 1074.5086152255535 59.440016038715839 2515.9271912500262 295.45297063142061 656.32441917061806 170.90038796514273 193.88438022136688 56.356684774160385 3819.4597818255424 382.06354852765799 71.73397608101368 293.37623436748981 185.11372877657413 163.53931047767401 14.330468967556952 101.08703731000423
leaf_count=1159801 914 1389 1298 2526 9207 1196 631 698 198343 212 3793 1365 411 22 3781 535 24543 2506 1521 1080 803 316 5099 3614 251 670 494 1017 104 561
internal_value=0.0995219 0.1717 -0.0655866 0.17218 0.00545814 0.172777 0.0491423 0.117574 0.173107 -0.00956376 0.0169774 0.131966 0.0931281 0.093589 0.0995261 -0.0670407 -0.0509722 0.00459398 0.143034 0.0631094 0.0385321 0.0873702 0.159138 -0.0448887 0.134611 0.091695 0.149363 0.0316317 0.061044 0.092896
internal_weight=399330 277862 121469 277128 2436.27 274131 1500.88 2996.88 271927 734.035 871.548 2203.3 490.755 629.334 1914.2 119033 2986.24 470.31 1712.54 339.953 310.793 1424.24 6569.55 423.242 489.963 1367.88 1082.68 175.866 174.858 115.418
internal_count=1428701 223603 1205098 218060 17048 210461 7841 7599 205968 5543 5504 4493 1607 2337 5716 1188050 28249 3706 2886 1711 1717 4767 7625 3826 949 4451 1883 1039 1200 665
is_linear=0
shrinkage=0.06


Tree=5
num_leaves=31
num_cat=0
split_feature=0 4 0 5 4 5 7 4 9 7 5 10 16 0 7 9 14 7 6 6 6 7 6 7 10 5 6 6 6 6
split_gain=1.09999e+06 5579.57 3330.67 2226.36 1825.15 1067.13 567.854 436.143 423.679 407.47 248.617 239.014 220.212 215.751 377.881 260.441 183.543 166.681 164.456 181.513 254.41 122.691 119.841 110.035 101.536 101.372 96.0016 143.158 112.536 94.9704
threshold=0.18442497402429583 -0.026286931708455082 0.021605790592730049 0.73536700010299694 -0.63829940557479847 0.99254158139228832 1.8193481564521792 -0.43075647950172419 88.084316253662124 8.2553626270964755e-05 0.92418035864830028 0.30901856720447546 60.737812042236335 0.0043597351759672174 0.00051558198174461733 79.022300720214858 11.500000000000002 0.0024886085884645586 0.27741253376007086 3.9963786602020268 4.0094857215881357 0.038724163547158248 0.99996107816696178 0.017838914878666404 0.1863425895571709 0.51504290103912365 4.9915487766265878 5.011017084121705 5.9891998767852792 2.9990785121917729
decision_type=2 2 2 2 2 2 2 2 2 2 2 2 2 2 2 2 2 2 2 2 2 2 2 2 2 2 2 2 2 2
left_child=2 5 13 8 -4 7 10 -2 23 16 -5 17 21 -1 15 29 -6 -11 -14 25 -21 -10 -8 -3 -18 -20 -22 -28 -29 -15
right_child=1 3 4 6 9 -7 22 -9 12 11 -12 -13 18 14 -16 -17 24 -19 19 20 26 -23 -24 -25 -26 -27 27 28 -30 -31
leaf_value=-0.066935680393325842 -0.040880360892069645 0.1385034869069604 -0.065476149077456899 0.14543579857644787 0.10028164279355598 -0.066186820278585329 -0.0044440910875657791 0.079349255715595535 0.13002173906450024 0.097351714568156611 0.1554133661714123 -0.0085635802679519153 -0.016675989215426436 0.10041428164351573 -0.061081825083293934 -0.035114956462957432 0.18721110238763447 0.01800036876651203 0.083463770320516995 -0.041178022960866104 0.10636711583868413 -0.024538272039052417 0.11500205578626305 0.09493152520169934 0.01738413469268409 0.11846055939334191 -0.037482308303687241 0.11368977921451645 0.027799528569944051 0.014009059911256828
leaf_weight=110710.12493951619 129.21801399439573 1709.7526264637709 863.68145445734262 9551.3827838748693 455.58050379157066 348.09691266715527 31.044170707464218 662.92932406812906 635.85609617829323 171.22020443528891 275334.77917064726 533.27046743780375 55.426458239555359 85.066402465105057 1840.1488999798894 319.35330885648727 12.686731800436972 214.63243287801743 614.61453318595886 77.271052047610283 208.20213536918163 18.741961896419525 1067.5413726270199 248.79212157428265 176.01111350208521 608.53883634507656 51.608959078788757 115.18144188821316 105.75262932479382 98.681970186531544
leaf_count=1166262 1102 2466 8996 9311 1267 3571 114 2265 1011 591 195984 3828 311 486 18800 2785 19 1335 1942 400 523 82 2122 572 1072 1159 255 301 420 754
internal_value=0.0916646 0.153737 -0.0650608 0.154257 0.00448183 0.0212517 0.154913 0.0597101 0.112085 0.0431464 0.155079 0.0174674 0.0955789 -0.0665538 -0.0484893 -0.00240119 0.0796961 0.0533728 0.0848285 0.0879947 0.0594501 0.125566 0.111626 0.13302 0.0297288 0.100958 0.0756762 0.0519275 0.0728879 0.0543374
internal_weight=407055 291575 115480 290434 2427.08 1140.24 285985 792.147 4449.74 1563.4 284886 919.123 2491.19 113053 2343.25 503.102 644.278 385.853 1836.6 1781.17 558.016 654.598 1098.59 1958.54 188.698 1223.15 480.745 272.543 220.934 183.748
internal_count=1430106 223911 1206195 216973 17108 6938 207531 3367 9442 8112 205295 5754 6404 1189087 22825 4025 2358 1926 5311 5000 1899 1093 2236 3038 1091 3101 1499 976 721 1240
is_linear=0
shrinkage=0.06


Tree=6
num_leaves=31
num_cat=0
split_feature=0 4 0 0 7 5 7 5 7 4 9 0 7 0 5 10 9 9 17 17 14 2 9 5 2 7 2 6 5 7
split_gain=934075 4565.59 3327.42 1933.42 1732.43 787.635 462.125 418.133 309.266 264.838 252.695 247.024 480.242 234.528 229.41 192.058 186.059 163.223 168.886 136.019 124.246 119.674 106.304 104.781 98.4283 97.2598 97.091 91.9719 90.2229 85.3441
threshold=0.18442497402429583 -0.049054281786084168 0.021605790592730049 0.81188002228736889 0.62881579995155346 0.99138492345809948 0.8872683346271516 0.51504290103912365 8.2553626270964755e-05 -0.43075647950172419 76.975051879882827 0.0043597351759672174 0.00021341218962334099 0.99218639731407177 0.99721845984458934 0.17752101272344592 75.058685302734389 73.931308746337905 69.028213500976577 67.333332061767592 11.500000000000002 -0.95418816804885853 1.0000000180025095e-35 0.28830029070377355 -0.95418816804885853 1.0876579880714419 -0.026848802343010899 4.1855843067169198 0.9741620421409608 0.0057269202079623946
decision_type=2 2 2 2 2 2 2 2 2 2 2 2 2 2 2 2 2 2 2 2 2 2 2 2 2 2 2 2 2 2
left_child=2 5 11 7 8 9 28 10 17 -2 -3 -1 16 14 -8 27 -13 22 24 29 25 -17 -4 -21 -19 -9 -22 -10 -5 -12
right_child=1 3 4 6 -6 -7 13 20 15 -11 19 12 -14 -15 -16 21 -18 18 -20 23 26 -23 -24 -25 -26 -27 -28 -29 -30 -31
leaf_value=-0.066470484061121771 -0.030755103018943152 0.12052938358239872 0.03869058697985734 0.13724990158693537 -0.064217271888039412 -0.066627148027308111 0.10942855211932383 0.13131211932111114 0.091333681905660019 0.066316173677455501 0.11209486984690445 0.069526771188632028 -0.059358765746463052 0.14273280336880748 -0.068785167346126386 -0.034041286460144218 -0.016159094069778786 0.014370600959547623 0.013550300639840323 0.033836270585761434 0.10998402908461424 0.020077381622159326 0.14046886678708806 0.074695551609141583 0.10521683849308336 0.083229157479219829 0.031823773908351088 -0.0021530961317658974 0.14179927407214674 0.015987830286239374
leaf_weight=104920.78075643629 123.97512604296207 597.7653664201498 49.263110712170601 17746.386024862528 849.34533100575209 318.3195751234889 2164.5232830941677 2338.8496025949717 159.45314674824476 537.28447711467743 389.47538080811501 136.16276691108942 1847.1047140136361 993.30756029486656 25.69090124219656 209.32316053658724 271.6134195253253 55.057706266641617 215.49851796030998 307.21544028818607 1887.7294727265835 488.38556216657162 159.08212612569332 881.136819049716 199.76158468425274 169.06276696920395 60.018534749746323 49.534136101603508 272196.33149287105 36.757653549313545
leaf_count=1165607 1073 931 161 14149 9253 3472 3524 2578 646 1907 653 777 19689 720 199 1628 2282 259 1202 1227 3084 2986 302 2684 457 383 205 286 187104 148
internal_value=0.0854756 0.140121 -0.0644721 0.140543 0.00488524 0.0107875 0.141271 0.108553 0.0419236 0.048098 0.0871364 -0.0660477 -0.0463544 0.118402 0.107308 0.0189622 0.0125528 0.0725271 0.0527515 0.0747064 0.119165 0.00381548 0.116703 0.0641699 0.085721 0.128105 0.107593 0.0692707 0.141521 0.103864
internal_weight=410384 300774 109610 299794 2434.7 979.579 293126 6668.01 1585.36 661.26 2212.35 107176 2254.88 3183.52 2190.21 906.696 407.776 678.663 470.318 1614.59 4455.66 697.709 208.345 1188.35 254.819 2507.91 1947.75 208.987 289943 426.233
internal_count=1429576 224041 1205535 217589 17180 6452 205696 11893 7927 2980 5643 1188355 22748 4443 3723 5546 3059 2381 1918 4712 6250 4614 463 3911 716 2961 3289 932 201253 801
is_linear=0
shrinkage=0.06


Tree=7
num_leaves=31
num_cat=0
split_feature=0 4 0 0 7 5 4 7 5 10 5 10 5 7 0 7 17 6 7 10 5 6 8 4 8 7 2 6 6 7
split_gain=806032 3809.43 3220.56 1924.11 1595.6 593.362 455.072 386.657 346.14 323.517 293.313 289.46 228.965 226.339 212.962 561.446 195.336 174.86 170.09 159.588 147.924 134.916 129.456 118.842 137.517 114.543 98.2727 99.8379 97.616 94.6752
threshold=0.18442497402429583 -0.12706227600574491 0.021605790592730049 0.88379943370819103 0.44601628184318548 0.60052680969238292 -7.9376408393727602e-05 0.99786853790283214 0.99834084510803234 0.32738095521926885 0.99138492345809948 0.30901856720447546 0.050099568441510207 0.0067095339763909587 0.0021914592944085602 3.1044690331327736e-05 82.842723846435561 2.9990785121917729 0.00039894957444630569 0.3514705896377564 0.28830029070377355 3.997780561447144 75.716625213623061 -0.0011548973270691929 95.293468475341811 2.2512538433074956 -0.31834602355957026 1.9931368231773379 0.75467070937156688 7.4395771662238999e-05
decision_type=2 2 2 2 2 2 2 2 2 2 2 2 2 2 2 2 2 2 2 2 2 2 2 2 2 2 2 2 2 2
left_child=2 10 14 5 11 9 8 19 -5 -3 -2 13 -13 21 -1 17 18 -16 -14 -7 29 -4 -22 -17 -25 -8 27 -24 -21 -11
right_child=1 3 4 6 -6 7 25 -9 -10 20 -12 12 16 -15 15 23 -18 -19 -20 28 22 -23 26 24 -26 -27 -28 -29 -30 -31
leaf_value=-0.066126442724263629 0.017563552762356136 0.1145962389445879 0.11137040452490982 0.093701116041175883 -0.062969955821817788 0.127427587267746 0.13075542622514058 0.075801219778747084 -0.068871476675470181 0.06868285175368187 -0.066137688493753621 -0.024306898784510589 0.097429576379547564 0.0045774846249498008 0.073959660400967367 -0.065304665975831067 0.0078153857412308868 -0.015306936537638703 0.00082907851661866052 0.060264357317197585 0.1018662697378819 0.035931359414854598 0.11112594826216651 -0.043462351454113257 0.094794493901233096 0.096250194030346153 -0.014366386453281659 0.062422558631948365 0.11166520457323467 0.013296299420551059
leaf_weight=98018.552969768643 326.19305684417486 831.08763657510281 346.90085422992706 644.8091894313693 826.47586240619421 3560.9223131835461 292639.96617986262 877.6480225622654 50.155579119920731 210.43523232638836 278.66031187772751 295.61282225698233 244.57423630356789 135.69423771649599 142.55775181949139 2449.196391955018 357.13566806912422 175.04461475461721 89.568235710263252 141.42442399263382 572.38867756724358 114.74769569933414 183.05211637914181 821.09472674876451 25.826931774616241 360.13363972306252 51.018404811620712 928.05534964799881 4046.9875348806381 235.40707270801067
leaf_count=1149035 1940 1161 814 1153 9390 3051 199245 2069 461 567 3211 2116 609 849 923 28253 2223 1546 596 293 968 463 375 8589 204 655 259 2710 4871 987
internal_value=0.0802905 0.129351 -0.0639724 0.129649 0.00456727 0.105694 0.130598 0.113711 0.0818862 0.0826996 -0.0210437 0.0398181 0.0198306 0.0727519 -0.0655982 -0.0512553 0.0387131 0.0248673 0.0716152 0.117994 0.0704946 0.0927374 0.0784255 -0.0585955 -0.0391394 0.130713 0.0668025 0.070539 0.109944 0.0395337
internal_weight=409981 305938 104043 305333 2410.71 11638.4 293695 8626.98 694.965 3011.44 604.853 1584.23 986.891 597.343 101632 3613.72 691.278 317.602 334.142 7749.33 2180.36 461.649 1734.51 3296.12 846.922 293000 1162.13 1111.11 4188.41 445.842
internal_count=1429586 223976 1205610 218825 17060 17311 201514 10284 1614 7027 5151 7670 5544 2126 1188550 39515 3428 2469 1205 8215 5866 1277 4312 37046 8793 199900 3344 3085 5164 1554
is_linear=0
shrinkage=0.06


Tree=8
num_leaves=31
num_cat=0
split_feature=0 4 0 0 7 3 5 5 5 14 7 5 7 4 0 7 14 7 6 14 6 2 6 8 6 14 2 6 6 6
split_gain=703005 5481.32 2556.96 1256.48 908.502 766.682 525.143 297.75 293.427 261.251 243.323 208.012 212.532 146.095 137.986 380.105 128.405 131.071 128.128 109.193 101.325 104.978 98.8622 86.7751 86.4655 71.3882 89.7598 70.9826 75.2703 95.0512
threshold=0.079893685877323165 -0.12706227600574491 0.81188002228736889 0.0129409097135067 0.0067095339763909587 1.5000000000000002 0.43902739882469183 0.99834084510803234 0.98823553323745739 11.500000000000002 3.8326776120811708e-05 0.95847877860069286 0.78521895408630382 -0.49817265570163721 0.0026680384762585167 0.00020347828103695067 10.500000000000002 0.1030123718082905 2.9990785121917729 12.500000000000002 4.9915487766265878 -0.16094836592674253 1.9991011023521426 95.293468475341811 0.025757221505045894 18.500000000000004 -0.99475938081741322 2.0707226991653447 2.9931827783584599 3.0935431718826298
decision_type=2 2 2 2 2 2 2 2 2 2 2 2 2 2 2 2 2 2 2 2 2 2 2 2 2 2 2 2 2 2
left_child=3 8 6 14 9 11 10 -7 13 18 19 12 -4 -2 -1 23 17 -8 -5 -3 21 22 -12 25 -18 26 -16 -24 -29 -30
right_child=1 2 5 4 -6 7 16 -9 -10 -11 20 -13 -14 -15 15 -17 24 -19 -20 -21 -22 -23 27 -25 -26 -27 -28 28 29 -31
leaf_value=-0.065691226631402422 -0.038649830672376005 0.099925870210589171 0.11736398451392729 0.073921685701296425 -0.056750360693942604 0.079895067984564777 0.112105808219906 -0.068164728562601723 -0.065116828421361878 -0.01947669194209279 0.091819783504870023 0.12221184526353017 0.093876931442251454 0.034295167604756739 -0.028040567451921929 -0.061078174427796658 0.000927434715423041 0.079127728158904856 0.020455912152370411 0.054968554550563015 0.01381975857416921 -0.022953009918428031 0.006717834473794689 0.17573043119579443 0.088636198968802302 -0.055369444961688198 0.040627252602907574 0.08861536174540792 0.0036917587989585571 0.059037471864556337
leaf_weight=93218.860826767981 163.4389465674758 709.04171277582645 13696.782933652401 312.10344191640615 1018.7769041508436 1146.5215361639857 2395.3991598784924 50.342609755694866 444.1549114137888 326.18633917719126 268.5545090585947 284056.39288468659 1571.9510061740875 246.81776808202267 112.06744021177292 2048.3335823640227 41.191594898700714 544.27664825320244 335.1485517770052 274.08577953279018 246.69949507713318 57.536834210157394 117.468271702528 9.4958188831806165 2355.715650036931 65.475978337228298 173.2286140024662 200.82400678098202 145.40274134278297 483.09155666828156
leaf_count=1153360 1641 1081 10777 1185 11522 2266 2520 491 5357 2540 692 190932 2230 1159 1194 24644 170 1068 1859 981 1058 300 468 45 3944 683 1335 542 620 1638
internal_value=0.076031 0.120347 0.120767 -0.0643414 -0.0171702 0.12165 0.0869138 0.0736157 -0.031381 0.0242692 0.0641861 0.121842 0.114952 0.00521186 -0.0653239 -0.0510864 0.0975584 0.106029 0.0463112 0.0874608 0.0490804 0.0558982 0.0596469 0.00573439 0.0871299 0.00064592 0.01365 0.0504339 0.0566105 0.0462594
internal_weight=406835 309216 308361 97619.7 1992.22 300522 7839.29 1196.86 854.412 973.438 2502.7 299325 15268.7 410.257 95627.5 2408.6 5336.58 2939.68 647.252 983.127 1519.58 1272.88 1215.34 360.268 2396.91 350.772 285.296 946.787 829.318 628.494
internal_count=1428302 229935 221778 1198367 17106 206696 15082 2757 8157 5584 7380 203939 13007 2800 1181261 27901 7702 3588 3044 2062 5318 4260 3960 3257 4114 3212 2529 3268 2800 2258
is_linear=0
shrinkage=0.06


Tree=9
num_leaves=31
num_cat=0
split_feature=0 0 5 3 0 4 5 5 6 10 10 2 7 10 7 16 0 7 10 7 2 10 6 6 7 6 2 6 7 2
split_gain=621631 4946.48 2017.89 1173.08 1042.84 736.443 502.984 454.795 250.494 227.463 177.749 167.915 160.661 214.748 147.563 142.393 139.675 345.292 135.327 128.315 119.124 98.4569 113.323 95.2734 102.338 118.379 88.1174 86.892 83.6063 71.8444
threshold=0.079893685877323165 0.63609617948532116 0.86405959725379955 1.5000000000000002 0.0129409097135067 -0.0011548973270691929 0.99834084510803234 0.92418035864830028 3.9963786602020268 0.23205128312110904 0.36602871119976049 -0.026848802343010899 0.53634834289550792 0.26491229236125952 0.0001053931518981699 83.484848022460952 0.0021914592944085602 0.00020347828103695067 0.5419580638408662 4.1093673644354574e-05 -0.65699636936187733 0.042109929025173194 3.9993827342987065 4.0175833702087411 0.00020347828103695067 4.5928747653961191 -0.75785845518112172 0.025757221505045894 0.0096606519073247927 -0.22270189225673673
decision_type=2 2 2 2 2 2 2 2 2 2 2 2 2 2 2 2 2 2 2 2 2 2 2 2 2 2 2 2 2 2
left_child=4 2 8 7 16 -6 -5 12 10 21 28 19 13 -3 15 -11 -1 18 -18 -12 23 -7 -23 -10 -25 -26 -21 -15 -2 -29
right_child=1 3 -4 6 5 9 -8 -9 20 14 11 -13 -14 27 -16 -17 17 -19 -20 26 -22 22 -24 24 25 -27 -28 29 -30 -31
leaf_value=-0.065355806910892836 0.10531901066969981 0.11594920071357122 -0.054862968725093143 0.071504675258108719 -0.061035436663874579 -0.01924726498711829 -0.066500804584837273 0.11491133389747642 -0.032049227759732693 0.049895207593867563 0.088661741844473757 -0.0092687852619455519 0.080992747239195889 0.044465868150193259 -0.029107875763657243 -0.028351322587709643 0.023627534876071155 -0.06040231607186522 -0.050201700042554177 0.024898395166321526 0.061591257457519082 0.097986270308333095 0.0030380392100434624 0.06300262135891592 0.071214075653057471 -0.016385948291014446 0.065885832176877837 0.088094805617317931 0.066124070089958215 0.10295059845729909
leaf_weight=87964.011371836066 858.51867324113846 4126.102134719491 541.87290601432323 1490.818050801754 877.92996130138636 48.324313156306744 100.78174756467342 290378.62548479438 85.706177420914173 245.72175186127424 798.06530426442623 100.4266257584095 1113.9052660316229 108.14191716909409 398.71992909908295 125.93798447400331 273.52364931255579 2344.3115583509207 131.52445828914642 242.8063430339098 804.41432753950357 179.95831492543221 60.430186308920383 254.81501294672489 78.056644596159458 185.79390976577997 875.74787797033787 1617.4660207480192 262.95417713373899 4898.5055069923401
leaf_count=1149274 1088 2939 6220 3158 10741 252 1174 196279 424 965 1497 490 1642 212 3276 919 2412 29765 1407 1172 1845 599 358 701 298 1006 2084 2165 894 4639
internal_value=0.072304 0.113186 0.0545069 0.114169 -0.0640083 -0.0204336 0.0627298 0.114439 0.067549 0.0132489 0.0769925 0.066273 0.102879 0.105139 -0.00379012 0.0233762 -0.0649385 -0.0515674 -0.000410385 0.070234 0.0464707 0.0585708 0.0742291 0.0262769 0.0359581 0.00970038 0.0570188 0.098389 0.096196 0.099277
internal_weight=401574 308924 5089.18 303834 92650.4 1937.02 1591.6 302243 4547.31 1059.09 3138.52 2017.05 11864.1 10750.2 770.38 371.66 90713.4 2749.36 405.048 1916.62 1408.79 288.713 240.389 604.372 518.666 263.851 1118.55 6624.11 1121.47 6515.97
internal_count=1429895 229927 17719 212208 1199968 17110 4332 207876 11499 6369 7225 5243 11597 9955 5160 1884 1182858 33584 3819 4753 4274 1209 957 2429 2005 1304 3256 7016 1982 6804
is_linear=0
shrinkage=0.06


Tree=10
num_leaves=31
num_cat=0
split_feature=0 0 5 7 0 4 5 4 5 10 10 7 7 5 8 10 0 7 6 17 8 0 7 10 6 6 6 6 6 6
split_gain=552943 4661.59 1712.38 1145.78 1091.57 798.474 351.971 298.188 283.175 244.084 213.276 207.277 188.92 191.659 184.957 140.883 139.521 107.142 98.1173 90.7639 86.8955 78.1231 227.705 78.364 73.2953 131.927 80.505 89.5551 80.1943 74.7841
threshold=0.079893685877323165 0.63609617948532116 0.86405959725379955 0.99741095304489147 0.0086993081495165842 -0.0011548973270691929 0.91138365864753734 -0.026286931708455082 0.98823553323745739 0.30217391252517706 0.3390804678201676 0.072131048887968077 6.680432852590458e-05 0.28830029070377355 71.148777008056655 0.26491229236125952 0.99716070294380199 9.5747800514800488e-05 2.9895937442779545 95.346321105957045 85.201290130615249 0.0021914592944085602 0.00044054778118152177 0.2788888961076737 2.9971268177032475 3.0033202171325688 2.0926085710525517 1.9960368871688845 3.9941577911376958 4.0340144634246835
decision_type=2 2 2 2 2 2 2 2 2 2 2 2 2 2 2 2 2 2 2 2 2 2 2 2 2 2 2 2 2 2
left_child=4 2 9 6 21 -6 15 8 -5 11 18 -2 14 -14 -11 -3 -9 20 19 -7 -12 -1 23 -23 26 -26 27 -16 -27 -30
right_child=1 3 -4 7 5 10 -8 16 -10 12 17 -13 13 -15 24 -17 -18 -19 -20 -21 -22 22 -24 -25 25 28 -28 -29 29 -31
leaf_value=-0.064986447832807048 0.094740722398529237 0.10629557429121549 -0.053163172307724542 0.049475393353903732 -0.060321664016428134 0.034196277363515312 0.10890778159888261 0.072469770389942664 -0.065331265886258927 0.091391525234385193 0.028947101645264317 0.037416796493988796 0.0090146246718235418 0.052450659503378509 0.071139366547516653 0.091382833144379644 0.11153520914800022 -0.032636963267988109 0.014414196317632133 0.10848705455288206 -0.042162546514922072 0.025995853993432908 -0.06243454920940078 -0.030821288150173123 -0.057482088635469324 0.08210279689274172 0.10520961316589653 -0.0084919482740462536 -0.044264593067624133 0.040334878301258453
leaf_weight=83246.076611220837 1114.2599546611309 3826.9918846338987 515.01923675090075 473.89576302468777 1101.4065271541476 134.16813236474991 288921.30479504913 1806.3624912053347 91.493078835308552 694.64086139202118 275.60296387970448 287.45156965404749 517.41873177140951 1250.172562405467 162.56418737769127 5908.3030167520046 407.63843528926373 383.50698731094599 262.02073492854834 106.97203610092402 78.743354141712189 130.063591837883 1805.7509785443544 261.65020991116762 52.429652526974678 124.90346893668175 131.92736659944057 73.488756090402603 47.354368969798088 169.73414382338524
leaf_count=1148835 1514 3016 6181 1303 14257 619 196833 3052 1165 937 1374 1164 2522 3178 405 6419 284 3558 1566 354 638 1211 24347 2881 242 273 242 256 225 519
internal_value=0.0691873 0.107205 0.0505399 0.108171 -0.0635823 -0.0231612 0.108528 0.0697779 0.0308145 0.0620934 0.00984093 0.0830203 0.0529739 0.0397481 0.0689802 0.0972554 0.0797095 -0.0106983 0.0399219 0.0674643 0.0130708 -0.0646902 -0.0534427 -0.0119377 0.0484679 0.0303775 0.0677232 0.046417 0.0439753 0.0217625
internal_weight=394363 306577 5141.36 301436 87786 2342.42 298657 2779.39 565.389 4626.35 1241.01 1401.71 3224.63 1767.59 1457.04 9735.29 2214 737.853 503.161 241.14 354.346 85443.5 2197.46 391.714 762.402 394.422 367.98 236.053 341.992 217.089
internal_count=1429370 229730 17658 212072 1199640 22366 206268 5804 2468 11477 8109 2678 8799 5700 3099 9435 3336 5570 2539 973 2012 1177274 28439 4092 2162 1259 903 661 1017 744
is_linear=0
shrinkage=0.06


Tree=11
num_leaves=31
num_cat=0
split_feature=0 0 5 3 0 4 5 5 6 9 7 10 5 9 6 7 6 5 3 0 9 5 7 12 6 6 7 7 6 10
split_gain=495706 4294.1 1587.61 1110.56 1102.71 793.834 479.776 404.465 244.424 215.659 192.659 201.169 164.619 162.708 130.057 126.254 110.44 103.542 101.737 90.4221 80.7462 77.7923 116.787 77.0538 74.7264 88.3935 70.1351 65.161 64.7449 102.169
threshold=0.079893685877323165 0.63609617948532116 0.86405959725379955 1.5000000000000002 0.0086993081495165842 -0.0011548973270691929 0.94737157225608837 0.99561774730682384 3.9941577911376958 75.701915740966811 0.78521895408630382 0.26794873178005224 0.050099568441510207 77.568611145019545 0.75467070937156688 0.00067291106097400199 1.9931368231773379 0.83430194854736339 2.5000000000000004 0.38107465207576757 89.676071166992202 0.36131460964679724 0.00010060308341053316 1.0000000180025095e-35 4.0175833702087411 5.9387769699096689 0.1030123718082905 3.7084234918438601e-06 2.9982769489288335 0.056349206715822227
decision_type=2 2 2 2 2 2 2 2 2 2 2 2 2 2 2 2 2 2 2 2 2 2 2 2 2 2 2 2 2 2
left_child=4 2 8 6 -1 -6 10 18 13 15 11 -3 23 -2 -15 28 -16 -13 -5 24 26 22 -18 27 -10 -26 -21 -11 29 -7
right_child=1 3 -4 7 5 9 -8 -9 19 12 -12 17 -14 14 16 -17 21 -19 -20 20 -22 -23 -24 -25 25 -27 -28 -29 -30 -31
leaf_value=-0.06439384073451139 0.087210326625202159 0.10374668010176973 -0.054417546351041388 0.074249976475207077 -0.060750216576580265 -0.043673329785311209 0.10392871513161558 -0.058288382434107687 -0.024541373514269077 0.01117043039476206 0.073722522620606953 0.080180425484674175 0.035551022562718831 -0.00057710447408069153 0.085811376128397759 -0.00068281578364638674 0.060678340174713997 0.094272514288294765 0.04242602173986347 0.084289890441448342 0.032924348439457858 0.065160623238075518 0.0088838635479839625 0.13470074278777774 0.042997457599126751 -0.012102611317541725 0.0077687065867027647 -0.039223081766067799 0.034041931666915742 0.10628439891255925
leaf_weight=80922.506235189736 1049.8535516783595 6246.0967028290033 493.82601910084486 913.40949204564095 1045.9696193039417 17.803793013095856 279283.36123527586 107.8078187033534 103.03511356562376 115.92412465065718 1641.4139665812254 2904.3608251959085 215.57048135995865 126.89688958972692 525.15049985051155 159.36479678750038 351.11198070645332 5637.0580182671547 607.53246767818928 301.01364560425282 365.36471374332905 900.62647224962711 283.14427568018436 9.5928898155689222 464.08137779682875 134.82100658863783 50.552222669124603 446.41718350350857 135.41304980963469 149.52217422425747
leaf_count=1177852 1737 4505 6216 1580 14244 77 192237 1292 486 647 2322 3597 1110 553 996 1105 862 4932 1491 427 951 1743 1226 36 1577 629 169 4093 649 359
internal_value=0.0664512 0.102128 0.0477925 0.103069 -0.0632305 -0.022211 0.103341 0.0536096 0.0586433 0.0100706 0.0933458 0.0955189 -0.00902571 0.0677505 0.0583731 0.0425632 0.0620029 0.0894907 0.0615743 0.0378344 0.0528178 0.0538065 0.0376067 -0.0258601 0.0224776 0.0305942 0.07334 -0.0288333 0.0652557 0.090164
internal_weight=385709 302491 5149.48 297341 83218.1 2295.58 295712 1628.75 4655.65 1249.61 16428.9 14787.5 787.505 3236.78 2186.93 462.104 2060.03 8541.42 1520.94 1418.87 716.931 1534.88 634.256 571.934 701.937 598.902 351.566 562.341 302.739 167.326
internal_count=1429700 229528 17572 211956 1200172 22320 207593 4363 11356 8076 15356 13034 5886 7117 5380 2190 4827 8529 3071 4239 1547 3831 2088 4776 2692 2206 596 4740 1085 436
is_linear=0
shrinkage=0.06


Tree=12
num_leaves=31
num_cat=0
split_feature=0 0 5 0 7 3 0 7 0 5 10 5 8 7 7 7 7 10 0 7 7 9 7 9 16 2 6 2 9 6
split_gain=445742 4161.84 1753.79 1185.63 759.813 727.255 459.442 184.329 177.304 225.594 170.114 160.071 148.072 155.394 124.231 121.087 110.632 174.284 94.4765 297.781 80.7728 79.1856 131.917 78.1808 77.2483 77.2276 68.3397 66.7388 64.9608 62.0685
threshold=0.079893685877323165 0.81188002228736889 0.92418035864830028 0.0086993081495165842 0.99741095304489147 1.5000000000000002 0.38107465207576757 4.1093673644354574e-05 0.99218639731407177 0.99254158139228832 0.23669467866420749 0.9741620421409608 63.224515914916999 0.00029770244145765906 2.2512538433074956 7.1985707563726473e-06 0.84530431032180797 0.1863425895571709 0.0021914592944085602 0.00044054778118152177 0.78521895408630382 87.401184082031264 1.0876579880714419 76.230831146240249 91.547618865966811 -0.95418816804885853 0.014111780095845463 -0.42983746528625483 81.649658203125014 2.9995796680450444
decision_type=2 2 2 2 2 2 2 2 2 2 2 2 2 2 2 2 2 2 2 2 2 2 2 2 2 2 2 2 2 2
left_child=3 2 6 18 11 10 7 -2 9 14 24 20 13 25 -6 -8 17 -9 -1 23 28 22 -17 -20 -5 -12 -23 -28 -3 -19
right_child=1 4 -4 5 8 -7 15 16 -10 -11 12 -13 -14 -15 -16 21 -18 29 19 -21 -22 26 -24 -25 -26 -27 27 -29 -30 -31
leaf_value=-0.064354229416841158 0.062730278922555116 0.098804482068943683 -0.052772819918665281 0.023113720128893164 0.077358129285678548 -0.058081383539428016 0.08647407894017127 0.07640900552573765 0.099574471436918457 -0.060032775111716168 0.018899890198104199 0.099637077140391814 -0.029036142285359185 -0.03128489535287067 0.046951326718603671 0.082446413451154832 -0.035633126818382786 0.037169694407201685 0.029983506549719659 -0.062139331369728094 0.076664451555096422 -0.019607631311930971 0.043175902317519471 -0.025779860033596332 0.080009749568959301 0.079153071685105436 0.045784907942064842 0.067854019629327661 0.091324838302713263 0.0084197124329871507
leaf_weight=74593.918490231037 874.23357774317265 8000.1451461166143 490.57158695161343 225.5363972261548 929.1752749979496 997.85488983243704 1632.7251811474562 257.70221505314112 456.16772574186325 55.871666617691517 190.72013924270868 267540.00762350857 428.25738982111216 146.07728480547667 1024.6820428967476 1787.7410667464137 91.914749383926392 498.14630275964737 154.67188432812691 1612.1683164983988 965.28225798904896 38.122368648648262 376.40631823986769 215.24934868514538 139.00860541313887 127.94467829912901 730.02286460250616 1590.3923313468695 9486.6917326301336 591.40439119189978
leaf_count=1149369 1788 5835 6329 1097 1281 14255 1818 587 350 686 1088 187255 3637 1396 2104 2192 843 1676 1494 24218 1133 152 1006 2577 522 364 1680 2332 8047 2561
internal_value=0.0641025 0.0977243 0.0574406 -0.0627465 0.0989753 -0.01986 0.0638304 0.0410045 0.0657595 0.0580384 0.0104905 0.0992615 -0.00361904 0.0198147 0.0614437 0.072401 0.0277727 0.0321217 -0.0640094 -0.0510055 0.0938102 0.0673025 0.0756393 -0.00244604 0.0449689 0.0432636 0.059624 0.0609336 0.0947522 0.0215863
internal_weight=376249 297417 8959.38 78831.4 288458 2255.4 8468.81 2313.4 2465.9 2009.73 1257.54 285992 892.999 464.742 1953.86 6155.41 1439.17 1347.25 76576 1982.09 18452.1 4522.68 2164.15 369.921 364.545 318.665 2358.54 2320.42 17486.8 1089.55
internal_count=1429672 229655 22964 1200017 206691 22359 16635 7455 4421 4071 8104 202270 6485 2848 3385 9180 5667 4824 1177658 28289 15015 7362 3198 4071 1619 1452 4164 4012 13882 4237
is_linear=0
shrinkage=0.06


Tree=13
num_leaves=31
num_cat=0
split_feature=2 3 9 5 2 3 5 5 14 7 7 5 4 6 5 2 3 10 8 6 5 7 16 7 14 8 7 9 14 5
split_gain=373542 25035.9 3709.89 2998.06 2327.77 1896.7 1576.2 259.013 256.761 224.384 217.921 154.301 151.856 135.102 122.326 121.91 302.256 115.186 107.295 103.633 153.576 94.453 86.8539 82.8744 80.6734 79.6409 77.9877 72.7193 71.8346 88.9923
threshold=-0.75785845518112172 1.5000000000000002 1.0000000180025095e-35 0.15060451626777652 -0.98205760121345509 1.5000000000000002 0.83430194854736339 0.0019609439186751847 11.500000000000002 0.00011093028660980055 1.5619859695434573 0.60052680969238292 -0.23143005371093747 4.9981007575988778 0.95847877860069286 -0.99475938081741322 1.5000000000000002 0.30901856720447546 95.093433380126967 1.2516554594039919 0.99834084510803234 0.05272681079804898 97.220077514648452 2.2512538433074956 25.500000000000004 96.899040222167983 0.0049065230414271363 78.287063598632827 9.5000000000000018 0.0027410968905314807
decision_type=2 2 2 2 2 2 2 2 2 2 2 2 2 2 2 2 2 2 2 2 2 2 2 2 2 2 2 2 2 2
left_child=4 3 12 25 15 7 8 -6 21 13 14 -10 -3 -9 -8 -1 18 26 28 -4 -21 27 -23 -14 -7 -2 -11 -5 29 -17
right_child=1 2 19 6 5 24 10 9 11 17 -12 -13 23 -15 -16 16 -18 -19 -20 20 -22 22 -24 -25 -26 -27 -28 -29 -30 -31
leaf_value=-0.063954705664590078 -0.051925239419790083 -0.013128639761689575 -0.063653069216696348 0.091043235886437826 -0.063674038072496053 -0.058109778857969863 0.08985535371883771 0.056020261561915446 0.041241698959382234 0.050328993081456899 0.066430622923302887 0.06672596916123312 0.065052164635881815 -0.0082048963876673216 0.095825293278774287 -0.059698935776238561 -0.063377778841528176 -0.0097142496133740021 0.12080889291102632 0.011605584819622818 -0.064815512340582332 0.010497943351587175 0.067369037914531124 0.036534140024168875 0.14772533872702745 0.10497022121860156 -0.0083341749326561656 0.073714864921021597 -0.057688829667616688 0.0059070417758274743
leaf_weight=65253.103050310165 515.98766053467989 142.38745611160994 3835.2226825878024 1634.3143715560436 116.86662423610687 2129.7601343430579 13238.65634816885 885.6352648511529 1492.951735034585 268.13690141588449 938.56428010761738 2026.3846496492624 784.88278329372406 135.7235057502985 266151.04501566291 92.078282788395882 1577.3042399287224 580.99670707434416 19.654893681406975 170.43415330722928 211.21500433236361 123.48444667458534 451.21833752095699 698.62575252354145 5.9553230851888648 11.015202112495897 116.70333296060562 1971.155480787158 129.32963705807924 370.88804528862238
leaf_count=1061864 7062 1181 62180 1482 1904 32617 10975 2592 3834 867 1377 2742 1331 582 190676 1490 25140 3917 113 1125 3159 298 637 1667 43 85 612 2585 1549 3415
internal_value=0.0620514 0.0919582 -0.0309991 0.094448 -0.0607752 -0.017647 0.0947096 0.0227801 0.067908 0.0278939 0.0954455 0.05593 0.0459778 0.047486 0.0955427 -0.0634862 -0.0494977 0.00714781 -0.0136768 -0.0606829 -0.0307468 0.0779766 0.0551888 0.0516559 -0.057467 -0.0484533 0.0325638 0.0815927 -0.0183357 -0.00724172
internal_weight=366080 294398 5842.77 288555 71682.1 4239.78 288028 2104.06 7699.51 1987.2 280328 3519.34 1625.9 1021.36 279390 67442.4 2189.26 965.837 611.951 4216.87 381.649 4180.17 574.703 1483.51 2135.72 527.003 384.84 3605.47 592.296 462.966
internal_count=1429101 292396 70643 221753 1136705 43134 214606 10474 11578 8570 203028 6576 4179 3174 201651 1093571 31707 5396 6567 66464 4284 5002 935 2998 32660 7147 1479 4067 6454 4905
is_linear=0
shrinkage=0.06


Tree=14
num_leaves=31
num_cat=0
split_feature=3 5 9 5 5 4 5 7 5 9 5 7 14 10 8 7 16 1 7 9 10 6 16 6 6 10 7 5 6 9
split_gain=322951 42291.3 4589.6 2888.67 989.142 773.389 362.282 309.11 216.704 193.065 181.435 177.062 177.05 165.404 121.584 118.688 106.362 103.829 101.902 100.987 98.8784 89.2836 85.8069 77.7376 77.3433 70.3221 76.9481 70.1848 63.4956 61.2218
threshold=1.5000000000000002 0.050099568441510207 1.0000000180025095e-35 0.79439738392829906 0.0023035842459648852 -0.43075647950172419 0.43902739882469183 1.5619859695434573 0.28830029070377355 70.286651611328139 0.95847877860069286 1.2394033547025176e-05 9.5000000000000018 0.3390804678201676 63.686313629150398 0.00020347828103695067 69.028213500976577 5.5000000000000009 2.2512538433074956 60.622179031372077 0.048809524625539787 0.025757221505045894 94.59064102172853 4.9981007575988778 3.0000566244125371 0.35857143998146063 0.71118706464767467 0.99606797099113475 4.0094857215881357 97.624691009521499
decision_type=2 2 2 2 2 2 2 2 2 2 2 2 2 2 2 2 2 2 2 2 2 2 2 2 2 2 2 2 2 2
left_child=1 4 5 6 -1 -2 12 10 -7 17 25 16 15 -8 -15 -3 24 20 -10 -14 -6 -16 -17 -21 -11 26 -5 -9 -20 -4
right_child=2 3 29 7 9 8 13 27 18 11 -12 -13 19 14 21 22 -18 -19 28 23 -22 -23 -24 -25 -26 -27 -28 -29 -30 -31
leaf_value=-0.062675265609811764 -0.049780077974230043 0.064202142744330531 -0.06363445868258176 0.091815673197145675 -0.039853002220735366 -0.055428037085983942 0.081309309437867183 0.052115200359398803 0.06312202622711216 0.08567283508748838 0.092528075491908945 -0.037968030930005232 0.086212096064259836 0.077425747573773046 -0.035072715533386284 0.013501279596695257 -0.040055507909727305 -0.012212273876575709 0.045788230339189405 0.024038630971122972 0.059387722354109961 0.051646612974829441 0.063516933901845526 -0.018426854979724933 0.0066597192294671481 0.081081827643441712 0.07244896784059876 0.099844950583471023 0.0091314973631272025 -0.028162536743183426
leaf_weight=6170.4727690033615 382.44309183955193 1000.5560486018658 62827.060170598328 6646.2311610430479 41.370933312922716 73.744886137545109 1502.9440866708755 858.73972196877003 872.57737468183041 86.675791405141354 259223.85729646683 723.29340171068907 82.687922567129135 785.55889518558979 42.903750047087669 382.4118532910943 73.209667153656483 180.29482067748904 480.60769298672676 1120.2059902250767 254.90255723893642 2276.5159046947956 181.91631325334311 179.36663111299276 91.147383153438568 6839.6733249872923 857.0767188668251 128.31220796704292 263.93472135066986 177.877645611763
leaf_count=106054 5725 1697 1078179 5050 305 1099 1549 1426 1559 400 190623 8073 119 899 179 1425 651 1731 1101 4066 1553 3882 394 887 699 6394 946 90 737 2247
internal_value=0.0601368 0.0872663 -0.0606443 0.0910342 -0.0521952 0.0271813 0.0544213 0.0920415 0.0446077 -0.0076125 0.0921626 -0.0229127 0.0379698 0.0649329 0.0569824 0.0517898 0.0204442 0.0236507 0.049201 0.0222977 0.0454425 0.0500281 0.0297081 0.0181679 0.0454366 0.0855509 0.0896134 0.0584146 0.0328234 -0.0635348
internal_weight=354809 289730 65078.2 282109 7621.37 2073.31 7555.07 274554 1690.86 1450.89 273567 974.326 2947.14 4607.92 3104.98 1564.88 251.033 476.568 1617.12 1382.26 296.273 2319.42 564.328 1299.57 177.823 14343 7503.31 987.052 744.542 63004.9
internal_count=1429739 339092 1090647 219626 119466 10221 15097 204529 4496 13412 203013 9823 8588 6509 4960 3516 1750 3589 3397 5072 1858 4061 1819 4953 1099 12390 5996 1516 1838 1080426
is_linear=0
shrinkage=0.06


Tree=15
num_leaves=31
num_cat=0
split_feature=0 0 5 0 7 4 0 0 5 5 14 7 7 9 0 7 7 14 5 9 9 9 7 5 9 2 2 7 9 1
split_gain=334193 3960.84 1229.79 1119.99 749.184 616.483 305.983 246.954 169.162 167.081 129.265 157.81 117.554 114.459 97.5386 258.079 95.5095 91.8149 90.0173 84.8721 72.2675 67.3164 65.4039 64.8712 110.304 56.6459 56.9197 56.0384 55.3703 56.4126
threshold=0.079893685877323165 0.81188002228736889 0.92418035864830028 0.0086993081495165842 0.91780313849449169 -0.0011548973270691929 0.38107465207576757 0.99218639731407177 0.99721845984458934 0.92418035864830028 10.500000000000002 0.1030123718082905 6.680432852590458e-05 69.252254486083999 0.0021914592944085602 0.00020347828103695067 2.2512538433074956 15.500000000000002 0.050099568441510207 88.953113555908217 80.972057342529311 75.058685302734389 1.0000000180025095e-35 0.79439738392829906 63.499586105346687 -0.026848802343010899 -0.31834602355957026 0.78521895408630382 1.0000000180025095e-35 5.5000000000000009
decision_type=2 2 2 2 2 2 2 2 2 2 2 2 2 2 2 2 2 2 2 2 2 2 2 2 2 2 2 2 2 2
left_child=3 2 6 14 9 -5 12 8 16 20 11 21 17 28 -1 19 -6 -2 22 -16 27 -8 -15 24 -14 26 -12 -3 -7 -30
right_child=1 4 -4 5 7 13 10 -9 -10 -11 25 -13 23 18 15 -17 -18 -19 -20 -21 -22 -23 -24 -25 -26 -27 -28 -29 29 -31
leaf_value=-0.063571843950308252 0.061914366675209984 0.088322219909004893 -0.04987016659278494 -0.057794428101185319 0.063437972986959315 -0.016737004000704644 0.086892365647441364 0.089303534856582961 -0.063906586975804411 0.089557122209003401 0.044416285071693949 0.043376588290923689 0.060864807778541162 0.020620151118442991 0.025590497192113242 -0.059423361273923121 0.039369159783054337 0.022102740773993108 0.027050974634028745 -0.042864983886689655 0.073843156096859319 0.067046420436193216 -0.025653722104872791 -0.036374933368331176 0.017552212396873965 0.0050774985117233457 0.062083775984144579 0.064735393729777713 0.063762794155173719 0.0066101579928967633
leaf_weight=63093.897935692221 727.64602175354958 3590.789963722229 436.67525970563293 855.48366844281554 1403.8472194969654 57.68742536008358 1086.4195316880941 809.33624097704887 44.418765839189291 256820.68507997692 1458.6786428466439 710.08821976929903 265.24812104552984 140.77028985321522 192.7801769040525 1449.5768412388861 1041.4580152407289 294.32403536140919 251.34211830049753 97.265777964144945 3404.3581762611866 1495.1689773201942 491.24522483348846 61.252889096736908 1040.5609497502446 94.133887499570847 1221.4727475941181 418.80097708106041 213.41379398107529 87.917167969048023
leaf_count=1149006 1133 2835 6345 14288 1931 313 939 640 656 194752 2883 1559 628 700 1887 25217 2085 994 1221 1278 3470 1871 4552 732 4011 307 1600 503 724 530
internal_value=0.0585075 0.0876349 0.0482301 -0.0617879 0.0889444 -0.0186298 0.053302 0.0604912 0.0510931 0.0892994 0.0604682 0.0685296 0.0350889 0.00836322 -0.0631841 -0.0490924 0.0532073 0.0504816 -0.0032549 0.00256582 0.0803611 0.0754287 -0.0153307 0.0235533 0.0263901 0.0508821 0.0524884 0.0858753 0.036879 0.0471648
internal_weight=343357 276425 8891.67 66931.4 267534 2097.86 8454.99 3299.06 2489.72 264235 6065.96 3291.68 2389.03 1242.38 64833.5 1739.62 2445.31 1021.97 883.358 290.046 7413.95 2581.59 632.016 1367.06 1305.81 2774.29 2680.15 4009.59 359.018 301.331
internal_count=1429590 229874 23002 1199716 206872 22328 16657 5312 4672 201560 9159 4369 7498 8040 1177388 28382 4016 2127 6473 3165 6808 2810 5252 5371 4639 4790 4483 3338 1567 1254
is_linear=0
shrinkage=0.06


Tree=16
num_leaves=31
num_cat=0
split_feature=2 3 9 5 2 3 5 5 1 7 9 9 14 6 6 5 10 5 4 6 6 6 6 6 6 7 6 8 14 7
split_gain=282983 18565.8 3065.03 2710.49 2298.97 1802.28 1105.56 450.346 237.448 229.623 187.648 156.297 142.406 132.993 127.561 169.497 111.404 102.455 90.0859 86.5494 95.5608 147.193 128.385 95.2114 93.6332 85.6304 82.5369 74.9927 71.6873 70.407
threshold=-0.75785845518112172 1.5000000000000002 1.0000000180025095e-35 0.73536700010299694 -0.98909857869148243 1.5000000000000002 0.15060451626777652 0.94737157225608837 6.5000000000000009 0.78521895408630382 77.568611145019545 70.286651611328139 7.5000000000000009 2.9982769489288335 1.2516554594039919 0.99721845984458934 0.17752101272344592 0.0019609439186751847 -0.23143005371093747 0.025757221505045894 2.9954572916030888 3.0272414684295659 3.9215109348297124 4.0881741046905526 4.9270589351654062 5.6505758038838401e-05 3.7710171937942509 96.899040222167983 13.500000000000002 0.0011563430307433011
decision_type=2 2 2 2 2 2 2 2 2 2 2 2 2 2 2 2 2 2 2 2 2 2 2 2 2 2 2 2 2 2
left_child=4 3 18 6 -1 8 27 9 13 11 -8 -5 25 17 -4 -16 -15 -6 -3 -14 -21 -22 -23 -24 -25 -12 -20 -2 29 -19
right_child=1 2 14 7 5 -7 10 -9 -10 -11 12 -13 19 16 15 -17 -18 28 26 20 21 22 23 24 -26 -27 -28 -29 -30 -31
leaf_value=-0.062957103821614832 -0.049704506736239502 -0.0063807359669725248 -0.062925820745824368 0.086598969880471152 -0.061600374894456994 -0.057219828703884479 0.070700029797107711 0.08702984159315004 -0.024732647008273455 0.054030535003243445 0.076096246753822636 0.072716838403866418 -0.036474803996043692 0.052333454784531441 0.020176848827769527 -0.062683783159336745 0.00069960719010128344 0.065203810091071859 0.055714804342897974 0.051203004893969672 -0.020782595316612425 0.070744960576035326 -0.0090857754214540044 0.070636577040666962 0.019623310822202238 0.04209030119831543 0.027511743478322168 0.1040502505293131 0.018446856691416744 0.018264943134211786
leaf_weight=56466.011893969029 447.35633128136396 142.85583379864693 3250.7474738992751 5118.9727876931429 32.580273181200027 2261.8794826604426 1339.1490933299065 246141.42233529687 394.65975236147642 1555.1311550289392 650.54490676522255 6969.3329066038132 57.062249854207039 184.66241419687867 162.30098094791174 194.4312446936965 792.86429302021861 548.94197930395603 858.21442564204335 1059.47928789258 197.1678047478199 276.46611416339874 231.64128175377846 191.58787989616394 399.33249962329865 459.78556708991528 667.33694684505463 10.811914853751658 262.24804309383035 146.69920518249273
leaf_count=1084137 6952 1203 62295 4074 627 40715 1597 192549 3586 2240 716 7107 292 571 1003 3327 4233 1445 1558 1964 595 429 710 310 1033 844 1459 82 1484 793
internal_value=0.0570028 0.0833544 -0.0280912 0.0855724 -0.0596261 -0.0189496 0.0431665 0.0864407 0.017697 0.0758055 0.051563 0.0786021 0.0442708 0.026214 -0.0591868 -0.025034 0.0104972 0.0416993 0.0391397 0.0360597 0.0378315 0.0268709 0.0354311 0.0234905 0.0362542 0.062065 0.0434038 -0.0458575 0.0452734 0.0553456
internal_weight=331472 270381 5275.89 265105 61090.5 4624.54 5320.38 259785 2362.66 13643.4 4862.22 12088.3 3523.07 1968 3607.48 356.732 977.527 990.47 1668.41 2412.74 2355.67 1296.2 1099.03 822.562 590.92 1110.33 1525.55 458.168 957.889 695.641
internal_count=1429930 292339 70845 221494 1137591 53454 15524 205970 12739 13421 8490 11181 6893 9153 66625 4330 4804 4349 4220 5333 5041 3077 2482 2053 1343 1560 3017 7034 3722 2238
is_linear=0
shrinkage=0.06


Tree=17
num_leaves=31
num_cat=0
split_feature=0 0 0 5 7 5 0 0 5 14 5 1 7 7 10 7 7 16 7 10 2 9 5 10 0 7 14 10 10 5
split_gain=279948 4004.23 1119.54 978.598 765.186 633.681 289.414 226.297 184.86 144.613 138.332 114.716 109.246 104.548 97.9636 153.702 94.985 87.4851 81.0706 146.274 87.3527 67.9604 67.8504 119.887 66.3763 210.758 62.0734 54.492 61.3653 52.6661
threshold=0.079893685877323165 0.81188002228736889 0.0059790529776364574 0.92418035864830028 0.91780313849449169 0.43902739882469183 0.38107465207576757 0.99218639731407177 0.92418035864830028 11.500000000000002 0.99721845984458934 6.5000000000000009 3.7084234918438601e-06 6.680432852590458e-05 0.23205128312110904 0.0003285078273620457 2.2512538433074956 90.399383544921889 1.8193481564521792 0.3390804678201676 -0.06340844556689261 80.972057342529311 0.79439738392829906 0.20344828069210055 0.0021914592944085602 2.8765385650331158e-05 11.500000000000002 0.46410256624221807 0.78019323945045482 0.99138492345809948
decision_type=2 2 2 2 2 2 2 2 2 2 2 2 2 2 2 2 2 2 2 2 2 2 2 2 2 2 2 2 2 2
left_child=2 3 24 6 8 9 13 10 21 11 16 14 26 -2 17 27 -6 -4 19 -14 -21 -3 23 -15 -1 -26 -8 -16 -29 -5
right_child=1 4 5 29 7 -7 12 -9 -10 -11 -12 -13 18 22 15 -17 -18 -19 -20 20 -22 -23 -24 -25 25 -27 -28 28 -30 -31
leaf_value=-0.063070029536736141 0.044037247515611222 0.080381921782308421 0.025021788703672131 -0.017059403201018272 0.058353906991704486 -0.061783942100126506 0.076261147395469353 0.084076938209316748 0.084713522784190323 -0.028249099477417421 -0.063208638476338244 -0.025314267177117954 0.06790676442239299 0.053388714049051593 0.054900144856294672 -0.037960808744450708 0.034448811233352292 0.086631884032340359 0.018488236309734171 0.045964087915762911 -0.011793671423649723 0.068441310344461354 -0.045727029142807483 0.010954153638276752 0.031774339168172364 -0.056502882720843556 0.047833489835068382 -0.0088552890928762576 0.076555710097670066 -0.063394713840972935
leaf_weight=56429.041451167315 1005.0684794038534 3748.3347932398319 230.94397788122296 131.87424536794424 1417.018689237535 861.95585508644581 1049.4174334853888 747.84529832005501 240678.53964343667 400.6111474968493 39.952735178172588 217.13549289479852 1363.7052356153727 315.93837988376617 165.31506137177348 180.97610387578607 1046.4605451598763 129.61847775429487 284.0022095143795 2800.8489920645952 97.170658275485039 3299.0673584491014 55.853228036314249 986.52223192155361 106.01449019089341 1117.2080384008586 385.14560033380985 154.12507606297731 36.641659703105688 272.20592967420816
leaf_count=1149783 2104 3303 1382 1250 1962 16478 1034 632 194927 3884 655 2155 1709 781 688 2045 2075 548 804 4692 324 3490 721 3853 1199 21217 641 861 114 5081
internal_value=0.055671 0.0826612 -0.0611048 0.0427492 0.0840521 -0.0207431 0.0471664 0.0551007 0.0844319 0.00262671 0.0464146 0.013738 0.0541932 0.0293705 0.0232024 0.00693377 0.0482174 0.0473483 0.0496112 0.0516804 0.0440241 0.0748027 0.0184936 0.0212806 -0.0627688 -0.0488323 0.0686676 0.0297935 0.00786375 -0.0483523
internal_weight=319755 259725 60029.6 8747.75 250977 2377.32 8343.67 3251.28 247726 1515.37 2503.43 1114.76 5980.29 2363.38 897.62 537.058 2463.48 360.562 4545.73 4261.72 2898.02 7047.4 1358.31 1302.46 57652.3 1223.22 1434.56 356.082 190.767 404.08
internal_count=1430392 230038 1200354 22994 207044 28155 16663 5324 201720 11677 4692 7793 9204 7459 5638 3708 4037 1930 7529 6725 5016 6793 5355 4634 1172199 22416 1675 1663 975 6331
is_linear=0
shrinkage=0.06


Tree=18
num_leaves=31
num_cat=0
split_feature=0 0 0 5 5 0 7 7 0 5 10 6 7 5 9 10 10 2 6 14 6 17 0 7 2 10 2 2 7 5
split_gain=256911 3872.26 1171.46 1005.75 647.482 513.151 399.411 233.464 182.714 176.155 159.246 125.297 111.43 104.238 96.2299 88.3815 85.2497 85.2164 83.9503 147.213 73.1982 72.6024 72.1495 183.22 71.9369 71.511 91.4977 95.5539 70.2206 69.3711
threshold=0.079893685877323165 0.88379943370819103 0.0059790529776364574 0.92418035864830028 0.21288288384675982 0.63609617948532116 0.8872683346271516 1.2113522291183474 0.99543121457099926 0.99138492345809948 0.28869047760963445 3.9963786602020268 0.0001053931518981699 0.99834084510803234 76.230831146240249 0.43167701363563543 0.23205128312110904 -0.026848802343010899 4.0054891109466562 12.500000000000002 0.025757221505045894 70.429252624511733 0.0021914592944085602 0.00044054778118152177 -0.87691086530685414 0.2788888961076737 -0.99389299750328053 -0.42983746528625483 0.0096606519073247927 0.97915965318679821
decision_type=2 2 2 2 2 2 2 2 2 2 2 2 2 2 2 2 2 2 2 2 2 2 2 2 2 2 2 2 2 2
left_child=2 3 22 5 12 11 29 10 13 -5 -7 14 15 -8 28 -4 -14 21 19 -13 -12 -16 -1 25 -23 26 -24 -28 -2 -3
right_child=1 6 4 9 -6 7 8 -9 -10 -11 20 18 16 -15 17 -17 -18 -19 -20 -21 -22 24 23 -25 -26 -27 27 -29 -30 -31
leaf_value=-0.062878080656148513 0.068481666146677334 0.078303945903913527 0.043666735212577017 0.0024057176977869779 -0.061143842848748194 0.076827360667788835 0.050428787522170289 0.031618572919413793 0.082643379326300559 -0.063204510163926836 -0.0020319192275866072 0.0348510453445482 0.015582752103977792 -0.063321032368803376 0.057170655393542671 0.00033991784805871447 -0.02489560546550414 -0.012958420187113615 0.027918250248076613 -0.074328457015063382 0.05919383345304511 -0.023377784605982152 0.012010738240605888 -0.059700113702895803 0.035644964421639523 -0.026197789483694691 0.25305170202919819 -0.055485158164777934 0.032471196849881 0.08282045088362186
leaf_weight=53299.67763922736 748.70875212550163 13332.649298757315 348.20206571370363 322.69431503117085 840.80840043723583 2771.8857500702143 1816.0640903040767 812.08910743892193 826.86857612431049 269.95633317157626 71.485896319150925 94.64428972452879 292.06067449972034 28.660954292863607 608.91654706373811 329.37948358058929 518.54184648394585 116.89459443092346 1330.4513985514641 82.153225317597389 4004.6809057891369 77.46846779435873 73.403126489371061 934.18536467850208 1531.8622921332717 149.04602934792638 11.491335019469263 4.6444282792508593 267.37609154731035 221585.27942720056
leaf_count=1149427 943 11999 1279 1726 16868 2616 2712 1651 701 5320 165 224 2185 448 1057 2089 5706 506 3845 423 4912 407 857 19323 3592 2163 59 52 1032 185640
internal_value=0.0544452 0.0805499 -0.060771 0.0488005 -0.0190894 0.0524164 0.0823018 0.0620934 0.059183 -0.0275363 0.0657022 0.0371493 0.00469599 0.0486281 0.0436133 0.0226367 -0.01031 0.0368753 0.0227578 -0.0160146 0.0581198 0.0395061 -0.0625528 -0.0477267 0.032791 -0.00079081 0.0413238 0.166189 0.059047 0.0825645
internal_weight=307502 250701 56801.4 13111.3 2328.99 12518.6 237590 7660.14 2671.59 592.651 6848.05 4858.48 1488.18 1844.73 3351.23 677.582 810.603 2335.14 1507.25 176.798 4076.17 2218.25 54472.4 1172.77 1609.33 238.585 89.5389 16.1358 1016.08 234918
internal_count=1429927 229919 1200008 28419 28127 21373 201500 9344 3861 7046 7693 12029 11259 3160 7537 3368 7891 5562 4492 647 5077 5056 1171881 22454 3999 3131 968 111 1975 197639
is_linear=0
shrinkage=0.06


Tree=19
num_leaves=31
num_cat=0
split_feature=0 0 0 4 4 0 7 7 0 10 10 14 7 17 16 4 0 14 8 6 7 0 6 7 4 6 6 6 6 6
split_gain=236165 3972.27 1195.97 876.089 674.641 453.883 440.51 235.141 193.942 192.778 174.835 149.142 143.094 132.354 127.449 127.022 82.3364 78.2534 71.2773 89.1718 71.2535 70.6855 69.5699 62.0623 60.9413 60.038 59.1492 126.713 85.2011 84.5409
threshold=0.079893685877323165 0.88379943370819103 0.0043597351759672174 -0.12706227600574491 -0.56932592391967762 0.63609617948532116 0.8872683346271516 0.78521895408630382 0.99218639731407177 0.26491229236125952 0.28869047760963445 11.500000000000002 0.00041815541044343268 69.309261322021499 94.868419647216811 -0.63829940557479847 0.18442497402429583 3.5000000000000004 54.641149520874031 0.27741253376007086 0.00023445983970304954 0.98484668135643016 5.9891998767852792 0.017838914878666404 -0.019918964244425293 3.4186019897460942 3.9912524223327641 4.0641560554504403 4.9915487766265878 5.0324103832244882
decision_type=2 2 2 2 2 2 2 2 2 2 2 2 2 2 2 2 2 2 2 2 2 2 2 2 2 2 2 2 2 2
left_child=2 3 -1 15 -4 10 21 9 24 -7 23 12 17 20 -14 -2 -15 -6 -11 -20 -12 -3 -21 -5 -8 -16 -18 -28 -29 -30
right_child=1 6 4 5 11 7 8 -9 -10 18 13 -13 14 16 25 -17 26 -19 19 22 -22 -23 -24 -25 -26 -27 27 28 29 -31
leaf_value=-0.062445852542837049 -0.055897688916206313 0.076746555172166039 -0.061855263058259564 0.06245017665968574 0.013812907890659106 0.078213497270249954 0.0030293303489429533 0.036319257634642978 0.07989320951868227 0.07201773176860779 0.057728025118707574 -0.029443409559996882 -0.027939948875001806 -0.006976766584531011 0.076563020064604484 -0.0012131104079028052 0.031926395966590387 0.053907796862035 -0.012828653186194359 0.055599952088265993 0.019318914550567019 0.081018643173128874 0.014399758046476129 0.028951800140439361 0.04772843910102384 -0.011647074523775506 -0.04171142182842482 0.051622788932224301 -0.051066599931936602 0.020411680873019665
leaf_weight=51172.497368294746 237.57657565921545 15341.327463522553 924.87545393407345 906.33666780591011 465.8584248572588 2174.6628718674183 117.65515417233109 1378.2965372167528 833.30964554846287 819.0218567699194 671.48286899924278 410.47297227010131 404.11533775925636 328.21943230926991 71.966011319309473 426.01229136064649 1498.610418766737 280.87614815682173 73.991649121046066 3092.5670342892408 236.32930018007755 210475.88094335794 155.80353158712387 258.52482926845551 1674.3688745573163 44.471473101526499 133.0921288728714 225.58664451539516 76.434310302138329 257.25108535587788
leaf_count=1166156 4506 14201 19876 1205 2598 1968 610 2570 754 830 974 4305 5071 1611 500 3618 3359 1149 183 3904 716 183136 288 608 2524 526 538 448 297 704
internal_value=0.0532807 0.0786117 -0.0604279 0.0462787 -0.0207416 0.0499055 0.0804444 0.0588168 0.0559631 0.0637197 0.0349638 0.00194597 0.0121282 0.0281234 -0.0120065 -0.0208458 0.0210306 0.0289461 0.0560919 0.0521454 0.0477613 0.0807288 0.0536289 0.0550469 0.044797 0.0430603 0.0252275 0.0107027 0.0232281 0.00393513
internal_weight=295167 241392 53775.1 12949.8 2602.64 12286.2 228443 7694.34 2625.33 6316.05 4591.87 1677.76 1267.29 3427.01 520.553 663.589 2519.19 746.735 4141.38 3322.36 907.812 225817 3248.37 1164.86 1792.02 116.437 2190.97 692.364 559.272 333.685
internal_count=1429733 229552 1200181 28327 34025 20203 201225 9743 3888 7173 10460 14149 9844 8647 6097 8124 6957 3747 5205 4375 1690 197337 4192 1813 3134 1026 5346 1987 1449 1001
is_linear=0
shrinkage=0.06


Tree=20
num_leaves=31
num_cat=0
split_feature=0 0 0 5 5 0 7 7 0 5 10 7 9 7 10 5 17 2 5 7 0 7 2 7 5 10 13 15 6 6
split_gain=217672 4091.13 1144.32 817.712 563.549 515.073 465.809 216.85 196.777 156.28 144.064 148.128 136.276 116.223 97.3618 92.6429 82.9328 81.8604 80.9891 79.4278 72.2578 203.065 91.01 70.4607 69.5902 66.3907 67.9887 63.7347 58.5289 55.9149
threshold=0.079893685877323165 0.88379943370819103 0.0059790529776364574 0.92418035864830028 0.43902739882469183 0.63609617948532116 0.8872683346271516 1.3464286327362063 0.99543121457099926 0.99138492345809948 0.41885964572429663 0.011761516798287632 70.782848358154311 0.0001053931518981699 0.23205128312110904 0.99834084510803234 70.710784912109389 -0.65699636936187733 0.9741620421409608 0.0011563430307433011 0.0021914592944085602 0.00023445983970304954 -0.99475938081741322 0.62881579995155346 0.28830029070377355 0.42582418024539953 1.0000000180025095e-35 1.0000000180025095e-35 0.025757221505045894 3.997780561447144
decision_type=2 2 2 2 2 2 2 2 2 2 2 2 2 2 2 2 2 2 2 2 2 2 2 2 2 2 2 2 2 2
left_child=2 3 20 5 13 10 18 12 15 -5 11 -2 23 25 -15 -8 19 -13 -3 -12 -1 22 -22 -7 27 -4 -27 -18 -14 -30
right_child=1 6 4 9 -6 7 8 -9 -10 -11 16 17 28 14 -16 -17 24 -19 -20 -21 21 -23 -24 -25 -26 26 -28 -29 29 -31
leaf_value=-0.062492114993498764 0.054981276271609036 0.073954796323071836 0.04094073428463315 0.00088297792424049649 -0.061382645323451265 0.077169838500588839 0.044087336199405858 0.027322169500266485 0.078838916271069717 -0.062862903808476533 0.048839373665103721 -0.011012022560824232 0.0013597181678960577 0.013723463225064065 -0.028718800990520169 -0.063262848717154346 -0.054854622275586282 0.037617635326117928 0.079321644693396171 0.000525227591391087 -0.018583440703218466 -0.059119678588391733 0.069287534210143165 0.050775838018370385 0.02384920039311314 -0.0095436718244000275 0.053888632157499804 0.0067392735957501129 0.05967550773504017 0.044231802965570902
leaf_weight=47531.003203552216 1365.3642002046108 10884.030863940716 317.50362734496593 315.06652190163732 734.49487882107496 1918.8738741278648 1764.1606878340244 791.75906637310982 759.21724039316177 245.95079758018255 653.33855308592319 215.75966752320528 74.774671390652657 313.7554814890027 509.21666440740228 28.58384520933032 67.434485100209713 292.82429477199912 206316.88265232742 150.738689891994 139.79140891134739 870.27369824796915 59.755138792097569 459.74507613480091 1544.556591078639 293.89261596277356 75.644083276391029 519.2407391667366 2791.7735434174538 1234.6347272992134
leaf_count=1148585 2068 10566 1077 1740 16566 1769 2708 1615 694 5297 1068 1327 168 2405 5933 464 302 799 186982 576 2009 19886 549 626 3684 1998 276 2185 3316 1745
internal_value=0.0522409 0.0768439 -0.0602092 0.0436471 -0.018314 0.0469357 0.0787534 0.0570127 0.0532262 -0.0271254 0.0316906 0.0446895 0.0606358 0.00266205 -0.0125408 0.0423414 0.0233795 0.0170061 0.0790531 0.0397939 -0.0621436 -0.046615 0.00794422 0.0720918 0.0171709 0.0208646 0.0035513 -0.000421837 0.0539755 0.0549521
internal_weight=283240 232395 50845.3 12641.8 2244.51 12080.8 219753 7271.56 2551.96 561.017 4809.26 1873.95 6479.8 1510.01 822.972 1792.74 2935.31 508.584 217201 804.077 48600.8 1069.82 199.547 2378.62 2131.23 687.04 369.537 586.675 4101.18 4026.41
internal_count=1428983 229699 1199284 28285 28255 21248 201414 9239 3866 7037 12009 4194 7624 11689 8338 3172 7815 2126 197548 1644 1171029 22444 2558 2395 6171 3351 2274 2487 5229 5061
is_linear=0
shrinkage=0.06


Tree=21
num_leaves=31
num_cat=0
split_feature=2 3 5 2 9 3 5 5 7 9 1 16 7 6 5 9 2 6 6 6 6 6 2 3 7 10 10 17 7 3
split_gain=186321 12478.1 2779.25 2181.96 2082.27 1204.68 790.056 333.789 219.217 206.164 156.078 129.809 108.661 106.67 121.443 104.887 103.651 125.227 176.812 90.9112 128.759 85.5909 85.0927 194.116 85.0353 80.7324 80.5608 80.1446 82.486 70.0136
threshold=-0.75785845518112172 1.5000000000000002 0.83430194854736339 -0.98621553182601918 1.0000000180025095e-35 1.5000000000000002 0.15060451626777652 0.94737157225608837 0.78521895408630382 78.287063598632827 7.5000000000000009 55.245780944824226 0.072131048887968077 1.3719344139099123 0.99721845984458934 81.649658203125014 -0.026848802343010899 3.997780561447144 4.0054891109466562 4.984053611755372 5.0907099246978769 5.9891998767852792 -0.99605953693389881 1.5000000000000002 0.0011563430307433011 0.0745370388031006 0.31414473056793218 70.13513565063478 0.00019450535910436886 3.5000000000000004
decision_type=2 2 2 2 2 2 2 2 2 2 2 2 2 2 2 2 2 2 2 2 2 2 2 2 2 2 2 2 2 2
left_child=3 2 6 22 29 10 -2 8 15 12 26 24 -8 -6 -15 -4 17 -13 -19 -20 -21 -22 -1 -24 -11 -14 -5 28 -28 -3
right_child=1 4 7 5 13 -7 9 -9 -10 11 -12 16 25 14 -16 -17 -18 18 19 20 21 -23 23 -25 -26 -27 27 -29 -30 -31
leaf_value=-0.062227923326393861 -0.044448489880643684 0.034058649920109964 0.076221376143135067 0.03435580548123917 -0.061704049591801612 -0.054184871351411167 0.065732190015017136 0.077718760080883534 0.043221228951343352 0.063549704469080315 -0.038329317850072701 0.041523558773913276 0.038812460144403788 0.01457347058380167 -0.061860415243889744 0.062580780241554015 -0.017640801844410751 -0.051898009787580253 0.045682026702026202 -0.043061677780923915 0.053086638078710849 -0.0023988264479817435 -0.017468747028307478 -0.061696062881324468 0.013208727063488758 -0.065064960195431593 0.040475178847100821 -0.003426887580941665 -0.011923149410174649 0.0049976535542670788
leaf_weight=41130.861791335046 378.00748348608613 1276.3633686341345 4373.8155811578035 759.45318969339132 2469.8143548890948 1595.3865892551839 1841.5585173070431 203499.91232086718 1297.0437132269144 873.80182975530624 186.51761296018958 2597.0707663446665 388.506362631917 149.41554153338075 148.30763633921742 3876.3750085532665 142.76994086802006 117.70297849178314 443.59878796339035 128.98994919657707 201.55576692521572 197.6787229180336 510.81537192687392 1195.3358914554119 140.85200271010399 28.042447835206985 412.37765151262283 726.91938932612538 145.95879617333412 389.93144760280848
leaf_count=1051609 7098 2927 4157 2735 62659 36720 2071 192516 1916 1031 2225 4393 615 871 3160 4363 520 431 742 416 332 518 7268 29617 302 91 1191 4359 1128 1344
internal_value=0.051305 0.0739375 0.0759412 -0.0578035 -0.0257156 -0.0143893 0.0399856 0.0772034 0.0662119 0.0444852 0.0140771 0.0374902 0.0594675 -0.0576129 -0.0235809 0.0698207 0.0324182 0.034361 0.0172656 0.0256871 0.00884091 0.025676 -0.0616812 -0.0484726 0.0565814 0.0316803 0.018874 0.00970633 0.0267805 0.0272651
internal_weight=271625 224961 220527 46663.6 4433.83 3826.61 7480.14 213047 9547.23 7102.13 2231.23 4844.02 2258.11 2767.54 297.723 8250.19 3829.37 3686.6 1089.53 971.823 528.224 399.234 42837 1706.15 1014.65 416.549 2044.71 1285.26 558.336 1666.29
internal_count=1429325 292473 221512 1136852 70961 48358 18560 202952 10436 11462 11638 8685 2777 66690 4031 8520 7352 6832 2439 2008 1266 850 1088494 36885 1333 706 9413 6678 2319 4271
is_linear=0
shrinkage=0.06


Tree=22
num_leaves=31
num_cat=0
split_feature=0 0 0 4 7 4 0 7 10 0 9 0 7 6 6 8 0 14 1 7 6 10 6 6 6 6 6 8 10 6
split_gain=185630 4178.03 1187.23 620.773 485.028 460.407 354.119 359.758 188.929 164.428 159.355 123.677 238.475 102.61 110.642 119.836 97.2752 86.8279 88.8301 81.904 77.7224 71.4884 63.8159 93.5862 70.8206 61.2067 117.115 77.7893 60.3209 60.223
threshold=0.079893685877323165 0.88379943370819103 0.0086993081495165842 -0.43075647950172419 0.91780313849449169 -0.56932592391967762 0.63609617948532116 0.84530431032180797 0.29520697891712194 0.99543121457099926 82.397846221923842 0.0021914592944085602 0.00084432150470092903 2.9982769489288335 3.0272414684295659 46.23481750488282 0.98484668135643016 11.500000000000002 6.5000000000000009 0.0027520556468516593 0.89733102917671215 0.1863425895571709 3.9941577911376958 4.0031886100769052 4.9915487766265878 1.9931368231773379 2.0302565097808842 72.255687713623061 0.5577777922153474 5.0907099246978769
decision_type=2 2 2 2 2 2 2 2 2 2 2 2 2 2 2 2 2 2 2 2 2 2 2 2 2 2 2 2 2 2
left_child=2 3 11 -2 16 -4 10 8 -8 -6 19 -1 -13 20 15 -15 -3 18 -7 -5 -12 -21 -16 -24 -25 -22 27 -27 -17 -26
right_child=1 4 5 6 9 17 7 -9 -10 -11 13 12 -14 14 22 28 -18 -19 -20 21 25 -23 23 24 29 26 -28 -29 -30 -31
leaf_value=-0.06214038341049706 -0.041278507424014482 0.071270078935924006 -0.061064794764919134 0.052790710654651941 0.038377011075037624 0.023308194740678238 0.071036031853451531 0.022473080227485443 0.048739315018038194 0.075809072527490223 -0.0081705976351041515 -0.00065570126059445852 -0.059019775902022252 0.05584994990073746 0.03618104659256597 -0.00011873357578192256 0.076524307090918078 -0.019999649022874041 -0.02375096260196069 0.037164124867234929 0.05544065132278149 -0.013572052034082408 -0.043401022753925024 0.034117674101917433 -0.035743433654419836 0.04239264286047395 0.045899804593481072 -0.024633516450959909 -0.072017000950982041 0.012484254520010021
leaf_weight=42412.992283124477 328.91883427649736 13852.337683096528 506.23815913498402 1189.0257764980197 1658.3855828344822 819.86370553076267 2153.9434733688831 1348.1991894990206 3794.9998455494642 568.71257100999355 144.44401669502258 347.07652450352907 919.56172536313534 49.44238144531846 451.87592669948936 62.726087566465139 186403.8308224082 341.18331469967961 174.37773597985506 392.11982152983546 465.49957581609488 133.48669067025185 108.32951374724507 399.38399565964937 124.7412555962801 91.312623590230942 474.45649762451649 190.97355299443007 126.2048721164465 359.31062487885356
leaf_count=1148768 6210 14428 12705 1784 3022 4593 2212 3534 5067 563 574 4846 23324 78 1027 189 183694 3353 1666 1019 861 508 491 989 489 151 974 624 535 1117
internal_value=0.0504645 0.0737817 -0.0595979 0.0399534 0.0758513 -0.0124008 0.042172 0.0504805 0.0568229 0.0479654 0.0294359 -0.0615875 -0.0430403 0.0211941 0.0112615 -0.0265329 0.0761612 0.00607884 0.015039 0.0440695 0.0334012 0.0242775 0.0175161 0.00898394 0.0154493 0.0383169 0.0277241 -0.00287909 -0.0482727 7.80395e-06
internal_weight=260394 214873 45521.3 12389.4 202483 1841.66 12060.5 7297.14 5948.94 2227.1 4763.33 43679.6 1266.64 3048.7 1682.01 238.373 200256 1335.42 994.241 1714.63 1366.69 525.607 1443.64 991.765 883.436 1222.24 756.743 282.286 188.931 484.052
internal_count=1429395 230140 1199255 28433 201707 22317 22223 10813 7279 3585 11410 1176938 28170 8099 4915 802 198122 9612 6259 3311 3184 1527 4113 3086 2595 2610 1749 775 724 1606
is_linear=0
shrinkage=0.06


Tree=23
num_leaves=31
num_cat=0
split_feature=0 0 0 5 5 7 0 7 0 6 10 5 6 6 7 5 10 10 6 16 7 6 6 5 17 7 7 6 7 10
split_gain=171922 4200.78 1163.31 640.08 634.074 530.51 421.341 211.296 173.531 163.76 142.923 133.952 119.537 106.836 103.467 101.956 90.3125 75.8315 132.391 129.124 87.9625 76.2772 90.8881 74.6745 73.432 70.605 68.6664 66.4705 66.1473 65.7982
threshold=0.079893685877323165 0.88379943370819103 0.0033698121551424269 0.92418035864830028 0.43902739882469183 0.91780313849449169 0.63609617948532116 1.2113522291183474 0.99716070294380199 2.9990785121917729 0.28869047760963445 0.99138492345809948 2.9971268177032475 0.75467070937156688 4.6871133235981695e-05 0.97915965318679821 0.23205128312110904 0.20344828069210055 3.0347664356231694 63.245613098144538 0.014160122256726028 3.9912524223327641 4.0031886100769052 0.99834084510803234 91.476997375488295 0.53634834289550792 2.2512538433074956 2.390587687492371 1.4245864349504702e-05 0.42582418024539953
decision_type=2 2 2 2 2 2 2 2 2 2 2 2 2 2 2 2 2 2 2 2 2 2 2 2 2 2 2 2 2 2
left_child=2 3 -1 6 9 15 12 10 23 14 25 -5 13 -2 -4 -3 24 -14 19 -19 21 -20 -23 26 27 -8 -7 -16 -12 -11
right_child=1 5 4 11 -6 8 7 -9 -10 29 28 -13 17 -15 16 -17 -18 18 20 -21 -22 22 -24 -25 -26 -27 -28 -29 -30 -31
leaf_value=-0.061847478947315931 -0.004108970086686683 0.069309227051512629 0.048088461791012706 -0.001077765857063968 -0.061550791547671971 0.046916627035891709 0.071258518974052429 0.022031354986065108 0.075142007664940447 -0.00074851888198077584 0.059469000109969375 -0.062428816874405275 0.038291629837424394 0.042151136028222617 -0.036792622535565443 0.075258609518358194 -0.017414490460132503 0.041953856554868801 0.042902777908347331 -0.048239477121515807 -0.02750071717803159 -0.031381587448576047 0.021049191350650968 -0.064118981828850147 0.072536057824048553 0.044882641198069631 0.021579198155645435 0.082642352527583715 0.041946964473301859 -0.03258369191263448
leaf_weight=40489.666042622179 197.61333400756121 11179.144623115659 310.12364024296403 312.30838019028306 887.37859908118844 1007.9352283999324 1896.3410881906748 818.76372922956944 527.52394977211952 489.16766424104571 1115.8153430223465 216.27426784858108 564.61899605765939 1965.698783647269 60.899920351803303 180609.66865365207 287.21390212327242 77.222131554037333 501.54799251258373 212.02937120199203 130.97260707616806 134.37817227095366 989.76256690174341 25.732647869735956 95.119737412780523 461.17316102981567 627.36358627676964 22.014085061848164 2617.130304902792 446.65674149617553
leaf_count=1160068 720 12145 1251 1718 23788 1425 1970 1672 539 4526 1311 5317 1545 3970 662 186107 3327 145 990 817 603 546 2608 429 586 652 1185 160 3742 5133
internal_value=0.0496496 0.0724279 -0.0593499 0.0382903 -0.0204244 0.0745768 0.0412124 0.0506849 0.045167 0.000926164 0.0545327 -0.0262506 0.0274949 0.0379254 0.0213029 0.0749122 0.00338345 0.0188401 0.0134559 -0.0240988 0.0196498 0.023463 0.0147594 0.0356078 0.0368457 0.0661201 0.0372153 -0.00447508 0.047199 -0.0159616
internal_weight=249277 206189 43088.2 12211.7 2598.57 193977 11683.1 6909.22 2188.56 1711.2 6090.46 528.583 4773.84 2163.31 775.371 191789 465.248 2610.53 2045.91 289.252 1756.66 1625.69 1124.14 1661.03 178.034 2357.51 1635.3 82.914 3732.95 935.824
internal_count=1429657 230156 1199501 28326 39433 201830 21291 9347 3578 15645 7675 7035 11944 4690 5986 198252 4735 7254 5709 962 4747 4144 3154 3039 1408 2622 2610 822 5053 9659
is_linear=0
shrinkage=0.06


Tree=24
num_leaves=31
num_cat=0
split_feature=0 0 0 5 4 7 0 7 0 10 5 7 5 7 7 10 10 8 5 5 7 6 17 6 0 7 10 10 5 14
split_gain=159326 4316.07 1122.74 578.711 518.946 507.097 417.573 188.666 183.513 125.944 121.765 107.673 105.984 93.5621 89.2483 103.233 78.6489 71.4595 82.0754 64.6888 57.4385 55.2457 56.9653 54.8662 54.794 218.3 63.0509 56.2124 54.1382 53.6242
threshold=0.079893685877323165 0.88379943370819103 0.0043597351759672174 0.92418035864830028 -0.56932592391967762 0.8872683346271516 0.63609617948532116 8.7785938376327994e-06 0.99218639731407177 0.30217391252517706 0.99138492345809948 8.2553626270964755e-05 0.9741620421409608 0.71118706464767467 1.3464286327362063 0.3390804678201676 0.23205128312110904 46.23481750488282 0.28830029070377355 0.99721845984458934 5.6505758038838401e-05 2.9931827783584599 91.476997375488295 2.9990785121917729 0.0018258951022289696 1.4245864349504702e-05 0.28869047760963445 0.056349206715822227 0.050099568441510207 9.5000000000000018
decision_type=2 2 2 2 2 2 2 2 2 2 2 2 2 2 2 2 2 2 2 2 2 2 2 2 2 2 2 2 2 2
left_child=2 3 24 6 -4 12 9 29 19 13 -5 23 -3 -2 15 -9 21 20 -19 -7 -11 22 -13 -6 -1 26 27 -26 -18 -8
right_child=1 5 4 10 11 8 7 14 -10 17 -12 16 -14 -15 -16 -17 28 18 -20 -21 -22 -23 -24 -25 25 -27 -28 -29 -30 -31
leaf_value=-0.061885840548755851 0.047321200902989365 0.067494339534455286 -0.061680079326879543 -0.0023739891917243599 0.034794001741499325 0.037211922415354884 0.069938118759317658 0.058378089093902602 0.072832291163322932 0.050262542505840405 -0.062240935484191302 -0.0047704178049528404 0.07411137223816143 0.003989488694124018 0.024385315404529616 0.038387303665752465 -0.038466398099111863 -0.0019622379836667933 0.021313600516740104 -0.061608955999598279 0.014505158236715754 -0.012121381690831304 0.067292749350042619 0.0010439339704256404 -0.053440912332806942 -0.054910994022400468 0.0073701140808902542 0.16622289237506727 0.0034395028537917917 0.045514258873511987
leaf_weight=37643.648479718715 1169.0132683515549 9311.6626932621002 699.5480379909277 305.65844122692943 347.72233245149255 1729.4628963544965 1495.3564627766609 1512.4801259338856 669.2686016112566 419.27266220748425 202.98690843209624 71.324452634900808 173505.24277196825 212.10052476078272 833.4219431579113 2447.0260392129421 412.68121515586972 759.57046774029732 1931.7009481079876 23.315591473132372 264.63872500136495 202.96737332642078 87.131718706339598 345.04014468565583 4.6028409302234676 772.32985347509384 34.975718576461077 22.478142578154802 151.4625265263021 423.36639729142189
leaf_count=1143916 1921 10558 19835 1716 1414 2714 1589 1848 732 578 5290 645 187121 1288 1662 3617 5684 2987 4388 444 807 2066 502 2150 72 21564 589 265 1586 583
internal_value=0.048829 0.0711561 -0.0591039 0.0362436 -0.0185393 0.0734132 0.0390215 0.0486606 0.0461043 0.0254124 -0.0263406 0.000135549 0.0737747 0.0406744 0.0422774 0.0460363 -0.013248 0.019157 0.0147461 0.035863 0.0364676 0.00859006 0.0350291 0.01801 -0.0615469 -0.0462013 0.0613468 0.128314 -0.0272292 0.0645755
internal_weight=238011 197216 40795.9 11976.6 2317.88 185239 11467.9 6711.65 2422.05 4756.3 508.645 1618.33 182817 1381.11 4792.93 3959.51 925.567 3375.18 2691.27 1752.78 683.911 361.424 158.456 692.762 38478 834.387 62.0567 27.081 564.144 1918.72
internal_count=1430131 229843 1200288 28274 33882 201569 21268 9299 3890 11969 7006 14047 197679 3209 7127 5465 10483 8760 7375 3158 1385 3213 1147 3564 1166406 22490 926 337 7270 2172
is_linear=0
shrinkage=0.06


Tree=25
num_leaves=31
num_cat=0
split_feature=0 0 5 0 0 0 4 4 4 9 4 10 14 6 6 10 2 2 1 6 6 6 6 8 17 10 5 6 16 5
split_gain=147501 4924.69 699.474 612.792 435.09 417.319 370.647 203.236 161.972 115.587 110.808 111.191 103.538 91.4912 73.6882 73.569 73.1805 70.6471 69.9678 59.4143 72.2611 92.5722 142.26 109.651 70.3757 55.6698 61.183 54.2677 62.2793 52.9542
threshold=0.038541378453373916 0.88379943370819103 0.99138492345809948 0.0033698121551424269 0.63609617948532116 0.96570476889610302 -0.0011548973270691929 -7.9376408393727602e-05 -0.0013209914322942493 70.286651611328139 -0.63829940557479847 0.28869047760963445 11.500000000000002 0.13385648280382159 4.9915487766265878 0.97916665673255932 -0.026848802343010899 -0.22270189225673673 8.5000000000000018 1.9931368231773379 2.0302565097808842 2.9954572916030888 3.0073727369308476 45.308176040649421 82.842723846435561 0.040833333507180221 0.28830029070377355 5.0324103832244882 55.086206436157234 0.83430194854736339
decision_type=2 2 2 2 2 2 2 2 2 2 2 2 2 2 2 2 2 2 2 2 2 2 2 2 2 2 2 2 2 2
left_child=3 2 4 -1 10 7 -5 -3 -6 -8 -2 18 -10 -14 16 -11 19 -15 25 -13 24 -22 23 -23 -21 26 -12 28 -16 -28
right_child=1 5 -4 6 8 -7 9 -9 12 15 11 14 13 17 27 -17 -18 -19 -20 20 21 22 -24 -25 -26 -27 29 -29 -30 -31
leaf_value=-0.061546227038296326 -0.040854844019593758 0.027349752567162818 -0.062093893927272714 -0.057345088330851911 0.021126835542279492 0.073010975691263025 0.022496818899971526 0.062285998739424343 0.055240457043545847 -0.021118833684339217 -0.013515857591304666 0.040611927565435108 -0.04735176984592062 0.027294179125602704 0.03114766539174902 0.11389497276233318 -0.020847363206490853 0.049098607952849593 -0.082124755227353796 0.035419162893800912 0.043764758227853751 0.05191785848776919 0.024043912059847444 -0.046676655811187386 -0.023462609117649809 0.047709070956382361 0.046237707303357883 0.0089862872744573934 -0.058171995075389067 -0.0077513025820078046
leaf_weight=36081.021518694237 96.244712263345718 647.49397557601333 269.64469506964087 802.03728216141462 861.90230718255043 167912.91607155278 390.8314720466733 8469.7822817713022 3678.7257342040539 679.72468011453748 123.85131129622459 613.19900950416923 42.582202300429344 881.37334951758385 38.07912665605545 13.86511794105172 136.64190024137497 1380.1973608881235 16.431278813630342 103.63585590943694 600.97566628828645 50.504210487008095 1248.0862771458924 192.50266925245523 241.36443039774895 954.69219295307994 307.0293798930943 462.53902145847678 100.8660374507308 82.700508661568165
leaf_count=1159799 1943 1428 7628 23035 1907 189908 2710 10357 4698 7743 400 1324 127 1440 92 44 642 1820 106 207 1293 84 3544 816 837 1919 684 1548 496 608
internal_value=0.0481377 0.0697628 0.0333364 -0.059803 0.0354481 0.0723314 -0.0264474 0.0598082 0.0454784 -0.00356367 0.0226556 0.0238223 0.0489824 0.0389713 0.0183594 -0.0182598 0.0219938 0.0406169 0.0377396 0.0239191 0.019704 0.023898 0.0158669 -0.0260569 -0.00572366 0.039136 0.0231379 -0.000901322 -0.0336455 0.0347907
internal_weight=227481 189514 12483.8 37967.5 12214.1 177030 1886.46 9117.28 6844.78 1084.42 5369.34 5273.1 5982.88 2304.15 3788.39 693.59 3186.91 2261.57 1484.7 3050.27 2437.07 2092.07 1491.09 243.007 345 1468.27 513.581 601.484 138.945 389.73
internal_count=1429187 235856 34163 1193331 26535 201693 33532 11785 9992 10497 16543 14600 8085 3387 10883 7787 8747 3260 3717 8105 6781 5737 4444 900 1044 3611 1692 2136 588 1292
is_linear=0
shrinkage=0.06


Tree=26
num_leaves=31
num_cat=0
split_feature=0 0 0 7 7 5 7 0 14 7 5 5 10 0 7 7 13 5 9 5 0 7 5 4 6 10 10 7 6 7
split_gain=137015 3637.82 2070.09 592.638 584.052 317.024 268.996 198.163 140.579 130.109 177.717 112.402 104.078 92.0467 218.829 88.2499 73.7064 68.5264 63.9637 69.5637 60.8106 56.9027 56.6622 51.7623 50.6032 49.4002 56.8335 48.7375 50.3259 48.3077
threshold=0.18442497402429583 0.88379943370819103 0.0059790529776364574 0.8872683346271516 0.53634834289550792 0.98823553323745739 7.1985707563726473e-06 0.99716070294380199 9.5000000000000018 2.2512538433074956 0.60052680969238292 0.97915965318679821 0.30901856720447546 0.0018258951022289696 2.6547996640147179e-05 2.2212327166926119e-05 1.0000000180025095e-35 0.99834084510803234 62.169164657592781 0.050099568441510207 0.81188002228736889 0.0067095339763909587 0.51504290103912365 -0.12706227600574491 3.9869384765625004 0.5419580638408662 0.44722221791744238 2.2512538433074956 0.99637636542320263 0.0011563430307433011
decision_type=2 2 2 2 2 2 2 2 2 2 2 2 2 2 2 2 2 2 2 2 2 2 2 2 2 2 2 2 2 2
left_child=2 5 13 11 15 6 8 17 -2 10 12 -3 -8 -1 25 16 -4 27 21 -20 24 -17 -10 -23 -12 26 -15 -5 -29 -16
right_child=1 3 4 7 -6 -7 9 -9 22 -11 20 -13 -14 14 29 18 -18 -19 19 -21 -22 23 -24 -25 -26 -27 -28 28 -30 -31
leaf_value=-0.061590366101566804 0.061326113854597963 0.065496312127079667 0.012380605938387593 0.039869784829090364 -0.059010589703656566 -0.062322070615854173 0.04198773770005039 0.071815916253247222 0.0042371640893175107 0.0064528786784621012 0.039639897535832261 0.072155868894390518 0.013257542133229513 0.035377936638904602 -0.024460160001361364 0.037177956121494236 0.058171493348016134 -0.064248970279225534 -0.025021542926144929 0.003705502907287881 0.047503272236249762 0.071826519217306636 0.041010190954953639 -0.03304886979255367 0.021542899370647444 -0.035613297784899647 0.16766238154068902 -0.074658632750468995 0.021697905897467173 -0.059915999782093499
leaf_weight=33515.764193469658 1931.3522568047047 9817.8331605345011 579.09642940759659 1055.9914276301861 649.23077166825533 117.69104246422648 597.98610688745975 556.21150630712509 211.90488357841969 720.47959141433239 1717.6567112840712 156785.68095722795 1881.7732944786549 73.488055823370814 173.82043695449829 230.80557050183415 161.24624871462584 26.135686095803976 546.89289405196905 679.71240410581231 2153.8740126341581 19.633681815117598 524.66887916624546 94.293847173452377 829.05318332463503 26.322310298681259 13.12905561365187 19.213317602872849 595.13256703317165 716.57784229144454
leaf_count=1143171 2332 12020 2252 1577 19412 3265 945 650 556 2044 2994 185659 4751 907 3707 866 360 463 6225 3821 3000 218 798 839 1811 461 152 63 1088 23078
internal_value=0.0474197 0.0692017 -0.0569231 0.0713503 -0.00877354 0.0352475 0.0363398 0.0407515 0.0528166 0.03077 0.0332088 0.0717638 0.0201999 -0.0610528 -0.0430527 0.00535485 0.0224189 0.0305303 -0.00269407 -0.00911266 0.0400658 0.0201044 0.030451 -0.0145075 0.0337594 0.0353794 0.0571138 0.0320508 0.018568 -0.0530296
internal_weight=217023 179543 37480 168856 2960.91 10686.4 10568.7 2252.68 2667.93 7900.82 7180.34 166604 2479.76 34519.1 1003.34 2311.68 740.343 1696.47 1571.34 1226.61 4700.58 344.733 736.574 113.928 2546.71 112.939 86.6171 1670.34 614.346 890.398
internal_count=1429485 224016 1205469 201520 33993 22496 19231 3841 3686 15545 13501 197679 5696 1171476 28305 14581 2612 3191 11969 10046 7805 1923 1354 1057 4805 1520 1059 2728 1151 26785
is_linear=0
shrinkage=0.06


Tree=27
num_leaves=31
num_cat=0
split_feature=0 0 0 7 0 5 7 5 10 0 5 6 6 9 7 0 7 6 2 10 14 6 2 17 5 7 7 6 2 5
split_gain=127142 4482.9 1168.66 594.402 446.548 443.055 272.81 271.741 219.07 192.688 121.148 103.016 91.5408 79.3931 83.6433 69.5764 155.344 75.9563 66.9409 66.0026 60.7885 98.6677 59.5579 56.5384 70.6906 65.1978 54.3344 52.5789 53.3346 49.1842
threshold=0.079893685877323165 0.88379943370819103 0.0043597351759672174 0.8872683346271516 0.63609617948532116 0.43902739882469183 0.78521895408630382 0.92418035864830028 0.25403225421905523 0.99218639731407177 0.9741620421409608 5.9891998767852792 2.9990785121917729 83.157192230224624 0.014160122256726028 0.0018258951022289696 2.6547996640147179e-05 2.9990785121917729 -0.06340844556689261 0.28869047760963445 7.5000000000000009 0.27741253376007086 -0.22270189225673673 69.309261322021499 0.15060451626777652 0.0016353903920389714 0.05272681079804898 5.4769380092620858 -0.06340844556689261 0.98601278662681591
decision_type=2 2 2 2 2 2 2 2 2 2 2 2 2 2 2 2 2 2 2 2 2 2 2 2 2 2 2 2 2 2
left_child=2 4 15 10 7 12 8 11 -6 -5 -3 13 18 14 -2 -1 17 19 -4 -17 26 -22 -23 25 -25 -15 -10 28 29 -8
right_child=1 3 5 9 6 -7 27 -9 20 -11 -12 -13 -14 23 -16 16 -18 -19 -20 -21 21 22 -24 24 -26 -27 -28 -29 -30 -31
leaf_value=-0.06148481460478214 0.042240759919014138 0.063787729169511517 0.022247926378783402 0.029503432972361125 0.066636346245863301 -0.059466517855200414 0.027200018929829654 -0.046062688106648805 0.054275556842981777 0.069669242628261019 0.07126718054662376 -0.013928302052477649 -0.012496719667590877 0.039471773107724588 0.011218232364968656 0.18858453384052662 -0.05206291034116535 -0.014223132576493677 -0.039115868676133148 0.019635171376735556 -0.045947151197538713 0.025357340734476101 0.04449087542696898 -0.024586552712337964 0.015613537011357858 -0.0072168025726703309 -0.022313775728617032 -0.012857621565440316 -0.035095371655606049 -0.062131861358100365
leaf_weight=31652.335418941453 1191.2359522655606 8320.6310385167599 662.99889631569386 1677.5309595987201 1627.2196847200394 605.84634535387158 1187.4630782008171 225.28425069153309 1056.2936462312937 578.83062987029552 150620.54432019591 281.22559253126383 859.31195301562548 626.45403334498405 425.42765177413821 16.081335933879018 651.80094344355166 43.229826830327511 69.911593742668629 16.744555082172155 52.479467317461967 1004.7634573280811 1422.2942767739296 170.70840678364038 1912.404362436384 129.64182924106717 33.920611202716827 166.58819916844368 53.720641575753689 21.694811880588531
leaf_count=1144066 1926 10631 4591 3141 1936 20138 2286 5565 1330 723 187191 999 8584 1036 1771 145 21320 740 685 255 154 1660 1980 916 4898 483 79 641 189 532
internal_value=0.0468333 0.0678504 -0.0581876 0.0704418 0.0318023 -0.0158427 0.0419944 0.0181867 0.0483794 0.0398336 0.070876 0.0212514 0.000783163 0.0234743 0.0340891 -0.0610615 -0.0425956 0.0381621 0.0163492 0.105531 0.0400408 0.034819 0.0365836 0.0174203 0.012309 0.0314675 0.0518743 0.0187638 0.0229418 0.0255472
internal_weight=207365 172786 34578.3 161198 11588.8 2198.07 6626.44 4962.38 5196.97 2256.36 158941 4737.1 1592.22 4455.87 1616.66 32380.2 727.857 76.0557 732.91 32.8259 3569.75 2479.54 2427.06 2839.21 2083.11 756.096 1090.21 1429.47 1262.88 1209.16
internal_count=1430591 230067 1200524 201686 28381 33998 10787 17594 7139 3864 197822 12029 13860 11030 3697 1166526 22460 1140 5276 400 5203 3794 3640 7333 5814 1519 1409 3648 3007 2818
is_linear=0
shrinkage=0.06


Tree=28
num_leaves=31
num_cat=0
split_feature=2 3 5 2 9 3 6 5 7 10 7 7 5 2 3 9 2 6 6 5 7 16 5 5 6 7 10 3 7 5
split_gain=109788 7309.99 2668.16 2644.15 1312.29 852.508 510.72 367.013 244.105 195.3 135.708 113.03 104.842 100.943 218.9 100.906 99.0401 93.2473 92.0723 91.3009 106.545 87.0076 86.8588 86.5826 80.8764 76.4865 72.0855 70.2486 64.3416 69.3043
threshold=-0.65699636936187733 1.5000000000000002 0.86405959725379955 -0.98909857869148243 1.0000000180025095e-35 1.5000000000000002 0.75467070937156688 0.95847877860069286 0.84530431032180797 0.3390804678201676 0.53634834289550792 0.00018563016783446076 0.00070125592174008499 -0.99722847342491139 1.5000000000000002 75.058685302734389 -0.22270189225673673 2.9982769489288335 1.2516554594039919 0.94737157225608837 0.072131048887968077 55.245780944824226 0.0033133701654151086 0.99352493882179271 1.9991011023521426 0.0011563430307433011 0.30901856720447546 2.5000000000000004 0.00046412723895628011 0.00077619118383154284
decision_type=2 2 2 2 2 2 2 2 2 2 2 2 2 2 2 2 2 2 2 2 2 2 2 2 2 2 2 2 2 2
left_child=3 2 6 13 27 11 22 8 15 10 -8 12 -5 -1 28 -4 21 -14 -6 20 -7 25 -2 -20 -13 -11 -24 -3 29 -15
right_child=1 4 7 5 18 19 9 -9 -10 16 -12 24 17 14 -16 -17 -18 -19 23 -21 -22 -23 26 -25 -26 -27 -28 -29 -30 -31
leaf_value=-0.061334843532183235 -0.059178271341787055 0.030012042878014858 0.069322430930404966 -0.060725702900916625 -0.060730952857101179 -0.060141762972282381 0.05759469342560785 0.070355944301790582 0.030190499196268292 0.052961255131554419 0.02090002477394258 0.027678414274996888 0.036457480621432496 -0.060568612927107031 -0.060654330768481812 0.054387902946193549 0.042951593627164934 0.0077169544322366881 0.01801529135029762 -0.061711844857742504 -0.0075779071595888942 0.018387677996898073 0.030441029723215114 -0.058158774042192815 -0.012563586670417619 -0.0098058755883205055 -0.02388227062669665 0.0048761408910381419 -0.048283418814655248 0.013384766552211961
leaf_weight=27075.008563093841 159.94308180175722 884.53638952970505 3011.8364269286394 57.533471761271358 1591.9495944269001 243.60693790949881 1987.4319556877017 146220.04125191271 1065.312285721302 501.75154102221131 445.69140134751797 216.67806782945991 756.68503779359162 52.969525182619691 1042.9953076895326 3624.5538208931684 1376.3813841193914 878.03735052421689 110.96796580031514 821.22640177048743 321.78045464493334 2391.3023115471005 126.16675364226103 102.47705530747771 1032.5745949242264 80.846196569502354 284.2508577555418 731.25923315435648 123.80189929716289 293.86970379576087
leaf_count=1037146 5791 1783 3752 2056 60281 8787 2693 190921 1715 654 789 1227 2083 1965 38336 5066 1951 3351 476 29601 5747 4748 376 2561 5891 193 1392 2141 2949 3738
internal_value=0.0461613 0.0661547 0.0679958 -0.053873 -0.0206286 -0.0101652 0.0326818 0.0696827 0.0568938 0.0372667 0.0508844 0.00811956 0.0182207 -0.0604895 -0.0453381 0.0611752 0.0296403 0.0210346 -0.0557698 -0.0489316 -0.0302922 0.0234672 -0.0218175 -0.0186573 -0.00556721 0.0442493 -0.00714931 0.0186464 -0.011339 0.0019489
internal_weight=197613 164697 161276 32916.8 3421.19 4328.12 7353.77 153922 7701.7 6783.4 2433.12 2941.51 1692.26 28588.6 1513.64 6636.39 4350.28 1634.72 1805.39 1386.61 565.387 2973.9 570.361 213.445 1249.25 582.598 410.418 1615.8 470.641 346.839
internal_count=1430160 287283 220041 1142877 67242 58743 18587 201454 10533 11028 3482 14608 7490 1084134 46988 8818 7546 5434 63318 44135 14534 5595 7559 3037 7118 847 1768 3924 8652 5703
is_linear=0
shrinkage=0.06


Tree=29
num_leaves=31
num_cat=0
split_feature=0 0 7 0 5 7 0 7 9 0 5 6 10 1 6 7 6 6 6 5 14 6 7 10 6 6 6 8 14 16
split_gain=109689 5208.08 664.022 659.183 486.104 392.658 356.096 267.338 220.534 189.86 146.839 120.96 95.8906 104.351 90.6519 86.7463 71.6729 68.1566 112.839 62.6884 62.1785 61.8824 78.3194 77.2555 70.7462 77.0947 71.5712 69.5468 69.3325 61.396
threshold=0.038541378453373916 0.88379943370819103 0.8872683346271516 0.0021914592944085602 0.99138492345809948 0.71118706464767467 0.63609617948532116 0.78521895408630382 69.252254486083999 0.99716070294380199 0.9741620421409608 2.9971268177032475 0.23669467866420749 6.5000000000000009 0.89733102917671215 1.2394033547025176e-05 6.8400766849517831 1.9931368231773379 2.0524525642395024 0.99721845984458934 12.500000000000002 3.0347664356231694 0.0057269202079623946 0.18834459781646731 3.9963786602020268 4.0641560554504403 4.9115769863128671 44.033897399902351 6.5000000000000009 51.925926208496101
decision_type=2 2 2 2 2 2 2 2 2 2 2 2 2 2 2 2 2 2 2 2 2 2 2 2 2 2 2 2 2 2
left_child=3 4 10 -1 6 12 11 8 -8 19 -3 14 13 -5 -2 29 -10 -16 20 -4 -19 23 24 -13 -23 28 -27 -25 -26 -14
right_child=1 2 9 5 -6 -7 7 -9 16 -11 -12 21 15 -15 17 -17 -18 18 -20 -21 -22 22 -24 27 25 26 -28 -29 -30 -31
leaf_value=-0.061186691924745087 -0.0067985333891982186 0.061103107242167963 0.027382483061299073 0.028411641830678114 -0.061564349872749974 -0.061596011998724262 0.064850884373025025 0.014908619969043121 0.037974765837619849 0.06924106554341157 0.069713171623460635 0.038838336095853673 0.035692876082265353 -0.035983112113353491 0.044712392921599051 -0.031630393736670689 -0.028610043414322515 0.019551967836380853 0.036600577606799412 -0.064829955806547129 -0.023195851425473049 0.034259880806025766 -0.007949132343713838 0.033521599567578726 0.021346395851210332 0.041085583204173527 0.0069083699493036983 -0.03981370559495704 -0.042761342759846249 -0.02579014811636263
leaf_weight=28304.123688710853 250.11292637512088 7594.4038190841675 1631.3418028131127 391.91209703311324 217.20255287922919 728.96545820310712 1435.2090645432472 1351.1033518016338 3393.1623133867979 466.07604742050171 136621.03756645322 81.03735464066267 144.09691565856338 116.81633074209094 835.94645196199417 598.40353373624384 58.52994042634964 267.85225203447044 798.32208723574877 26.060713429003954 224.01491979509592 649.27152935415506 527.51212456077337 56.036757532507181 95.319269843399525 316.0030177757144 726.9637383967638 256.21771232411265 164.03292863816023 97.023258037865162
leaf_count=1148610 1065 10597 2735 3599 7631 27556 1840 2832 5099 628 187424 301 938 2036 1821 10132 142 722 1972 472 783 1399 3346 129 228 681 2235 1052 748 794
internal_value=0.0456178 0.0656893 0.0687696 -0.0587922 0.0271723 -0.026151 0.0288554 0.0385457 0.0450764 0.0354365 0.0692602 0.0173334 -0.00695541 0.0135835 0.0273457 -0.0194028 0.0368377 0.0313636 0.0226867 0.0258943 7.5432e-05 0.00904391 0.0125516 -0.0130427 0.0180942 0.0100147 0.017293 -0.0265881 -0.0192084 0.0109487
internal_weight=188424 158043 146339 30381.3 11703.9 2077.22 11486.6 6238 4886.9 2123.48 144215 5248.64 1348.25 508.728 2376.25 839.524 3451.69 2126.14 1290.19 1657.4 491.867 2872.39 2479.1 393.292 1951.59 1302.32 1042.97 312.254 259.352 241.12
internal_count=1429547 235882 201856 1193665 34026 45055 26395 9913 7081 3835 198021 16482 17499 5635 6363 11864 5241 5298 3477 3207 1505 10119 8637 1482 5291 3892 2916 1181 976 1732
is_linear=0
shrinkage=0.06


Tree=30
num_leaves=31
num_cat=0
split_feature=0 0 0 5 0 7 7 9 5 0 7 14 6 7 6 2 6 10 10 7 5 2 6 5 9 2 6 6 2 9
split_gain=102008 3977.26 2096.92 651.274 476.758 382.985 259.681 170.003 166.509 152.178 97.5016 108.73 94.3828 85.0653 76.9979 84.3797 79.1275 75.711 65.5372 59.9873 59.17 58.8225 57.9203 49.1529 52.2904 46.6839 44.7929 44.6097 48.0151 43.9371
threshold=0.18442497402429583 0.92937996983528148 0.0026680384762585167 0.79439738392829906 0.81188002228736889 0.78521895408630382 0.91780313849449169 76.230831146240249 0.99138492345809948 0.99716070294380199 2.4336507522093601e-05 13.500000000000002 2.9982769489288335 2.2512538433074956 5.9891998767852792 -0.041061848402023308 1.9979823827743532 0.096006143838167204 0.27429467439651495 1.8060607544612143e-05 0.98997241258621227 -0.65699636936187733 0.75467070937156688 0.86405959725379955 92.762355804443374 -0.06340844556689261 2.1250880956649785 5.6809058189392099 -0.96712037920951832 64.161029815673842
decision_type=2 2 2 2 2 2 2 2 2 2 2 2 2 2 2 2 2 2 2 2 2 2 2 2 2 2 2 2 2 2
left_child=2 4 -1 12 8 7 20 -6 10 -8 11 -2 25 18 15 16 -12 29 -7 -19 -3 26 -9 24 -23 -4 -18 28 -21 -14
right_child=1 6 3 -5 5 13 9 22 -10 -11 14 -13 17 -15 -16 -17 21 19 -20 27 -22 23 -24 -25 -26 -27 -28 -29 -30 -31
leaf_value=-0.060984580107835619 0.04571697799149356 0.064130727994293063 0.019278353624050362 -0.060161378193500037 0.066314234723061277 0.03565681894846727 0.020556550361876428 -0.0072220429066710608 -0.06105401033562937 0.068022600506040753 0.040404513798677974 0.015244799630615211 0.019571241828516734 0.0079588001497700577 -0.0095058056012566807 -0.020068185490857968 -0.043266343527635018 0.0085267810066954747 -0.058158049097164571 -0.031942390279137013 0.069150442767152376 0.031225529157961639 0.045631362005584319 -0.0096089475819084082 0.014132802245248729 -0.021358846686998383 0.0082481587134731697 -0.051985611522431668 -0.0016660663474516923 0.13791984432868579
leaf_weight=26867.99094645679 1301.3212459385395 9282.4899208545685 1087.6355298664421 753.07321216166019 2350.3507056385279 1143.7829855680466 643.01362152025104 76.608308225870132 82.102268991991878 391.36314622312784 804.42151207104325 625.32803793251514 191.40594531036913 786.9311576616019 300.98626299574971 166.0150881074369 67.689892247319221 343.33704408630729 26.583131927996874 339.35001056268811 124972.25903433561 1738.6859585866332 2575.2224949151278 156.68073274567723 1027.678691521287 111.44214343838394 525.82824983820319 139.66292245313525 423.11200244165957 11.054190045222638
leaf_count=1154470 1870 13570 7194 29232 3190 1864 1384 168 2941 553 1413 1355 1525 1690 910 580 267 1790 313 5948 180128 3035 3860 722 2104 981 1910 1839 2400 72
internal_value=0.0450538 0.0654475 -0.0553668 -0.0109692 0.0347063 0.0457454 0.0685729 0.0545501 0.0233978 0.038564 0.0244394 0.0358397 0.00304345 0.0232274 0.0198454 0.0218159 0.0234294 -0.007265 0.0334781 -0.0127999 0.0688039 0.019536 0.0441023 0.0230316 0.0248831 0.0154869 0.00231011 -0.020917 -0.0151654 0.0266791
internal_weight=179313 149045 30268.1 3400.07 13756.2 6959.48 135289 5002.18 6796.74 1034.38 6714.64 1926.65 2647 1957.3 4787.99 4487 4320.99 1447.92 1170.37 1245.46 134255 3516.56 2651.83 2923.05 2766.36 1199.08 593.518 902.125 762.462 202.46
internal_count=1429278 223827 1205451 50981 28192 11085 195635 7218 17107 1937 14166 3225 21749 3867 10941 10031 9451 13574 2177 11977 193698 8038 4028 5861 5139 8175 2177 10187 8348 1597
is_linear=0
shrinkage=0.06


Tree=31
num_leaves=31
num_cat=0
split_feature=0 0 0 0 3 7 10 7 5 6 0 7 7 8 10 7 17 6 6 6 7 6 14 6 6 6 6 6 0 6
split_gain=95012.6 4876.73 1173.68 598.441 512.669 374.697 338.669 245.494 194.417 107.493 90.6239 83.5206 78.6261 72.2191 70.7451 67.3211 79.8018 62.111 62.3528 74.2433 60.4978 55.4597 93.447 55.6002 55.0147 54.8704 60.6446 77.4869 53.6851 52.4301
threshold=0.079893685877323165 0.92937996983528148 0.0021914592944085602 0.63609617948532116 1.5000000000000002 0.84530431032180797 0.26491229236125952 1.8193481564521792 0.98823553323745739 3.9963786602020268 0.98484668135643016 1.6159158803930044e-05 0.8872683346271516 91.331184387207045 0.30901856720447546 2.2212327166926119e-05 60.232557296752937 0.025757221505045894 3.9963786602020268 4.0070674419403085 5.6505758038838401e-05 4.0094857215881357 12.500000000000002 4.9981007575988778 5.0324103832244882 0.75467070937156688 1.9991011023521426 2.0055125951766972 0.038541378453373916 5.9977171421051034
decision_type=2 2 2 2 2 2 2 2 2 2 2 2 2 2 2 2 2 2 2 2 2 2 2 2 2 2 2 2 2 2
left_child=2 3 -1 8 14 6 -5 10 9 20 12 -8 -3 -7 -4 16 -16 -13 -19 -20 -2 22 -11 -23 -25 -22 -27 -28 -17 -26
right_child=1 7 4 5 -6 13 11 -9 -10 21 -12 17 -14 -15 15 28 -18 18 19 -21 25 23 -24 24 29 26 27 -29 -30 -31
leaf_value=-0.06103333590936829 0.032417745587196879 0.062706434670081218 0.01610210530604143 0.062927631585683583 -0.054296998125197726 0.005893125101273591 0.048441115953373241 0.018008411218660713 -0.061192447911930903 0.0093449382878530857 0.068458254155137455 -0.027928313883024639 0.030629321202184926 0.02751933724020398 0.03367895221950952 -0.033876739956924293 -0.027308450871689694 0.037857506064477214 -0.028490221413670833 0.025202921660473158 -0.025393858645234794 0.020533404074052783 -0.075117807340292872 -0.040194917412942552 0.020744158494450705 0.035776923846639615 -0.03472538866542646 0.015746445530515241 0.004812575308556253 -0.015669028568599367
leaf_weight=25200.014568094164 1223.5946263372898 6692.8935199007392 708.81242554821074 2772.198388710618 911.30512648448348 949.18304433487356 1425.3935710713267 354.42525869980454 120.2411524374038 106.7395559027791 121148.99099391699 62.553065672516823 289.86576680466533 1342.9317475240678 218.85318291187286 396.75608601979911 118.16658750548959 2137.4802256822586 102.87246954441071 873.1945178732276 110.96668330207467 579.22632946819067 83.203358851373196 126.76652272045612 297.28400275483727 498.62287817522883 119.03309886530042 1254.053857177496 190.83457313477993 271.34087220951915
leaf_count=1148852 2243 10187 5110 3931 35452 2778 2059 692 4623 325 183880 164 646 2547 1194 6650 974 3347 256 1513 523 1658 448 524 899 1157 441 3687 1325 1060
internal_value=0.0444956 0.0642175 -0.0571118 0.0311755 -0.0182687 0.0397697 0.0463562 0.067935 0.0138325 0.0157765 0.068073 0.0363611 0.0613794 0.0185702 0.00185275 -0.00907649 0.0122779 0.0309262 0.0321172 0.0195206 0.0219267 0.00230658 -0.0278531 0.00681928 -0.00461699 0.0154391 0.0178722 0.0113489 -0.0213246 0.00337123
internal_weight=170688 142943 27744.7 14456.9 2544.73 9665.81 7373.69 128486 4791.07 4670.83 128132 4601.49 6982.76 2292.11 1633.42 924.61 337.02 3176.1 3113.55 976.067 3206.27 1464.56 189.943 1274.62 695.391 1982.68 1871.71 1373.09 587.591 568.625
internal_count=1429145 229588 1199557 34183 50705 16595 11270 195405 17588 12965 194713 7339 10833 5325 15253 10143 2168 5280 5116 1769 8051 4914 773 4141 2483 5808 5285 4128 7975 1959
is_linear=0
shrinkage=0.06


Tree=32
num_leaves=31
num_cat=0
split_feature=0 0 0 0 7 4 4 7 10 7 0 14 6 14 6 7 0 6 14 9 16 10 10 16 6 6 10 13 6 9
split_gain=88310.8 5331.05 705.751 633.772 382.573 360.298 316.657 243.282 174.422 131.394 129.015 106.706 104.676 75.847 72.2911 66.4579 65.3238 62.6484 61.8415 53.8878 64.0969 52.8005 50.9004 49.9326 49.358 77.8787 62.9601 51.3679 49.039 46.813
threshold=0.038541378453373916 0.92937996983528148 0.0021914592944085602 0.81188002228736889 0.78521895408630382 -0.0011548973270691929 -0.63829940557479847 0.91780313849449169 0.26794873178005224 4.1093673644354574e-05 0.99716070294380199 19.500000000000004 4.9957869052886972 11.500000000000002 0.75467070937156688 0.00024562023463658994 0.99218639731407177 4.5928747653961191 3.5000000000000004 57.787971496582038 41.763566970825202 0.45643940567970281 0.37797619402408605 79.622642517089858 1.9991011023521426 2.0175737142562871 0.43167701363563543 1.0000000180025095e-35 0.51491403579711925 73.347888946533217
decision_type=2 2 2 2 2 2 2 2 2 2 2 2 2 2 2 2 2 2 2 2 2 2 2 2 2 2 2 2 2 2
left_child=2 3 -1 6 8 -4 -2 16 -5 11 -9 29 14 15 -11 18 -3 28 -7 -20 21 -21 -22 -17 -16 26 -26 -28 -6 -8
right_child=1 7 5 4 17 13 9 10 -10 12 -12 -13 -14 -15 24 23 -18 -19 19 20 22 -23 -24 -25 25 -27 27 -29 -30 -31
leaf_value=-0.060840763715315972 -0.053622207396806336 0.062838487291237519 -0.055386127133429976 0.065345718644442913 -0.034920308500533057 0.0036132474777521343 0.051416835244792077 0.022132295332822891 0.041951986340420383 -0.017107564789962979 0.067001738986974327 0.010677141443148347 -0.0049518424441369743 -0.032885865851005766 0.032675506126542658 -0.031032824453474595 0.067966355690775013 0.0020899150596462614 0.092500547643504683 0.19267227916292606 0.024269596776791146 0.04143370651206988 -0.070291052473943433 0.01793417409150469 0.018023013800541016 0.019372360485421507 -0.051450930295053161 0.03639152096080011 0.028811534738884766 0.031520409209123759
leaf_weight=23777.170278601348 215.57023251801729 9929.9808915182948 756.71226665750146 2054.748530305922 44.054331701248884 396.44750753603876 637.50196160376072 656.77159764990211 2621.2976666986942 199.55270648002625 356.01435108482838 696.63704709708691 840.01334040053189 233.2355818618089 854.28594259172678 237.15476975217462 111211.31569589674 495.88619177974761 58.419408105313778 11.218349894508718 75.206068191677332 28.495792731642723 27.030991582199931 108.62667152844369 135.39479325711727 3116.4108598418534 140.90492948144674 28.087118374183774 1390.4745110943913 1309.9265351966023
leaf_count=1149096 7627 15980 31655 3050 124 3128 932 1388 4175 873 553 1820 3433 3501 1925 4442 177600 1221 227 55 411 167 261 1031 343 8876 544 59 2548 2286
internal_value=0.0440263 0.0631834 -0.0580065 0.0291471 0.0429667 -0.0231215 0.0179743 0.0673015 0.0522434 0.0199201 0.0379553 0.0308497 0.0144777 -0.00232808 0.0181255 0.00525994 0.0675465 0.0204801 0.0173762 0.0444541 0.024172 0.0878382 -0.00117048 -0.0156426 0.0197737 0.0165431 -0.0123921 -0.036723 0.0268314 0.0380567
internal_weight=162645 136935 25709.7 14780.7 6606.46 1932.55 8174.29 122154 4676.05 7958.72 1012.79 2644.07 5314.65 1175.84 4474.64 942.6 121141 1930.42 596.818 200.371 141.951 39.7141 102.237 345.781 4275.08 3420.8 304.387 168.992 1434.53 1947.43
internal_count=1429331 235357 1193974 39836 11118 44878 28718 195521 7225 21091 1941 5038 16053 13223 12620 9722 193580 3893 4249 1121 894 222 672 5473 11747 9822 946 603 2672 3218
is_linear=0
shrinkage=0.06


Tree=33
num_leaves=31
num_cat=0
split_feature=0 0 0 4 0 7 7 9 0 7 10 16 10 7 7 0 2 6 7 16 8 9 8 15 10 9 0 7 2 2
split_gain=82330.9 4275.98 2056.6 498.201 429.842 341.385 266.699 191.123 142.868 132.873 238.787 91.8476 74.066 82.5554 71.1219 64.8419 63.028 59.6189 58.1926 57.2096 53.491 50.2136 50.1798 50.0512 68.9543 57.7316 48.1714 118.046 47.8765 57.8208
threshold=0.18442497402429583 0.92937996983528148 0.0033698121551424269 -0.63829940557479847 0.81188002228736889 0.78521895408630382 0.91780313849449169 73.931308746337905 0.99218639731407177 0.072131048887968077 0.28869047760963445 60.737812042236335 0.44722221791744238 0.00067291106097400199 7.4395771662238999e-05 0.99218639731407177 -0.98205760121345509 5.9977171421051034 2.2512538433074956 92.495311737060561 76.50690078735353 98.994949340820327 93.957649230957045 1.0000000180025095e-35 0.050641026347875602 46.523139953613288 0.0021914592944085602 1.4245864349504702e-05 -0.041061848402023308 -0.54595381021499623
decision_type=2 2 2 2 2 2 2 2 2 2 2 2 2 2 2 2 2 2 2 2 2 2 2 2 2 2 2 2 2 2
left_child=2 4 26 -4 9 7 15 -6 -8 10 -2 14 13 22 -12 -3 -15 28 20 -11 -7 -14 23 24 -5 -25 -1 -28 29 -13
right_child=1 6 3 12 5 18 8 -9 -10 19 11 17 21 16 -16 -17 -18 -19 -20 -21 -22 -23 -24 25 -26 -27 27 -29 -30 -31
leaf_value=-0.060848606377840189 0.049448488506128464 0.062199732656504518 -0.05886760716584865 -0.025572756149325217 0.064402081235523531 -0.024224949319945323 0.017529822966515961 0.039488109722237597 0.064157550774661939 -0.02196753238478481 0.046349246218641019 0.0045155709409038505 -0.013927282391944887 -0.038696045238657932 0.011167021680311508 0.067421992841855946 0.0055881412167036772 -0.019405565421252741 0.0079823109289345242 0.0089186198868398299 0.032325324748274105 0.028802283140259004 0.070409611194112834 0.069204878107019932 0.033503435581287121 -0.024370600572259205 0.0661310184922064 -0.050207343481792482 -0.019992946694951181 0.021828255052281465
leaf_weight=22416.929324842989 1031.4410814866424 9507.4747028574347 578.80181939527392 80.459564387798309 1992.4757841229439 63.13070223107934 607.46494043245912 2516.8618851304054 387.6135009303689 296.7175451759249 604.2309712022543 1015.5948228538036 942.93321101367474 155.61399873532355 315.45340931415558 105728.89150686562 442.17464756593108 192.13040727376938 803.41681267879903 784.56287521868944 1061.8623974025249 109.66973109915853 72.22403870895505 27.175834193825722 572.23366628400981 150.03036303073168 34.91393231600523 254.90381579473615 135.09244248270988 2199.6691289246082
leaf_count=1148500 1491 16019 26046 325 3096 362 1333 4167 644 2882 845 2712 8398 3491 661 177908 2855 563 1704 3510 1820 497 153 55 2661 850 454 10788 494 3969
internal_value=0.0435259 0.0630727 -0.0542473 -0.00866043 0.0304525 0.0414731 0.0667244 0.0505083 0.0357389 0.0196571 0.0234406 0.0174191 0.00274301 0.0113019 0.0343069 0.0669917 -0.00598512 0.0130263 0.02033 0.000430588 0.0291332 -0.00945222 0.0227511 0.0185237 0.0261929 -0.00971232 -0.0605332 -0.036013 0.0148914 0.0163629
internal_weight=155082 129244 25838.1 3131.32 13012.6 6437.75 116231 4509.34 995.078 6574.89 5493.61 4462.17 2552.52 1499.91 919.684 115236 597.789 3542.49 1928.41 1081.28 1124.99 1052.6 902.123 829.899 652.693 177.206 22706.7 289.818 3350.36 3215.26
internal_count=1429253 224180 1205073 45331 28276 11149 195904 7263 1977 17127 10735 9244 19285 10390 1506 193927 6346 7738 3886 6392 2182 8895 4044 3891 2986 905 1159742 11242 7175 6681
is_linear=0
shrinkage=0.06


Tree=34
num_leaves=31
num_cat=0
split_feature=0 0 0 0 7 7 10 7 5 0 14 8 5 6 6 6 8 17 7 10 14 6 14 9 7 7 16 6 6 6
split_gain=76576.6 5450.06 661.37 575.383 354.805 353.666 360.161 290.748 228.848 137.922 89.0918 83.0992 79.2905 74.4131 75.9785 126.563 73.9218 73.5404 82.0888 77.5107 75.5352 69.8186 62.0297 72.3246 78.3729 67.9482 94.237 52.4082 74.8762 83.9643
threshold=0.038541378453373916 0.92937996983528148 0.0018258951022289696 0.63609617948532116 0.62881579995155346 0.53634834289550792 0.26794873178005224 0.91780313849449169 0.98823553323745739 0.99716070294380199 11.500000000000002 56.294013977050788 0.98997241258621227 0.75467070937156688 3.997780561447144 4.0070674419403085 96.34091949462892 89.827587127685561 0.00014019193622516471 0.28869047760963445 3.5000000000000004 5.9891998767852792 6.5000000000000009 71.707641601562514 0.0067095339763909587 0.0011563430307433011 96.871944427490249 4.9571630954742441 5.011017084121705 4.9981007575988778
decision_type=2 2 2 2 2 2 2 2 2 2 2 2 2 2 2 2 2 2 2 2 2 2 2 2 2 2 2 2 2 2
left_child=2 3 -1 8 10 6 -5 12 21 -9 17 -8 -3 -13 -15 -16 -7 18 20 -19 -4 22 25 24 -24 -2 -27 -17 29 -29
right_child=1 7 4 5 -6 16 11 9 -10 -11 -12 13 -14 14 15 27 -18 19 -20 -21 -22 -23 23 -25 -26 26 -28 28 -30 -31
leaf_value=-0.060700714749233026 0.031657593375026605 0.060515706740582632 -0.0055068042212980776 0.062658385194078126 -0.061157284876688131 0.0086983430650768787 0.04999450205471926 0.017069892807221747 -0.06103669872325615 0.065619496986678405 -0.040110189182547447 -0.019594725041301036 0.066882056140468771 0.036441567248126014 -0.04604185370268863 0.040547412790757999 0.030117241423389892 0.039171080981488124 -0.028269005230921962 -0.068107995260630536 0.050307968148181101 -0.01398335388065595 0.044765820845924328 0.0048128751614860792 -0.001851218088297094 -0.0070378499643186827 0.041516611054240371 0.011873651379070519 0.022952540131463101 -0.096066779985322773
leaf_weight=21029.520419441164 1251.3125577196479 7693.3491456583142 321.86482971906662 2267.025421641767 630.76145311072469 1553.6462881937623 838.81038860231638 639.59628022834659 152.77680914662778 313.8937381207943 232.53919414803386 109.6225161999464 101393.35144495964 2326.9219648241997 103.08104662597179 385.28688166290522 925.87829425372183 236.78288440406322 385.19523994252086 26.084624376147985 118.68585357628763 317.2631315998733 373.42390600591898 2334.3992810919881 198.62847328186035 464.4054860137403 207.36713017709553 61.046145401895046 402.47074822336435 43.873396135866642
leaf_count=1142544 2335 13605 2853 3632 31570 3994 1233 1421 6923 538 3901 274 179888 3802 284 605 1682 2580 8822 349 715 1404 596 7272 1383 2641 706 119 727 152
internal_value=0.0430195 0.0616143 -0.0575995 0.0267891 -0.0241735 0.0360095 0.0433267 0.0661451 0.0110961 0.0331047 -0.00648331 0.0330536 0.0664336 0.0289001 0.0305055 0.0166112 0.0167053 0.000729962 -0.0080728 0.0283079 0.00960977 0.0132487 0.0150402 0.00950379 0.0286044 0.0233984 0.00798969 0.0238895 0.0111854 -0.0337438
internal_weight=147339 124357 22981.4 14317.2 1951.91 9017.66 6538.14 110040 5299.58 953.49 1321.15 4271.11 109087 3432.3 3322.68 995.758 2479.52 1088.61 825.746 262.868 440.551 5146.8 4829.54 2906.45 572.052 1923.09 671.773 892.677 507.39 104.92
internal_count=1428550 235216 1193334 39764 50790 16504 10828 195452 23260 1959 19220 7196 193493 5963 5689 1887 5676 15319 12390 2929 3568 16337 14933 9251 1979 5682 3347 1603 998 271
is_linear=0
shrinkage=0.06


Tree=35
num_leaves=31
num_cat=0
split_feature=0 0 0 0 7 5 7 5 10 0 6 6 14 6 6 14 6 6 5 9 1 5 6 14 6 5 7 7 10 7
split_gain=71376.2 5579.34 688.727 510.606 361.772 333.855 290.283 262.723 190.116 137.85 95.6967 102.508 101.312 98.3537 81.6681 88.5138 82.6062 79.9045 79.7247 76.935 65.8725 56.2535 54.9218 93.101 68.3189 52.6702 47.7912 46.6319 45.3897 44.5477
threshold=0.038541378453373916 0.92937996983528148 0.0018258951022289696 0.81188002228736889 0.78521895408630382 0.43902739882469183 0.91780313849449169 0.99138492345809948 0.24621212482452395 0.99716070294380199 2.9982769489288335 3.0272414684295659 11.500000000000002 3.9987739324569707 4.0469851493835458 12.500000000000002 4.9981007575988778 0.75467070937156688 0.97915965318679821 76.975051879882827 6.5000000000000009 0.95847877860069286 5.0324103832244882 9.5000000000000018 5.8254165649414071 0.86405959725379955 2.2512538433074956 8.2553626270964755e-05 0.97916665673255932 0.00018563016783446076
decision_type=2 2 2 2 2 2 2 2 2 2 2 2 2 2 2 2 2 2 2 2 2 2 2 2 2 2 2 2 2 2
left_child=2 3 -1 7 8 19 18 10 -5 -8 17 12 -12 25 15 -15 -16 -2 -3 20 29 26 23 -18 -24 -13 -6 -19 -21 -4
right_child=1 6 5 4 21 -7 9 -9 -10 -11 11 13 -14 14 16 -17 22 27 -20 28 -22 -23 24 -25 -26 -27 -28 -29 -30 -31
leaf_value=-0.060606854196708457 -0.0046311884954963597 0.057973894991909442 0.03589669566505533 0.063653615535939345 0.026598864989304798 -0.059895221183122072 0.016290439031665559 -0.060980976384702422 0.037709249409888207 0.065133537042510972 0.011166149723613605 0.029868343600954278 -0.040947436570723639 0.0054791364387184955 0.025801016036465362 -0.052884730422037861 0.012009433176722484 0.035746592863718132 0.066322142951125804 -0.023071949243109367 -0.026425743193283866 -0.050488248804337423 0.027775945800106335 -0.067415482295632226 -0.0049733366514812657 -0.034333194525032071 0.0070430370675657735 0.021072477651822859 0.0830390924279054 0.00065835223275004337
leaf_weight=19858.597533209249 309.71056536026299 4363.5032475441694 261.38393122144043 1728.8635999783874 1064.1156755387783 601.42845653928816 630.75109518691897 157.29246071539819 2486.2617911249399 310.12072379142046 284.71481862664223 1303.842196714133 252.6360054332763 235.11010958068073 905.99636142328382 154.18009402602911 110.82340146787465 1352.8217631727457 99228.641788676381 633.0253648199141 150.68375510163605 42.833420410752296 374.48215612582862 100.61113363690674 588.47368514537811 46.881735108792782 780.48841959238052 1856.4416128639132 13.892003912478684 254.41893741674721
leaf_count=1143914 1179 7984 1407 2951 1777 31794 1405 7405 4305 559 810 2858 961 747 2405 706 346 2340 185672 10549 3005 478 1049 469 2107 490 1628 4908 52 3893
internal_value=0.0425633 0.0608853 -0.057293 0.0255053 0.0385884 -0.0229121 0.0656696 0.015564 0.0483631 0.0324417 0.0171001 0.011153 -0.0133657 0.0146042 0.0074793 -0.0177124 0.0121995 0.0244594 0.0659711 -0.00594419 0.00835749 0.016745 0.00169347 -0.0259244 0.00777808 0.0276162 0.0183327 0.0272674 -0.0206687 0.0185503
internal_weight=140443 118670 21773.4 14136.6 6102.56 1914.83 104533 8034.02 4215.13 940.872 7876.73 4357.75 537.351 3820.4 2469.68 389.29 2080.39 3518.97 103592 1313.4 666.487 1887.44 1174.39 211.435 962.956 1350.72 1844.6 3209.26 646.917 515.803
internal_count=1430153 235539 1194614 39919 11139 50700 195620 28780 7256 1964 21375 12948 1771 11177 7829 1453 6376 8427 193656 18906 8305 3883 3971 815 3156 3348 3405 7248 10601 5300
is_linear=0
shrinkage=0.06


Tree=36
num_leaves=31
num_cat=0
split_feature=0 0 0 0 4 7 7 7 0 6 5 10 7 5 0 7 6 10 14 8 14 6 1 7 17 10 10 4 5 6
split_gain=67005.5 4396.56 1791.79 359.017 337.006 323.341 263.386 186.064 115.219 89.6957 86.0973 83.8018 143.942 79.5965 55.6678 86.4409 57.0643 88.2336 55.4687 55.0378 54.9131 53.9873 50.2519 45.9404 68.6215 42.2437 41.8638 41.4103 41.1829 40.992
threshold=0.18442497402429583 0.92937996983528148 0.0043597351759672174 0.63609617948532116 -0.63829940557479847 1.0000000180025095e-35 0.91780313849449169 2.2512538433074956 0.99716070294380199 2.9954572916030888 0.98316282033920299 0.35857143998146063 0.62881579995155346 0.98823553323745739 0.0018258951022289696 0.00023445983970304954 2.9990785121917729 0.30217391252517706 1.5000000000000002 93.788581848144545 11.500000000000002 0.025757221505045894 4.5000000000000009 7.4395771662238999e-05 96.424011230468764 0.056349206715822227 0.065591398626565947 -0.12706227600574491 0.73536700010299694 0.13385648280382159
decision_type=2 2 2 2 2 2 2 2 2 2 2 2 2 2 2 2 2 2 2 2 2 2 2 2 2 2 2 2 2 2
left_child=2 3 14 13 -4 20 10 11 -8 19 -3 12 -7 23 -1 16 17 25 27 -6 -5 -13 28 24 -2 -16 -14 -11 -23 -25
right_child=1 6 4 5 9 7 8 -9 -10 18 -12 21 26 -15 15 -17 -18 -19 -20 -21 -22 22 -24 29 -26 -27 -28 -29 -30 -31
leaf_value=-0.060552829815255289 0.038110390751569037 0.05772914332770003 -0.05779500488880563 0.059117630002331757 0.0085207039981447259 0.053713745444381553 0.018364042454958075 0.0037571994869200027 0.064151066885357974 0.22220753650920405 0.065905931196749812 -0.031374914903058417 0.027635769436313962 -0.060355522638089784 -0.054009782893220407 -0.054550752650272677 -0.033099613717566631 -0.034732952567253977 -0.012811403095889358 0.057660267952543059 0.033165815920583527 0.013238181244530732 0.015526981266832711 -0.04768975470833399 0.010735237395415717 0.14073060792709963 -0.033294831294923263 0.035226790222066345 0.036490331638381758 0.0085200718494922324
leaf_weight=18715.26385814324 532.67774933576584 4948.3047249242663 429.74989921227098 1706.9897776246071 1001.0856238603592 1297.3932845517993 620.18226582929492 1013.6913744919002 290.4432330429554 4.0187149457633486 93296.89722956717 59.859386997297406 1326.2496427986771 53.595900466665626 4.145601678639653 382.19520107470453 71.252118701115251 25.619705397635698 1279.2161399517208 88.449786065146327 359.9093519076705 341.06610290706158 1068.4362823069096 46.736718874424696 865.35901293158531 26.751500910148025 41.065963111817837 32.680526617914438 1431.0374758224934 2200.3752124607563
leaf_count=1143052 804 9529 22522 2878 6113 2227 1374 2290 552 20 184174 166 2250 2465 56 20010 1559 547 10639 306 622 620 2299 258 1984 288 470 179 2661 6126
internal_value=0.0420897 0.0609929 -0.0534514 0.0272228 -0.00891994 0.0339152 0.0651968 0.0274039 0.0330221 -0.00016769 0.0654947 0.0317098 0.0393969 0.0115747 -0.0600177 -0.0403005 0.00241886 0.0469948 -0.0107066 0.0125591 0.0546169 0.0246362 0.0258272 0.0126486 0.0211855 0.113727 0.0257828 0.061053 0.0320251 0.00733029
internal_weight=133561 111500 22060.4 12344.4 2835.2 8645.7 99155.8 6578.8 910.625 2405.45 98245.2 5565.11 2664.71 3698.74 19225.2 509.964 127.769 56.5168 1315.92 1089.54 2066.9 2900.4 2840.54 3645.15 1398.04 30.8971 1367.32 36.6992 1772.1 2247.11
internal_count=1429040 223749 1205291 28120 39779 16483 195629 12983 1926 17257 193703 10693 4947 11637 1165512 22460 2450 891 10838 6419 3500 5746 5580 9172 2788 344 2720 199 3281 6384
is_linear=0
shrinkage=0.06


Tree=37
num_leaves=31
num_cat=0
split_feature=0 0 0 4 7 5 10 10 8 5 4 0 7 6 7 7 10 13 8 7 7 1 6 2 6 6 10 10 2 6
split_gain=62017.4 3367.48 3129.85 436.702 428.656 520.186 187.009 156.376 93.1896 87.6437 86.4671 84.0323 117.608 72.4663 70.9264 62.5045 76.7917 60.6144 47.0766 46.4796 43.0737 39.4577 39.3985 56.9034 39.2041 46.0511 40.9961 42.7476 38.5719 49.2584
threshold=0.38107465207576757 0.96570476889610302 0.0043597351759672174 -0.63829940557479847 0.71118706464767467 0.83430194854736339 0.28869047760963445 0.21132376790046695 70.396453857421889 0.99649950861930858 -0.0055938800796866408 0.0018258951022289696 0.00036216486478224402 0.75467070937156688 2.2512538433074956 8.2553626270964755e-05 0.18350168317556384 1.0000000180025095e-35 95.488464355468764 4.1093673644354574e-05 8.680441897013226e-05 5.5000000000000009 2.0001932382583623 -0.16094836592674253 0.96871358156204235 4.9915487766265878 0.045983087271451957 0.5577777922153474 -0.99547943472862233 0.89733102917671215
decision_type=2 2 2 2 2 2 2 2 2 2 2 2 2 2 2 2 2 2 2 2 2 2 2 2 2 2 2 2 2 2
left_child=2 4 11 -4 5 6 -2 -7 19 14 -3 -1 28 -9 18 17 -17 24 -6 -8 -15 -22 23 -18 -5 26 -26 -28 -13 -30
right_child=1 10 3 15 9 7 8 13 -10 -11 -12 12 -14 20 -16 16 22 -19 -20 -21 21 -23 -24 -25 25 -27 27 -29 29 -31
leaf_value=-0.060424267513977878 0.047758800626476333 -0.075883925394380533 -0.05813894907723996 -0.03667589054897813 0.01411985404441589 0.063632301410195879 0.046012624674283166 -0.0053827699046796141 0.012434349957812542 -0.060988708108276821 0.065300078018836638 -0.0044349945821489569 -0.053797269113158172 0.051363203494201981 0.0046267393171683458 0.015816287150469933 0.019287792083936679 0.03608747509887298 0.033693540086841597 0.02004470287154874 0.041781780895511177 0.015851184442968964 -0.014539679826970022 -0.042347538616027205 -0.027853797173724337 -0.017549812774185315 0.028364944753646142 0.0033072278366562324 -0.057457024845532854 0.12022972523845415
leaf_weight=17640.090912024491 968.81881104409695 14.832966785877941 459.62120912596583 69.479253374040127 971.87291250750422 2213.9012156054378 530.24172869324684 105.96238301694393 2734.3666437938809 54.202425971627235 90918.09667711705 114.31652342155576 348.13291559927166 1848.1778054088354 1297.3408952970058 579.24172358214855 292.48783490248024 315.89298127964139 814.84738311730325 470.63160374760628 1551.5278464257717 246.44622554630041 1272.8526229728013 65.086847893893719 76.681833170354366 193.74669422954321 560.87557741254568 435.24328333511949 6.9704471994191435 20.088159810751677
leaf_count=1142381 1557 156 24333 365 2186 4173 774 263 5521 2046 189316 2507 19462 3349 2933 3453 1514 771 1313 846 2985 552 9969 666 243 958 1677 1762 136 193
internal_value=0.0416868 0.0610837 -0.0488058 -0.00291801 0.033472 0.0392051 0.0242776 0.050969 0.018176 0.0139733 0.0652762 -0.0597424 -0.035099 0.0434822 0.0153101 0.00366795 -0.00293215 0.0124929 0.0230604 0.0338342 0.0449034 0.0382383 -0.00959852 0.00798193 0.00689136 0.00930839 0.0141708 0.0174305 0.0109994 0.0740402
internal_weight=127192 104741 22450.8 4321.21 13808.3 10670.1 4704.06 5966.02 3735.24 3138.26 90932.9 18129.6 489.508 3752.11 3084.06 3861.59 2209.67 1651.92 1786.72 1000.87 3646.15 1797.97 1630.43 357.575 1336.03 1266.55 1072.8 996.119 141.375 27.0586
internal_count=1428360 217970 1210390 45711 28498 20020 8698 11322 7141 8478 189472 1164679 22298 7149 6432 21378 15602 5776 3499 1620 6886 3537 12149 2180 5005 4640 3682 3439 2836 329
is_linear=0
shrinkage=0.06


Tree=38
num_leaves=31
num_cat=0
split_feature=0 0 0 4 7 7 6 10 0 6 5 2 0 7 7 8 10 7 2 7 10 6 7 9 7 7 6 1 5 10
split_gain=58007.4 3567.92 2986.71 374.899 317.005 282.6 119.691 113.765 113.388 104.15 89.1245 87.8164 84.5286 130.502 78.5772 78.3215 73.55 71.4482 70.6814 68.5389 64.8231 58.5695 56.2363 55.6083 50.6641 49.5467 49.4207 58.2811 47.2185 37.8152
threshold=0.38107465207576757 0.92937996983528148 0.0043597351759672174 -0.63829940557479847 1.0000000180025095e-35 0.91780313849449169 3.9912524223327641 0.26794873178005224 0.99716070294380199 0.89733102917671215 0.99138492345809948 -0.22270189225673673 0.0018258951022289696 1.8060607544612143e-05 1.8193481564521792 71.148777008056655 0.18834459781646731 0.71118706464767467 -0.54595381021499623 0.44601628184318548 0.35857143998146063 6.9923374652862558 0.28174920380115515 71.707641601562514 0.0079296678304672259 3.8326776120811708e-05 4.0469851493835458 5.5000000000000009 0.050099568441510207 0.042109929025173194
decision_type=2 2 2 2 2 2 2 2 2 2 2 2 2 2 2 2 2 2 2 2 2 2 2 2 2 2 2 2 2 2
left_child=2 4 12 -4 7 10 9 -2 -7 -6 -3 -11 -1 -14 16 -9 19 20 -17 -8 -13 23 26 24 29 -25 -18 -28 -27 -5
right_child=1 5 3 21 6 8 14 15 -10 11 -12 17 13 -15 -16 18 22 -19 -20 -21 -22 -23 -24 25 -26 28 27 -29 -30 -31
leaf_value=-0.060379854771163144 0.060996250023603482 0.058143468793327199 -0.05622832604957833 -0.0050581149974040993 -0.0067549798955192069 0.016438717851037302 0.054186433135486399 0.050529204444035802 0.063369482861252963 0.019177797256893708 0.0652270778493107 0.058508794867003264 0.037738915640010424 -0.04814160761260692 -0.0093548235249360113 -0.068304362512458486 -0.011532830903064558 0.024191970013456347 0.024219661463441032 0.017443170044071067 0.034825393086567902 -0.050430493745679268 -0.04135653688589723 0.009458769558158572 -0.0061079800416441446 -0.025896604032097471 0.038901551052787642 0.0089078723055273645 -0.0019008433071260253 0.028570186669234901
leaf_weight=16656.853381613269 1100.8759623169899 7038.9423993080854 433.86061150580645 146.30101091787219 308.0242835637182 619.81330703943968 298.02607284486294 559.99275026470423 264.06747813522816 1956.6734390109777 81089.949857831001 629.9571261703968 74.750583304092288 405.91080904006958 513.83033815585077 30.311683535575867 270.72006985545158 1238.6859737373888 603.06004662811756 473.99391886591911 1249.048571832478 72.607144305482507 74.946495648473501 983.44219806417823 304.11622253060341 385.77666263468564 315.82336562126875 887.37261379510164 1247.9210763722658 671.38745549693704
leaf_count=1143799 2098 15115 24240 515 885 1393 543 872 557 4388 178293 1164 1043 21535 1416 102 682 2412 1155 1062 2246 649 1107 3519 2588 5986 523 1869 5656 2440
internal_value=0.0411558 0.0604193 -0.0485023 -0.00344776 0.0273565 0.0643232 0.0218461 0.0470749 0.0305155 0.0271013 0.064662 0.0291574 -0.0596627 -0.0347352 0.0118617 0.0341922 0.0165609 0.0354124 0.019691 0.0316791 0.0427924 0.00257331 0.00900973 0.00361581 0.0147858 -0.00117587 0.0115971 0.0168066 -0.00757951 0.0225546
internal_weight=120907 99524.1 21382.9 4245.41 10511.3 89012.8 8217.1 2294.24 883.881 5382.39 88128.9 5074.37 17137.5 480.661 2834.71 1193.36 2320.88 3117.69 633.372 772.02 1879.01 3811.55 1548.86 3738.94 1121.8 2617.14 1473.92 1203.2 1633.7 817.688
internal_count=1429852 217882 1211970 45593 22524 195358 18297 4227 1950 11095 193408 10210 1166377 22578 7202 2129 5786 5822 1257 1605 3410 21353 4181 20704 5543 15161 3074 2392 11642 2955
is_linear=0
shrinkage=0.06


Tree=39
num_leaves=31
num_cat=0
split_feature=2 5 3 2 6 7 7 5 1 2 7 1 2 7 2 5 5 9 5 17 6 6 7 10 7 7 6 6 7 14
split_gain=49934 4432.87 2496.37 2467.93 814.032 438.505 320.17 187.286 172.618 161.03 190.11 127.325 124.77 168.636 124.124 85.2451 86.9745 114.581 83.0417 59.645 58.9647 58.8779 57.7488 55.8455 60.1985 54.4132 49.9688 48.5519 50.3368 59.143
threshold=-0.65699636936187733 0.94737157225608837 1.5000000000000002 -0.98909857869148243 0.51491403579711925 0.93744021654129039 7.1985707563726473e-06 0.99254158139228832 9.5000000000000018 -0.22270189225673673 1.5619859695434573 1.5000000000000002 -0.99750253558158863 0.00038014528399799025 -0.22270189225673673 0.00077619118383154284 0.0019609439186751847 56.455472946166999 0.98997241258621227 76.696834564208999 3.997780561447144 4.9981007575988778 0.84530431032180797 0.56385868787765514 0.1030123718082905 5.4101096793601764e-06 3.1820180416107182 2.9990785121917729 0.00034503590723034 7.5000000000000009
decision_type=2 2 2 2 2 2 2 2 2 2 2 2 2 2 2 2 2 2 2 2 2 2 2 2 2 2 2 2 2 2
left_child=3 4 18 12 11 8 14 -4 21 23 20 25 -1 15 -6 -14 17 19 22 -17 -11 -5 -3 24 -8 -2 -12 -18 -29 -30
right_child=1 2 7 5 6 -7 9 -9 -10 10 26 -13 13 -15 -16 16 27 -19 -20 -21 -22 -23 -24 -25 -26 -27 -28 28 29 -31
leaf_value=-0.060364282343699935 0.027167520960338719 0.058107640348483626 0.00261142149957358 0.010538093997564345 0.02786304396398874 -0.055202902816351242 0.025749483033826927 -0.059216542203258983 -0.054809889465061691 0.04128774437113019 0.023527597974368854 -0.055747050861444845 -0.060132681875250608 -0.056570777155139168 0.055558244446979911 0.69144909048246572 0.033329625769777382 -0.041133276589357004 0.06483732451185456 -0.019736385228378943 0.025761706045741923 -0.013751905564029195 0.021390256137731163 0.0031671530077188696 0.0013204602500328402 -0.021044134750461865 0.0016968262458861448 -0.02157016343410428 -0.042685580430652764 0.36590595205008947
leaf_weight=14161.064957824536 109.30028241500258 5091.8557541146874 254.18888072483242 2620.6472291899845 846.87312432937324 524.78877991251647 1382.2533717360348 574.55286102090031 169.63250470068306 2786.5514393784106 685.44238441996276 403.16081629227847 82.978548476472497 696.90960169024765 1890.5725630521774 0.98674451746046477 120.45126081630588 2.0643595764413476 77774.076975874603 0.47101824171841145 1297.9757312983274 415.41731522697955 160.58391970396042 1304.2451726850122 492.56533910706639 356.91637449059635 838.9166339635849 167.29224819503725 2.0977705754339691 1.6548808328807352
leaf_count=1030841 355 11522 3070 14792 1669 31484 3999 37860 9750 5210 1227 26188 5977 42287 3701 30 1219 130 180576 24 2630 2618 295 2909 1732 2195 1769 2394 53 26
internal_value=0.0408226 0.0583566 0.0633072 -0.048157 0.0248621 -0.00441561 0.0290855 -0.0402726 0.00391315 0.0234994 0.029614 -0.0310971 -0.0588659 -0.0390884 0.0470036 -0.00679204 0.00836331 0.269487 0.0643415 0.547124 0.0363614 0.00721112 0.0569894 0.0127053 0.0193354 -0.00970739 0.0115222 0.00429763 -0.0162218 0.176577
internal_weight=115216 96250 83855.3 18966.5 12394.8 3730.49 11525.4 828.742 3205.7 8787.95 5608.89 869.377 15236 1074.91 2737.45 377.997 295.018 3.52212 83026.5 1.45776 4084.53 3036.06 5252.44 3179.06 1874.82 466.217 1524.36 291.496 171.045 3.75265
internal_count=1428532 286907 233323 1141625 53584 58644 24846 40930 27160 19476 10836 28738 1082981 52140 5370 9853 3876 184 192393 54 7840 17410 11817 8640 5731 2550 2996 3692 2473 79
is_linear=0
shrinkage=0.06


Tree=40
num_leaves=31
num_cat=0
split_feature=0 0 0 0 7 7 7 4 9 0 0 9 7 8 8 7 10 9 7 7 10 8 1 16 14 9 17 8 8 17
split_gain=50210.1 5768.42 712.395 351.252 317.436 311.705 252.746 202.42 197.651 115.685 103.33 70.1511 136.064 71.076 65.8947 65.1175 58.9864 47.6534 42.1293 42.1055 41.197 40.7631 37.902 36.132 60.3364 49.2366 48.4797 36.5251 33.6409 44.3193
threshold=0.038541378453373916 0.92937996983528148 0.0021914592944085602 0.81188002228736889 0.78521895408630382 0.91780313849449169 0.71118706464767467 -0.43075647950172419 75.701915740966811 0.99817061424255382 0.98484668135643016 76.230831146240249 0.0057269202079623946 47.395549774169929 95.093433380126967 0.00051558198174461733 0.11882352828979494 99.82578277587892 1.6159158803930044e-05 2.2512538433074956 0.42582418024539953 92.40384674072267 1.5000000000000002 79.622642517089858 4.5000000000000009 61.916847229003913 99.090908050537124 20.169491767883304 58.204833984375007 27.681992530822757
decision_type=2 2 2 2 2 2 2 2 2 2 2 2 2 2 2 2 2 2 2 2 2 2 2 2 2 2 2 2 2 2
left_child=2 3 -1 7 8 10 14 -2 -5 -7 -3 12 -9 -13 15 20 -14 23 -10 21 28 -6 -20 27 25 -25 -27 -17 29 -4
right_child=1 5 6 4 19 9 -8 11 18 -11 -12 13 16 -15 -16 17 -18 -19 22 -21 -22 -23 -24 24 -26 26 -28 -29 -30 -31
leaf_value=-0.060121600511776924 -0.040662875191787143 0.054911030138077306 -0.068446293578387121 0.059406444826400916 0.0065315659907989963 0.013645088337680533 -0.059855543710982465 0.03535085682165609 0.043359614808465202 0.063621062756433894 0.064437165595502652 0.02441797217812873 0.012279201077350718 0.006813784386985512 0.05623720035259222 0.051996580749205851 -0.028103535514881674 0.11292181337522293 -0.018302599937563516 0.0013987057577843505 -0.012897427920271711 0.030381059198505641 0.027164238268358721 -0.015292080242287915 -0.034989645638035312 -0.023737580772519772 0.14851559412319398 -0.052499346975055414 0.0002538608237948249 0.043232946558292226
leaf_weight=14896.926625736989 249.01004629861563 4386.5806758403778 12.993405889719723 1495.8966607749462 463.19360380060971 615.95223233476281 400.03364992141724 1337.4845450371504 658.22060058265924 228.06169288605452 74701.331791132689 1030.6789723932743 839.82882220298052 4141.9069047272205 59.101921220310032 11.988952530547975 153.10800913348794 7.4949309118092051 68.71086098253727 775.92041580379009 366.11601100116968 583.31235990487039 1356.5042761266232 26.889096613042057 109.39736552536488 8.0124907195568102 18.81543405726552 211.46256103366613 246.01840611174703 162.12310180813074
leaf_count=1148508 9269 10199 156 3173 1195 1412 27606 2479 1222 532 183278 2616 2131 11428 474 314 803 155 171 1703 4442 1020 2718 506 2287 136 221 5846 1576 1225
internal_value=0.0403479 0.0574633 -0.0559891 0.0206422 0.032387 0.0635223 -0.0184481 0.0124551 0.0427638 0.0272084 0.0639095 0.0142232 0.022866 0.0103256 -0.00505671 -0.00816826 0.00603029 -0.0280458 0.0307917 0.0119942 0.00180444 0.0198414 0.0249609 -0.0310632 -0.00950728 0.0420798 0.0980657 -0.0466861 0.0145859 0.0346049
internal_weight=109623 93085.7 16537.4 13153.8 5401.76 79931.9 1640.45 7752.02 3579.33 844.014 79087.9 7503.01 2330.42 5172.59 1240.41 1181.31 992.937 394.061 2083.44 1822.43 787.251 1046.51 1425.22 386.566 163.114 53.717 26.8279 223.452 421.135 175.117
internal_count=1428801 235349 1193452 39928 11202 195421 44944 28726 7284 1944 193477 19457 5413 14044 17338 16864 2934 9465 4111 3918 7399 2215 2889 9310 3150 863 357 6160 2957 1381
is_linear=0
shrinkage=0.06


Tree=41
num_leaves=31
num_cat=0
split_feature=0 0 0 4 7 9 5 5 6 8 7 3 6 2 9 10 8 0 7 6 6 5 2 8 6 8 6 6 6 6
split_gain=47062.2 3723.89 2793.19 415.683 363.442 521.581 263.405 78.205 70.784 69.476 68.9764 60.0265 54.4854 54.8779 50.412 74.3549 47.5042 45.1896 44.7824 44.5002 51.4191 50.3517 45.9582 44.4091 43.0046 42.1746 41.6558 129.732 78.9395 68.8024
threshold=0.38107465207576757 0.96570476889610302 0.0021914592944085602 -0.63829940557479847 0.53634834289550792 65.636928558349624 0.86405959725379955 0.99254158139228832 2.9995796680450444 55.848154067993171 2.2512538433074956 1.5000000000000002 3.0140999555587773 -0.98909857869148243 71.707641601562514 0.065591398626565947 95.293468475341811 0.99218639731407177 0.0013210475444793703 2.1250880956649785 2.0001932382583623 0.006450420245528222 -0.65699636936187733 88.047618865966811 5.7654123306274423 79.337715148925795 2.9954572916030888 3.0113340616226201 3.9088715314865117 2.0707226991653447
decision_type=2 2 2 2 2 2 2 2 2 2 2 2 2 2 2 2 2 2 2 2 2 2 2 2 2 2 2 2 2 2
left_child=2 4 -1 -4 5 -2 9 10 14 -7 16 17 -10 -14 15 25 24 -3 -17 20 22 -21 -16 -12 -6 -5 29 -28 -29 -11
right_child=1 11 3 8 7 6 -8 -9 12 26 23 -13 13 -15 19 18 -18 -19 -20 21 -22 -23 -24 -25 -26 -27 27 28 -30 -31
leaf_value=-0.05988141887196604 0.059157436638291934 0.057866005924073011 -0.056116702868555843 -0.045369537032680193 0.015430358299625505 0.033567955885490046 0.040504119850786981 -0.061260455037881606 -0.035800257013541739 0.01123789603589306 -0.020276479258364864 -0.017400496886403986 -0.028932959940451374 0.00057123053194537581 0.014428419324307159 0.047529369070364307 0.030706301383338474 0.064242011624214321 0.005321401106123602 0.099270779897029135 -0.029136897061520815 0.013452468432829609 -0.020821321963350573 0.0071558344825982216 -0.023632833271364059 0.023574376566575867 -0.035149189434976767 0.034032995377700812 0.0053252714228177222 0.037402050474907141
leaf_weight=14056.469762613066 2308.2052222713828 4361.1692641302943 519.5092920800671 73.65974654443562 905.79807257652283 745.35428649187088 2838.2737961485982 52.288011323660612 206.01684429123998 1002.5596419423819 266.97446842491627 32.355527635663748 261.41072394791991 1679.2349980548024 444.12683622259647 322.03658194094896 786.4010123051703 68779.166933707893 126.09116873238236 25.313463387079537 230.77281390223652 391.66574248764664 189.01008212938905 1024.3242033198476 113.3401795104146 54.988835296593606 225.37109275907278 472.84037979692221 1268.2900307253003 566.34943827241659
leaf_count=1149062 4940 11104 35120 512 1949 1261 6315 2161 1731 2093 746 185 6507 8628 2219 1005 1343 178275 1210 423 1686 1739 1363 2209 320 271 626 782 2721 907
internal_value=0.0398844 0.0586427 -0.0466848 -0.00567597 0.0284794 0.0343743 0.0263317 0.0108273 0.000880436 0.0169277 0.0120638 0.0638265 -0.0065391 -0.00341593 0.00945313 0.0241662 0.0196332 0.0638626 0.0356915 0.00281425 -0.0049565 0.0188873 0.00388909 0.00147293 0.0110672 -0.015946 0.013411 0.00758767 0.0131365 0.0207005
internal_weight=104329 85749.1 18580.3 4523.84 12576.4 9427.24 7119.04 3149.13 4004.33 4280.76 3096.84 73172.7 2146.66 1940.65 1857.67 576.776 1805.54 73140.3 448.128 1280.89 863.91 416.979 633.137 1291.3 1019.14 128.649 3535.41 1966.5 1741.13 1568.91
internal_count=1429413 217937 1211476 62414 28373 19645 14705 8728 27294 8390 6567 189564 16866 15135 10428 2998 3612 189379 2215 7430 5268 2162 3582 2955 2269 783 7129 4129 3503 3000
is_linear=0
shrinkage=0.06


Tree=42
num_leaves=31
num_cat=0
split_feature=2 5 2 4 6 7 7 5 2 2 7 9 5 2 7 2 7 5 17 6 3 5 5 9 14 10 16 7 10 10
split_gain=40712.2 4563.9 2161.47 2135.07 632.458 415.115 293.041 136.644 130.446 112.685 162.4 133.172 108.687 100.497 93.531 90.7223 125.33 86.8194 66.1739 64.9776 76.1211 61.3367 82.1744 74.0958 51.9763 53.4963 48.0818 86.3033 46.4947 55.3943
threshold=-0.65699636936187733 0.94737157225608837 -0.99275383353233326 -0.0055938800796866408 0.51491403579711925 0.93744021654129039 1.0000000180025095e-35 0.0010913982987403872 -0.31834602355957026 -0.22270189225673673 0.62881579995155346 69.252254486083999 0.98316282033920299 -1.0000000180025095e-35 0.71118706464767467 -0.99750253558158863 0.00044054778118152177 0.99352493882179271 81.365741729736342 1.9991011023521426 2.5000000000000004 0.00077619118383154284 0.0019609439186751847 56.675579071044929 8.5000000000000018 0.17752101272344592 91.547618865966811 0.00021341218962334099 0.0745370388031006 0.42582418024539953
decision_type=2 2 2 2 2 2 2 2 2 2 2 2 2 2 2 2 2 2 2 2 2 2 2 2 2 2 2 2 2 2
left_child=2 4 15 17 13 7 8 -4 -6 -8 11 -11 14 -2 -5 -1 21 -3 -12 20 -9 -17 23 -23 26 -26 27 28 -21 -30
right_child=1 3 5 12 6 -7 9 19 -10 10 18 -13 -14 -15 -16 16 -18 -19 -20 24 -22 22 -24 -25 25 -27 -28 -29 29 -31
leaf_value=-0.060011740820220968 -0.054540880552918287 -0.0096944673878699775 -0.060278200560982653 0.055062015992405351 0.017126527794607962 -0.057084336130161797 0.011636304148349574 0.026239560559809041 0.051814390070539514 0.057864715110475834 -0.11632721434250264 0.027982607290884889 0.063757050496719897 -0.01123212232062021 0.014095376764907091 -0.059649001652756245 -0.056883404070801946 -0.060465059699205376 0.014472783981754745 -0.031994281744561842 -0.060255184885338098 0.44030881532313088 0.0049155723540260186 -0.038123663724683579 0.026842736641139644 -0.015435436900388842 0.033741776314146356 -0.017360286975028873 0.039673997355612188 0.0053406230060940203
leaf_weight=11894.166894092225 343.2816054224968 163.95704500842839 127.60993110761046 2878.5438124015927 497.65428067091852 522.95316446106881 3270.6126853926107 559.78820963483304 1830.0515723843127 699.55885089095682 13.021770983934401 2322.4826536774635 67425.617705132812 440.17156434990466 216.53292115032673 55.984236963093281 453.21975614596158 469.29441352095455 2256.8686866126955 69.602456752210855 38.253915157169104 1.9784002238884562 200.05357149895281 1.6723607666790483 119.6258339881897 1013.8450107593089 195.71167751215398 506.32649367116392 281.56426545325667 422.50410763546824
leaf_count=1031985 26196 3198 10499 7361 1066 37400 9034 2855 3966 1601 53 4874 184701 2510 424 4816 33365 37451 4342 242 2823 58 2922 122 646 6104 1030 5601 752 1465
internal_value=0.0394313 0.0565609 -0.0467382 0.0622656 0.0217867 -0.00743642 0.025533 0.000363922 0.0444088 0.020397 0.0258082 0.0349167 0.0632506 -0.0302538 0.0522015 -0.058763 -0.0378743 -0.0473559 0.0136715 0.00279481 0.0206156 -0.00460789 0.0107366 0.260073 -0.00129617 -0.0109537 0.00612404 0.00187824 0.014475 0.0191077
internal_weight=99292.5 82827.6 16464.9 71153.9 11673.7 3857.79 10890.3 3334.83 2327.71 8562.54 5291.93 3022.04 70520.7 783.453 3095.08 12607.1 712.908 633.251 2269.89 3207.22 598.042 259.689 203.704 3.65076 2609.18 1133.47 1475.71 1280 773.671 704.068
internal_count=1429462 286777 1142685 233135 53642 69417 24936 32017 5032 19904 10870 6475 192486 28706 7785 1073268 41283 40649 4395 21518 5678 7918 3102 180 15840 6750 9090 8060 2459 2217
is_linear=0
shrinkage=0.06


Tree=43
num_leaves=31
num_cat=0
split_feature=0 0 0 7 4 0 7 5 0 7 5 6 10 3 6 14 5 10 7 10 6 0 14 17 6 2 6 2 6 6
split_gain=40814.1 3834.39 2789.82 359.159 282.615 182.217 203.103 128.026 83.83 153.037 82.961 81.0639 74.1858 65.9865 65.9808 58.0012 53.3696 52.3944 79.5761 48.0011 86.1395 119.961 140.032 102.421 46.2351 45.7828 44.398 44.3311 43.6538 44.9878
threshold=0.38107465207576757 0.96570476889610302 0.0043597351759672174 1.0000000180025095e-35 -0.63829940557479847 0.88379943370819103 0.8872683346271516 0.83430194854736339 0.0013529912102967503 0.00023445983970304954 0.92418035864830028 4.9115769863128671 0.44222222268581396 1.5000000000000002 2.9995796680450444 9.5000000000000018 0.99561774730682384 0.40370370447635656 1.0876579880714419 0.30217391252517706 3.8047442436218266 0.0021914592944085602 5.5000000000000009 82.842723846435561 3.0218182802200322 -0.0013431814732030032 0.75467070937156688 -0.16094836592674253 3.0140999555587773 5.9977171421051034
decision_type=2 2 2 2 2 2 2 2 2 2 2 2 2 2 2 2 2 2 2 2 2 2 2 2 2 2 2 2 2 2
left_child=2 3 8 7 -4 10 12 15 -1 19 11 17 -7 16 27 -2 -3 18 -5 20 21 22 -10 -24 25 -8 -19 -6 -16 -30
right_child=1 13 4 5 14 6 24 -9 9 -11 -12 -13 -14 -15 28 -17 -18 26 -20 -21 -22 -23 23 -25 -26 -27 -28 -29 29 -31
leaf_value=-0.060079538536552402 0.039315816586999459 0.057773214809212679 -0.055464975954779581 0.035288696125452636 0.013305011011071699 0.053069047022642736 0.029819932387882667 0.056325763654248039 0.065433892255810672 -0.055091364428001943 -0.015866490799544605 0.00059529519732042175 0.031836112841640583 -0.026376602874190812 -0.03244392483973578 0.0077604998790388553 0.063783942322781575 -0.022785044871119205 0.010516510457699321 -0.017265914354982866 -0.045371915088215885 0.050025670047714139 0.69155959801202693 -0.027504869618788411 0.0029264588721972925 -0.026074980501298372 0.015341217898658855 -0.020143818829208283 0.00087052362607184909 -0.028930871088034878
leaf_weight=12299.398203019984 607.63207542151213 5972.7120576575398 332.82475871313363 1328.4146605432034 1652.1969659719616 1133.611983537674 588.70934207364917 1653.5175158753991 5.1157652195543033 383.50922642275691 308.60960648115724 995.75491651147604 1255.7519608512521 29.092295490205288 192.65659451298416 320.81636349111795 59490.835782561451 114.63748574256897 721.21007590740919 70.127060702070594 21.861934752203524 40.819123419001698 2.4132959377020602 0.80756131559610356 747.49439504928887 57.175485074520111 2290.0353126302361 155.2285907715559 1620.7914166180417 204.4686669614166
leaf_count=1130577 1157 17067 24184 2446 7184 2742 1015 3937 285 30421 2809 2278 3127 188 1361 673 172269 364 1540 2096 633 348 75 50 1741 155 4479 1149 9980 1747
internal_value=0.0390238 0.0574584 -0.0452288 0.0264592 -0.00252031 0.0210831 0.0313133 0.0463104 -0.0590756 -0.0354711 0.0143588 0.0160729 0.0419279 0.0631962 0.00209945 0.0284323 0.0632364 0.019532 0.0265814 0.0178524 0.0522885 0.0957615 0.290358 0.547467 0.0130944 0.0248393 0.0135149 0.0104227 -0.00535711 -0.00248189
internal_weight=94598.2 77616 16982.2 12123.4 4158.17 9541.41 3782.74 2581.97 12824.1 524.654 5758.66 5450.05 2389.36 65492.6 3825.34 928.448 65463.5 4454.3 2049.62 141.145 71.0177 49.1557 8.33662 3.22086 1393.38 645.885 2404.67 1807.43 2017.92 1825.26
internal_count=1428077 217987 1210090 28463 45605 22696 8780 5767 1164485 33908 13916 11107 5869 189524 21421 1830 189336 8829 3986 3487 1391 758 410 125 2911 1170 4843 8333 13088 11727
is_linear=0
shrinkage=0.06


Tree=44
num_leaves=31
num_cat=0
split_feature=2 5 2 3 6 3 7 5 7 2 2 5 1 5 7 7 14 9 7 1 6 1 14 9 7 14 2 7 9 1
split_gain=35450.3 4597.5 2114.16 1863.23 483.322 407.608 282.596 162.912 123.751 159.971 116.72 106.66 104.115 72.8365 68.7223 60.9883 57.2695 56.8897 53.1074 52.5472 51.8316 50.1785 56.7592 59.2211 47.1269 46.547 46.5029 65.7346 45.1734 43.6923
threshold=-0.65699636936187733 0.94737157225608837 -0.99475938081741322 1.5000000000000002 0.51491403579711925 1.5000000000000002 1.0000000180025095e-35 0.99254158139228832 2.2512538433074956 -0.22270189225673673 -0.22270189225673673 0.99138492345809948 5.5000000000000009 0.95847877860069286 0.072131048887968077 0.71118706464767467 25.500000000000004 82.397846221923842 0.1463500112295151 3.5000000000000004 7.9086923599243173 9.5000000000000018 8.5000000000000018 60.622179031372077 0.038724163547158248 37.500000000000007 -0.99750253558158863 0.00041815541044343268 1.0000000180025095e-35 8.5000000000000018
decision_type=2 2 2 2 2 2 2 2 2 2 2 2 2 2 2 2 2 2 2 2 2 2 2 2 2 2 2 2 2 2
left_child=2 4 26 11 12 18 10 19 9 17 -6 15 -2 14 -7 -3 -16 24 21 -5 -11 22 28 -24 29 -25 -1 -28 -4 -8
right_child=1 3 5 7 6 13 8 -9 -10 20 -12 -13 -14 -15 16 -17 -18 -19 -20 -21 -22 -23 23 25 -26 -27 27 -29 -30 -31
leaf_value=-0.059912790784617358 -0.01171190453235833 0.055142211629369421 -0.022613299150986081 0.038959922389282579 0.022437255489299823 -0.058294900437545705 0.034198535914167515 -0.059117087007763067 0.00026746809150852833 0.02949574177207457 0.052221151190883261 0.063379909822011721 -0.060412718862864132 -0.060570910566358743 -0.011577981367056551 0.017039088652120431 0.21656755127610039 0.0053080176970802329 -0.093222643549232348 -0.019205718765255241 -0.066993943099951977 -0.053290371109450597 0.029858818287230974 -0.013101523787591966 0.0035573052378639518 0.034186790229548285 -0.0096224758132057459 -0.056996555163733358 0.014127144297490951 -0.06419889577810188
leaf_weight=10574.883929801174 518.60233063530177 4435.0210568234324 129.71088039688766 88.519749245606363 700.96665623411536 153.04956685565412 653.86685760039836 438.26512983907014 1169.8556614536792 4102.4440712407231 1475.0742157371715 58695.096202749759 226.71820362471044 455.57391060050577 276.63350542448461 157.70433738082647 3.0196732468903056 2083.2049515312538 19.823219522833824 147.95833724737167 19.231506578624249 55.123640150763094 151.60150862764567 1094.7121003782377 312.23773930873722 79.486449249088764 163.51209092698991 298.32665289286524 1552.9586374666542 15.768633600324391
leaf_count=1031575 7136 12842 522 551 1461 12494 1484 37951 2694 8684 3569 179839 21646 40809 7691 324 32 4571 91 2484 64 2351 500 6358 1163 435 5703 25161 8522 1197
internal_value=0.038608 0.055403 -0.0455871 0.0616308 0.0200797 -0.00804532 0.0233842 -0.0375013 0.0183651 0.0213105 0.0426416 0.0626883 -0.0265872 -0.0438326 -0.0261105 0.0538378 -0.00835161 0.0109248 0.00227522 0.00263953 0.0290294 0.00292336 0.00397072 -0.00531159 0.0228241 -0.00987401 -0.059095 -0.040281 0.0112832 0.0317892
internal_weight=90249 75240.5 15008.4 63962.6 11278 3971.69 10532.7 674.743 8356.61 7186.75 2176.04 63287.8 745.321 888.277 432.703 4592.73 279.653 3065.08 3083.42 236.478 4121.68 3063.59 3008.47 1325.8 981.873 1174.2 11036.7 461.839 1682.67 669.635
internal_count=1429904 287660 1142244 233991 53669 79805 24887 40986 19857 17163 5030 193005 28782 61026 20217 13166 7723 8415 18779 3035 8748 18688 16337 7293 3844 6793 1062439 30864 9044 2681
is_linear=0
shrinkage=0.06


Tree=45
num_leaves=31
num_cat=0
split_feature=0 0 0 7 10 5 5 6 2 16 8 0 7 2 7 6 6 6 6 6 6 6 6 6 6 6 6 7 6 16
split_gain=35534.6 4064.17 2697.16 347.734 503.133 334.756 220.168 84.555 73.1688 72.3494 60.4277 58.8406 53.8059 52.893 51.2022 42.6241 135.394 80.6653 62.9543 116.288 53.4487 49.282 103.702 52.2807 67.8304 51.6288 44.2635 41.8674 49.4524 41.2679
threshold=0.38107465207576757 0.96570476889610302 0.0021914592944085602 0.53634834289550792 0.25403225421905523 0.93222767114639293 0.86405959725379955 2.7247227430343632 -0.0013431814732030032 55.086206436157234 95.293468475341811 0.99543121457099926 3.8326776120811708e-05 -0.99275383353233326 0.91780313849449169 2.9971268177032475 3.0218182802200322 3.9088715314865117 2.0707226991653447 1.9991011023521426 1.0049652457237246 4.0469851493835458 3.9993827342987065 4.9723904132843026 5.011017084121705 5.9891998767852792 4.9981007575988778 1.8060607544612143e-05 0.96871358156204235 89.725547790527358
decision_type=2 2 2 2 2 2 2 2 2 2 2 2 2 2 2 2 2 2 2 2 2 2 2 2 2 2 2 2 2 2
left_child=2 3 -1 4 -2 12 9 8 29 -6 -9 14 -4 -14 -3 18 -17 -18 19 20 -11 22 -19 -23 26 -26 -25 -8 -29 -5
right_child=1 11 5 7 6 -7 27 10 -10 15 -12 -13 13 -15 -16 16 17 21 -20 -21 -22 23 -24 24 25 -27 -28 28 -30 -31
leaf_value=-0.059784225396411393 0.054233100070645468 0.057262599287047647 0.010327108148124145 -0.013176401999366861 0.030977374468862388 -0.059586768048123934 0.046909164817343391 -0.0089989181480118335 -0.022091701549030073 0.00076129777802957802 0.011507136948770385 0.063270373425928852 -0.033959301466284279 -0.0018096646687904645 0.0048974880985131241 -0.040255075155455358 0.032447988210171294 0.0097218597844579719 0.032692967610229794 -0.02851497657007955 0.033979268287430191 0.027845492440760046 -0.059292946964150911 0.0012710832521816429 0.027858532176796697 -0.013176267055493726 -0.072695154018388761 -0.020426196015969646 0.032300301387057154 0.032658437201378822
leaf_weight=11136.153012114577 2279.5288137830794 5248.9213345572352 1394.7613495141268 77.87817248236388 656.78695932030678 358.97610700596124 811.63992037624121 1204.7364367991686 119.17471324186772 308.36724773049355 905.12247889302671 53349.68014562875 198.43511751480401 2417.5933955060318 68.291710786521435 226.62949726730585 401.40629764646292 190.40765286982059 556.1946197450161 242.37341187894344 400.46276580542326 325.04312905669212 131.94133511185646 49.380200497806072 232.89001427590847 208.17897524684668 69.891641199588776 66.228630013763905 1508.5658515393734 719.43452999182045
leaf_count=1149007 5644 16612 5404 400 1164 31705 2004 4461 393 758 2027 172872 7719 17468 270 652 681 393 937 626 667 564 434 106 418 510 241 192 3805 1451
internal_value=0.0381084 0.0562283 -0.0441101 0.0239239 0.0300381 -0.00416063 0.021395 0.00641176 0.0216178 0.0127848 -0.000200605 0.062666 0.000813766 -0.00426037 0.0565911 0.00920256 0.00306049 0.00918222 0.0166756 0.00728536 0.0195497 0.00142908 -0.0186227 0.00874229 -0.00236898 0.00850463 -0.0423162 0.0358152 0.0300713 0.0281706
internal_weight=85865.1 70359.2 15505.9 11692.3 8665.92 4369.77 6386.39 3026.35 916.487 3999.95 2109.86 58666.9 4010.79 2616.03 5317.21 3343.17 1835.77 1609.14 1507.4 951.203 708.83 1207.73 322.349 885.384 560.341 441.069 119.272 2386.43 1574.79 797.313
internal_count=1429585 218282 1211303 28528 19796 62296 14152 8732 2244 8151 6488 189754 30591 25187 16882 6987 3999 3347 2988 2051 1425 2666 827 1839 1275 928 347 6001 3997 1851
is_linear=0
shrinkage=0.06


Tree=46
num_leaves=31
num_cat=0
split_feature=0 0 0 7 10 4 5 1 14 7 7 10 0 14 13 6 7 7 5 17 6 7 7 6 9 14 10 10 14 5
split_gain=32970.9 3968.68 2877.13 373.966 371.536 352.035 133.471 69.2673 66.7453 81.4716 66.5794 77.6605 62.9961 56.9362 54.6534 49.2699 46.9538 44.6965 44.5698 42.7561 58.8579 41.5087 39.8183 39.3035 38.535 37.3319 35.0087 34.4475 51.7846 48.8286
threshold=0.63609617948532116 0.0021914592944085602 0.96570476889610302 0.78521895408630382 0.21132376790046695 -0.63829940557479847 0.91138365864753734 8.5000000000000018 7.5000000000000009 0.05272681079804898 4.1093673644354574e-05 0.18834459781646731 0.99543121457099926 34.500000000000007 1.0000000180025095e-35 0.014111780095845463 0.0057269202079623946 0.8872683346271516 0.025714718736708168 91.476997375488295 4.0000154972076425 0.84530431032180797 0.00041815541044343268 6.9923374652862558 88.953113555908217 27.500000000000004 0.1012820526957512 0.048809524625539787 1.5000000000000002 0.36131460964679724
decision_type=2 2 2 2 2 2 2 2 2 2 2 2 2 2 2 2 2 2 2 2 2 2 2 2 2 2 2 2 2 2
left_child=1 -1 3 4 -2 25 7 8 9 -6 14 19 17 16 24 -10 18 -4 -13 26 21 -21 -15 -5 27 -3 -12 28 -7 -30
right_child=2 5 12 23 6 10 -8 -9 15 -11 11 13 -14 22 -16 -17 -18 -19 -20 20 -22 -23 -24 -25 -26 -27 -28 -29 29 -31
leaf_value=-0.059530365546779894 0.056822722918857309 -0.055275715689341615 0.056645595478522388 0.0089651446297950958 0.035431888694974677 0.055738186356579275 0.039456638002037046 -0.11609372044534678 -0.0520567211541592 -0.060093413264798494 0.012773267900171238 -0.026838486019635358 0.063038994636301804 -0.0062771300459607098 0.033047384839045145 0.014177986282396814 -0.026118499023955039 0.0091517052768997718 -0.0015755284050223192 0.044664044683668372 -0.0052595288673663336 0.0028423095819781852 0.030764194190511539 -0.033993456804748023 -0.00061211756909057373 0.27870342679200449 -0.028766105146273899 0.023032588456529557 -0.058239283941031297 0.028342109243065315
leaf_weight=10499.365647691302 1861.5765963234007 397.39379701111466 5002.2570620328188 2658.2838716395199 904.42370681464672 32.083232577890158 1573.4094625413418 12.813821800053118 40.237118825316429 32.445933409035206 174.23020361736417 290.01785256247967 50380.238425124437 182.31533380970359 380.0667231772095 2171.8707820400596 460.57301629055291 72.795605797320604 1848.1037011705339 347.53074878547341 189.76574895624071 113.36701588146389 242.79437813535333 77.981894768774509 902.23580439761281 0.23514142632484336 124.27918962668628 669.84804328531027 71.191213514655828 33.996275842189789
leaf_count=1148609 5013 35009 16658 6317 1762 77 4338 50 124 99 1373 6051 172749 937 940 4519 5682 274 6289 1499 1389 652 1025 340 3434 9 1330 2069 306 67
internal_value=0.0377102 -0.0367652 0.0572056 0.026381 0.0341153 0.000238201 0.0251781 0.0180624 0.018645 0.0320631 0.00382892 -0.000731498 0.0623927 -0.00543174 0.0124966 0.0129502 -0.00876233 0.0559663 -0.00501318 0.0142321 0.0228469 0.0344056 0.014901 0.00772888 0.00791063 -0.0543796 -0.00455923 0.0174267 -0.00989723 -0.0302531
internal_weight=81747.7 16959.4 64788.3 9333.04 6596.78 6460.03 4735.2 3161.79 3148.98 936.87 6062.4 3972.98 55455.3 3023.8 2089.42 2212.11 2598.69 5075.05 2138.12 949.173 650.664 460.898 425.11 2736.27 1709.35 397.629 298.509 807.119 137.271 105.187
internal_count=1428990 1216747 212243 22562 15905 68138 10892 6554 6504 1861 33120 26227 189681 19984 6893 4643 18022 16932 12340 6243 3540 2151 1962 6657 5953 35018 2703 2519 450 373
is_linear=0
shrinkage=0.06


Tree=47
num_leaves=31
num_cat=0
split_feature=0 0 0 5 7 0 7 5 9 0 6 2 2 6 6 7 10 17 7 10 14 6 8 0 14 6 10 4 6 6
split_gain=30783.6 4109.15 2605.42 327.764 325.389 152.106 177.892 121.866 82.4414 65.7984 65.2213 68.9368 61.6368 57.1351 50.427 47.612 41.2569 54.8522 39.8991 47.8001 64.294 45.7259 51.0379 72.1883 39.0128 38.5784 80.5039 60.2946 50.4566 42.0064
threshold=0.38107465207576757 0.96570476889610302 0.0018258951022289696 0.95847877860069286 1.0000000180025095e-35 0.88379943370819103 0.8872683346271516 0.83430194854736339 81.649658203125014 0.99543121457099926 2.9954572916030888 -0.06340844556689261 -0.95418816804885853 2.9971268177032475 0.96871358156204235 0.91780313849449169 0.26794873178005224 84.040744781494155 6.680432852590458e-05 0.26794873178005224 37.500000000000007 0.75467070937156688 74.849395751953139 0.021605790592730049 11.500000000000002 3.0272414684295659 0.24621212482452395 -0.03543432988226413 3.9987739324569707 4.0054891109466562
decision_type=2 2 2 2 2 2 2 2 2 2 2 2 2 2 2 2 2 2 2 2 2 2 2 2 2 2 2 2 2 2
left_child=2 4 -1 10 7 13 8 16 -7 15 11 18 24 14 -6 -3 -2 -18 -4 21 -21 22 -20 -24 -12 26 -15 -27 -29 -30
right_child=1 9 3 -5 5 6 -8 -9 -10 -11 12 -13 -14 25 -16 -17 17 -19 19 20 -22 -23 23 -25 -26 27 -28 28 29 -31
leaf_value=-0.059610145142849777 0.046442925030300383 0.056079024389088704 0.023041390393329111 -0.060465545469208792 -0.0066632378604441359 0.053015386907101239 0.010008448444715014 0.053486006251088999 0.02843679563406494 0.062824032814226938 -0.014185712421849109 -0.03015401036171917 0.00056018566422954533 0.020251024212729511 0.021218028440778375 0.0042541889606796989 0.03908325352084898 0.0029124674059492705 -0.030835536831536371 -0.012369001989007906 0.062288903096439655 0.016006989779430769 0.31646876091922499 0.029172824107003142 -0.050649089041514606 -0.013019396895295243 -0.034390721638343662 0.023839300930258905 -0.024490633205689699 0.0086729773173938127
leaf_weight=9847.2692214818671 231.49491732940078 4709.0284486673772 725.30975949764252 342.24684224743396 263.30702725891024 800.15554222092032 1363.1034686155617 1390.8742313571274 1285.1976310238242 47593.189565327018 591.36787959095091 147.99009478464723 1524.470033316873 164.60162529814988 2035.651226112619 64.867973383516073 244.67098469287157 391.84688021242619 5.8356871511787203 531.05186476651579 44.050617210566998 366.59092867933214 5.6613827766850573 6.3969695717096329 128.03505258727819 413.87043662928045 233.81571255717427 818.43415194749832 151.15917775034904 1428.899077668786
leaf_count=1143214 540 16499 2317 34457 790 2261 2923 3933 3569 172724 12150 1468 6576 384 4446 255 439 854 95 4590 167 3646 47 28 2670 2588 666 1550 424 3017
internal_value=0.0372154 0.0550868 -0.0424349 -0.00415697 0.0221277 0.0169927 0.0268742 0.0424753 0.0378886 0.0621461 0.000583843 0.00897814 -0.00627391 0.0108042 0.0180232 0.0553759 0.0247908 0.0168556 0.0124311 0.0043956 -0.0065523 0.0207457 0.111841 0.177963 -0.0207365 0.0056313 -0.0118219 0.00810716 0.0117565 0.00548684
internal_weight=77850.4 63584.2 14266.3 4419.01 11217.1 8958.2 3448.46 2258.89 2085.35 52367.1 4076.76 1832.89 2243.87 5509.74 2298.96 4773.9 868.013 636.518 1684.9 959.587 575.102 384.485 17.894 12.0584 719.403 3210.78 398.417 2812.36 2398.49 1580.06
internal_count=1429287 217862 1211425 68211 28384 22618 8753 5766 5830 189478 33754 12358 21396 13865 5236 16754 1833 1293 10890 8573 4757 3816 170 75 14820 8629 1050 7579 4991 3441
is_linear=0
shrinkage=0.06


Tree=48
num_leaves=31
num_cat=0
split_feature=0 0 0 5 7 7 0 5 0 1 6 9 7 14 7 8 6 7 9 6 4 9 14 0 14 7 16 9 16 7
split_gain=28890.5 4202.62 2467.45 299.682 275.769 135.777 172.137 127.364 73.7961 66.366 63.6163 60.7851 87.4503 56.3422 51.3876 46.7758 43.7102 42.912 81.272 47.4443 39.5264 38.0229 36.2868 56.2928 44.2327 53.9557 89.9641 65.3198 48.8915 61.1883
threshold=0.38107465207576757 0.96570476889610302 0.0018258951022289696 0.95847877860069286 7.1985707563726473e-06 1.8193481564521792 0.88379943370819103 0.83430194854736339 0.99218639731407177 7.5000000000000009 0.51491403579711925 71.195312500000014 0.1030123718082905 11.500000000000002 0.78521895408630382 68.020618438720717 3.7710171937942509 0.8872683346271516 80.972057342529311 0.055739754810929305 -1.0000000180025095e-35 1.0000000180025095e-35 8.5000000000000018 0.021605790592730049 2.5000000000000004 0.00044054778118152177 94.59064102172853 60.349927902221687 75.93103408813478 0.1030123718082905
decision_type=2 2 2 2 2 2 2 2 2 2 2 2 2 2 2 2 2 2 2 2 2 2 2 2 2 2 2 2 2 2
left_child=2 4 -1 9 7 6 11 13 14 22 -7 12 -6 -2 -3 -14 -12 18 -8 -20 -10 -17 24 -24 28 -26 -27 -28 29 -4
right_child=1 8 3 -5 5 10 17 -9 20 -11 16 -13 15 -15 -16 21 -18 -19 19 -21 -22 -23 23 -25 25 26 27 -29 -30 -31
leaf_value=-0.059678727158943637 0.033563821525654541 0.053987965828421032 -0.0084462209347233932 -0.06041735996529829 0.044522134065304877 -0.085172636482026567 0.052216601861712647 0.050730620983804313 -0.047209538033865017 -0.028887656525517079 0.011267797194432947 0.0083011365524749726 -0.064081993389390315 0.0034381841038872126 -0.0015617975941610853 0.017492797867432096 -0.0088975944827350203 0.017411391043197506 -0.051945864867927495 0.028609994128888806 0.062527552605472742 -0.044325807934149634 -0.038328497424034887 -0.0013381467629791223 0.020796861968524458 -0.01757246579877152 -0.0054220396404896908 0.060916564216325277 -0.050786955378481352 0.059583594039234772
leaf_weight=9287.5934525346383 592.00527034699917 3058.2761176712811 402.76919048093259 322.79307309631258 461.898263245821 29.912582724355161 724.84496384859085 1391.0919410251081 11.143877699971197 273.57541472557932 819.0923811448738 3318.9810718242079 27.423862475901842 359.06829473376274 61.092729862779379 706.00132430717349 731.71569835580885 562.53814963251352 26.0205362662673 1211.718936547637 46456.075302302837 36.790087997913361 164.02037065289915 1445.9643440637738 958.84766650572419 427.13363405223936 99.743581113405526 113.71295325923711 80.875100198201835 52.956632759422064
leaf_count=1143388 1258 11092 3268 34492 962 116 2154 4125 43 5586 1782 8280 146 787 261 1470 1933 1314 92 3436 178399 479 3566 6571 4198 6252 1313 607 934 1372
internal_value=0.036699 0.0544548 -0.0422244 -0.00488771 0.0208995 0.0159545 0.0195056 0.0391621 0.0618974 -0.000414494 5.58388e-05 0.0125304 0.0239071 0.0222057 0.0528999 0.0115025 0.00175359 0.0320671 0.0362569 0.0268759 0.0625002 0.0143755 0.00167208 -0.00512806 0.00679752 0.0117969 -0.00168594 0.0300372 -0.00809816 -0.000427814
internal_weight=74215.7 60585.7 13630 4342.39 10999.1 8656.94 7076.22 2342.17 49586.6 4019.6 1580.72 4551.09 1232.11 951.074 3119.37 770.215 1550.81 2525.12 1962.58 1237.74 46467.2 742.791 3746.02 1609.98 2136.04 1599.44 640.59 213.457 536.601 455.726
internal_count=1429676 218129 1211547 68159 28334 22164 18333 6170 189795 33667 3831 11337 3057 2045 11353 2095 3715 6996 5682 3528 178442 1949 28081 10137 17944 12370 8172 1920 5574 4640
is_linear=0
shrinkage=0.06


Tree=49
num_leaves=31
num_cat=0
split_feature=0 0 0 5 7 10 2 6 10 7 0 5 8 16 5 7 17 6 5 7 6 6 14 6 2 14 17 14 10 6
split_gain=26419.6 4954.09 1938.96 372.16 367.311 231.027 103.406 75.0184 73.9227 97.3621 72.8304 69.2289 60.3665 58.7671 56.1866 54.6244 51.9779 48.6648 49.2362 48.5793 41.3102 40.9112 39.9814 38.3329 51.1644 38.2267 37.4181 36.146 54.8382 36.0008
threshold=0.81188002228736889 0.0018258951022289696 0.96570476889610302 0.99138492345809948 0.71118706464767467 0.26794873178005224 -0.98909857869148243 0.055739754810929305 0.28869047760963445 0.84530431032180797 0.99543121457099926 0.91138365864753734 47.673160552978523 91.547618865966811 0.0027410968905314807 0.8872683346271516 79.534885406494155 5.9977171421051034 0.60052680969238292 0.0049065230414271363 3.9987739324569707 6.0049006938934335 2.5000000000000004 3.2685205936431889 -0.0013431814732030032 8.5000000000000018 82.842723846435561 8.5000000000000018 0.17752101272344592 4.0004851818084726
decision_type=2 2 2 2 2 2 2 2 2 2 2 2 2 2 2 2 2 2 2 2 2 2 2 2 2 2 2 2 2 2
left_child=1 -1 4 6 5 -2 -3 25 9 13 15 20 22 14 16 -4 -8 18 -14 -16 -9 -19 -10 24 -6 -7 -25 -15 -29 -22
right_child=2 3 10 -5 23 7 8 11 12 -11 -12 -13 17 27 19 -17 -18 21 -20 -21 29 -23 -24 26 -26 -27 -28 28 -30 -31
leaf_value=-0.059436419086749237 0.056434714644345671 -0.020094553655614536 0.055092151892771481 -0.060384942056253998 0.019066998151937836 0.019287956150680845 -0.041342089460472943 0.025632033739347079 -0.0026117241399790055 -0.0029201205337462963 0.062443765734835358 0.037898900948810627 -0.0022626657341158389 0.045561683814511027 0.019852256641316186 0.0009517650618322169 0.33061949700882554 -0.081830057422240546 0.011446659094709166 -0.012717473805780474 -0.083230043494228051 -0.014142078980782829 0.022937313215043206 -0.07668402204182681 -0.027218004753505123 -0.07583660674517155 0.00097284054375318429 0.039599019401351306 -0.0019069204110078455 0.0063434644023321954
leaf_weight=8754.5777425118722 1448.4956003800035 485.00525836925954 4296.4310850277543 306.87819595355541 999.212606953457 24.729823008179665 1.7982124248519529 908.02591083198786 293.62964211218059 651.00539072882384 42475.473920259625 1336.5409079454839 2565.6779161151499 495.87353776115924 638.20469104498625 68.188175406306982 2.7618100829422474 37.373891647905111 1490.0148551771417 221.38935396354645 15.84158819913864 202.32542268838733 882.07405344676226 21.781682593747973 93.191540429368615 37.15141798555851 1143.4490444492549 273.22902002558112 196.70614586863667 394.66526763886213
leaf_count=1142899 4656 15219 16658 33958 1963 58 59 2070 1552 5084 172737 4025 10209 1292 1853 270 33 205 3125 1423 58 857 3199 233 255 132 2651 724 622 978
internal_value=0.0364283 -0.0275334 0.0574418 0.00441155 0.0265218 0.037083 0.00677524 0.026749 0.00841638 0.0170051 0.0616811 0.0282747 0.00451927 0.0240912 0.0127023 0.0542467 0.202885 0.00122056 0.00277556 0.0114589 0.0184977 -0.0249921 0.0165597 0.00702802 0.0150972 -0.0381195 -0.00054331 0.0342576 0.0222582 0.00269294
internal_weight=70761.7 17498.5 53263.2 8743.95 6423.09 4165.45 8437.07 2716.95 7952.06 2480.97 46840.1 2655.07 5471.1 1829.96 864.154 4364.62 4.56002 4295.39 4055.69 859.594 1318.53 239.699 1175.7 2257.63 1092.4 61.8812 1165.23 965.809 469.935 410.507
internal_count=1429057 1222313 206744 79414 17079 11977 45456 7321 30237 11090 189665 7131 19147 6006 3368 16928 92 14396 13334 3276 3106 1062 4751 5102 2218 190 2884 2638 1346 1036
is_linear=0
shrinkage=0.06


Tree=50
num_leaves=31
num_cat=0
split_feature=0 0 0 4 7 9 6 0 6 5 6 6 10 0 7 6 6 7 10 11 17 6 7 14 6 6 6 14 14 7
split_gain=25136.5 4577.46 1880.76 344.804 325.704 201.798 81.3362 78.5202 66.9111 66.4463 65.0741 80.0499 72.0256 64.4878 58.9279 55.5079 169.719 93.7827 73.3161 59.8398 52.121 50.7803 50.0728 45.8319 43.8465 47.1262 75.6504 50.6507 43.738 38.9292
threshold=0.81188002228736889 0.0018258951022289696 0.96570476889610302 -0.63829940557479847 0.71118706464767467 76.975051879882827 2.9971268177032475 0.99218639731407177 0.89733102917671215 0.91138365864753734 3.0272414684295659 3.9941577911376958 0.23904761672019961 0.038541378453373916 0.0057269202079623946 1.9960368871688845 2.1250880956649785 0.0016353903920389714 0.32738095521926885 1.0000000180025095e-35 51.355310440063484 4.0641560554504403 0.71118706464767467 4.5000000000000009 4.984053611755372 5.2006025314331064 5.9977171421051034 10.500000000000002 14.500000000000002 0.0003285078273620457
decision_type=2 2 2 2 2 2 2 2 2 2 2 2 2 2 2 2 2 2 2 2 2 2 2 2 2 2 2 2 2 2
left_child=1 -1 4 -3 5 -2 8 22 -5 -7 12 14 -8 -13 -12 -10 18 -18 -17 -20 23 28 -4 -14 29 27 -27 -26 -15 -23
right_child=2 3 7 6 -6 9 10 -9 15 -11 11 13 20 21 -16 16 17 -19 19 -21 -22 24 -24 -25 25 26 -28 -29 -30 -31
leaf_value=-0.05926110167608438 0.054447016271900087 -0.054548376355830756 0.052911788347431064 -0.011004187478887754 0.0086597701565191715 0.017098476832242689 0.015548531282221976 0.062130236345052249 0.024590424810493106 0.036357352079752513 0.022155313069582152 -0.026394792516595374 -0.025199393291051291 -0.0025478688452263008 -0.008740008108619135 0.012167645191099708 0.032760093377612091 -0.0059612978091579932 -0.038242278170390692 0.0056579801138739502 -0.04065424801269784 0.031182634766414332 -0.0022079349306323767 0.059729024124406345 -0.00066067828023000071 0.025276980549597299 -0.011451456614830893 -0.045254794633231198 -0.040690630304413236 0.0036948395119989334
leaf_weight=8260.496412536595 1488.5501327142119 357.95398718630895 2768.4016141369939 401.43905403092504 2314.7453744551167 1298.1746645495296 168.52619608491659 41455.328197237104 1297.879635207355 1287.2679586037993 1004.0731785409153 360.85998142976314 54.832580388523638 282.62911111116409 284.75130010396242 287.46315979864448 899.85627161711454 299.8503066431731 378.91287698876113 158.04433360695839 359.18213681317866 344.94772584736347 60.55093751475215 37.789690339006484 214.5434408467263 383.89517619460821 423.71939481515437 159.16771746892482 174.53581196721643 400.53702503629029
leaf_count=1143409 4936 38889 11076 2443 5161 3092 908 178406 4419 3990 3827 7665 552 889 2211 1405 2603 1829 1968 684 1887 698 270 119 699 1197 1780 682 760 1484
internal_value=0.0358984 -0.0272434 0.0570765 0.00303709 0.0266376 0.0368475 0.00550384 0.0614671 0.0121122 0.0266976 0.000215324 0.00299888 -0.0178603 -0.00279361 0.0153279 0.0149081 0.00869068 0.0230853 -0.0122591 -0.0253345 -0.0303288 0.00078845 0.0517316 0.00971909 0.00505534 -0.00213598 0.00601687 -0.0197239 -0.017167 0.0164386
internal_weight=67668.9 16995.9 50673 8735.39 6388.74 4073.99 8377.44 44284.3 3723.45 2585.44 4653.99 4033.66 620.331 2744.84 1288.82 3322.01 2024.13 1199.71 824.42 536.957 451.804 2383.98 2828.95 92.6223 1926.81 1181.33 807.615 373.711 457.165 745.485
internal_count=1429938 1223007 206931 79598 17179 12018 40709 189752 15351 7082 25358 21892 3466 15854 6038 12908 8489 4432 4057 2652 2558 8189 11346 671 6540 4358 2977 1381 1649 2182
is_linear=0
shrinkage=0.06


Tree=51
num_leaves=31
num_cat=0
split_feature=0 0 0 5 7 9 6 0 5 8 2 7 7 2 6 6 14 7 8 7 6 7 14 16 9 14 15 6 6 17
split_gain=23550.2 4398.89 1952.08 316.244 297.279 238.238 79.8406 78.8636 59.9639 58.5799 56.7564 53.1742 51.0515 45.454 66.8484 60.7851 57.7552 43.8382 42.2908 36.2696 34.7882 31.5461 44.4244 37.9465 31.4896 42.3799 31.4383 53.8632 47.0411 46.1736
threshold=0.81188002228736889 0.0018258951022289696 0.96570476889610302 0.99138492345809948 0.53634834289550792 73.931308746337905 5.9977171421051034 0.99543121457099926 0.92418035864830028 99.462364196777358 -0.95418816804885853 0.0013210475444793703 0.91780313849449169 -0.06340844556689261 1.9991011023521426 2.0003906488418584 7.5000000000000009 0.0079296678304672259 75.147060394287124 2.2512538433074956 5.9690642356872567 6.3116978708421825e-05 35.500000000000007 69.309261322021499 69.252254486083999 2.5000000000000004 1.0000000180025095e-35 5.1386919021606454 5.4769380092620858 90.399383544921889
decision_type=2 2 2 2 2 2 2 2 2 2 2 2 2 2 2 2 2 2 2 2 2 2 2 2 2 2 2 2 2 2
left_child=1 -1 4 6 5 -2 9 12 -7 10 11 20 -4 14 -12 16 -16 -11 -6 -20 26 23 -23 -17 25 -25 29 -28 -29 -3
right_child=2 3 7 -5 18 8 -8 -9 -10 17 13 -13 -14 -15 15 21 -18 -19 19 -21 -22 22 -24 24 -26 -27 27 28 -30 -31
leaf_value=-0.059302562548387588 0.056091408004075714 -0.00087228543445749438 0.053992038083223795 -0.06030668521890882 -0.031204974832633577 0.017288160595752756 -0.018623893321072709 0.062106875727240718 0.035913406415610243 0.050924525378124169 0.021397467940065047 -0.029126369868361771 -0.0007869013500388253 -0.01467893206291211 0.02343320734729051 0.025353938941747513 -0.06896078132235188 0.003865252224229248 0.016660306917480182 0.0012181699390361052 0.11161819249747078 0.00091478720293290986 0.026698867499069395 -0.02567570302831073 0.0015384186186372603 0.040552465448939728 -0.029569085829830373 0.32123882088665895 0.010656095332389643 0.046225069645171368
leaf_weight=7789.4744348265231 1320.0267470628023 538.89258428942412 3873.6576062329113 274.95605903910473 93.039124837145209 1554.2930429652333 485.10079716099426 37944.25209415704 1041.24672896415 180.85342872608453 1198.2295216326602 291.09198105009273 62.201522134244442 314.21590432152152 35.742863512597978 598.0271734893322 72.789669947698712 117.47285471949726 1246.6535166855901 976.11672064103186 9.0582716893404704 2893.4734252700582 261.38002871721983 42.897835470736027 880.82995212078094 170.49783877283335 171.28653973992914 1.9591460488736618 4.493449148721993 86.035711640492082
leaf_count=1143096 4638 5948 16610 33883 516 3862 3686 173021 3460 499 3449 11133 246 2045 82 1134 280 676 2616 2086 85 9824 645 123 2264 352 2656 32 84 463
internal_value=0.035428 -0.0266178 0.0566022 0.00288943 0.0252647 0.0353414 0.0049763 0.0612642 0.024771 0.00643332 0.00540326 -0.00717313 0.0531263 0.00754833 0.00868546 0.00560811 -0.0385967 0.0324687 0.0082191 0.00988258 0.000725649 0.00660566 0.00305878 0.0132124 0.00655954 0.0271813 -0.000663126 -0.0228558 0.135407 0.00567524
internal_weight=64530.2 16418.8 48111.5 8629.29 6231.38 3915.57 8354.33 41880.1 2595.54 7869.23 7570.9 1102.82 3935.86 6468.08 6153.87 4955.64 108.533 298.326 2315.81 2222.77 811.726 4847.11 3154.85 1692.25 1094.23 213.396 802.667 177.739 6.4526 624.928
internal_count=1429494 1222439 207055 79343 17178 11960 45460 189877 7322 41774 40599 20401 16856 20198 18153 14704 362 1175 5218 4702 9268 14342 10469 3873 2739 475 9183 2772 116 6411
is_linear=0
shrinkage=0.06


Tree=52
num_leaves=31
num_cat=0
split_feature=0 0 0 4 7 10 7 5 0 6 5 9 16 6 1 7 14 9 7 5 14 4 10 6 6 9 10 6 6 6
split_gain=22009.2 5109.85 1094.98 310.53 210.245 130.204 110.64 96.7825 86.8534 69.441 56.5926 93.6971 49.7574 46.2616 44.1517 43.5918 41.0391 72.9227 38.5998 37.7736 37.2936 35.8915 33.5389 32.6257 44.8842 60.0604 44.7388 38.8667 38.4435 47.8772
threshold=0.88379943370819103 0.0021914592944085602 0.96570476889610302 -0.63829940557479847 0.78521895408630382 0.21132376790046695 2.2212327166926119e-05 0.73536700010299694 0.99218639731407177 6.9923374652862558 0.025714718736708168 66.802719116210952 69.028213500976577 0.0078648007474839705 5.5000000000000009 0.36089827120304113 2.5000000000000004 73.931308746337905 2.2512538433074956 0.98823553323745739 28.500000000000004 -1.0000000180025095e-35 0.23205128312110904 3.9987739324569707 4.0881741046905526 90.954544067382827 0.78759399056434642 0.96871358156204235 1.9213805794715884 2.0707226991653447
decision_type=2 2 2 2 2 2 2 2 2 2 2 2 2 2 2 2 2 2 2 2 2 2 2 2 2 2 2 2 2 2
left_child=1 -1 4 20 5 -2 7 12 15 10 11 -8 -5 -7 -15 -4 -14 -18 -6 23 -3 -10 -9 27 25 -25 -27 -12 -29 -30
right_child=2 3 8 6 18 13 9 22 21 -11 19 -13 16 14 -16 -17 17 -19 -20 -21 -22 -23 -24 24 -26 26 -28 28 29 -31
leaf_value=-0.059173412636980498 0.057078119342616217 -0.055671197584728521 0.051688700819480134 0.022184305673273522 0.017277694602674191 -0.054113492172273708 0.016860471971634657 0.054122880497087848 -0.068248057115751409 -0.035947279542028816 -0.0099199298630703002 -0.034206730332820554 -0.039780491090753128 0.033537801030830497 0.0056014445592733712 0.0059864669615485996 0.030705287087207926 -0.0040626873450603472 -0.0031684158722812897 -0.06003976539996983 0.27802857203500292 0.061800237973388725 0.027169203593728777 -0.00064166512940461726 0.0046485992560510014 -0.062442934698403708 0.02454312430555108 0.023014823815243002 -0.0050254291757451837 0.011934637265270805
leaf_weight=7395.6601723744534 862.56030961498618 297.61575907561928 2497.3142281994224 821.31685982644558 823.65983523987234 23.18506882712245 213.14676491729915 251.79139919579029 6.8671544194221488 153.6639120420441 348.67560897767544 326.10114483442158 75.020092070102692 1467.4238050580025 236.9775478541851 77.751149643212557 302.77872166410089 761.11056319251657 556.41360296681523 29.918810145929456 0.23732571583241124 36916.430515173823 499.87215212732553 283.78402874339372 1808.8242770144716 123.24647147674114 25.121486436575651 770.96453438512981 766.95250330027193 2730.8026993796229
leaf_count=1148762 3283 35172 11008 2610 1832 86 2807 887 30 1171 1458 7734 274 4652 803 343 714 2582 1179 1782 6 178151 1088 1026 6197 630 63 1925 2497 8297
internal_value=0.0349119 -0.0209069 0.0580088 0.00581762 0.0279623 0.0380381 0.00756747 0.017966 0.0610282 0.00384589 0.00467387 -0.0140277 0.0109369 0.0285042 0.0296591 0.0503116 0.00281363 0.00585168 0.00903797 0.00613975 -0.0544759 0.0617742 0.036258 0.00643716 0.000496526 -0.0168531 -0.0476488 0.00931961 0.0108931 0.00821543
internal_weight=61455.2 17986.6 43468.6 10590.9 3970.22 2590.15 10293.1 2711.89 39498.4 7581.2 7427.54 539.248 1960.23 1727.59 1704.4 2575.07 1138.91 1063.89 1380.07 6888.29 297.853 36923.3 751.664 6858.37 2240.98 432.152 148.368 4617.4 4268.72 3497.76
internal_count=1429049 1227682 201367 78920 11835 8824 43742 8155 189532 35587 34416 10541 6180 5541 5455 11351 3570 3296 3011 23875 35178 178181 1975 22093 7916 1719 693 14177 12719 10794
is_linear=0
shrinkage=0.06


Tree=53
num_leaves=31
num_cat=0
split_feature=0 0 0 4 7 10 0 6 1 7 10 16 8 5 7 2 8 4 5 6 1 8 14 7 14 14 7 16 17 7
split_gain=20510.5 4117.83 1965.49 285.757 249.002 221.898 88.7453 61.8688 62.1525 59.3553 109.776 73.759 64.9551 58.9963 50.0877 49.4926 47.7584 46.444 46.0539 43.0073 39.038 37.9965 37.9502 37.476 36.3074 35.679 42.8298 48.6522 44.1941 35.6135
threshold=0.81188002228736889 0.0018258951022289696 0.96570476889610302 -0.69699320197105397 0.53634834289550792 0.26491229236125952 0.99543121457099926 0.75467070937156688 4.5000000000000009 0.0067095339763909587 0.23669467866420749 89.725547790527358 63.224515914916999 0.018878152593970302 0.00039894957444630569 -0.83398801088333119 48.808847427368171 -0.067475527524948106 0.89023575186729442 2.0302565097808842 7.5000000000000009 73.499401092529311 7.5000000000000009 0.8872683346271516 28.500000000000004 2.5000000000000004 0.53634834289550792 38.956640243530281 53.001201629638679 0.28174920380115515
decision_type=2 2 2 2 2 2 2 2 2 2 2 2 2 2 2 2 2 2 2 2 2 2 2 2 2 2 2 2 2 2
left_child=1 -1 4 24 5 -2 23 22 -9 10 15 17 14 -14 -12 -5 -10 25 -13 -20 -18 -6 -7 -4 -3 26 27 -11 29 -29
right_child=2 3 6 9 21 7 -8 8 16 11 12 18 13 -15 -16 -17 20 -19 19 -21 -22 -23 -24 -25 -26 -27 -28 28 -30 -31
leaf_value=-0.059169187257956168 0.055102376373780959 -0.056622281226814113 0.052638690938981735 0.012571901626674096 -0.036241716687898384 0.02914302688807385 0.061765553757365997 0.032105058278996346 0.041288182658425564 -0.054847856991366954 0.019248848237157817 0.0094154143349103967 -0.040561534499886309 0.0013370926292359787 -0.0083329721202351579 0.037750651498484632 0.0079868759033696179 -0.034815828976757883 0.033220091218817235 -0.042334619005395743 -0.061143289404569187 0.0096240079456273147 -0.053103821609743952 0.0090371378246304375 0.2680868662744012 -0.019589146582523347 0.0044716694614881708 0.069021726173935455 0.082181032452087757 0.44056539489292301
leaf_weight=6925.5391960539855 1165.4108792245388 288.87891977187246 3485.2562889456749 581.94101315643638 66.007382058538496 29.661904603242874 33848.459405701607 1611.7010450698435 159.32339074835181 4.9359272681176689 1324.2839981848374 914.17615628894418 124.04757908778265 3721.9478893857449 288.04409557953477 545.29471855331212 639.9813528098166 373.73443492688239 33.986521864775568 121.9768830826506 29.82667913287878 2233.0766123803332 59.001407843083143 72.908716332167387 0.27425556723028321 117.80998881813139 56.695065937470645 1.9968559266999393 12.691406741738318 1.9574367394670842
leaf_count=1142393 4538 37999 16522 4009 442 67 173163 4676 437 160 5626 3982 2831 11175 3349 1293 1904 3777 263 1418 114 4763 192 270 5 2734 527 32 120 23
internal_value=0.0345742 -0.0248157 0.0557028 0.0031299 0.0238001 0.0334449 0.0608141 0.0234488 0.0252392 0.00519359 0.00773683 -0.0050177 0.00421433 -2.44855e-05 0.0143192 0.0247747 0.0118705 -0.0224356 0.00426913 -0.0257635 0.00482194 0.00829201 -0.0255704 0.0517481 -0.0553914 0.00121774 0.0323851 0.102269 0.149326 0.304744
internal_weight=58840.8 15440.2 43400.6 8514.67 5993.99 3694.91 37406.6 2529.5 2440.83 8225.52 6585.56 1639.96 5458.32 3846 1612.33 1127.24 829.131 569.821 1070.14 155.963 669.808 2299.08 88.6633 3558.17 289.153 196.087 78.2767 21.5816 16.6457 3.95429
internal_count=1428804 1221716 207088 79323 17133 11928 189955 7390 7131 41319 28283 13036 22981 14006 8975 5302 2455 7373 5663 1681 2018 5205 259 16792 38004 3596 862 335 175 55
is_linear=0
shrinkage=0.06


Tree=54
num_leaves=31
num_cat=0
split_feature=0 0 0 5 7 5 7 7 9 9 3 6 2 9 7 9 6 8 6 6 2 7 5 4 16 6 6 9 6 6
split_gain=19403.9 5273.42 415.28 319.245 201.872 141.321 193.042 72.969 67.3618 58.1053 52.8995 50.2459 48.4367 53.1511 63.4302 64.3872 42.1883 39.2733 35.9571 35.0056 34.4509 34.405 33.1634 32.0096 40.2065 33.6587 73.0195 61.3468 43.3688 47.4836
threshold=0.92937996983528148 0.0018258951022289696 0.98484668135643016 0.98823553323745739 0.8872683346271516 0.60052680969238292 3.7084234918438601e-06 1.8193481564521792 71.707641601562514 71.707641601562514 1.5000000000000002 6.9923374652862558 -0.95418816804885853 80.972057342529311 0.62881579995155346 43.645593643188484 0.51491403579711925 58.64367866516114 4.1473574638366708 1.0013515353202822 -0.98909857869148243 0.022729906253516678 0.99721845984458934 -0.067475527524948106 99.090908050537124 3.9987739324569707 4.0469851493835458 99.82578277587892 4.9115769863128671 5.0324103832244882
decision_type=2 2 2 2 2 2 2 2 2 2 2 2 2 2 2 2 2 2 2 2 2 2 2 2 2 2 2 2 2 2
left_child=1 -1 4 5 16 9 8 11 -7 -3 22 12 -8 14 15 -14 -2 -10 19 -9 -11 -17 -4 24 -15 -25 27 -27 -28 -30
right_child=2 3 10 -5 -6 6 7 18 17 20 -12 -13 13 23 -16 21 -18 -19 -20 -21 -22 -23 -24 25 -26 26 28 -29 29 -31
leaf_value=-0.058911407467643596 -0.0065750758077541046 0.012192916268010228 0.055352607449862597 -0.059203667120700368 0.0024727104958733345 0.053293729956787252 -0.058700923349155797 -0.043039197723897915 0.044493894879840498 -0.023778005327009903 -0.047066246144318376 -0.030834195550370296 0.055277392598045573 0.021255501403654117 0.012669858892789612 0.025109576052372184 0.045854081182499326 0.013922614199883049 -0.017218055896905074 0.0072290010291577592 -0.00058499063109462087 -0.044883039781711348 0.061804961926686199 0.012927799244309651 0.14249766102245728 -0.06724207906545876 0.026445731124820068 0.057492415378728665 -0.039483021080886034 0.0074362317146481035
leaf_weight=6533.8735615373589 56.326548721641302 1399.3968150014989 3269.852025475353 251.42542828246951 491.43432882614434 505.16607447713614 31.160068140830845 51.977799808140844 228.41499619185925 244.72856131242588 15.577176406979559 88.117822476662695 335.2248448356986 33.356711832806468 1030.2070688637905 504.14987437427044 2376.1078715100884 448.62743293866515 403.97221309226006 851.72528113471344 3736.7382962713018 25.720201876014471 30877.648059155792 1641.8476716838777 13.246836823411284 90.891419589519501 220.11253160238266 15.995227567851542 112.26881663873792 246.18040961772203
leaf_count=1142697 252 9035 17012 34692 1218 1959 3559 235 537 7416 85 454 1145 315 3493 1205 10051 1108 1438 2611 15501 92 167296 3693 51 293 437 26 319 545
internal_value=0.0340008 -0.0152274 0.0592798 0.00759018 0.0375541 0.00896478 0.0146619 0.010079 0.0367163 0.00168073 0.061138 0.0137853 0.0147065 0.015256 0.0227473 0.0347196 0.0446378 0.0242869 -0.0023601 0.00429338 -0.00201621 0.0216339 0.0611887 0.00926789 0.0579875 0.00826781 -0.00289679 -0.0482161 0.0055445 -0.00732817
internal_weight=56131.5 19044.5 37086.9 12510.7 2923.87 12259.2 6878.36 5696.15 1182.21 5380.86 34163.1 4388.48 4300.36 4269.2 1895.3 865.095 2432.43 677.042 1307.68 903.703 3981.47 529.87 34147.5 2373.9 46.6035 2327.3 685.448 106.887 578.562 358.449
internal_count=1428770 1232856 195914 90159 11521 55467 23515 19911 3604 31952 184393 15627 15173 11614 5935 2442 10303 1645 4284 2846 22917 1297 184308 5679 366 5313 1620 319 1301 864
is_linear=0
shrinkage=0.06


Tree=55
num_leaves=31
num_cat=0
split_feature=0 0 0 5 7 9 0 0 7 10 7 8 4 6 7 0 11 2 2 0 14 10 10 6 1 3 6 3 6 6
split_gain=18560.8 4249.35 1150.68 240.863 185.564 118.063 97.362 86.6053 86.1843 116.603 84.6886 55.2306 49.5927 40.0497 38.4973 193.246 84.0709 100.646 97.3477 103.456 111.857 136.43 116.021 58.4515 50.3216 37.1334 36.5058 45.1805 34.6352 37.9133
threshold=0.88379943370819103 0.0021914592944085602 0.96570476889610302 0.99138492345809948 0.8872683346271516 63.84260559082032 0.99543121457099926 0.38107465207576757 1.0444364547729494 0.25403225421905523 0.072131048887968077 54.641149520874031 -0.0055938800796866408 5.9977171421051034 7.1985707563726473e-06 0.00024427770404145127 1.0000000180025095e-35 -0.99869278073310841 -0.99860525131225575 0.0015525914495810869 2.5000000000000004 0.12060606107115747 0.28869047760963445 2.9255490303039555 6.5000000000000009 1.5000000000000002 3.0140999555587773 3.5000000000000004 0.025757221505045894 3.9941577911376958
decision_type=2 2 2 2 2 2 2 2 2 2 2 2 2 2 2 2 2 2 2 2 2 2 2 2 2 2 2 2 2 2
left_child=1 14 4 7 5 -2 12 13 9 10 -9 -11 -4 -3 15 -1 18 23 -17 20 -20 -22 -23 -18 -25 -8 -6 -28 -7 -30
right_child=2 3 6 -5 26 28 25 8 -10 11 -12 -13 -14 -15 -16 16 17 -19 19 -21 21 22 -24 24 -26 -27 27 -29 29 -31
leaf_value=-0.054329707914659173 0.054747411735719641 -0.00021950415747983075 -0.058565841695248436 -0.060159813642386054 0.018543699789860577 -0.032238926055113082 0.061531139209558168 0.043005054197550956 -0.0058005939276850006 0.024027583154917535 0.010345614490022768 0.0049510559462829871 0.051006231233951996 -0.027332877787999612 -0.059542069478540502 -0.031645471151229572 -0.019227968563124222 -0.03534538955134859 -0.033775038054091086 0.01331659526978291 -0.02755070920140339 1.0151065981978236 -0.018432095212075741 0.91204177868574243 0.14969734977340199 -0.088179472163574954 0.0023754857510468845 -0.056638951309502042 0.033549786121864308 0.013541982753663178
leaf_weight=188.37500528246164 758.98769069463015 3726.0913984654471 14.153456348925827 205.21890094317496 573.6381977647543 35.045963853597641 30105.910443618894 690.0357488617301 1069.8355928957462 650.84462307393551 488.82979551330209 3382.2497042492032 3232.058560539037 206.02354334946722 5999.8812681166455 13.607080543879423 0.46785419527441297 1.3986906986683596 1.270079574082047 4.5397892189212143 0.83824875904247198 1.0566887180320916 0.43942313687875856 0.53726719692349412 0.99473830778151751 5.1343502700328818 698.07021792978048 49.046367794275284 1110.1498255245388 494.79749571532011
leaf_count=34725 3248 30578 154 30754 1107 118 172867 2042 2745 1354 1148 7544 16713 2776 1110711 2525 87 184 212 317 132 125 72 80 180 19 1655 149 3807 1732
internal_value=0.0332813 -0.0193799 0.0569047 0.00404067 0.0252424 0.0351829 0.0604345 0.00533635 0.00970699 0.0128907 0.0294827 0.00803474 0.0505106 -0.0016467 -0.0586477 -0.0333556 0.119813 0.360949 0.0679272 0.219557 0.42001 0.602989 0.825775 0.557504 0.671665 0.0615027 0.00717378 -0.0015692 0.0261006 0.0273938
internal_weight=53709.5 16632.5 37077 10419.1 3719.74 2398.98 33357.3 10213.9 6281.8 5211.96 1178.87 4033.09 3246.21 3932.11 6213.41 213.525 25.1499 3.39855 21.7513 8.14423 3.60444 2.33436 1.49611 1.99986 1.53201 30111 1320.75 747.117 1639.99 1604.95
internal_count=1429860 1228291 201569 78941 11816 8905 189753 48187 14833 12088 3190 8898 16867 33354 1149350 38639 3914 531 3383 858 541 329 197 347 260 172886 2911 1804 5657 5539
is_linear=0
shrinkage=0.06


Tree=56
num_leaves=31
num_cat=0
split_feature=0 0 0 4 7 0 7 14 6 6 0 16 8 10 6 0 6 2 6 1 14 2 9 14 6 14 8 7 10 10
split_gain=17161.6 4782.97 450.04 311.838 159.481 139.199 138.311 79.4312 60.9864 51.4466 44.6813 71.0755 149.608 56.4146 44.9356 43.8254 41.7143 40.9254 40.0726 42.1155 38.9726 37.635 35.9154 34.0398 33.9262 46.4591 32.9355 36.9303 37.9388 32.3109
threshold=0.92937996983528148 0.0013529912102967503 0.98484668135643016 -0.79962387681007374 0.71118706464767467 0.63609617948532116 3.7084234918438601e-06 11.500000000000002 2.9982769489288335 4.9571630954742441 0.0021914592944085602 51.355310440063484 62.563131332397468 0.30217391252517706 1.0007451772689822 0.99716070294380199 3.0113340616226201 -0.99826610088348378 3.9941577911376958 6.5000000000000009 12.500000000000002 -0.06340844556689261 56.021978378295906 28.500000000000004 0.13385648280382159 7.5000000000000009 92.40384674072267 0.99939909577369701 0.35857143998146063 0.44222222268581396
decision_type=2 2 2 2 2 2 2 2 2 2 2 2 2 2 2 2 2 2 2 2 2 2 2 2 2 2 2 2 2 2
left_child=1 -1 4 23 29 8 7 -7 10 24 11 -5 13 14 -13 -4 20 -16 19 -18 -10 -12 -19 -3 25 -8 27 28 -26 -2
right_child=2 3 15 5 -6 6 9 -9 16 -11 21 12 -14 -15 17 -17 18 22 -20 -21 -22 -23 -24 -25 26 -27 -28 -29 -30 -31
leaf_value=-0.058991112409801323 0.052153096628823073 -0.058797911863372604 0.053718944216317774 -0.053080690533249861 0.0055747833725854259 0.04383428243803543 0.023068408323473771 0.005809353592739994 -0.0054620135043394261 -0.0018878279398837259 0.010006695303354525 -0.024704937499116026 -0.051746867559322646 -0.031735213409114199 -0.020596325234487938 0.061523014153205234 0.011361885407326586 0.18327804804681438 -0.0061405677516651437 -0.05093295828931238 -0.044903572001452383 -0.01564022481535926 0.63131448263987777 0.24537266981882894 0.027240646018935857 -0.047647169336509275 0.022187340571082195 -0.0023751760380481481 0.0093749660594851791 0.036875686186056418
leaf_weight=5759.388402660843 788.92114118114114 262.48236473090947 2932.9627942740917 7.0130340172909227 525.3637286350131 802.01903184503317 59.648730817250907 262.83663824945688 208.25907516805455 950.969199183397 2506.0040011038072 0.68458571331575324 5.719106761738658 1.1018754513934252 0.51763876946642895 27503.1118372567 935.70042383810505 2.1435590498149404 1932.1422110549174 39.791775839868933 158.51532223355025 223.53042232291773 2.7097315508872271 0.36709717381745477 598.15731012541801 73.824152180925012 1353.7299201721326 602.59293146245182 1504.1480980077758 1407.2837377674878
leaf_count=1132064 3637 43745 16908 908 1305 2865 123 671 1718 2723 11724 73 709 152 90 167318 5506 78 16575 1415 1019 1671 132 4 1582 236 3064 1743 3553 6484
internal_value=0.0329614 -0.0137592 0.0586818 0.00709355 0.0352838 0.008485 0.0147893 0.0344629 0.00198667 0.01071 0.00857346 0.0960071 0.17518 0.34062 0.40327 0.0607728 -0.003545 0.453136 -0.00113646 0.00877123 -0.0225839 0.00790143 0.498549 -0.0574447 0.0135676 -0.016108 0.0145472 0.0107168 0.0144687 0.0423849
internal_weight=51411.6 18254 33157.6 12494.6 2721.57 12231.8 6207.93 1064.86 6023.83 5143.07 2749.42 19.8895 12.8765 7.15739 6.05552 30436.1 3274.41 5.37093 2907.63 975.492 366.774 2729.53 4.85329 262.849 4192.1 133.473 4058.63 2704.9 2102.31 2196.2
internal_count=1429795 1234143 195652 102079 11426 58330 16560 3536 41770 13024 15537 2142 1234 525 373 184226 26233 300 23496 6921 2737 13395 210 43749 10301 359 9942 6878 5135 10121
is_linear=0
shrinkage=0.06


Tree=57
num_leaves=31
num_cat=0
split_feature=0 0 0 5 7 5 7 10 6 17 2 0 10 6 4 6 8 1 7 8 0 14 6 6 6 9 17 6 16 17
split_gain=16361.4 4474.2 494.047 261.65 191.316 140.083 152.398 80.9162 56.1405 47.8366 43.2311 40.7555 39.9751 37.4196 42.591 41.9074 44.2902 35.2348 33.2547 49.3618 48.9683 41.1282 34.0682 32.9584 32.9395 41.6194 33.6611 32.2852 32.2299 30.4937
threshold=0.92937996983528148 0.0018258951022289696 0.98484668135643016 0.99138492345809948 0.71118706464767467 0.51504290103912365 1.4245864349504702e-05 0.26794873178005224 3.9987739324569707 84.040744781494155 -0.041061848402023308 0.99716070294380199 0.23669467866420749 1.9960368871688845 -0.43075647950172419 3.9404667615890507 83.424911499023452 6.5000000000000009 2.2212327166926119e-05 62.563131332397468 0.021605790592730049 37.500000000000007 2.0008491277694707 4.9981007575988778 2.010589718818665 82.397846221923842 61.721611022949226 0.055739754810929305 51.355310440063484 91.779277801513686
decision_type=2 2 2 2 2 2 2 2 2 2 2 2 2 2 2 2 2 2 2 2 2 2 2 2 2 2 2 2 2 2
left_child=1 -1 4 5 27 12 7 -7 10 -9 13 -4 17 -8 15 -15 -17 29 19 22 -20 -22 -14 -23 25 -16 -27 -2 -19 -3
right_child=2 3 11 -5 -6 6 8 9 -10 -11 -12 -13 18 14 24 16 -18 28 20 -21 21 23 -24 -25 -26 26 -28 -29 -30 -31
leaf_value=-0.058713016274826731 -0.010222010716751563 0.0018859373437056064 0.053647101002677111 -0.060301820430676924 0.0010344489005555629 0.05081985599333054 0.02593415594555859 0.037974337027966237 0.00059248942267101437 0.01013013724158137 -0.010302124355017546 0.061410639056216014 0.042882913402220856 -0.047669366093695709 0.013676521733273933 -0.047453011298260593 0.25778187303309658 0.070431318133762688 -0.030431415308930298 -0.0079408261446697326 -0.0065052983272175626 0.036956248009690044 0.0088566715263775162 -0.078302670487883183 0.014916961679357462 0.034099058384276501 -0.042147062755597077 0.042604270073701093 -0.023851264133405641 0.022812202813149447
leaf_weight=5487.4515165006742 42.142172642052174 458.43367788987234 2760.1271229758859 207.00080200284719 522.63547600246966 467.2257705964148 806.00265797879547 350.171272136271 2087.3077728231438 607.41299871355295 270.20060871494934 25921.046428313479 139.73067932762206 66.164760564919561 182.76171144843102 2.8264271491207174 2.5164969926699996 13.265111838001756 295.47641937527806 548.4143344219774 2017.7700078431517 118.68497429043055 431.61183473374695 8.722632881253956 2376.5504354052246 24.355946205556393 120.92118494212627 2084.110982414335 156.69278976367787 552.70116261020303
leaf_count=1142763 196 3093 16715 34357 1336 2042 2588 842 8100 1479 984 167139 387 3214 441 168 62 182 9263 2197 8396 383 1730 54 5491 51 364 10000 2360 2355
internal_value=0.0322769 -0.0136585 0.058375 0.0064239 0.0335619 0.00756974 0.012748 0.0303645 0.00851774 0.0203413 0.0128106 0.0606654 -0.000474078 0.0145564 0.0112449 -0.034159 0.114287 0.00908655 -0.00364728 0.00491064 -0.007574 -0.00441292 0.0172387 0.028517 0.0124576 -0.0053513 -0.0292186 0.0415529 -0.0161236 0.0133358
internal_weight=49130.4 17800.4 31330.1 12312.9 2648.89 12105.9 7364.42 1424.81 5939.61 957.584 3852.3 28681.2 4741.5 3582.1 2776.1 71.5077 5.34292 1181.09 3560.41 1119.76 2440.65 2145.18 571.343 127.408 2704.59 328.039 145.277 2126.25 169.958 1011.13
internal_count=1428732 1233346 195386 90583 11532 56226 25826 4363 21463 2321 13363 183854 30400 12379 9791 3444 230 7990 22410 4314 18096 8833 2117 437 6347 856 415 10196 2542 5448
is_linear=0
shrinkage=0.06


Tree=58
num_leaves=31
num_cat=0
split_feature=0 0 0 5 7 0 7 7 3 5 6 6 6 6 14 6 6 17 14 7 6 17 5 6 8 7 0 1 8 1
split_gain=15476.3 4252.85 493.908 226.424 155.088 107.528 130.69 72.2675 48.9242 44.204 43.8634 74.6344 51.8241 68.4897 69.6872 56.4302 62.3456 54.3185 49.7051 48.9778 43.2464 43.0406 44.0297 41.7779 39.6633 39.2322 188.551 66.751 66.7956 99.4364
threshold=0.92937996983528148 0.0021914592944085602 0.98484668135643016 0.99138492345809948 0.8872683346271516 0.81188002228736889 1.5619859695434573 1.0000000180025095e-35 1.5000000000000002 0.99649950861930858 2.9982769489288335 3.0272414684295659 3.980337500572205 4.0469851493835458 14.500000000000002 4.9981007575988778 5.0324103832244882 84.73193740844728 11.500000000000002 0.00048909912584349524 5.9977171421051034 51.66851997375489 0.73536700010299694 0.51491403579711925 99.462364196777358 7.1985707563726473e-06 0.00024427770404145127 5.5000000000000009 30.053763389587406 4.5000000000000009
decision_type=2 2 2 2 2 2 2 2 2 2 2 2 2 2 2 2 2 2 2 2 2 2 2 2 2 2 2 2 2 2
left_child=1 25 4 5 23 10 7 -7 9 -4 24 18 21 14 -14 -15 17 -17 -12 -20 -18 22 -13 -2 -3 26 -1 28 29 -28
right_child=2 3 8 -5 -6 6 -8 -9 -10 -11 11 12 13 15 -16 16 20 -19 19 -21 -22 -23 -24 -25 -26 -27 27 -29 -30 -31
leaf_value=-0.055416752971824239 -0.010386492935953673 0.0069851800890382973 0.052425084427922083 -0.060266674607160342 0.0030716206094517661 0.04039246908917906 -0.0018788331581775469 0.01721179910327026 -0.042819165637940346 0.061293435950861126 -0.0051898425376186016 -0.02766528799765177 -0.0047796254625254563 0.013955096655055205 -0.047729523052567599 0.0066191145475698494 0.012760366135039107 -0.05417329154222611 -0.062116841868014333 -0.0074821351950221122 -0.012105677412223166 0.017865471302253931 0.060298968401241465 0.041655737482797391 0.039300472198775999 -0.059481202146506033 -0.027002999367596585 0.032346669554101322 0.12936788820841741 0.74099700428990278
leaf_weight=158.96141928527504 56.738606829196215 3458.811541014351 2256.9850474335253 180.33200980722904 502.98864706791937 625.40004963055253 1113.7721275836229 2149.5537835359573 15.833820123225449 24864.293545687571 317.00763859646395 142.38649663422257 378.36965341679752 931.54483471531421 211.53285432653502 80.095816321205348 527.52886573085561 153.76333801215515 152.08342181704938 96.679756340570748 479.88747696019709 975.8912668786943 22.939667826518416 2011.5945050809532 141.43052064580843 5034.8001175024547 0.7990732686594153 15.03248559636995 8.728969138581304 0.86487880069762468
leaf_count=34740 269 15928 14252 31154 1247 2561 2385 5826 86 169893 2219 1236 2552 4931 1267 666 3149 1033 899 447 3511 4546 182 9994 435 1110171 116 2526 1148 84
internal_value=0.031815 -0.0131953 0.0581135 0.00627923 0.0329603 0.00728767 0.0154824 0.0224488 0.0604955 0.0605574 0.00333739 -0.000632802 0.00232046 -0.00212325 -0.0202357 0.00280117 -0.00557405 -0.0334126 -0.0209791 -0.0409985 0.000915052 0.0130705 -0.0151707 0.0402238 0.0082652 -0.0584825 -0.031038 0.117709 0.227501 0.500493
internal_weight=47066.6 17358.2 29708.4 12139 2571.32 11958.7 3888.73 2774.95 27137.1 27121.3 8069.95 4469.71 3903.94 2762.72 589.903 2172.82 1241.28 233.859 565.771 248.763 1007.42 1141.22 165.326 2068.33 3600.24 5219.19 184.387 25.4254 10.3929 1.66395
internal_count=1429453 1233712 195741 84927 11510 53773 10772 8387 184231 184145 43001 26638 23073 17109 3819 13290 8359 1699 3565 1346 6660 5964 1418 10263 16363 1148785 38614 3874 1348 200
is_linear=0
shrinkage=0.06


Tree=59
num_leaves=31
num_cat=0
split_feature=0 0 0 4 7 0 7 4 0 9 6 6 6 6 6 0 8 14 14 6 6 10 10 1 17 6 14 10 3 9
split_gain=14820.7 3894.65 517.154 256.261 177.995 115.208 119.439 62.4385 48.1345 44.5304 42.8811 72.9848 66.7611 77.4952 84.5949 60.4988 53.2935 48.5812 48.1268 42.4083 64.7524 45.277 40.4499 40.3669 40.2978 39.1826 37.4134 37.7808 43.8062 37.3245
threshold=0.92937996983528148 0.0013529912102967503 0.98484668135643016 -0.63829940557479847 0.71118706464767467 0.81188002228736889 1.6159158803930044e-05 -0.03543432988226413 0.99716070294380199 68.438713073730483 2.9954572916030888 3.0218182802200322 2.1250880956649785 1.9991011023521426 1.2516554594039919 0.0059790529776364574 81.53021621704103 26.500000000000004 32.500000000000007 3.9987739324569707 4.0469851493835458 0.18834459781646731 0.44222222268581396 6.5000000000000009 55.646631240844734 4.984053611755372 2.5000000000000004 0.3390804678201676 2.5000000000000004 98.994949340820327
decision_type=2 2 2 2 2 2 2 2 2 2 2 2 2 2 2 2 2 2 2 2 2 2 2 2 2 2 2 2 2 2
left_child=1 -1 4 -3 22 10 9 -8 -4 -7 12 16 13 14 26 17 -12 -14 -19 23 21 -21 -2 -13 -23 -22 -5 28 -28 -29
right_child=2 3 8 5 -6 6 7 -9 -10 -11 11 19 15 -15 -16 -17 -18 18 -20 20 25 24 -24 -25 -26 -27 27 29 -30 -31
leaf_value=-0.058763121646139387 0.051375178838528129 -0.053514338966734715 0.052371013823206906 -0.040072174837039745 9.6022523754734403e-05 0.053578427986157265 -0.015302987091102815 0.012522252735097921 0.061185361205864333 0.023574247440184701 -0.0017064496914389001 0.01169822807348621 0.067639258048028117 -0.014284633558401188 0.025353092494554159 0.016306505543522688 -0.037723070696909396 0.47757894047125016 -0.028426591457412533 0.009017194447628555 0.011200896838648108 0.0033625841814342999 0.033364320160316652 -0.050663397730141807 -0.047480999955705781 -0.0054193594649897823 0.023737150412512922 -0.012742632096532794 -0.056389808144857098 0.042328327575834754
leaf_weight=4833.2692384612747 704.24837619066238 263.27677104156464 2525.1228503324091 85.263741591945291 511.49397732503712 315.24244230054319 323.08498620893806 2796.6778459511697 23109.410906553268 414.43354473635554 272.09091315604746 1298.2990951510146 46.565580122172832 762.21487454883754 665.00703454436734 1045.020350840874 323.298359031789 1.1062848740257312 0.84013334196060885 107.42452252283692 828.78136913385242 72.454923829063773 1271.6614933907986 37.500663666054606 245.99643292091787 1326.756476232782 305.77304283995181 521.6874865014106 25.756193085573614 47.43381083291024
leaf_count=1131530 3663 46403 16908 723 1332 1654 1191 7085 167419 1254 2102 5889 1275 4191 2425 3264 1656 16 32 672 4691 713 6527 1309 1631 9219 1550 2557 297 129
internal_value=0.031066 -0.0132231 0.0577841 0.00492299 0.031644 0.00622367 0.0147544 0.00963667 0.0603192 0.0365926 0.00212738 -0.00174027 0.00710358 0.00152815 0.00883299 0.0193944 -0.0212941 0.0842404 0.32365 0.00123645 -0.00325442 -0.0246042 0.0398064 0.00991093 -0.0359386 0.000973183 -0.00232434 0.00128969 0.0173613 -0.00808651
internal_weight=45087.2 16965.3 28121.9 12132 2487.4 11868.7 3849.44 3119.76 25634.5 729.676 8019.27 4512.6 3506.67 2413.14 1650.92 1093.53 595.389 48.512 1.94642 3917.21 2581.41 425.876 1975.91 1335.8 318.451 2155.54 985.914 900.651 331.529 569.121
internal_count=1429307 1233458 195849 101928 11522 55525 11184 8276 184327 2908 44341 27882 16459 11872 7681 4587 3758 1323 48 24124 16926 3016 10190 7198 2344 13910 5256 4533 1847 2686
is_linear=0
shrinkage=0.06


Tree=60
num_leaves=31
num_cat=0
split_feature=0 0 0 5 7 0 7 0 7 8 7 16 15 8 10 10 2 5 16 6 6 10 6 0 17 8 17 7 10 6
split_gain=13771.8 3796.68 523.825 249.415 135.98 105.429 101.436 52.4826 42.1556 42.8434 40.9482 61.2608 69.7426 52.0888 50.321 52.3006 39.7342 52.6516 70.9275 53.8887 39.0559 38.0278 37.8402 36.8213 51.4848 35.9582 34.3577 43.7335 51.6845 31.7301
threshold=0.92937996983528148 0.0013529912102967503 0.98484668135643016 0.99138492345809948 0.71118706464767467 0.81188002228736889 1.6159158803930044e-05 0.99716070294380199 2.2512538433074956 91.715686798095717 4.1093673644354574e-05 91.106716156005874 1.0000000180025095e-35 69.282051086425795 0.053342817351222045 0.31414473056793218 -0.99652439355850209 0.0027410968905314807 64.400920867919936 1.0121915340423586 0.75467070937156688 0.3717105239629746 3.3672220706939702 0.0026680384762585167 46.737588882446296 96.899040222167983 30.940170288085941 0.0049065230414271363 0.41885964572429663 0.055739754810929305
decision_type=2 2 2 2 2 2 2 2 2 2 2 2 2 2 2 2 2 2 2 2 2 2 2 2 2 2 2 2 2 2
left_child=1 -1 4 5 20 10 21 -4 9 -8 13 16 14 23 22 -16 -12 18 -18 -20 -2 -7 -13 24 -3 -15 -19 28 -28 -14
right_child=2 3 7 -5 -6 6 8 -9 -10 -11 11 12 29 25 15 -17 17 26 19 -21 -22 -23 -24 -25 -26 -27 27 -29 -30 -31
leaf_value=-0.058659401892343588 -0.0093627697521352377 -0.024033658455134919 0.051630013937983568 -0.060187275477758657 0.0039576988943146492 0.04964019691905934 0.0077681526787012241 0.061090313148566104 -0.002002821965183386 0.024464158841164735 -0.054524815703574349 0.021869151661548351 -0.035899136462902992 -0.00034977796332682224 0.063203123741549447 -0.032760803390102677 -0.048969871048424478 0.011905122287334004 -0.036115517495110286 0.38106703231803879 0.039929864369754473 0.021779756555151318 -0.077353876996576351 0.016845795513507213 0.14318653508437987 0.049992346307647754 0.0091198374738043677 -0.024879742558346171 -0.016475790252326251 0.0032599182302636368
leaf_weight=4561.8777650450356 59.380544340237975 9.7759840865619498 2386.2088481858373 203.49522917065769 527.01615645177662 343.59161388501525 1441.5955736003816 21792.435761235654 769.03882253170013 898.45412188768387 64.206079506315291 39.745004723314196 75.269073934759945 1405.3667384693399 160.294372075703 22.784322530962527 3.9046742534264904 278.42327099805698 1.3010501181706784 3.1687619821168482 1849.4188599102199 367.07958349958062 19.984954284038395 1112.4289603680372 18.042957244440913 52.004335181321949 547.56757252290845 539.2205116469413 588.00872799567878 3202.7363117593341
leaf_count=1132016 295 497 16786 41181 1304 1789 3948 167368 1675 2255 7062 291 642 4623 1181 86 301 2373 80 54 9928 1118 278 3499 463 122 3118 7382 2910 15038
internal_value=0.0306732 -0.0119846 0.0574865 0.0055182 0.0309467 0.00664072 0.0148637 0.0601588 0.0101825 0.0141862 0.00278267 -0.000129198 0.00465352 0.00899793 0.0356136 0.0511472 -0.00843969 -0.00690424 0.134972 0.275233 0.0383923 0.0353004 -0.0120568 0.0185975 0.085628 0.00147966 -0.00758129 -0.0108259 -0.00413658 0.00235008
internal_weight=43343.8 16729.4 26614.5 12167.5 2435.82 11964 3819.76 24178.6 3109.09 2340.05 8144.23 5546.61 3520.81 2597.62 242.809 183.079 2025.8 1961.59 8.37449 4.46981 1908.8 710.671 59.73 1140.25 27.8189 1457.37 1953.22 1674.8 1135.58 3278.01
internal_count=1429663 1233982 195681 101966 11527 60785 10785 184154 7878 6203 50000 40796 17516 9204 1836 1267 23280 16218 435 134 10223 2907 569 4459 960 4745 15783 13410 6028 15680
is_linear=0
shrinkage=0.06


Tree=61
num_leaves=31
num_cat=0
split_feature=0 0 5 0 0 7 7 9 16 14 7 10 6 14 7 7 16 7 10 9 7 6 6 5 6 6 14 6 16 0
split_gain=13094.8 3921.82 255.072 180.552 126.889 125.878 67.2714 74.1017 68.6129 60.6548 59.9114 59.9991 59.0383 52.9548 44.7605 43.7801 41.4533 45.3578 70.4359 65.3859 46.5807 37.9718 46.9669 36.2945 35.408 34.1934 31.3104 32.754 29.8225 30.9296
threshold=0.96570476889610302 0.0013529912102967503 0.99138492345809948 0.88379943370819103 0.99543121457099926 3.1044690331327736e-05 4.1093673644354574e-05 76.230831146240249 69.028213500976577 2.5000000000000004 1.8193481564521792 0.44222222268581396 5.8254165649414071 1.5000000000000002 0.78521895408630382 0.36089827120304113 89.725547790527358 0.8872683346271516 0.18834459781646731 83.893524169921889 0.00048909912584349524 0.99637636542320263 3.857281088829041 0.43902739882469183 0.89733102917671215 3.9941577911376958 26.500000000000004 1.962033808231354 1.0000000180025095e-35 0.038541378453373916
decision_type=2 2 2 2 2 2 2 2 2 2 2 2 2 2 2 2 2 2 2 2 2 2 2 2 2 2 2 2 2 2
left_child=1 -1 3 6 15 -5 7 9 -9 13 11 14 16 -3 -7 -2 28 18 -18 -19 -20 -12 -23 -15 -13 -26 27 -22 -8 -30
right_child=4 2 -4 5 -6 10 12 8 -10 -11 21 24 -14 23 -16 -17 17 19 20 -21 26 22 -24 -25 25 -27 -28 -29 29 -31
leaf_value=-0.058632453115718353 0.047948108394231054 0.042802847869173336 -0.059642789017552864 0.040809579898394788 0.060802196911141235 0.041098349803552509 0.066751640680933769 0.017820131201618666 -0.0038295669254114796 0.033483760441673414 -0.072738857820095371 -0.059904045853642486 -0.017600510995960977 -0.05792655817886886 0.016607654627966862 0.0051151366187789891 0.026635504643745127 -0.0069922769351336506 -0.004075030743386548 0.10929730533323484 0.027588757998586077 0.015963668534745484 -0.014464974929769456 0.019137188642902241 0.018100624486209003 -0.011351748928399963 0.021816802329539947 -0.0018119988584166197 -0.0190568998336814 -0.0012680967788734436
leaf_weight=4300.8666847678833 2390.4321421645582 47.609494531527162 201.95771692250855 810.36181742139161 21244.708030896261 521.2311654035002 19.994381846627221 933.31004826491699 1208.1762630753219 724.4876897954382 24.31079138815403 27.45845914259553 569.37156553659588 67.983403421938419 558.0407051295042 89.369889941066504 671.58360666758381 1028.773669091519 1166.8590834699571 16.707457321230322 170.75913249049336 397.06448724865913 336.4044459015131 31.708012184128165 433.64053452759981 209.88167942687869 649.0173517819494 662.32393356179819 448.37729339161888 1622.4416266619228
leaf_count=1131307 16427 141 41483 3846 172780 2435 149 3270 4053 2693 78 99 4677 345 1119 445 3440 4994 4558 66 572 711 752 116 1676 820 2309 2555 15433 5766
internal_value=0.0300871 -0.00871718 0.00711794 0.00813169 0.0592996 0.0202628 0.00412033 0.0116186 0.00560979 0.0263554 0.0136103 0.0197092 0.000903431 -0.00869453 0.0284625 0.0464071 0.0025376 0.00586405 0.00929493 -0.00503123 0.00489023 -0.000483744 0.00200692 -0.0334689 0.00560822 0.00849217 0.0119466 0.0042402 -0.00440814 -0.0051271
internal_weight=41585.2 17860.7 13559.8 13357.9 23724.5 3318.39 10039.5 3013.27 2141.49 871.789 2508.03 1750.25 7026.21 147.301 1079.27 2479.8 6456.84 4366.02 3320.54 1045.48 2648.96 757.78 733.469 99.6914 670.981 643.522 1482.1 833.083 2090.81 2070.82
internal_count=1429115 1239463 108156 66673 189652 11536 55137 10618 7323 3295 7690 6149 44519 602 3554 16872 39842 18494 13434 5060 9994 1541 1463 461 2595 2496 5436 3127 21348 21199
is_linear=0
shrinkage=0.06


Tree=62
num_leaves=31
num_cat=0
split_feature=0 0 4 0 7 0 7 9 7 6 6 6 3 4 6 10 0 0 6 8 14 8 14 14 7 6 1 6 8 10
split_gain=12320.8 3723.51 221.012 164.79 152.134 134.133 56.6421 139.645 43.0518 41.1015 55.3438 84.8783 84.9127 92.895 54.1551 51.6916 50.0031 48.8937 47.9594 48.9566 45.9992 44.664 43.8791 42.4134 41.2943 38.6285 47.5284 37.6063 35.3934 63.9862
threshold=0.96570476889610302 0.0013529912102967503 -0.79962387681007374 0.81188002228736889 1.0000000180025095e-35 0.99543121457099926 0.53634834289550792 70.782848358154311 0.96904209256172191 2.9895937442779545 2.1250880956649785 1.9991011023521426 2.5000000000000004 -0.56932592391967762 1.2516554594039919 0.3390804678201676 0.0026680384762585167 0.0059790529776364574 3.0272414684295659 82.712642669677749 26.500000000000004 40.175437927246101 5.5000000000000009 7.5000000000000009 0.0027520556468516593 0.75467070937156688 4.5000000000000009 2.0055125951766972 62.563131332397468 0.1863425895571709
decision_type=2 2 2 2 2 2 2 2 2 2 2 2 2 2 2 2 2 2 2 2 2 2 2 2 2 2 2 2 2 2
left_child=1 -1 -3 9 -5 8 7 -6 -2 10 11 12 13 -4 15 16 21 20 19 -11 28 22 -15 -13 -19 -9 -27 -25 29 -12
right_child=5 2 3 4 6 -7 -8 25 -10 18 17 23 -14 14 -16 -17 -18 24 -20 -21 -22 -23 -24 27 -26 26 -28 -29 -30 -31
leaf_value=-0.058435573473624262 0.04679066333869758 -0.05631734570410793 0.19724298856580719 0.039886536323767818 0.050590316611813992 0.060670017296565223 0.0052868445203801701 -0.031034851181862444 -0.006951871465133784 0.0012956851029186031 0.26188954546507304 0.0012527998141654017 -0.065983349258458376 -0.030255641005470593 0.025049812779010954 -0.0079320694827080557 0.016460940944702129 0.023755670277602999 0.0015933342248405653 -0.030356449743058782 0.30480212244579008 0.052910886747185373 0.41129484331259347 -0.042387014507986862 -0.004991320780679015 0.020832914747995063 -0.00062906343489465535 -0.0048934647368683165 -0.017576729969379479 0.050992275721352114
leaf_weight=4057.9393190983683 2324.8134834952652 193.75877271709032 8.763161607552318 832.56756973825395 405.12932168506086 20094.098438933492 2253.4134913291782 72.865570295602083 54.680809810757637 333.44038039539009 5.6971583140548345 351.10127230221406 49.960959254065529 0.91740925889462177 642.96478614024818 614.3108854261227 343.63104366045445 712.4234105758369 3921.9341972908005 371.19009031378664 2.0875067845918229 8.3927488040644658 2.1405639825388789 238.59439799096435 240.13326497701928 1063.6006713844836 570.44870339892805 161.51653297618032 13.934462542645631 26.288623599335551
leaf_count=1131278 16664 43953 298 4094 2015 173248 5279 212 253 2611 118 2529 737 64 2243 3044 1314 1810 25684 1823 31 381 8 1126 1365 3676 1889 698 438 692
internal_value=0.0296784 -0.00807157 0.00713669 0.00806895 0.0163954 0.0590716 0.0119071 0.0189646 0.0455533 0.00269069 0.0076743 0.00276789 0.0102969 0.012687 0.0115623 0.0025999 0.0207919 0.0195377 -0.000997176 -0.0153976 0.0780286 0.139001 0.304015 -0.0139719 0.0165111 0.0114332 0.0133447 -0.0273016 0.0614431 0.095357
internal_weight=39972.7 17499.1 13441.2 13247.4 5198.03 22473.6 4365.46 2112.04 2379.49 8049.42 3422.86 2422.29 1671.08 1621.12 1612.36 969.393 355.082 1000.56 4626.56 704.63 48.0078 11.4507 3.05797 751.212 952.557 1706.91 1634.05 400.111 45.9202 31.9858
internal_count=1429575 1239410 108132 64179 17165 190165 13071 7792 16917 47014 16896 12442 8089 7352 7054 4811 1767 4454 30118 4434 1279 453 72 4353 3175 5777 5565 1824 1248 810
is_linear=0
shrinkage=0.06


Tree=63
num_leaves=31
num_cat=0
split_feature=0 0 5 0 0 7 6 6 3 8 7 6 6 6 14 6 6 7 9 9 7 2 7 9 2 3 0 7 17 1
split_gain=11804.9 3441.28 193.69 151.607 148.045 143.948 59.288 61.4632 49.9879 44.6989 43.3257 42.0682 50.6663 71.3593 46.7114 46.4335 45.7688 45.7644 41.7363 44.1985 40.5123 40.0997 41.0012 37.3909 36.2508 32.6161 88.8399 74.8047 60.567 94.109
threshold=0.96570476889610302 0.0018258951022289696 0.99254158139228832 0.81188002228736889 0.99543121457099926 1.0000000180025095e-35 0.51491403579711925 2.9931827783584599 1.5000000000000002 91.715686798095717 0.36089827120304113 2.9990785121917729 2.0707226991653447 1.9960368871688845 8.5000000000000018 0.96871358156204235 3.0218182802200322 0.0027520556468516593 38.122762680053718 98.994949340820327 0.62881579995155346 -0.99275383353233326 1.6159158803930044e-05 73.347888946533217 -0.75785845518112172 1.5000000000000002 0.00024427770404145127 5.6505758038838401e-05 87.068004608154311 6.5000000000000009
decision_type=2 2 2 2 2 2 2 2 2 2 2 2 2 2 2 2 2 2 2 2 2 2 2 2 2 2 2 2 2 2
left_child=1 25 3 11 10 23 -7 -8 -6 -9 -2 12 13 15 24 -3 18 -14 -13 -20 -11 22 -18 -5 -15 26 -1 28 -28 -30
right_child=4 2 -4 5 8 6 7 9 -10 20 -12 16 17 14 -16 -17 21 -19 19 -21 -22 -23 -24 -25 -26 -27 27 -29 29 -31
leaf_value=-0.057417034923784395 0.045935779654538642 -0.0078441252555743191 -0.06023754602060552 0.051927763744994943 0.060599560178419561 -0.029468022205312697 0.02157535946420926 -0.0012265893142250405 -0.13651482576873827 0.033585736480088585 0.0025499867784192771 0.017258162485158785 0.022707917649239066 -0.016475318719128308 -0.028399355877656508 0.01503024541983234 0.014811998831926958 -0.0045844786840990269 -0.032399624021176431 0.034552802524886558 0.0084594462479863092 0.0016509437191463139 -0.048954206954271724 0.02599682171310903 0.021332521268921049 -0.059676205396365867 0.044121092367982166 -0.029293613556661321 0.44500882574542439 -0.040844558488340982
leaf_weight=277.67520252801478 2183.7853366844356 439.62058237730525 154.24959759390913 388.12591410800815 18929.711751593277 126.23499726131558 1548.7161503210664 1326.4930612985045 3.7271429896354666 304.23003108985722 86.253907522186637 95.63167528109625 976.13815421238542 189.44971267320216 380.11687961616553 1162.894631718751 52.9415317857638 285.50702266045846 393.27735953405499 38.195125489961356 954.74479969590902 3710.9735731377732 111.8796107431408 420.72621710970998 174.36719881556928 3508.9695702269673 27.037211212562401 58.462539657717571 2.6676597071345887 2.1031607666518539
leaf_count=81237 16442 3006 34152 2400 173026 375 4639 4210 17 1286 451 583 3186 2071 1744 4724 781 2449 2818 86 1936 17016 6894 1742 392 1038591 6276 15935 579 544
internal_value=0.0288972 -0.00817581 0.00638841 0.00717865 0.0588145 0.0152979 0.0108871 0.0121261 0.0605535 0.00645984 0.0442891 0.00203961 0.00684173 0.00162609 -0.0137196 0.0087541 -0.00189631 0.016533 -0.0184669 -0.0264066 0.014553 0.000361461 -0.0285063 0.0384885 0.00165372 -0.0578821 -0.0406568 0.0109625 0.0835901 0.260863
internal_weight=38314.9 17111.4 13234.5 13080.3 21203.5 5069.27 4260.42 4134.18 18933.4 2585.47 2270.04 8010.99 3608.09 2346.45 743.934 1602.52 4402.9 1261.65 527.104 431.472 1258.97 3875.79 164.821 808.852 363.817 3876.92 367.946 90.2706 31.808 4.77082
internal_count=1429588 1239652 96490 62338 189936 16588 12446 12071 173043 7432 16893 45750 17572 11937 4207 7730 28178 5635 3487 2904 3222 24691 7675 4142 2463 1143162 104571 23334 7399 1123
is_linear=0
shrinkage=0.06


Tree=64
num_leaves=31
num_cat=0
split_feature=0 0 4 0 0 7 10 7 10 7 14 0 7 9 8 14 7 9 7 7 0 2 3 5 5 6 1 7 4 0
split_gain=11220.2 3267.61 215.334 149.971 113.703 117.909 123.024 54.4719 44.2132 88.232 68.287 57.2467 56.0385 49.8256 44.983 46.0582 84.7351 55.6695 53.0777 43.921 54.3622 38.2314 38.1838 34.6145 34.3189 35.3955 34.6638 32.4353 44.0353 43.2528
threshold=0.96570476889610302 0.0011936113587580623 -0.79962387681007374 0.99543121457099926 0.88379943370819103 0.53634834289550792 0.26794873178005224 0.1463500112295151 0.30901856720447546 0.0013210475444793703 3.5000000000000004 0.0021914592944085602 0.00014019193622516471 66.802719116210952 48.050632476806648 17.500000000000004 0.017838914878666404 88.084316253662124 0.00048909912584349524 2.0087929442524913e-05 0.0086993081495165842 -0.93216282129287709 1.5000000000000002 0.43902739882469183 0.94737157225608837 0.0078648007474839705 5.5000000000000009 0.95683798193931591 -0.49817265570163721 0.079893685877323165
decision_type=2 2 2 2 2 2 2 2 2 2 2 2 2 2 2 2 2 2 2 2 2 2 2 2 2 2 2 2 2 2
left_child=1 -1 -3 7 8 6 -6 -2 9 10 -4 12 -12 -13 19 16 17 23 -17 -10 -21 -11 -5 -16 25 -8 -27 28 29 -23
right_child=3 2 4 22 5 -7 24 -9 14 21 11 13 -14 -15 15 18 -18 -19 -20 20 -22 27 -24 -25 -26 26 -28 -29 -30 -31
leaf_value=-0.058482473385580137 0.045890628554924408 -0.058022689366186694 0.0027896021017177861 0.060523254260251097 0.050701215785244794 0.0032345212136616485 -0.078638730717311492 0.0013438310485535034 0.022422376999329217 -0.021021157178084306 0.24668522048431715 0.039174002832549175 -0.04522939525194565 0.0098285749144430834 -0.010053943040017121 -0.0039322622825052281 -0.058645888567677634 -0.016112126213812437 0.012483787571036369 -0.047273739910190703 0.0059587873983718469 0.30724300997146886 -0.096494063352254175 0.017507424062900182 0.031474225168489751 0.01690256136476068 -0.015626426388312686 -0.0021883382840269454 0.010574599088172949 0.059042215641848091
leaf_weight=3596.9686636845581 2082.1062092129141 185.49517346452922 497.06825356953777 17851.694307660684 543.38648572005332 1315.2288020793349 14.949980944395064 103.80508135817945 593.8792503781151 236.38113773148507 7.2199319554492813 583.69515073671937 2.9397369704674929 324.86928617116064 271.47137248166837 1874.3684044845868 119.12413418968208 906.99973141518421 1139.1591716418043 75.328453619033098 724.58170681726187 2.0742760009598014 4.7257124632596961 411.58650018274784 384.50485107675195 721.43144906871021 140.12319317087531 1211.6890948920045 938.91274348879233 19.310842674225569
leaf_count=1126072 16359 47629 3622 172978 3335 3104 53 585 2250 7102 261 2272 510 1067 2061 7318 1782 3144 4217 5035 4344 74 18 880 1920 2761 537 5167 2900 257
internal_value=0.0283223 -0.00777664 0.0059962 0.0586572 0.00690984 0.0169015 0.0268561 0.0437768 0.00377281 0.00883251 0.0207134 0.0303974 0.165735 0.0287035 0.000608459 -0.00218718 -0.010052 -0.00637682 0.00227534 0.010076 0.000893054 0.00184245 0.0604763 0.00655488 0.0165489 0.00997306 0.0116001 0.00433927 0.0125694 0.0957666
internal_weight=36885.1 16842.7 13245.8 20042.3 13060.3 3119.62 1804.4 2185.91 9940.66 3824.16 1415.79 918.724 10.1597 908.564 6116.5 4722.71 1709.18 1590.06 3013.53 1393.79 799.91 2408.37 17856.4 683.058 1261.01 876.505 861.555 2171.99 960.298 21.3851
internal_count=1429614 1239674 113602 189940 65973 11710 8606 16944 54263 23232 7732 4110 771 3339 31031 19402 7867 6085 11535 11629 9379 15500 172996 2941 5271 3351 3298 8398 3231 331
is_linear=0
shrinkage=0.06


Tree=65
num_leaves=31
num_cat=0
split_feature=0 0 5 0 0 4 5 2 0 16 8 9 10 8 5 5 9 8 5 3 5 2 5 16 8 5 10 5 9 9
split_gain=10566.5 3104.43 239.445 153.136 112.238 41.7723 40.8278 50.1941 49.7684 65.2838 120.131 117.242 107.889 78.4817 49.364 44.9719 40.443 122.178 104.107 36.3474 32.3998 28.3869 61.8662 43.7463 46.9426 27.9286 34.3815 27.2968 73.9492 40.0801
threshold=0.96570476889610302 0.00086811895016580831 0.99254158139228832 0.99543121457099926 0.88379943370819103 -7.9376408393727602e-05 0.28830029070377355 -0.98205760121345509 0.0015525914495810869 79.622642517089858 83.047893524169936 56.265703201293952 0.070197045803070082 59.885057449340827 0.0010913982987403872 0.025714718736708168 91.533855438232436 30.053763389587406 0.00057626923080533754 1.5000000000000002 0.99649950861930858 -0.99722847342491139 0.0027410968905314807 58.434959411621101 63.224515914916999 0.94737157225608837 0.44222222268581396 0.92418035864830028 84.650035858154311 81.649658203125014
decision_type=2 2 2 2 2 2 2 2 2 2 2 2 2 2 2 2 2 2 2 2 2 2 2 2 2 2 2 2 2 2
left_child=1 16 4 20 6 -6 8 -8 9 -3 11 12 -11 -14 -15 -16 -1 18 -18 -5 -2 -10 23 -23 -25 26 -7 29 -29 -9
right_child=3 2 -4 19 5 25 7 27 21 10 -12 -13 13 14 15 -17 17 -19 -20 -21 -22 22 -24 24 -26 -27 -28 28 -30 -31
leaf_value=-0.059196367906586021 0.043642578042576249 0.023453191480705887 -0.058656306582169061 0.060407786204830907 0.0014309770045293792 0.022362763929439512 -0.059114554427950688 0.01329537580662527 -0.043635926377711035 -0.02446124566085927 -0.045891114875172903 -0.034262007434823549 -0.015356446548733547 -0.0088675965680853758 1.0702608911615989 -0.0072010008006474979 0.7947194399449321 -0.051989898306286642 -0.027496771900750519 -0.08778912138727564 -0.049189920575429293 -0.01886675868195542 -0.0026647488952897865 0.21694190161044644 0.00023568533677414358 0.031409781284962038 0.0057378819242171059 -0.019758655172104286 0.086567923875738723 0.0036703923941563163
leaf_weight=3333.1400105899666 2066.1593772508204 25.227079184725881 202.94951675157063 16800.31448835507 525.35726808011532 1280.9354131501168 40.893612673738971 2631.0096872749273 58.794018872082233 0.68389087496325363 3.1968149235472083 1.3136113064829258 0.34218741348013271 0.17268239334225643 0.95623817760497309 0.13584485556930304 0.3286909027956415 6.3358404533937573 0.84111463907174766 5.1260540783405295 12.841535497456787 8.1991787296719867 3015.806418153923 10.374991559889166 5.2669496189337215 594.20061130821705 689.60583106055856 277.92352606868371 24.731546149356291 3817.9089151003864
leaf_count=1106479 16658 6450 55198 172598 1078 4711 7332 8511 4846 194 891 316 95 50 146 40 49 2021 274 19 148 358 21947 118 169 2960 2628 2666 333 9388
internal_value=0.0277792 -0.00720967 0.00585382 0.0584539 0.00686435 0.0168479 0.00375398 0.00636645 -0.00191476 0.0713493 0.223225 0.420036 0.61179 0.788083 0.916257 0.996856 -0.0588767 0.0733539 0.463319 0.0603574 0.0430458 -0.00269486 -0.00188887 0.0924125 0.148371 0.0200041 0.0165506 0.00677176 -0.0108137 0.00759862
internal_weight=35441.1 16556.6 13216 18884.4 13013 3090.1 9922.94 6792.47 3130.47 32.0283 6.80127 3.60446 2.29084 1.60695 1.26477 1.09208 3340.65 7.50565 1.16981 16805.4 2079 3098.44 3039.65 23.8411 15.6419 2564.74 1970.54 6751.57 302.655 6448.92
internal_count=1428671 1239248 130425 189423 75227 11377 63850 28230 35620 8182 1732 841 525 331 236 186 1108823 2344 323 172617 16806 27438 22592 645 287 10299 7339 20898 2999 17899
is_linear=0
shrinkage=0.06


Tree=66
num_leaves=31
num_cat=0
split_feature=0 0 0 5 5 7 9 7 8 17 6 7 7 0 11 17 2 17 5 5 2 7 2 2 10 6 3 10 7 14
split_gain=10059 2914.56 160.54 151.86 116.235 146.015 74.4499 63.8735 58.2024 49.177 44.046 40.2921 38.1482 136.456 98.7819 88.8857 71.7866 55.5553 54.8552 79.8839 47.535 36.5129 35.2289 31.0354 30.9721 30.7308 28.4585 24.6663 42.7846 46.9662
threshold=0.96570476889610302 0.0018258951022289696 0.99543121457099926 0.99254158139228832 0.60052680969238292 1.8060607544612143e-05 73.931308746337905 1.8193481564521792 98.386676788330092 82.842723846435561 8.1526007652282733 0.62881579995155346 7.1985707563726473e-06 0.00024427770404145127 1.0000000180025095e-35 37.617923736572273 -0.99860525131225575 61.324785232543952 0.0014202909078449013 0.00077619118383154284 -0.99869278073310841 0.36089827120304113 -0.041061848402023308 -0.95418816804885853 0.41885964572429663 5.9891998767852792 1.5000000000000002 0.15504807978868487 0.014160122256726028 25.500000000000004
decision_type=2 2 2 2 2 2 2 2 2 2 2 2 2 2 2 2 2 2 2 2 2 2 2 2 2 2 2 2 2 2
left_child=1 12 21 4 27 6 -6 8 10 -8 23 -10 13 -1 16 20 -15 -18 19 -19 24 -2 -9 -7 -16 -11 -4 -3 -29 -30
right_child=2 3 26 -5 5 7 9 22 11 25 -12 -13 -14 14 15 -17 17 18 -20 -21 -22 -23 -24 -25 -26 -27 -28 28 29 -31
leaf_value=-0.05250093936383151 0.04389953857916843 0.0092741289888327288 0.060317106101306577 -0.057779169565986041 0.047457965654776654 -0.058040577387520519 0.035074645395562702 -0.0011277273726876742 0.047093571530461509 0.010685535962207509 -0.11273073888969146 0.016307306395656612 -0.058901395484734102 -0.054675903698860377 0.70314021242707103 -0.033067246797888181 -0.041998115932218694 -0.030208700129675265 -0.03338161307684747 0.5622913372176106 -0.017285317752351613 0.0037142578558625227 -0.03956297925521865 0.0086118491214942621 -0.010458658630445154 -0.055033785108797584 -0.078624172194455763 -0.00057240427514092967 -0.033674615413590937 0.033043232612641867
leaf_weight=100.31363810645416 1916.1009664796293 800.86229313025251 15874.517766318284 132.96684569329955 482.55094490386546 24.328658749349415 394.28537274338305 1471.2086708310526 232.10296047478914 566.59473437070847 9.8803147922735644 451.07083861739375 3142.156819781987 9.8142004909459537 1.4264662484638395 1.209632283542305 2.2659277014900008 0.99638438527472351 1.1869461941532788 1.9700818690471349 0.4014851357787842 85.20997260697186 90.175272069405764 3881.7351566234138 0.2088121015112846 25.840474968776107 4.4971042424440375 4169.3948796149343 257.98805874586105 43.688967345748097
leaf_count=34787 16396 5346 172902 34301 2838 4104 1366 4568 1229 1836 90 1197 1104726 2530 163 220 345 148 103 89 79 432 302 12764 32 95 16 22801 3714 177
internal_value=0.0271769 -0.00691896 0.0582514 0.00577555 0.00643498 0.0111685 0.0281586 0.00711242 0.0106716 0.0186818 0.00784818 0.0268202 -0.0576322 -0.0241283 0.117408 0.375898 0.0469027 0.188639 0.298198 0.405838 0.54969 0.0421913 -0.0033714 0.00818196 0.642628 0.00773112 0.0602728 -0.000416321 -0.00215377 -0.0239353
internal_weight=34177 16296.6 17880.3 13034.7 12901.7 7629.77 1469.27 6160.5 4599.12 986.721 3915.94 683.174 3261.95 119.794 19.4799 3.2464 16.2335 6.41934 4.15341 2.96647 2.03676 2001.31 1561.38 3906.06 1.63528 592.435 15879 5271.93 4471.07 301.677
internal_count=1429696 1239950 189746 96728 62427 30389 6135 24254 19384 3297 16958 2426 1143222 38496 3709 494 3215 685 340 237 274 16828 4870 16868 195 1931 172918 32038 26692 3891
is_linear=0
shrinkage=0.06


Tree=67
num_leaves=31
num_cat=0
split_feature=0 0 5 0 0 7 7 6 7 8 5 9 9 0 6 16 8 3 1 16 5 9 8 7 7 9 17 17 7 7
split_gain=9652.8 2668.18 204.898 167.042 109.066 108.927 49.6712 45.4866 45.0746 49.581 43.3156 54.5661 56.3409 61.6681 89.1152 57.2088 102.233 48.4924 55.3437 51.5388 64.066 40.6337 87.4412 58.336 38.0681 54.3097 60.2918 43.3003 34.4428 57.4133
threshold=0.96570476889610302 0.00086811895016580831 0.99138492345809948 0.99716070294380199 0.88379943370819103 3.3405318390578038e-05 0.96904209256172191 7.489851951599122 1.8193481564521792 92.40384674072267 0.28830029070377355 1.0000000180025095e-35 58.191438674926765 0.0018258951022289696 3.3672220706939702 79.622642517089858 83.047893524169936 3.5000000000000004 5.5000000000000009 99.090908050537124 0.072016023099422469 91.533855438232436 30.053763389587406 0.00023445983970304954 8.680441897013226e-05 71.195312500000014 92.495311737060561 89.827587127685561 0.00048909912584349524 0.8872683346271516
decision_type=2 2 2 2 2 2 2 2 2 2 2 2 2 2 2 2 2 2 2 2 2 2 2 2 2 2 2 2 2 2
left_child=1 21 4 6 10 -6 -2 8 9 -7 11 -3 13 14 15 -13 -17 -14 -19 -20 -21 -1 23 -23 25 -12 -27 -26 -29 -30
right_child=3 2 -4 -5 5 7 -8 -9 -10 -11 24 12 17 -15 -16 16 -18 18 19 20 -22 22 -24 -25 27 26 -28 28 29 -31
leaf_value=-0.058691089255911794 0.044728752453823864 -0.037327878334759937 -0.057714506376400958 0.060474722585445555 0.036829539602162668 0.0064809898474990548 -0.011052892649952989 -0.078573482000687714 -0.002072642024703661 0.027922880477810934 0.034097191295361283 0.065863582939833965 -0.0051833077861471724 0.014739243329693731 -0.051410724591631138 0.49982817574166449 -0.037009722808513792 -0.051444497154635158 0.04341345143083418 0.56203628545812345 -0.027645610296314037 0.54232326095528971 -0.051127656936015557 -0.027566748011251169 -0.012021318846236972 0.023584669223241476 -1.5656030602282919e-05 -0.0064375794206228583 0.014205355000065293 -0.0024454103533695752
leaf_weight=2964.7911113991868 2351.3259022664279 160.06845817132853 185.66836412949488 14482.130019927397 674.12844565324485 879.99249915592372 58.541897045448422 19.959180101752281 730.72480353713036 694.88080932758749 333.91181559301913 5.0221296758390945 2550.5629058994818 368.07311164401472 5.7841555119957766 3.5714770925696939 1.5910965863149611 3.3827875116839987 2.9966826240997761 1.3964256227482112 0.79277654970064748 0.88148143957368918 5.6469778250902891 0.84489767579361796 660.03290403005667 579.27218148112297 1186.5430360548198 808.26097804680467 1840.9137767637148 1251.9605621905066
leaf_count=1106273 21998 1226 55495 167402 3773 3601 281 79 1504 2434 1343 813 27534 3169 1556 358 448 184 371 44 37 55 2000 284 7393 1296 2908 2074 5724 7035
internal_value=0.0264446 -0.00707494 0.00469357 0.0580372 0.00560584 0.0156104 0.0433697 0.00944626 0.010242 0.0159535 0.002531 -0.00332311 -0.00146167 0.0199375 0.131825 0.231181 0.355218 -0.00467952 0.130149 0.237771 0.406784 -0.0583338 0.0751991 0.355605 0.00525847 0.0119418 0.00773535 0.00217986 0.00458502 0.0074667
internal_weight=32813.7 15921.7 12949.5 16892 12763.8 2999.69 2409.87 2325.56 2305.6 1574.87 9764.14 3103.24 2943.17 384.042 15.9689 10.1847 5.16257 2559.13 8.56867 5.18588 2.1892 2972.16 7.37336 1.72638 6660.9 2099.73 1765.82 4561.17 3901.14 3092.87
internal_count=1428692 1239011 130399 189681 74904 11391 22279 7618 7539 6035 63513 35740 34514 6344 3175 1619 806 28170 636 452 81 1108612 2339 339 27773 5547 4204 22226 14833 12759
is_linear=0
shrinkage=0.06


Tree=68
num_leaves=31
num_cat=0
split_feature=0 0 5 0 0 6 6 6 6 9 8 5 5 2 2 2 9 0 2 1 6 6 17 8 6 3 6 8 6 6
split_gain=9073.06 2586.47 182.598 175.015 101.603 62.3617 65.5244 40.3126 59.7378 37.0319 64.3641 39.6951 33.1187 61.8015 46.9392 38.8561 36.6233 33.4116 65.0701 39.1291 54.4123 56.4665 32.5044 30.4255 44.2126 40.9248 30.3052 30.2265 38.2473 41.8509
threshold=0.96570476889610302 0.00095630198484286677 0.99138492345809948 0.99543121457099926 0.81188002228736889 0.89733102917671215 3.9987739324569707 4.984053611755372 5.0324103832244882 91.533855438232436 30.053763389587406 0.00057626923080533754 0.0027410968905314807 -0.99722847342491139 -0.99475938081741322 -0.31834602355957026 56.265703201293952 0.0015525914495810869 -0.99860525131225575 6.5000000000000009 3.0347664356231694 3.9869384765625004 74.754901885986342 91.715686798095717 4.0008180141448983 2.5000000000000004 6.9923374652862558 99.462364196777358 4.1150696277618417 3.9993827342987065
decision_type=2 2 2 2 2 2 2 2 2 2 2 2 2 2 2 2 2 2 2 2 2 2 2 2 2 2 2 2 2 2
left_child=1 9 4 -2 7 -6 -7 12 -9 -1 11 -11 13 17 -14 16 22 18 -3 20 -20 -22 -15 24 -8 -25 -26 28 29 -16
right_child=3 2 -4 -5 5 6 23 8 -10 10 -12 -13 14 15 27 -17 -18 -19 19 -21 21 -23 -24 25 26 -27 -28 -29 -30 -31
leaf_value=-0.058731074290253066 0.040354876590538429 -0.052912691531793232 -0.05731146303154297 0.060087930464646631 -0.021802736194285417 0.019488061503004559 -0.072463602367105792 -0.031228185641448837 -0.00088245758431360955 0.40014071104138788 -0.051168628642184341 -0.029271100527951725 -0.031314360004463422 -0.036341963419237802 0.002867789231518353 -0.050541003143242523 0.068965979513463269 -0.026718825101661806 0.08642969643014041 -0.039597297558215915 0.58999372629645863 -0.022947745986807898 0.25629967675681725 0.017894359065158041 0.0025479758174646243 -0.026679434637660645 -0.04398937384331067 0.024274846090649459 0.016114596936521435 -0.016132999734866676
leaf_weight=2814.643695514882 1837.4364419151098 7.17647238797508 166.12473644409329 14117.689922698773 180.67255750484765 2930.081457387656 30.639360938221216 304.00314577762038 996.96271834569052 1.453424581792204 5.6847182414494455 0.94571003899909545 138.94543834752403 1.3159641688689649 5072.5581816078629 4.1826164582744232 14.950489722657947 39.427476583048701 4.181938840309158 1.8964487554039804 1.2955098552629349 0.61309355730190862 9.046621432527898 712.73428438976407 829.37694783136249 81.860930263996124 52.628527604043484 248.79284122539684 707.30289619811811 453.72284651966766
leaf_count=1112838 16835 2050 51913 172768 582 10385 164 2796 8736 55 2120 312 9302 67 22261 407 548 2611 518 415 122 131 128 2290 2781 210 198 794 3016 2599
internal_value=0.0258975 -0.00631112 0.00500155 0.0578181 0.00581315 0.0126967 0.0140452 0.00166977 -0.00799203 -0.0583566 0.0641483 0.272058 0.00354524 0.0407417 0.00306679 0.109159 0.136465 0.0024768 0.0753466 0.183655 0.24895 0.452904 0.219209 0.00469789 -0.0027757 0.0132745 -0.000275542 0.00380844 0.00298783 0.00130514
internal_weight=31768.3 15813.2 12990.5 15955.1 12824.4 4817.99 4637.32 8006.37 1300.97 2822.73 8.08385 2.39913 6705.41 84.0866 6621.32 29.4957 25.3131 54.5909 15.1635 7.98699 6.09054 1.9086 10.3626 1707.24 912.645 794.595 882.005 6482.38 6233.58 5526.28
internal_count=1429952 1240349 125024 189603 73111 16610 16028 56501 11532 1115325 2487 367 44969 6997 37972 1150 743 5847 3236 1186 771 253 195 5643 3143 2500 2979 28670 27876 24860
is_linear=0
shrinkage=0.06


Tree=69
num_leaves=31
num_cat=0
split_feature=0 0 4 0 0 7 10 6 7 6 9 6 5 10 6 6 11 7 14 6 6 6 6 11 9 6 7 9 14 6
split_gain=8733.6 2369.45 176.818 175.545 79.1913 120.414 123.327 44.5872 42.079 40.0069 62.8252 50.8443 36.6762 38.292 54.9289 103.16 55.0982 47.3349 56.9718 42.6859 75.6668 63.6389 74.2913 73.9301 52.3544 52.2142 40.8623 39.9383 41.6064 37.3759
threshold=0.96570476889610302 0.00095630198484286677 -0.79962387681007374 0.99543121457099926 0.88379943370819103 0.78521895408630382 0.26794873178005224 4.9981007575988778 0.36089827120304113 5.2006025314331064 89.676071166992202 5.6809058189392099 0.92418035864830028 0.31414473056793218 4.1150696277618417 3.997780561447144 1.0000000180025095e-35 0.0067095339763909587 3.5000000000000004 3.2685205936431889 2.9982769489288335 2.0926085710525517 1.9991011023521426 1.0000000180025095e-35 98.994949340820327 0.96871358156204235 0.00017739352915668863 60.622179031372077 5.5000000000000009 3.0218182802200322
decision_type=2 2 2 2 2 2 2 2 2 2 2 2 2 2 2 2 2 2 2 2 2 2 2 2 2 2 2 2 2 2
left_child=1 -1 -3 8 7 6 -6 12 -2 10 -9 -11 13 17 15 19 -17 18 -4 20 21 22 25 -24 29 -15 -23 -20 -29 -22
right_child=3 2 4 -5 5 -7 -8 9 -10 11 -12 -13 -14 14 -16 16 -18 -19 27 -21 24 26 23 -25 -26 -27 -28 28 -30 -31
leaf_value=-0.057972914442756276 0.04183367136667774 -0.057676768940180909 0.0020296721166488453 0.060005792657657757 0.049416335403650445 -0.00042765525732237287 0.013688772359329828 -0.0044669895445218219 -0.0025992583271693963 0.023761981748981118 -0.053021897731108769 -0.0077580185781896309 -0.01894746650687484 -0.015136743550844026 0.017888014522485854 -0.044970735622139747 0.0042494618951795593 0.0026669213591179386 0.039543315819291464 0.015191613340894089 -0.036530637055883657 0.027286126406604043 -0.036917570037352153 0.01208987757459286 0.032503033412067825 0.012475073487494801 0.001262184289989275 0.069475945709688458 0.0090514238017417939 -0.0048218358202272793
leaf_weight=2661.9629267156124 1682.4511579331011 163.09166406583972 520.09035563888028 13322.784118919633 490.59006926417351 1255.3501622537151 1193.6385486256331 249.24856389779598 80.274061502888799 232.01337445829995 155.17154173506424 879.11696582171135 239.39004644006491 337.00031029805541 655.96745638712309 271.60671676346101 116.79044544417411 1455.5661921207793 454.58471288671717 736.35402332083322 365.72984711872414 531.37812809483148 361.52944131591357 159.01674633426592 62.498547804774716 910.66682350914925 367.07747809169814 44.318422961514443 438.59772160323337 211.25384264113382
leaf_count=1114691 16293 55341 4907 172861 3437 3004 5330 2127 446 1515 1193 6650 3171 2100 2956 2025 681 8641 2864 3255 2512 1529 2141 728 164 3293 1893 138 2033 1294
internal_value=0.0251407 -0.00645965 0.004209 0.0576487 0.00500855 0.0136396 0.0241188 0.00240652 0.0398099 -0.00704854 -0.0231818 -0.00116093 0.00414632 0.00483965 0.00169759 -0.000702798 -0.0301974 0.0103238 0.0179629 0.00213776 -0.00077334 0.0036732 -0.00293477 -0.0219523 -0.0192924 0.00501085 0.0166669 0.0267904 0.0147288 -0.0249494
internal_weight=30605.1 15519.6 12857.6 15085.5 12694.5 2939.58 1684.23 9754.97 1762.73 1515.55 404.42 1111.13 8239.42 8000.03 5086.87 4430.9 388.397 2913.16 1457.59 4042.51 3306.15 2666.67 1768.21 520.546 639.482 1247.67 898.456 937.501 482.916 576.984
internal_count=1429213 1239613 124922 189600 69581 11771 8767 57810 16739 11485 3320 8165 46325 43154 24571 21615 2706 18583 9942 18909 15654 11684 8262 2869 3970 5393 3422 5035 2171 3806
is_linear=0
shrinkage=0.06


Tree=70
num_leaves=31
num_cat=0
split_feature=0 0 0 5 7 5 2 7 0 16 7 9 8 9 10 7 2 9 7 14 7 9 5 8 14 7 5 9 8 9
split_gain=8285.15 2220.7 185.954 157.956 89.2078 116.954 106.915 51.8248 42.4888 38.2373 47.7447 103.542 60.9799 50.6962 73.2701 66.0349 57.4005 47.3828 42.6917 71.9874 79.3514 74.3979 40.9232 38.0335 36.7379 46.2213 36.6748 36.0384 53.3674 35.8304
threshold=0.96570476889610302 0.00095630198484286677 0.99716070294380199 0.99254158139228832 1.8060607544612143e-05 0.83430194854736339 -0.99275383353233326 0.36089827120304113 0.0026680384762585167 93.475177764892592 0.0011563430307433011 86.685932159423842 60.097087860107429 97.349815368652358 0.089572194963693633 0.36089827120304113 -0.91239327192306507 28.13657379150391 1.8193481564521792 11.500000000000002 0.71118706464767467 38.641853332519538 0.050099568441510207 35.214626312255866 7.5000000000000009 0.017838914878666404 0.15060451626777652 91.533855438232436 30.053763389587406 71.195312500000014
decision_type=2 2 2 2 2 2 2 2 2 2 2 2 2 2 2 2 2 2 2 2 2 2 2 2 2 2 2 2 2 2
left_child=1 27 7 4 5 8 -6 -2 23 10 11 -8 26 14 17 -16 -15 -12 19 20 21 -11 -21 -3 -23 -26 -13 -1 -29 -7
right_child=2 3 -4 -5 6 29 9 -9 -10 18 13 12 -14 16 15 -17 -18 -19 -20 22 -22 24 -24 -25 25 -27 -28 28 -30 -31
leaf_value=-0.058109128672599014 0.042864241759061963 -0.054840106123995702 0.060228914782565347 -0.057829186576506701 -0.038845978170754601 0.050764896521742819 0.022209432110753578 -0.0045346109230696595 0.0053558673297212662 0.051110134641173595 -0.002527005013298677 -0.020364503019979743 -0.023186941855627512 0.1444780267925477 -0.021826121080011592 -0.080247777224948746 0.0092817167702603162 0.07882231973991019 -0.0036995899263341037 -0.030739762259498073 0.0052055354321917857 0.030911604542315299 0.003812822648465991 0.094515580814778968 0.010638385195212251 -0.059084610956252136 0.014712967628539377 0.23641414958857335 -0.05068887863654755 0.023998842603605297
leaf_weight=2504.5116317465436 2035.3638717271388 6.8298687105998388 12139.499515777454 146.25940347160213 224.96831429004669 282.20450086146593 672.58114835899323 86.384295744821429 2065.8471831604838 354.13445648690686 432.84394215862267 143.57110239518806 496.09564234642312 11.181496154749764 579.9058080338873 78.455663815839216 160.04832492233254 26.405064891558141 1433.3879624835681 127.57719212421216 1010.9634284912609 314.48018641048111 3066.0738950702362 32.278869790956378 263.84175656945445 38.310057123191655 415.65349977090955 2.7893146967980993 5.3549001826904714 505.37053503841162
leaf_count=1112032 21770 464 167281 51561 20516 2250 2809 519 6626 1780 2915 1082 1874 169 4413 1766 502 300 4058 2349 3618 1102 9558 1012 864 286 1097 369 2218 2269
internal_value=0.0244094 -0.00610366 0.0573612 0.00395687 0.00467051 0.0139328 0.00194957 0.0409332 0.00654607 0.00290698 -0.00268965 0.00382892 -0.00789537 -0.0114251 -0.0160836 -0.0288993 0.0188978 0.00231137 0.00546173 0.0079993 0.0169794 0.0292229 0.00242336 0.0677154 0.0165906 0.00163241 0.00568717 -0.0576926 0.0627418 0.0336419
internal_weight=29663.2 15401.9 14261.2 12889.3 12743 2892.53 9850.48 2121.75 2104.96 9625.51 3016.74 1727.9 1055.32 1288.84 1117.61 658.361 171.23 459.249 6608.77 5175.38 1981.73 970.766 3193.65 39.1087 616.632 302.152 559.225 2512.66 8.14421 787.575
internal_count=1429429 1239859 189570 125240 73679 12621 61058 22289 8102 40542 16927 6862 4053 10065 9394 6179 671 3215 23615 19557 7650 4032 11907 1476 2252 1150 2179 1114619 2587 4519
is_linear=0
shrinkage=0.06


Tree=71
num_leaves=31
num_cat=0
split_feature=0 0 0 5 5 7 10 16 7 2 9 5 6 5 6 17 17 6 9 14 7 9 6 1 7 10 10 8 7 8
split_gain=7903.1 2120.4 201.693 155.412 77.118 99.4602 109.919 58.8529 47.2841 43.0661 38.1288 73.4999 38.1199 37.3597 36.3468 30.4871 46.4891 41.7602 39.7385 36.1032 35.763 80.0889 56.8496 40.4183 29.6579 28.7355 60.2113 40.3285 39.3449 35.4443
threshold=0.96570476889610302 0.00086811895016580831 0.99543121457099926 0.99649950861930858 0.28830029070377355 8.680441897013226e-05 0.25403225421905523 58.123168945312507 0.28174920380115515 -0.98205760121345509 88.084316253662124 0.00057626923080533754 3.0006066560745244 0.86405959725379955 0.96871358156204235 88.303691864013686 31.698564529418949 5.6809058189392099 97.349815368652358 2.5000000000000004 0.71118706464767467 30.521412849426273 3.017446875572205 4.5000000000000009 0.00054238061420619499 0.23669467866420749 0.045983087271451957 48.808847427368171 2.2212327166926119e-05 29.1900749206543
decision_type=2 2 2 2 2 2 2 2 2 2 2 2 2 2 2 2 2 2 2 2 2 2 2 2 2 2 2 2 2 2
left_child=1 10 8 4 25 6 -6 -8 -2 -7 -1 -12 14 -9 -11 16 18 19 -14 -18 21 -17 -23 -24 -19 26 -3 28 -27 -30
right_child=2 3 -4 -5 5 9 7 13 -10 12 11 -13 15 -15 -16 20 17 24 -20 -21 -22 22 23 -25 -26 27 -28 -29 29 -31
leaf_value=-0.05888087417016756 0.039753676502413099 -0.026264508634732738 0.059848068650661217 -0.059842863797590531 0.041912125313369096 -0.059006448583880128 0.028064439599881339 0.00030351354282732881 -0.0061123991002096619 -0.01031346455164108 0.21964201238155148 -0.054543923147020966 -0.037417899098575659 0.019566326091378278 0.011253543234549622 0.043698622109421659 0.01992836371849865 -0.0071903329755412769 0.037813495800866979 -0.029347742028453212 -0.004665924750846458 -0.035777601958160155 0.025850311205725129 0.0010300372840288054 -0.10097053128705549 0.016650797100026097 0.011902540255808393 -0.014152769101747863 -0.030801417604458384 0.0045651917393265953
leaf_weight=2345.5875408337452 1558.9089725827798 182.55265224678442 11851.120309001766 136.45271911565214 498.96410272829235 39.123133373679593 551.19334717839956 1300.8474411964417 85.081632873043418 317.40015441738069 4.2777861333452156 9.7316789198666793 34.376338894478977 501.49041544087231 2426.2895915391855 194.94496034551412 71.112668025773019 17.550858274102211 88.127098672557622 208.44287379086018 1710.1711031384766 124.322359547019 300.67219009809196 1088.6047044247389 39.592897469643503 385.66537440614775 785.33711878699251 1337.5795478818472 171.08710758318193 249.99826437351294
leaf_count=1104066 16400 2030 172782 52530 3086 9280 1653 3134 493 1782 865 4277 271 2197 7919 997 596 49 239 1047 5562 434 833 2986 343 2184 10015 12275 3450 5926
internal_value=0.0237383 -0.00604929 0.0571137 0.0036132 0.0043037 0.00698564 0.0163584 0.0109253 0.0373777 0.00296985 -0.0582883 0.0382343 0.00334489 0.00567116 0.00875574 -0.000484649 -0.0149829 -0.0264782 0.0165704 -0.0167867 0.00146657 0.00760404 0.00292943 0.00641646 -0.0727864 -0.00389388 0.00468422 -0.00776617 0.00282713 -0.0098432
internal_weight=28616.6 15121.5 13495.1 12761.9 12625.4 9513.23 2852.5 2353.53 1643.99 6660.73 2359.6 14.0095 6621.61 1802.34 2743.69 3877.92 459.203 336.699 122.503 279.556 3418.72 1708.54 1513.6 1389.28 57.1438 3112.22 967.89 2144.33 806.751 421.085
internal_count=1429701 1240026 189675 130818 78288 42408 10070 6984 16893 32338 1109208 5142 23058 5331 9701 13357 2545 2035 510 1643 10812 5250 4253 3819 392 35880 12045 23835 11560 9376
is_linear=0
shrinkage=0.06


Tree=72
num_leaves=31
num_cat=0
split_feature=0 0 0 5 0 7 7 6 6 5 14 14 0 6 6 10 16 10 6 17 0 9 17 6 6 6 10 8 7 10
split_gain=7288.75 2047.4 197.212 150.162 77.1955 89.5579 48.4838 38.535 47.2512 31.903 52.0838 40.4866 44.3992 55.9918 52.1455 85.2684 64.4025 48.0961 46.9767 44.4157 30.2229 29.8008 27.5633 26.0023 36.7154 27.4202 59.2444 47.2396 35.4732 28.4693
threshold=0.96570476889610302 0.00086811895016580831 0.99543121457099926 0.99649950861930858 0.81188002228736889 1.0000000180025095e-35 0.28174920380115515 0.51491403579711925 2.9895937442779545 0.10457579419016839 8.5000000000000018 2.5000000000000004 0.0018258951022289696 3.997780561447144 3.8733344078063969 0.094494048506021514 79.622642517089858 0.070197045803070082 1.0202044248580935 63.286264419555671 0.0043597351759672174 72.773891448974624 96.871944427490249 4.9270589351654062 2.0028887987136845 2.9788488149642949 0.65942031145095836 93.127067565917983 0.00016155056073330345 0.067424245178699507
decision_type=2 2 2 2 2 2 2 2 2 2 2 2 2 2 2 2 2 2 2 2 2 2 2 2 2 2 2 2 2 2
left_child=1 -1 6 4 9 21 -2 -7 -9 10 11 -3 13 14 15 16 -13 -18 -17 -16 -11 -6 -8 24 -12 26 28 -28 -26 -27
right_child=2 3 -4 -5 5 7 22 8 -10 20 23 12 -14 -15 19 18 17 -19 -20 -21 -22 -23 -24 -25 25 29 27 -29 -30 -31
leaf_value=-0.057852832227647186 0.039457441019236365 -0.017584831855821579 0.059752158363019788 -0.059771006391064509 0.047240596553447048 -0.023982566047601971 -0.050714100163326961 0.017829526473955845 0.0040953981427499161 -0.058197117491903212 -0.041848219269781231 -0.034224332723255341 0.0045333462805165229 -0.053601265289301626 0.52926465410556034 0.14121395929576425 -0.022828162691320934 0.52529843717767555 -0.055294723806671081 -0.022910517095591439 0.0039393631161761221 0.020819520133112012 0.020221625737273999 -0.05246541397402122 0.034180196708913244 0.07826694846869188 0.052725077466184371 0.24499829356777431 -0.060298572940856297 -0.020820178037679545
leaf_weight=2226.8632297688164 1492.9781719809398 323.25278430921026 11188.221219204366 128.52163363341242 272.62069498375058 130.30946960300207 31.967903075739741 1413.3480655252934 2490.8402538662776 27.315643366426229 131.65477362368256 1.3066832963377333 977.17823031684384 8.0407807002775353 0.92558235907927044 6.1232179396320161 0.60653420817106996 2.1516944887116551 10.444614331470801 0.61101363319903612 6049.6640594215132 357.47930413670838 48.157993696630001 82.153588691959158 28.068703082157299 10.051343356026335 25.551038754638288 4.8805164173245421 27.239331245655194 195.68255190341733
leaf_count=1109439 16315 6006 172941 52672 2351 379 210 4560 7522 7801 1675 310 10632 2383 137 497 134 109 2543 152 23242 1710 267 1633 150 173 345 27 420 2919
internal_value=0.0236576 -0.00479775 0.0569528 0.00450453 0.00516602 0.0112874 0.0370183 0.0079973 0.00907056 0.00155655 -0.00537284 0.000858458 0.00678815 0.07724 0.124961 0.0884323 0.304045 0.430763 0.021236 0.387225 0.00365053 0.0323077 -0.00835594 -0.021752 -0.0156792 -0.00375626 0.0245725 0.0903748 -0.0125953 -0.015624
internal_weight=27694.2 14932.9 12761.3 12706 12577.5 4664.6 1573.1 4034.5 3904.19 7912.9 1835.92 1330.64 1007.39 30.2101 22.1693 20.6327 4.06491 2.75823 16.5678 1.5366 6076.98 630.1 80.1259 505.282 423.128 291.473 85.7396 30.4316 55.308 205.734
internal_count=1429654 1239921 189733 130482 77810 16522 16792 12461 12082 61288 30245 22903 16897 6265 3882 3593 553 243 3040 289 31043 4061 477 7342 5709 4034 942 372 570 3092
is_linear=0
shrinkage=0.06


Tree=73
num_leaves=31
num_cat=0
split_feature=0 0 0 5 0 7 10 7 7 5 9 7 7 10 16 14 10 7 8 10 8 14 7 0 14 6 8 7 8 10
split_gain=7163.84 1825.96 196.143 135.386 71.7654 88.0546 55.0255 63.9456 47.3067 42.0907 38.4997 60.4481 35.5229 103.35 62.9544 48.3637 50.3193 41.3555 33.6586 31.8953 30.8964 30.3965 29.905 35.5505 36.7743 34.8103 30.2469 48.0699 31.2763 29.7707
threshold=0.96570476889610302 0.00086811895016580831 0.99716070294380199 0.99649950861930858 0.88379943370819103 1.8193481564521792 0.44222222268581396 0.78521895408630382 0.91780313849449169 0.050099568441510207 88.084316253662124 0.00023445983970304954 0.1030123718082905 0.18350168317556384 91.547618865966811 7.5000000000000009 0.58578431606292736 0.00041815541044343268 43.779762268066413 0.25403225421905523 56.048780441284187 24.500000000000004 0.00041815541044343268 0.00095630198484286677 5.5000000000000009 0.75467070937156688 93.127067565917983 0.00034503590723034 60.49571609497071 0.25403225421905523
decision_type=2 2 2 2 2 2 2 2 2 2 2 2 2 2 2 2 2 2 2 2 2 2 2 2 2 2 2 2 2 2
left_child=1 10 8 4 9 6 7 -6 -2 22 -1 19 13 14 -11 16 17 -15 -8 -12 -18 29 25 24 -24 -3 28 -28 -27 -14
right_child=2 3 -4 -5 5 -7 18 -9 -10 12 11 -13 21 15 -16 -17 20 -19 -20 -21 -22 -23 23 -25 -26 26 27 -29 -30 -31
leaf_value=-0.058025661830225547 0.040545947298339644 -0.054007569852224845 0.060013707639229828 -0.059742203109455681 0.039335179335597603 -0.0059266857970960091 0.029432971631774132 0.011000087834443359 -0.015272500168197579 0.0045524413583083179 0.42918557317059081 -0.053923006134371156 -0.0028247197704534058 0.027644671419394338 0.040633244212184047 -0.0014262810291095567 0.0038001822777083099 0.0018772354466119929 0.0014542913445968521 0.083166115900792606 -0.030293090102964635 0.058349606487037631 -0.0353368796464111 -0.024281710847834977 0.34585669375183198 0.0075119409086781075 0.026953392448085731 0.23840962126818072 -0.01658173347717928 -0.028444502506371542
leaf_weight=2087.593896498438 1823.442162623629 44.333552729338408 10217.959374225698 121.47420767787844 657.18187760934234 726.08514243736863 195.42657115310431 509.89320094138384 55.863626005128026 290.34087648428977 0.58791351143736292 8.673125144094227 1762.3178057266632 678.69199636392295 434.84838171605952 3997.7619759936351 573.07001396315172 334.84988427115604 730.80442071519792 4.2646800525253639 113.83729216083884 26.483422082383186 1.4218267977703356 391.77148591540754 0.91432429058477271 457.73401399212889 38.72641263762489 3.3523114181589326 335.08169680833817 178.99606018094346
leaf_count=1103764 22015 683 167848 52727 4578 1539 875 1109 289 1010 95 4212 16167 1440 1780 11421 1550 1358 3353 787 338 84 550 14114 302 6792 296 22 4414 4504
internal_value=0.0225351 -0.00559807 0.056734 0.00303501 0.0036506 0.0120714 0.0183141 0.0269756 0.0388795 0.00119305 -0.057368 0.041151 0.00273574 0.00489633 0.0262139 0.00217921 0.0106516 0.019142 0.00738292 0.191258 -0.00188573 -0.0043159 -0.00896738 -0.022679 0.172805 -0.00280245 -2.206e-05 0.0489428 -0.00267925 -0.00520038
internal_weight=26803.8 14706.5 12097.3 12605.4 12483.9 2819.39 2093.31 1167.08 1879.31 9664.53 2101.12 13.5257 8391.2 6423.4 725.189 5698.21 1700.45 1013.54 926.231 4.85259 686.907 1967.8 1273.34 394.108 2.33615 879.228 834.894 42.0787 792.816 1941.31
internal_count=1430016 1239864 190152 131006 78279 11454 9915 5687 22304 66825 1108858 5094 39652 18897 2790 16107 4686 2798 4228 882 1888 20755 27173 14966 852 12207 11524 318 11206 20671
is_linear=0
shrinkage=0.06


Tree=74
num_leaves=31
num_cat=0
split_feature=0 0 4 5 0 7 6 2 2 7 9 7 9 7 10 10 7 6 14 6 6 0 6 4 14 8 6 14 17 8
split_gain=6707.63 1855.23 142.609 109.317 89.6494 60.7007 52.4628 55.6628 53.5968 64.5299 40.5046 33.8156 41.0928 55.522 34.5031 33.0355 32.3564 31.6921 31.357 28.3695 44.5952 43.1935 41.554 27.0273 25.5521 33.1275 29.8268 25.5439 36.327 31.8811
threshold=0.98484668135643016 0.00086811895016580831 -0.79962387681007374 0.94737157225608837 0.99716070294380199 0.84530431032180797 6.9923374652862558 -0.041061848402023308 -0.42983746528625483 3.7084234918438601e-06 65.393730163574233 2.2512538433074956 75.058685302734389 0.53634834289550792 0.084523811936378493 0.51086956262588512 0.1030123718082905 2.9494241476058964 28.500000000000004 1.9991011023521426 2.1250880956649785 0.0018258951022289696 1.0782101750373843 -0.0036198802990838881 35.500000000000007 89.512962341308608 4.9270589351654062 3.5000000000000004 31.414473533630375 92.907444000244155
decision_type=2 2 2 2 2 2 2 2 2 2 2 2 2 2 2 2 2 2 2 2 2 2 2 2 2 2 2 2 2 2
left_child=1 -1 18 6 23 15 7 8 19 10 -10 12 13 14 -11 -5 -16 -7 -3 21 -21 22 -4 -2 25 -22 -27 -19 -29 -30
right_child=4 2 3 5 -6 17 -8 -9 9 11 -12 -13 -14 -15 16 -17 -18 27 -20 20 24 -23 -24 -25 -26 26 -28 28 29 -31
leaf_value=-0.057923854260394973 -0.069603870380039692 -0.059733894253699897 0.19648403972315404 0.042883046324324645 0.059907764088171424 0.025303588139190921 -0.024487878511123218 -0.015622604213616212 0.042600444609140017 0.048270826778302571 0.0148001199285588 -0.003974626576755862 0.0033584680505830467 0.0081591474093449801 0.020417369774618031 0.019951209781543786 -0.1081421607114412 -0.056134618555148466 0.22240082718995519 -0.018887247210325107 0.0022778312054191358 0.0082191575520797703 -0.046112857589870514 0.043561698773127634 0.020433070058105209 -0.0058425272208775022 -0.034657939110243216 0.07302012524429706 -0.050950623315102361 0.0046697082298080006
leaf_weight=1983.8102744835196 6.7886727638542643 133.2539638777962 7.3229409978957829 389.33654297981411 9616.5629920354113 119.12828111182898 241.44788709189743 510.81207591574639 270.48033502977341 243.17017430742271 625.10893854405731 1022.4305768087506 2512.6473019521218 1143.9365832314361 263.92157430178486 546.132907807827 6.2589381583966306 39.218748775077984 0.47482349956408043 503.90252586558927 2484.9574863032904 847.68862958764657 3.190298582194373 1270.2542175455019 209.97500267461874 618.75329659343697 162.6880244538188 19.026775354053825 52.363497959682718 121.25256121251732
leaf_count=1108864 61 59192 595 3449 167541 1134 1773 2857 2220 1393 2088 2317 6905 2493 937 4708 46 1001 5 4380 25923 3959 713 16755 1010 3324 1238 224 1483 667
internal_value=0.0220454 -0.00386658 0.00432412 0.00496192 0.0579188 0.021555 0.00313244 0.00371761 0.00462311 0.00836891 0.0232344 0.00580091 0.00819817 0.0155293 0.0319049 0.0295309 0.0170514 0.000273731 -0.0570888 -9.07477e-05 -0.00222461 0.009797 0.125256 0.0429061 0.00019539 -0.00111141 -0.0118782 -0.0126398 -0.00354086 -0.0123014
internal_weight=25976.3 15082.7 13098.9 12965.2 10893.6 1286.46 11678.7 11437.2 10926.4 6087.95 895.589 5192.37 4169.93 1657.29 513.351 935.469 270.181 350.99 133.729 4838.48 3980.28 858.202 10.5132 1277.04 3476.37 3266.4 781.441 231.862 192.643 173.616
internal_count=1429255 1244898 136034 76837 184357 12666 64171 62398 59541 18399 4308 14091 11774 4869 2376 8157 983 4509 59197 41142 35875 5267 1308 16816 31495 30485 4562 3375 2374 2150
is_linear=0
shrinkage=0.06


Tree=75
num_leaves=31
num_cat=0
split_feature=0 0 5 0 0 7 6 7 0 8 2 1 17 8 7 0 17 6 4 7 6 14 6 1 14 4 7 7 14 9
split_gain=6237.99 1737.27 134.338 94.7117 91.1043 66.2986 55.645 45.8662 129.889 104.402 44.9446 46.6812 47.6667 38.8847 64.156 37.6571 31.511 31.2819 50.0247 53.2517 46.3449 39.8889 102.949 36.4909 38.5266 35.9416 34.8159 30.3164 42.2857 34.1002
threshold=0.98484668135643016 0.00086811895016580831 0.99649950861930858 0.99716070294380199 0.92937996983528148 3.3405318390578038e-05 5.9891998767852792 7.1985707563726473e-06 0.00010931672659353354 50.252525329589851 -0.99976661801338185 4.5000000000000009 25.320512771606449 99.462364196777358 0.0079296678304672259 0.38107465207576757 68.660713195800795 5.2769885063171396 -0.23143005371093747 1.8193481564521792 4.9981007575988778 9.5000000000000018 5.011017084121705 6.5000000000000009 11.500000000000002 -0.63829940557479847 0.53634834289550792 0.95683798193931591 24.500000000000004 61.577310562133796
decision_type=2 2 2 2 2 2 2 2 2 2 2 2 2 2 2 2 2 2 2 2 2 2 2 2 2 2 2 2 2 2
left_child=1 7 4 -2 6 -6 13 8 -1 10 -10 -12 -13 17 -15 -16 -14 20 19 25 23 -22 -23 27 -25 -19 -20 29 -29 -3
right_child=3 2 -4 -5 5 -7 -8 -9 9 -11 11 12 16 14 15 -17 -18 18 26 -21 21 22 -24 24 -26 -27 -28 28 -30 -31
leaf_value=-0.052626157107337923 0.041976493943286564 0.014742724545495533 -0.059902965515987075 0.059838181440866035 0.037320837778789709 0.010899746497797356 -0.012890428681262509 -0.058876216695468352 -0.03523181151269731 -0.051567171715453559 -0.031692896001613 -0.028579227450125876 0.44629710082584484 0.040860848963150918 -0.057388003804535043 0.0094109860577018846 -0.019514232883153182 -0.044427211183955602 0.020880897845443693 -0.059653633818862982 -0.0026813713543949822 -0.079149026549082999 0.013805979126727201 -0.039161092211488044 0.047887611489215214 0.17672956552629482 -0.022928953306700538 -0.0065650964185765661 0.18941477277438554 0.0035580631039664979
leaf_weight=54.99619622528553 1224.0775004671887 1163.9572687842883 113.70617361972108 9058.7964933020994 472.35535392630845 1236.3937788987532 710.16615847276989 1803.1540536272805 1.4165089086163778 5.9981523985043159 1.1084573223488394 0.87481487100012589 5.4446657343069091 266.01463587814942 30.729701086413115 719.47390307299793 0.48013250250369299 2.7015852009644794 385.97440246026963 5.3166698289569458 309.00153427838814 97.21853703004308 75.686724877916276 122.89750849525444 20.602473414386623 16.473960091010667 77.698291080072522 999.57711191987619 2.9800927527248851 6233.6572681103135
leaf_count=31956 16821 8965 52728 167372 4095 7107 5933 1071557 824 2761 385 213 1318 1723 953 1697 223 532 2128 115 3133 684 376 8231 470 147 207 7637 7 29323
internal_value=0.0217544 -0.00300602 0.00474499 0.0577162 0.00531726 0.018221 0.00335416 -0.0570228 -0.00933734 0.13974 0.255876 0.306121 0.358194 0.00445086 0.0156013 0.00660203 0.411182 0.0032583 0.0180365 0.099909 0.00245709 -0.015627 -0.0386139 0.00347883 -0.0264185 0.144914 0.0135061 0.00399265 -0.00579439 0.00531964
internal_weight=25218.9 14936.1 13062.6 10282.9 12948.9 1708.75 11240.1 1873.47 70.3189 15.3227 9.32458 7.90807 6.79961 10530 1016.22 750.204 5.9248 9513.74 488.165 24.4922 9025.58 481.907 172.905 8543.67 143.5 19.1755 463.673 8400.17 1002.56 7397.61
internal_count=1429621 1245428 136191 184193 83463 11202 72261 1109237 37680 5724 2963 2139 1754 66328 4373 2650 1541 61955 3129 794 58826 4193 1060 54633 8701 679 2335 45932 7644 38288
is_linear=0
shrinkage=0.06


Tree=76
num_leaves=31
num_cat=0
split_feature=2 2 5 4 3 5 5 6 7 10 6 14 6 6 6 6 14 8 5 7 9 5 6 5 6 8 9 6 9 5
split_gain=5205.77 1483.13 695.446 212.374 194.585 109.587 77.2671 78.7699 53.4261 187.334 84.2238 76.94 64.7863 59.5819 52.5724 60.4557 80.7664 49.3794 44.7735 44.5726 38.3512 35.4126 34.6164 33.8112 47.5798 32.2981 43.1724 31.439 30.8889 34.4904
threshold=-0.017557801678776738 -0.99860525131225575 0.9741620421409608 -0.79962387681007374 1.5000000000000002 0.99690651893615734 0.28830029070377355 1.9931368231773379 0.28174920380115515 0.19292803853750232 2.0068225860595708 6.5000000000000009 2.9788488149642949 3.0272414684295659 3.9963786602020268 4.0054891109466562 7.5000000000000009 48.050632476806648 0.00096368949743919085 0.00041815541044343268 97.969490051269545 0.025714718736708168 2.9971268177032475 0.0010913982987403872 3.3672220706939702 85.028736114501967 98.421009063720717 0.51491403579711925 91.533855438232436 0.00057626923080533754
decision_type=2 2 2 2 2 2 2 2 2 2 2 2 2 2 2 2 2 2 2 2 2 2 2 2 2 2 2 2 2 2
left_child=1 28 21 -3 5 27 18 -8 9 -9 11 -11 -12 17 -15 16 -16 -14 -5 -13 22 -2 -19 24 -20 26 -18 -4 -1 -30
right_child=2 3 4 6 -6 -7 7 8 -10 10 12 19 13 14 15 -17 25 20 23 -21 -22 -23 -24 -25 -26 -27 -28 -29 29 -31
leaf_value=-0.058019517938895961 -0.058088236019274916 -0.059814952159097316 -0.017793598830521763 -0.058936953923748425 -0.05633638562340703 0.059782653980342375 0.021245493199446731 0.039010385530165351 -0.0014676622172588416 0.024357225228989792 0.021477079458352304 -0.054530424064394789 0.027095003647282484 0.018810150661882345 0.027257030435976062 0.0052766742585516804 -0.12431951388716961 0.0077862011622789589 -0.034981113152232318 -0.0042036002164377627 -0.099848429589384849 -0.0065734370970046618 -0.027773279922753847 -0.0024739586938101435 0.42283042682541938 -0.035036732246433708 0.046332267194684897 0.042158433236068299 0.16630151537689963 -0.050322100032496854
leaf_weight=1580.6578595682513 51.994477727566846 183.27169876976404 31.817791640758514 50.061042954679579 53.724571357597597 8602.3473795391619 1340.0019619537052 654.79492852650583 2632.4164707404561 94.810474068857729 898.67755537107587 190.0012842612341 88.912278734147549 915.48668419476599 67.28942378051579 1658.8003062270582 32.701387692242861 137.20113243628293 1.381744622834957 95.062684120610356 20.419506611302495 518.38184173498303 345.54905149526894 2988.2370348734548 0.60668619221542019 121.86967245489359 5.8011029399931422 1203.8513618884608 3.8167656629811955 5.1120362159563228
leaf_count=992205 15728 99311 441 29228 22351 168460 6417 4221 13034 378 2859 790 349 2987 219 5409 179 456 527 312 130 5173 1306 36806 89 468 18 16706 346 2518
internal_value=0.020969 -0.00280796 0.0530402 0.00412334 0.0567546 0.0573779 0.00507771 0.00779213 0.00552492 0.0089798 0.004764 -0.022279 0.00716174 0.00336609 0.00702091 0.00129275 -0.0276313 -0.0139125 -0.00322515 -0.0378209 -0.0211981 -0.0113629 -0.0176718 -0.00227305 0.199449 -0.0506877 -0.0980857 0.0406016 -0.0573836 0.0497004
internal_weight=24575.1 14112.9 10462.1 12523.4 9891.74 9838.02 12340.1 9299.8 7959.79 5327.38 4672.58 379.874 4292.71 3394.03 2801.95 1886.46 227.662 592.082 3040.29 285.064 503.17 570.376 482.75 2990.23 1.98843 160.372 38.5025 1235.67 1589.59 8.9288
internal_count=1429421 1200562 228859 205493 207958 185607 106182 39532 33115 20081 15860 1480 14380 11521 9280 6293 884 2241 66650 1102 1892 20901 1762 37422 616 665 197 17147 995069 2864
is_linear=0
shrinkage=0.06


Tree=77
num_leaves=31
num_cat=0
split_feature=0 0 0 5 0 7 6 1 2 7 5 7 0 7 0 9 7 6 14 6 9 6 16 16 7 9 14 5 14 9
split_gain=5782.1 1520.66 115.724 115.321 96.5882 95.1526 33.5585 33.2851 43.6481 32.0298 29.4665 36.4946 34.0851 32.9274 30.302 33.4451 34.2774 29.1025 41.3726 40.8937 41.6173 39.8226 29.0834 34.4873 51.7051 36.6583 28.437 41.4695 35.7357 36.4602
threshold=0.98484668135643016 0.00086811895016580831 0.99716070294380199 0.99649950861930858 0.88379943370819103 8.2553626270964755e-05 4.9981007575988778 4.5000000000000009 -0.0013431814732030032 0.95683798193931591 0.51504290103912365 1.0876579880714419 0.0015525914495810869 1.0000000180025095e-35 0.038541378453373916 66.094326019287124 0.20789471268653872 4.0469851493835458 33.500000000000007 3.9997764825820927 57.209926605224616 4.4601030349731454 53.001201629638679 91.106716156005874 0.0079296678304672259 94.146202087402358 5.5000000000000009 0.0014202909078449013 7.5000000000000009 63.499586105346687
decision_type=2 2 2 2 2 2 2 2 2 2 2 2 2 2 2 2 2 2 2 2 2 2 2 2 2 2 2 2 2 2
left_child=1 -1 9 4 6 -6 10 8 -7 -2 12 14 13 -3 -12 16 -16 19 -19 -14 -21 -20 -17 24 25 -24 -15 -28 29 -29
right_child=2 3 -4 -5 5 7 -8 -9 -10 -11 11 -13 17 26 15 22 -18 18 21 20 -22 -23 23 -25 -26 -27 27 28 -30 -31
leaf_value=-0.057484657184472286 0.040582995873215823 0.14962660717576157 0.059690639270483715 -0.059821397257648623 0.029045455101421001 0.014344051916680619 -0.007369580454185838 -0.0036716547874673928 -0.02375458916819536 -0.027070685168585136 -0.057949689939539778 -0.0048241744390313873 -0.0022356733540664447 -0.032823513829265079 0.03725029141943579 0.021967897570706548 0.0089019961102357794 0.0045207459852008077 0.10840372964887846 0.024240851350989974 -0.042874121241330797 0.016769401955369953 0.0074657478587321505 0.0080263300610725063 -0.073527361539759001 -0.026360689708809486 -0.047206888158253281 0.38046923115622489 -0.03531077527931472 -0.027837730722921523
leaf_weight=1670.0930742323399 1096.3146169809625 9.1337768035009521 8040.2678668042645 102.27314632968046 924.31802512984723 1421.6404239162803 1519.7161919312784 794.00554823875427 116.27714730799198 25.133332109078765 23.308847107808106 900.66826756810769 3161.5216969135217 14.240106697427111 281.90513722412288 367.47083501936868 337.67903724242933 446.63327275565825 27.704945388250053 40.772546423133463 167.02972457208671 43.246924748411402 340.03777304664254 1695.1751170924399 40.620134796015918 173.30398354306817 3.5805080351419729 2.3738034544512634 1.4128725175978614 0.8585096145980059
leaf_count=1108918 16623 524 167090 52726 7203 6221 12893 3078 516 137 6730 4828 20288 4426 1446 1061 1433 3343 72 302 1764 206 847 3982 281 489 936 318 430 260
internal_value=0.0197943 -0.00361724 0.0571679 0.00332996 0.00383701 0.0127647 0.000807276 0.00630178 0.01145 0.039044 0.00234618 0.0058624 -0.00138743 0.0597096 0.00881589 0.00931453 0.0218395 -0.00189936 0.0113334 -0.0039349 -0.0296526 0.0535597 0.00634155 0.00377985 -0.00920584 -0.00398309 0.0183342 0.100855 0.203127 0.291068
internal_weight=23788.7 14627 9161.72 12956.9 12854.6 3256.24 9598.39 2331.92 1537.92 1121.45 8078.68 4160.17 3918.51 31.5996 3259.5 3236.19 619.584 3886.91 517.585 3369.32 207.802 70.9519 2616.61 2249.14 553.962 513.342 22.4658 8.22569 4.64519 3.23231
internal_count=1429371 1245521 183850 136603 83877 17018 66859 9815 6737 16760 53966 21097 32869 6894 16269 9539 2879 25975 3621 22354 2066 278 6660 5599 1617 1336 6370 1944 1008 578
is_linear=0
shrinkage=0.06


Tree=78
num_leaves=31
num_cat=0
split_feature=0 0 4 0 0 6 6 8 6 6 0 9 6 6 14 4 6 6 10 16 6 6 0 14 6 14 6 9 8 16
split_gain=5420.68 1442.54 124.634 99.6974 60.1597 46.483 43.4095 36.2796 43.4792 36.5969 32.9413 31.328 30.927 51.7973 74.0355 38.7134 36.2882 68.397 45.3435 39.0886 34.9156 30.5934 30.1366 48.4005 32.6307 29.9371 45.4019 29.1994 54.6372 36.4872
threshold=0.98484668135643016 0.0006290799065027387 -0.91512537002563465 0.99716070294380199 0.92937996983528148 0.75467070937156688 6.9923374652862558 99.462364196777358 3.857281088829041 0.025757221505045894 0.38107465207576757 93.515834808349624 1.9931368231773379 2.0055125951766972 7.5000000000000009 -0.56932592391967762 2.9954572916030888 3.0935431718826298 0.23669467866420749 63.245613098144538 3.0113340616226201 3.9987739324569707 0.0021914592944085602 5.5000000000000009 1.1471684575080874 3.5000000000000004 2.9995796680450444 66.094326019287124 81.120250701904311 55.086206436157234
decision_type=2 2 2 2 2 2 2 2 2 2 2 2 2 2 2 2 2 2 2 2 2 2 2 2 2 2 2 2 2 2
left_child=1 11 -3 -2 6 -6 7 9 -9 -4 -10 -1 15 14 -14 27 -15 18 -18 25 -21 -7 23 -17 -24 26 -20 29 -29 -11
right_child=3 2 4 -5 5 21 -8 8 10 12 -12 -13 13 16 -16 22 17 -19 19 20 -22 -23 24 -25 -26 -27 -28 28 -30 -31
leaf_value=-0.05795694234552537 0.040029075239895365 -0.059561808479637206 -0.020901371876035572 0.059647765388742953 -0.039629837900772846 0.022855016375253476 -0.023172583962243913 0.023571907760919563 -0.062787217231432643 0.22866776746516204 0.0032003075011654502 0.10387534807377596 0.011198042886829093 0.010024934873974352 -0.0332239287636895 -0.023631535265746288 0.0042024046654107246 0.0032114786216150674 0.049548565272287272 -0.043304169174666111 -0.0067701014949085063 0.0053158367321300588 0.0006498483706824026 0.15466932811918838 0.017712289215661092 0.023229709660209312 -0.045731685461613408 -0.042117342142180873 0.30215093574434182 -0.023785605312564049
leaf_weight=1542.2345939865336 1072.8906855331734 109.83199948398396 240.40247071231715 7603.3995799170807 53.24939414486289 1051.4372230088338 226.7024236387806 643.3842224489199 28.401646453654394 1.6255721634952376 368.61159349558875 3.4453656752593806 218.27881874609739 1771.1873714564135 351.59939905290958 9.1849032264435682 320.95971346471924 4644.5309373619966 22.57572861679364 327.61840926192235 132.58785500726663 543.74264853075147 902.59280386380851 11.784621584345585 728.84181491099298 94.980120399734005 76.290233673411421 2.1548636374063781 3.9977590448688716 8.9057247972814348
leaf_count=1086293 16601 69282 2019 167569 320 7639 2404 2964 878 49 1321 766 1902 11312 1679 1726 3078 35428 154 1813 637 3544 3773 709 2480 574 1753 382 77 533
internal_value=0.0197459 -0.00277502 0.0037919 0.0572267 0.00434075 0.0150351 0.00275665 0.0032975 0.0139487 0.00217346 -0.00166622 -0.0575293 0.00275162 0.00119411 -0.0162193 0.0101749 0.00253882 0.000177954 -0.0142609 -0.0233139 -0.032816 0.0168836 0.00922404 0.0790506 0.00827866 -0.000702497 -0.0236965 0.0985061 0.192545 0.031633
internal_weight=23117.4 14441.1 12895.5 8676.29 12785.6 1648.43 11137.2 10910.5 1040.4 9870.1 397.013 1545.68 9629.7 7960.61 569.878 1669.09 7390.73 5619.54 975.012 654.052 460.206 1595.18 1652.4 20.9695 1631.43 193.846 98.866 16.6839 6.15262 10.5313
internal_count=1429659 1245489 158430 184170 89148 11503 77645 75241 5163 70078 2199 1087059 68059 58330 3581 9729 54749 43437 8009 4931 2450 11183 8688 2435 6253 2481 1907 1041 459 582
is_linear=0
shrinkage=0.06


Tree=79
num_leaves=31
num_cat=0
split_feature=0 0 4 0 0 7 6 14 7 10 9 10 1 2 6 16 8 3 10 7 0 9 16 15 6 7 7 9 1 16
split_gain=5150.48 1355.99 138.574 113.363 55.6287 81.0604 44.8503 43.1657 39.6721 130.128 33.9885 34.3463 31.7577 53.1923 96.28 93.3547 60.1452 28.3784 28.3461 34.332 65.5605 54.1223 50.1179 43.357 55.7074 40.1674 38.5407 33.2235 32.1201 30.3581
threshold=0.98484668135643016 0.00048815258196555083 -0.91512537002563465 0.99716070294380199 0.63609617948532116 1.0000000180025095e-35 8.1526007652282733 11.500000000000002 0.53634834289550792 0.084523811936378493 88.084316253662124 0.25403225421905523 9.5000000000000018 -0.99934396147727955 4.9723904132843026 79.622642517089858 64.660633087158217 1.5000000000000002 0.5577777922153474 0.00019450535910436886 0.0015525914495810869 1.0000000180025095e-35 92.495311737060561 1.0000000180025095e-35 4.9270589351654062 0.0003285078273620457 0.0001219618061440997 95.922985076904311 6.5000000000000009 28.869047164916996
decision_type=2 2 2 2 2 2 2 2 2 2 2 2 2 2 2 2 2 2 2 2 2 2 2 2 2 2 2 2 2 2
left_child=1 10 -3 -2 12 7 8 -6 9 -7 -1 -12 13 14 -4 -16 -17 -5 19 20 28 -22 29 -23 27 -24 -26 -25 -15 -21
right_child=3 2 4 17 5 6 -8 -9 -10 -11 11 -13 -14 18 15 16 -18 -19 -20 22 21 23 25 24 26 -27 -28 -29 -30 -31
leaf_value=-0.059029682232795339 0.038224662923410313 -0.059614292625469058 0.015956934573971304 0.059545507020369863 0.031662842880807167 0.049861797267488503 -0.078654738940647256 0.0038108377352373082 -0.00038981618152012008 0.0060543741461433929 0.24739944825061544 -0.011707645466828925 -0.039165390725468284 0.14329058316347384 -0.023709448746098278 1.0146476438891465 -0.0111847620397447 -0.11294508218669763 -0.0052852722056436624 0.029914842797239528 -0.030121455251963452 0.019592083233784616 -0.037734424346893329 0.0025666227272662769 -0.080127859655044265 0.0098843703046420824 0.035561206359018285 0.11059991410520124 -0.046593111140178577 -0.016069154733758639
leaf_weight=1420.4737204156118 1043.7247717091814 123.96193326194771 4.4619406295241779 7142.4202424990945 688.40995129756629 263.81940682418644 22.049370543565601 282.79281503148377 2585.6936979936436 3127.6281063240021 1.5223757750354687 6.5202872718218714 74.302573171094991 17.78854118601885 0.65135184151586134 0.056943055707961321 0.22873360803350806 2.5542936623096457 2304.5006186249666 54.415886692586355 120.28902095439844 904.05369762727059 67.347165113198571 456.29526319145225 47.711615820880979 955.79370493523311 12.541685673408209 9.4849851969629508 3.3648312916047862 784.80698741879314
leaf_count=1062088 16769 84593 2541 166985 5106 1826 169 1304 6988 12769 506 2504 8575 2384 422 19 167 11 13731 2035 491 4235 456 1575 281 10246 54 22 1212 19685
internal_value=0.0188039 -0.0028746 0.00326371 0.0567654 0.00387781 0.00749278 0.00488734 0.0235652 0.00520863 0.00947583 -0.0583226 0.0592734 -0.000453665 5.38456e-05 0.172947 0.526337 0.823443 0.059468 -0.000138926 0.00331534 0.00984343 0.00837336 -0.00219562 0.0116301 -0.00206487 0.00671613 -0.0558598 0.0049988 0.112346 -0.0130555
internal_weight=22529.7 14341 12912.5 8188.7 12788.5 6970.39 5999.19 971.203 5977.14 3391.45 1428.52 8.04266 5818.1 5743.79 5.39897 0.937029 0.285677 7144.97 5738.39 3433.89 1571.53 1550.38 1862.36 1430.09 526.034 1023.14 60.2533 465.78 21.1534 839.223
internal_count=1429749 1245984 180886 183765 96293 28162 21752 6410 21583 14595 1065098 3010 68131 59556 3149 608 186 166996 56407 42676 10254 6658 32422 6167 1932 10702 335 1597 3596 21720
is_linear=0
shrinkage=0.06


Tree=80
num_leaves=31
num_cat=0
split_feature=0 0 4 0 5 7 5 9 7 14 14 9 5 7 9 17 9 10 9 6 7 17 3 15 7 9 9 10 9 6
split_gain=4918.71 1284.87 141.375 112.395 55.705 60.0599 48.6504 79.9769 65.9494 35.7363 35.838 32.4438 32.403 35.9659 71.2036 40.3412 30.032 29.6993 40.516 39.0728 36.0363 40.5255 41.5723 40.136 34.5604 38.5388 30.0703 29.5529 28.6915 28.2793
threshold=0.98484668135643016 0.00048815258196555083 -0.79962387681007374 0.99716070294380199 0.94737157225608837 0.84530431032180797 0.00085808458970859658 50.114154815673835 5.6505758038838401e-05 2.5000000000000004 7.5000000000000009 45.476087570190437 0.15060451626777652 6.680432852590458e-05 73.931308746337905 71.039428710937514 98.253242492675795 0.042109929025173194 44.497102737426765 3.9993827342987065 0.072131048887968077 99.090908050537124 1.5000000000000002 1.0000000180025095e-35 0.00016155056073330345 99.82578277587892 56.675579071044929 0.44722221791744238 49.890829086303718 6.9923374652862558
decision_type=2 2 2 2 2 2 2 2 2 2 2 2 2 2 2 2 2 2 2 2 2 2 2 2 2 2 2 2 2 2
left_child=1 -1 -3 -2 6 27 7 8 9 -4 11 -11 17 14 -14 -16 -17 19 -19 -8 24 -22 -23 26 -20 -26 -24 -6 -10 -15
right_child=3 2 4 -5 5 -7 12 -9 28 10 -12 -13 13 29 15 16 -18 18 20 -21 21 22 23 -25 25 -27 -28 -29 -30 -31
leaf_value=-0.058435008174299342 0.038010804767144669 -0.057105734321030159 -0.015108328782321693 0.059548610438869803 0.041285900187107032 -0.005420889043986684 -0.058149473184107882 0.010477024574408239 -0.042331220540394753 0.77165748595978534 -0.012356817014311208 -0.0095016607440996156 0.029749480879826165 0.0022699527583252524 0.018490774503321847 0.00099643387227196269 -0.064316793419216298 0.032285071593173509 0.0010907585680777446 0.014423051919513796 -0.017655855101067229 -0.038619692013864025 -0.035302149190025764 0.054440846885639493 -0.01771621122633437 0.054308432857082097 0.25633909405425603 0.017088806939275326 0.31199623901563484 -0.02342092080860542
leaf_weight=1344.1218156645773 1009.6404327815399 137.42134216194972 0.33547081262804468 6759.2634313860908 267.94368357025087 327.29161245701835 76.983972059912048 9.9557849997654539 2.3837521782843401 0.79547755920793839 0.25853095634374768 0.18729045602958649 522.54563741385937 6539.4548597193789 578.55442226119339 1499.2105510216206 24.780087187886238 113.28777131764218 1103.9344592795242 40.105385806760751 21.301983632263727 6.5880474336445358 1.2226268764352424 13.54509374697227 777.31443852884695 26.744542086380534 7.9592096660053357 569.36166587844491 0.12528353615198273 156.97551449539606
leaf_count=1063732 16822 90555 157 167511 2741 4496 1466 5096 1653 187 115 84 3111 23964 1630 4341 102 2356 9353 918 966 29 67 310 21178 257 87 5409 72 746
internal_value=0.0183894 -0.00264652 0.00320376 0.0567548 0.00386135 0.0163614 0.00259687 0.110435 0.304048 0.519443 0.606194 0.693078 0.00245574 0.00399838 0.00994954 0.00501685 -0.000107038 -0.00411222 -0.00244288 -0.0333803 -0.00446703 0.0450079 0.0896234 0.126859 -0.00580243 -0.0152561 0.217852 0.0248721 0.0592316 0.00166431
internal_weight=21939.6 14170.7 12826.6 7768.9 12689.1 1164.6 11524.6 14.0416 4.08581 1.57677 1.2413 0.982768 11510.5 9321.52 2625.09 2102.55 1523.99 2188.99 2071.9 117.089 1958.61 50.617 29.315 22.7269 1907.99 804.059 9.18184 837.305 2.50904 6696.43
internal_count=1429511 1245178 181446 184333 90891 12646 78245 7364 2268 543 386 271 70881 33894 9184 6073 4443 36987 34603 2384 32247 1459 493 464 30788 21435 154 8150 1725 24710
is_linear=0
shrinkage=0.06


Tree=81
num_leaves=31
num_cat=0
split_feature=0 0 0 5 5 7 9 8 7 8 16 9 7 10 10 4 1 6 17 5 15 2 7 1 10 9 0 7 9 7
split_gain=4730.02 1177.13 117.441 110.311 76.5186 42.3678 39.821 35.0711 34.4109 62.7487 50.342 52.6648 50.8604 76.9616 59.8601 46.9465 58.1697 49.582 45.5399 38.3463 32.7792 34.8481 30.7188 32.7025 30.6867 54.3541 36.7765 35.7244 30.6833 30.4382
threshold=0.98484668135643016 0.0006290799065027387 0.99716070294380199 0.99649950861930858 0.94737157225608837 0.71118706464767467 79.495143890380874 91.54584121704103 4.1093673644354574e-05 97.259757995605483 92.495311737060561 99.82578277587892 0.0057269202079623946 0.11882352828979494 0.45643940567970281 -0.00089668072178028513 7.5000000000000009 3.8933389186859135 66.060604095458999 0.0014202909078449013 1.0000000180025095e-35 -0.87691086530685414 0.00021341218962334099 6.5000000000000009 0.35504202544689184 56.675579071044929 0.0059790529776364574 0.072131048887968077 85.814888000488295 0.93744021654129039
decision_type=2 2 2 2 2 2 2 2 2 2 2 2 2 2 2 2 2 2 2 2 2 2 2 2 2 2 2 2 2 2
left_child=1 -1 29 4 8 -6 7 -7 9 19 11 12 14 -14 15 16 -10 -18 -13 -3 24 -22 -17 -24 25 -12 27 -27 -16 -2
right_child=2 3 -4 -5 5 6 -8 -9 10 -11 20 18 13 -15 28 22 17 -19 -20 -21 21 -23 23 -25 -26 26 -28 -29 -30 -31
leaf_value=-0.057308790927338961 0.038749415018414703 0.099580579757198542 0.059488088935125673 -0.059753808615207848 0.025247490068210782 -0.047333837150652966 0.040600315530790118 0.0022064010476285077 -0.03851913026481335 0.045295251299300711 0.00070353133428797347 0.021169847379251663 -0.005056044146538716 -0.044855170491085693 0.019587776399782021 0.019950420409468012 0.55021540620979148 -0.023773184596237212 -0.13378807368261195 0.0046214817330107599 -0.015568850373024187 0.0029554407823389316 0.0018954610759497768 -0.045435343509996326 -0.032076235216368938 0.041370162228180116 0.047260469899209893 0.36724111293324352 -0.021077137071687121 -0.026736274665523509
leaf_weight=1299.4201740400167 943.53313604556024 14.391107424395157 6366.8849270101637 100.25737182865851 815.13520062714815 67.863278151722625 68.359335165820085 203.05401126912329 1.76647600531578 145.77288683236111 135.10691163328011 269.08274788898416 370.66551666869782 330.70427262387238 73.595294071012177 324.2160042275209 0.85792865592520662 0.65243335301056504 6.0177400670945635 2981.7276647991966 392.89057051576674 5089.4564392315224 441.90380219661165 58.635915349470451 33.412057602778077 2.7712961047654963 139.55853561731055 1.648513938183896 654.2898228316335 25.599555047228932
leaf_count=1086668 16653 1939 167348 66373 8124 5838 1753 1548 581 1378 1186 963 4847 8677 863 3534 161 281 33 12130 9320 14848 5629 3716 127 115 483 88 4421 142
internal_value=0.0174878 -0.00293478 0.0565219 0.00262224 0.00312233 0.0178396 1.96096e-05 -0.0103316 0.00163956 0.00698891 -0.000379365 -0.00743472 -0.0104565 -0.023859 -0.00440353 0.00662765 0.204921 0.391568 0.0173079 0.00511067 0.00270463 0.00162531 0.0055926 -0.00372866 0.0215743 0.0280889 0.0536047 0.208248 -0.0169443 0.0369938
internal_weight=21359.2 14023.2 7336.02 12723.8 12623.5 1154.41 339.277 270.917 11469.1 3141.89 8327.23 2532.39 2257.29 701.37 1555.92 828.033 3.27684 1.51036 275.1 2996.12 5794.84 5482.35 824.756 500.54 312.497 279.085 143.978 4.41981 727.885 969.133
internal_count=1429767 1245624 184143 158956 92583 17263 9139 7386 75320 15447 59873 33706 32710 13524 19186 13902 1023 442 996 14069 26167 24168 12879 9345 1999 1872 686 203 5284 16795
is_linear=0
shrinkage=0.06


Tree=82
num_leaves=31
num_cat=0
split_feature=0 0 4 5 7 0 10 2 10 7 2 5 9 7 7 10 17 10 5 9 14 7 8 8 5 9 5 17 1 7
split_gain=4320.08 1159.56 123.868 89.2907 63.8557 58.1104 46.7824 45.1049 42.792 57.9131 72.2274 51.599 39.767 54.1184 37.8961 35.0689 32.9557 32.8519 32.0566 31.9659 42.9843 30.9223 30.7677 30.347 29.6884 32.5973 29.2803 28.8806 38.1004 28.6037
threshold=0.99218639731407177 0.00051781092770397674 -0.79962387681007374 0.94737157225608837 0.36089827120304113 0.99817061424255382 0.58578431606292736 -0.041061848402023308 0.28869047760963445 0.022729906253516678 -0.54595381021499623 0.00085808458970859658 83.893524169921889 0.00023445983970304954 0.28174920380115515 0.40370370447635656 30.940170288085941 0.042109929025173194 0.018878152593970302 98.994949340820327 4.5000000000000009 5.6505758038838401e-05 46.841754913330085 50.252525329589851 0.00022179983352543789 94.146202087402358 0.99834084510803234 59.516963958740241 5.5000000000000009 0.00089728989405557524
decision_type=2 2 2 2 2 2 2 2 2 2 2 2 2 2 2 2 2 2 2 2 2 2 2 2 2 2 2 2 2 2
left_child=1 12 -3 7 6 26 -5 8 9 10 11 21 -1 15 16 24 -10 -13 -18 -16 -21 22 -4 -24 -14 -26 -2 -8 -29 -30
right_child=5 2 3 4 -6 -7 27 -9 14 -11 -12 17 13 -15 19 -17 18 -19 -20 20 -22 -23 23 -25 25 -27 -28 28 29 -31
leaf_value=-0.058517416149126145 0.043041613888941337 -0.056631794226626744 -0.028634375021296465 0.038683138845333323 -0.0030397977823026171 0.05968463209530922 0.035209205673527817 -0.014863886545284165 0.014284669194139069 0.0028147656212213173 0.03258382237147775 -0.020572237610799623 -0.026998634084577797 -0.053210098705925413 -0.054083500160751273 -0.037182867152957898 -0.020283299485791852 0.010171345425094531 0.00069006312913983737 0.074217902702965549 -0.075601956126555125 0.023786986298799474 0.50197895447136742 0.090777746225224706 0.51740675883583565 0.083215703039032432 -0.09436332480282858 0.011972041957512397 -0.018614361636634894 -0.1307399581096855
leaf_weight=1194.0302993308287 772.60890545463189 118.974695607787 0.89749464555643443 520.22537984792143 376.55821274290793 5801.804829208646 168.40297321323305 496.19164763682056 615.42604088992812 2789.6997471725335 648.90900488803163 144.69559526722878 0.80433606228325372 7.7327298538293689 78.961659277323633 1.594538756413385 274.48770997405518 887.17609047482256 5501.0397236630088 17.877519295550886 9.9031225575599802 3.9919985022861511 1.0107000566786157 1.7734883790835736 0.96491911914199624 1.5969859806355087 4.7187377512454978 395.91505664028227 34.329305651597679 9.9449212159961444
leaf_count=1062510 16592 86519 246 6290 4787 161730 1974 3271 5597 14008 4339 1796 368 6145 1440 589 11528 11302 19017 54 55 2854 68 676 191 13 28 4874 404 138
internal_value=0.0173779 -0.00113174 0.00405566 0.00461636 0.0183505 0.0576122 0.0254824 0.0028127 0.00361309 0.00812516 0.0168923 0.0070753 -0.0573866 0.0454899 0.000502646 0.182457 0.00109738 0.00584454 -0.000310056 -0.0347854 0.0200396 0.15282 0.257763 0.333255 0.271185 0.346099 0.0420873 0.0141535 0.00603667 -0.0461316
internal_weight=20882.2 14303.1 13096.4 12977.4 1505.38 6579.13 1128.82 11472 10975.8 4478.15 1688.45 1039.55 1206.72 12.6935 6497.7 4.96078 6390.95 1031.87 5775.53 106.742 27.7806 7.67368 3.68168 2.78419 3.36624 2.56191 777.328 608.592 440.189 44.2742
internal_count=1429403 1251053 181237 94718 18467 178350 13680 76251 72980 35289 21281 16942 1069816 7306 37691 1161 36142 13098 30545 1549 109 3844 990 744 572 204 16620 7390 5416 542
is_linear=0
shrinkage=0.06


Tree=83
num_leaves=31
num_cat=0
split_feature=0 0 0 5 7 5 16 7 6 14 9 4 5 2 0 8 17 10 7 4 16 14 7 13 8 10 7 10 8 0
split_gain=4217.75 1063.13 124.208 83.2598 52.9506 92.4203 40.1127 60.7037 46.9926 41.2571 39.1126 49.8064 39.0612 36.8097 50.6519 73.5884 45.7614 43.8473 73.7106 41.7697 42.4152 64.7154 38.7989 36.0384 36.3392 53.0148 73.6176 53.5785 35.7742 35.5897
threshold=0.98484668135643016 0.00086811895016580831 0.99817061424255382 0.99649950861930858 2.2212327166926119e-05 0.86405959725379955 89.725547790527358 2.2512538433074956 0.96871358156204235 4.5000000000000009 62.169164657592781 -0.002512816339731216 0.99834084510803234 -0.99275383353233326 0.0086993081495165842 45.923791885375984 22.474746704101566 0.57518798112869274 0.00046412723895628011 -0.011501078959554432 58.957218170166023 2.5000000000000004 0.1463500112295151 1.0000000180025095e-35 70.064933776855483 0.094494048506021514 0.00014019193622516471 0.053342817351222045 75.716625213623061 0.021605790592730049
decision_type=2 2 2 2 2 2 2 2 2 2 2 2 2 2 2 2 2 2 2 2 2 2 2 2 2 2 2 2 2 2
left_child=1 -1 12 4 5 -3 8 9 -6 10 -8 -12 -2 -10 15 -15 -16 18 -18 20 21 -20 -21 24 25 27 -27 -17 -22 -11
right_child=2 3 -4 -5 6 -7 7 -9 13 29 11 -13 -14 14 16 23 17 -19 19 22 28 -23 -24 -25 -26 26 -28 -29 -30 -31
leaf_value=-0.056754673324188522 0.038443864947068029 0.0041525082813468886 0.059599102713216646 -0.059583300133419281 -0.036895581509375726 0.029379332790332006 0.0048168197669421868 -0.0089119111169449969 -0.031273014715255197 -0.026330012817649826 0.10588066620872806 0.028620197637187733 -0.08674087723668869 -0.059301256867624455 0.024669529416279048 -0.031457111970390327 0.017267997504812834 -0.015571940779310301 0.15504359433609821 -0.0093446857628501131 -0.031371351231481416 -0.0030388850651008681 -0.043612751955362627 -0.054044177694356876 0.014567831858264737 0.21576612831178543 -0.020315534714982021 0.41886873636760624 0.020646369854573285 0.0056080730944080715
leaf_weight=1187.9284291670192 1092.6098615261726 2232.0514293042943 5468.9049062286504 76.049155705492012 155.76787543401588 681.90310400351882 153.15839719132055 1175.3028224201407 157.27706660714466 127.87848292349372 38.433698941022158 131.69545724254567 8.1382431089878065 12.97020495997276 203.29866109997965 1.0339194615371585 616.86863074544817 882.44852896092925 16.520895595662296 554.08393715694547 74.524482993991114 19.843770782114007 150.76780060306191 4.0061736102215937 8.07658528909087 9.1401369648519921 8.6570985629223269 3.5644634022610262 127.71421683812514 4980.2936691012001
leaf_count=1108623 22378 9244 161724 52788 2080 5988 2480 3441 17694 6515 725 467 72 615 1109 94 2349 4360 381 3243 1693 565 477 123 228 49 375 35 765 18451
internal_value=0.0163305 -0.00251815 0.0558927 0.00259802 0.00298023 0.010064 0.000832209 0.00344664 -0.0049121 0.00612203 0.0268761 0.0465908 0.0374404 -0.00315219 -0.00149919 0.0592971 -0.00261136 -0.00489097 0.00115581 -0.00938611 0.0122759 0.0710072 -0.016726 0.104326 0.126202 0.164118 0.105958 0.330083 0.00141792 0.00480353
internal_weight=20360.9 13791.3 6569.65 12603.3 12527.3 2913.95 9613.33 6606.76 3006.56 5431.46 323.288 170.129 1100.75 2850.8 2693.52 47.4486 2646.07 2442.77 1560.32 943.455 238.603 36.3647 704.852 34.4784 30.4722 22.3956 17.7972 4.59838 202.239 5108.17
internal_count=1429131 1244957 184174 136334 83546 15232 68314 32079 36235 28638 3672 1192 22450 34155 16461 1519 14942 13833 9473 7124 3404 946 3720 904 781 553 424 129 2458 24966
is_linear=0
shrinkage=0.06


Tree=84
num_leaves=31
num_cat=0
split_feature=0 0 0 5 5 5 10 1 6 7 2 6 6 10 8 6 6 9 17 7 13 16 14 14 1 6 7 6 14 9
split_gain=4016.58 981.222 129.15 107.153 70.3111 46.6649 72.8043 65.3572 57.8998 43.1511 40.8461 37.5629 43.8941 94.874 70.2357 44.4031 40.7486 52.5427 43.7779 39.3176 35.8936 33.2624 47.7724 31.6899 40.675 40.0976 32.1558 31.0361 38.5267 29.8978
threshold=0.98484668135643016 0.00048815258196555083 0.99716070294380199 0.99649950861930858 0.93222767114639293 0.00077619118383154284 0.14495798945426944 7.5000000000000009 4.9723904132843026 2.2212327166926119e-05 -0.99902358651161183 2.9971268177032475 3.0218182802200322 0.23904761672019961 44.575162887573249 3.9987739324569707 4.0175833702087411 71.195312500000014 69.028213500976577 5.3215197112876929e-05 1.0000000180025095e-35 91.106716156005874 4.5000000000000009 19.500000000000004 5.5000000000000009 0.51491403579711925 0.36089827120304113 4.984053611755372 31.500000000000004 83.893524169921889
decision_type=2 2 2 2 2 2 2 2 2 2 2 2 2 2 2 2 2 2 2 2 2 2 2 2 2 2 2 2 2 2
left_child=1 29 23 4 5 6 7 8 10 -6 -3 19 13 -13 -15 20 17 -17 -19 -7 -14 -21 -23 26 25 -25 -2 28 -18 -1
right_child=2 3 -4 -5 9 11 -8 -9 -10 -11 -12 12 15 14 -16 16 27 18 -20 21 -22 22 -24 24 -26 -27 -28 -29 -30 -31
leaf_value=-0.058650268037449486 0.0464684523978387 -0.037336452187943035 0.059178000745523256 -0.059696884469401419 0.034549992016387678 0.012906421478657419 -0.0085479484790606432 -0.035755704314271837 0.74427766798672346 0.0095762393793261073 0.35280627444441259 0.0090746723720497493 0.010043541616168588 0.013381967655410712 -0.044690769925120055 0.0027695450629320923 0.0018748581056474284 0.0033442154401178408 -0.051436808512145854 -0.0081108882850675044 -0.019421004847689684 0.038332441683480913 0.0028975401352676925 -0.12146424838884935 -0.05409479889080987 0.028468280825181151 -0.016521241938238694 -0.0064036326599790482 0.034171005087156245 0.041870942651077069
leaf_weight=1058.6639178973855 515.16119782999158 1.6373391292290764 5347.643657810986 98.907356407726184 321.60522792488337 1529.2078410687391 7.0568606228334829 1.4683581247227264 0.41199316433630873 1098.9568537857849 0.88155094604007755 334.23299390531611 1678.7144181949552 93.668548373854719 366.91990830260329 204.08406141027808 1163.6231109587243 70.480406857444905 203.7144109174842 962.08130373375025 162.38772451353725 145.70007083634846 2068.5036139152944 5.5955010652542105 24.3108991808258 290.60302309319377 30.445076204836369 1916.885580889415 149.14981320407242 10.095590242883189
leaf_count=1057346 10108 948 167485 79777 3419 6156 3665 1015 115 17475 323 2743 10841 1175 2315 1772 8454 806 1307 12285 1365 1054 8592 120 492 5758 243 14924 461 6835
internal_value=0.015709 -0.00249663 0.055693 0.0021942 0.00268939 0.00107492 0.117143 0.283005 0.411172 0.0152504 0.160663 0.000943989 -0.00206884 -0.0152467 -0.0328773 -0.000178891 -0.0039607 -0.0202864 -0.0373946 0.00500541 0.0074356 0.00119863 0.0052455 0.0341325 0.0190698 0.0252367 0.0429298 -0.00153751 0.00556738 -0.0576625
internal_weight=19862.8 13649 6213.76 12580.3 12481.4 11060.8 11.4561 4.39924 2.93088 1420.56 2.51889 11049.4 6343.86 794.821 460.588 5549.04 3707.94 478.279 274.195 4705.49 1841.1 3176.28 2214.2 866.116 320.509 296.199 545.606 3229.66 1312.77 1068.76
internal_count=1429374 1245168 184206 180987 101210 80316 6066 2401 1386 20894 1271 74250 46163 6233 3490 39930 27724 3885 2113 28087 12206 21931 9646 16721 6370 5878 10351 23839 8915 1064181
is_linear=0
shrinkage=0.06


Tree=85
num_leaves=31
num_cat=0
split_feature=0 0 5 5 0 7 16 5 0 7 10 9 7 9 8 5 7 10 9 11 7 6 16 16 10 6 15 7 4 4
split_gain=3813.89 926.351 107.159 77.83 57.6758 51.9325 60.1792 52.713 51.3873 42.6374 47.5923 50.0064 50.7874 44.0266 75.1617 46.2056 39.2493 117.756 92.0927 62.4877 38.6345 38.2665 38.0128 35.0656 45.9505 38.4886 34.4633 37.0876 47.2936 33.7429
threshold=0.99218639731407177 0.00048815258196555083 0.99649950861930858 0.9741620421409608 0.99817061424255382 4.1093673644354574e-05 89.087299346923842 0.86405959725379955 0.0026680384762585167 0.0011563430307433011 0.11882352828979494 87.401184082031264 0.017838914878666404 86.685932159423842 70.064933776855483 0.025714718736708168 7.1985707563726473e-06 0.28348214924335485 67.704421997070327 1.0000000180025095e-35 1.0000000180025095e-35 1.9774562120437624 64.400920867919936 64.611003875732436 0.10620300844311716 3.004915833473206 1.0000000180025095e-35 0.71118706464767467 -0.03543432988226413 -0.43075647950172419
decision_type=2 2 2 2 2 2 2 2 2 2 2 2 2 2 2 2 2 2 2 2 2 2 2 2 2 2 2 2 2 2
left_child=1 16 3 5 -2 7 9 8 20 13 21 12 -12 15 -15 22 17 -1 19 -19 -3 -11 -7 -24 25 -25 27 28 -8 -5
right_child=4 2 -4 29 -6 6 26 -9 -10 10 11 -13 -14 14 -16 -17 -18 18 -20 -21 -22 -23 23 24 -26 -27 -28 -29 -30 -31
leaf_value=-0.038666717149174405 0.040891144926946385 0.093495062562568398 -0.060085010249012354 -0.057821059975597416 0.059541545691449732 -0.039106168654844807 0.11325514374945272 0.023818481451866422 0.0035394342903711995 -0.04776646609501909 -0.026232978153585409 -0.012520839208424074 -0.077709538009994028 0.0035402147165248918 -0.034504867729531714 0.022911613156110584 -0.059259143282342976 -0.01580100607157171 0.081681007450307805 0.84123958546959221 -0.010691029001904688 0.0066801609703608959 0.15201130638745852 -0.017632419839867519 -0.020471840446614056 0.15723977185468052 0.0016853045023338977 -0.0035600935149142756 0.024186476425323344 0.025432382578211621
leaf_weight=35.244701811054256 691.6469272528775 39.083248677081428 95.911822518915869 17.094030161621049 4865.0524896914139 95.975057856179774 22.378499476937577 654.24074926972389 2581.9815913615748 51.971337611088529 209.44146118743811 475.58127080427948 103.23531465698034 537.03017735527828 285.6296802230645 408.32802473567426 970.15132520796033 0.35681806859793042 4.1258704094798304 0.26010795193724334 18.555054363678209 377.67404916975647 5.3261364850914097 7.2802101150155094 59.333778740954585 10.245833521708844 5774.1109438416315 174.62221338856034 280.0199472149834 648.38070698175579
leaf_count=34706 16671 2015 79882 7643 161799 6891 316 5176 8929 1116 6340 5166 5360 3864 1313 1281 1027105 308 1570 64 1928 6354 26 429 1899 578 28021 1309 1538 9581
internal_value=0.0151995 -0.00155234 0.00277144 0.0032457 0.0572279 0.00215237 -0.000235018 0.00858539 0.00480221 -0.00785333 -0.0160705 -0.024818 -0.0434224 -0.000744986 -0.00969499 0.0118042 -0.0568604 0.00136227 0.253761 0.642338 0.0603449 -1.50936e-06 -0.0136387 0.0162142 0.00497238 0.0875682 0.00296734 0.0184498 0.0311294 0.0232103
internal_weight=19500.3 13943.6 12933.4 12837.5 5556.7 12172 8878.18 3293.86 2639.62 2627.05 1217.9 788.258 312.677 1409.15 822.66 586.489 1010.14 39.9875 4.7428 0.616926 57.6383 429.645 178.161 82.186 76.8598 17.526 6251.13 477.021 302.398 665.475
internal_count=1429178 1250708 186955 107073 178470 89849 71801 18048 12872 40617 24336 16866 11700 16281 5177 11104 1063753 36648 1942 372 3943 7470 9823 2932 2906 1007 31184 3163 1854 17224
is_linear=0
shrinkage=0.06


Tree=86
num_leaves=31
num_cat=0
split_feature=0 0 4 0 0 6 8 7 9 7 2 6 1 10 8 9 10 17 14 7 6 6 6 10 6 6 6 9 6 9
split_gain=3531.06 889.182 94.3016 61.7468 61.1826 45.9278 46.0301 78.3122 42.3517 45.835 39.3137 66.3838 59.7633 30.7839 30.5811 37.4062 26.5503 26.5439 25.5357 24.6805 24.3003 23.6461 46.2431 47.5341 52.1897 45.5351 68.7661 54.7666 37.9399 34.148
threshold=0.99218639731407177 0.00048815258196555083 -0.91512537002563465 0.96570476889610302 0.99817061424255382 5.9977171421051034 99.462364196777358 0.0079296678304672259 83.893524169921889 0.00023445983970304954 -0.99934396147727955 4.9723904132843026 7.5000000000000009 0.12660256773233416 50.252525329589851 97.969490051269545 0.40370370447635656 79.534885406494155 3.5000000000000004 5.6505758038838401e-05 0.89733102917671215 2.9788488149642949 3.0272414684295659 0.096006143838167204 2.9982769489288335 2.1250880956649785 1.9991011023521426 56.82439041137696 0.96871358156204235 64.47983551025392
decision_type=2 2 2 2 2 2 2 2 2 2 2 2 2 2 2 2 2 2 2 2 2 2 2 2 2 2 2 2 2 2
left_child=1 8 -3 5 -2 6 10 -8 -1 16 11 -4 17 -9 18 21 -10 -13 20 -5 -12 25 23 -23 -25 26 28 -28 -16 -27
right_child=4 2 3 19 -6 -7 7 13 9 -11 14 12 -14 -15 15 -17 -18 -19 -20 -21 -22 22 -24 24 -26 29 27 -29 -30 -31
leaf_value=-0.058090574830352286 0.03984865090898345 -0.05936820406868043 0.0099608898008606787 0.033624475737091153 0.05943842955744448 -0.011646022075105322 0.040618043985045198 0.0081727212392973328 0.23900191727824299 -0.051947578425306312 -0.039069763613531844 -0.010283865835761652 -0.025749251301850563 -0.047882138684381036 -0.0072861606658314853 -0.026624856798236771 -0.035354829350999602 0.66633755457302624 0.018835535860438086 0.011445217583532523 0.0055919025639854089 0.0088447788934194298 0.0012767348464167579 0.0024915686734795681 -0.034798242161799525 -0.0017797623422589988 0.011419232045611429 -0.02430236902533597 0.012545849493357995 0.023116139058855865
leaf_weight=942.39579066244187 666.15491051506251 84.813360186934005 4.9304896614630698 302.8615487460047 4583.3760217414238 752.25318275793688 306.11997323588002 1052.4833598522237 3.7988410209072736 6.3882225345587358 45.028688438469544 0.20629149029264204 0.74892338772770017 35.504773370572366 473.93279830471147 176.23614389600698 1.4101761411875484 0.56267518491949886 650.6736956986133 449.49636220838875 931.54171775584109 233.8033761625411 3774.459566888283 198.52658980945125 421.17725074698683 277.54364139714744 213.94994209695142 550.53139154682867 1292.7369450159604 692.83899531292263
leaf_count=1057221 16712 84755 3220 4829 161685 7402 3124 3350 571 5773 1114 129 573 725 3441 781 567 59 4878 6436 15302 1622 24469 880 3114 2132 1726 3371 6492 2841
internal_value=0.0150503 -0.000806951 0.0033214 0.00374014 0.0569606 0.00270105 0.00365427 0.0138602 -0.0566753 0.053815 0.00222153 0.140017 0.390736 0.00630117 0.00211798 0.00064394 0.170997 0.581619 0.00963675 0.0204063 0.00349474 0.00123829 -0.00157634 -0.0141802 -0.0228674 0.00495777 0.000719403 -0.0143034 0.00722454 0.016001
internal_weight=19126.5 13877 12923 12838.1 5249.53 12085.8 11333.5 1394.11 953.993 11.5972 9939.43 6.44838 1.51789 1087.99 9932.98 8305.74 5.20902 0.768967 1627.24 752.358 976.57 8129.5 4627.97 853.507 619.704 3501.53 2531.15 764.481 1766.67 970.383
internal_count=1429294 1250897 186765 102010 178397 90745 83343 7199 1064132 6911 76144 3981 761 4075 72163 50869 1138 188 21294 11265 16416 50088 30085 5616 3994 20003 15030 5097 9933 4973
is_linear=0
shrinkage=0.06


Tree=87
num_leaves=31
num_cat=0
split_feature=0 0 4 5 7 0 6 1 7 10 6 17 14 0 7 3 14 9 9 17 16 6 5 4 7 8 8 14 8 10
split_gain=3422.39 817.199 86.8808 69.6176 94.2518 66.4778 47.898 47.1017 40.7966 113.025 67.0674 41.1581 39.5868 65.9484 29.0396 28.1459 28.0344 26.9175 22.6528 38.3488 26.5688 20.2424 19.8099 23.0596 24.0474 35.5615 29.5067 32.5711 29.2936 52.7675
threshold=0.99218639731407177 0.00067848252365365635 -0.79962387681007374 0.83430194854736339 1.8060607544612143e-05 0.99817061424255382 0.13385648280382159 3.5000000000000004 7.1985707563726473e-06 0.28348214924335485 3.0113340616226201 44.671201705932624 2.5000000000000004 0.00034174080064985907 0.96904209256172191 5.5000000000000009 13.500000000000002 80.109889984130874 62.169164657592781 54.110361099243171 55.086206436157234 2.9853909015655522 0.15060451626777652 -0.12706227600574491 0.0013210475444793703 95.293468475341811 86.616912841796889 3.5000000000000004 65.240276336669936 0.42582418024539953
decision_type=2 2 2 2 2 2 2 2 2 2 2 2 2 2 2 2 2 2 2 2 2 2 2 2 2 2 2 2 2 2
left_child=1 8 -3 22 16 14 -6 15 9 18 -11 12 -12 17 -2 -8 -5 -14 -1 -20 21 -21 23 -4 25 26 27 -25 29 -29
right_child=5 2 3 4 6 -7 7 -9 -10 10 11 -13 13 -15 -16 -17 -18 -19 19 20 -22 -23 -24 24 -26 -27 -28 28 -30 -31
leaf_value=-0.058045949784566293 0.040311034809100907 -0.05938526905766725 0.14237849744257727 0.034062601953515119 -0.033901061686759104 0.059315169812396991 0.015098817228112044 0.00087892580863498234 -0.058383478387378111 -0.039387845766958897 0.11168685575086609 -0.024110776890446942 0.85199822587720064 -0.017673325894612894 -0.046779195716251248 -0.052923566913354286 0.0084459892024182047 -0.0067424645118180837 -0.046876276829626085 0.47324027345647973 -0.024908023939737425 -0.014417997365607145 0.0011363659746842667 -0.0090188634656552594 -0.017799289416141399 0.041306923392310665 -0.022633361423322895 0.047427098669659037 -0.0025199895278546843 -0.0053857290650014284
leaf_weight=28.763024657324422 623.0981320021674 80.30716880079126 2.7830102673033243 582.53002561628819 111.30837651982438 4323.5533326617442 1517.9020342621952 2594.2559551990125 891.84502694307594 1.8532594842254173 1.418016507697758 0.66948980302549888 0.6377502011018803 0.4087158947950229 13.297897480428217 21.263216940686107 209.93711585644633 0.12590841052588075 3.3767261300235978 0.45610074530122779 0.70713908068137243 0.31532149360282347 5514.5452214002144 745.18362472241279 475.74893110746052 63.109505652217194 262.1965322420001 153.25180856953375 321.4743420194136 121.62052288162522
leaf_count=31302 16580 70781 200 6250 525 161774 9113 14501 1055640 930 450 466 199 73 93 91 1832 47 2706 173 577 284 18829 12069 14497 543 2834 1841 3806 1006
internal_value=0.0139393 -0.00151499 0.00244031 0.00283599 0.00831392 0.0566425 0.00476456 0.00581373 -0.0557681 0.0044073 0.24215 0.373879 0.454806 0.627365 0.0384207 0.0141254 0.0272956 0.786869 -0.0377022 0.0721459 0.253211 0.378296 -0.000766932 -0.0056575 -0.00591611 -0.00251578 -0.00426494 -0.000660727 0.00978106 0.0241246
internal_weight=18667.9 13708 12777.4 12697.1 5037.2 4959.95 4244.73 4133.42 930.576 38.7315 5.11314 3.25988 2.59039 1.17237 636.396 1539.17 792.467 0.763659 33.6183 4.85529 1.47856 0.771422 7659.91 2145.37 2142.59 1666.84 1603.73 1341.53 596.347 274.872
internal_count=1430012 1251565 158718 87937 32312 178447 24230 23705 1092847 37207 2165 1235 769 319 16673 9204 8082 246 35042 3740 1034 457 55625 36796 36596 22099 21556 18722 6653 2847
is_linear=0
shrinkage=0.06


Tree=88
num_leaves=31
num_cat=0
split_feature=0 0 5 5 0 7 7 10 6 10 2 6 6 14 6 8 5 5 14 9 2 6 6 6 7 14 16 5 16 11
split_gain=3304.08 757.856 64.0391 63.9674 59.6202 50.8926 47.0459 89.8136 40.5884 37.8689 33.5318 30.202 51.4865 30.0832 26.6506 25.4325 23.5614 23.5357 23.4924 30.3271 23.415 47.9664 36.3781 49.6015 65.5962 34.0968 33.5372 31.7038 28.6634 25.2692
threshold=0.99218639731407177 0.00086811895016580831 0.99721845984458934 0.94737157225608837 0.99817061424255382 0.71118706464767467 7.1985707563726473e-06 0.28348214924335485 3.0113340616226201 0.43167701363563543 -0.99945154786109913 4.9981007575988778 5.0004386901855478 10.500000000000002 0.96871358156204235 41.897974014282234 0.73536700010299694 0.99834084510803234 14.500000000000002 97.969490051269545 -0.041061848402023308 1.9991011023521426 2.0707226991653447 2.8679420948028569 0.0012359732063487174 12.500000000000002 36.939571380615241 0.050099568441510207 70.13513565063478 1.0000000180025095e-35
decision_type=2 2 2 2 2 2 2 2 2 2 2 2 2 2 2 2 2 2 2 2 2 2 2 2 2 2 2 2 2 2
left_child=1 6 3 11 17 9 7 -1 -9 -5 15 20 13 -13 -11 -10 -15 -2 -16 -20 21 -3 25 24 26 29 -24 -22 -26 -23
right_child=4 2 -4 5 -6 -7 -8 8 10 14 -12 12 -14 16 18 -17 -18 -19 19 -21 27 22 23 -25 28 -27 -28 -29 -30 -31
leaf_value=-0.037263863010559832 0.040205397357207871 0.01178652261658082 -0.059476854456063696 0.040109304630018702 0.059301479806179544 -0.005573042462251326 -0.057898078162455867 0.015310794571739299 0.39559890777061818 -0.038171282418660003 -0.028422278557699406 -0.017786303244214697 -0.0039206846593302846 -0.06360603643632555 0.026615286982643947 -0.020107317906403799 -0.18241212129154441 -0.083590805287618947 0.013328752946728556 -0.034091668401490666 -0.062272083785062209 -0.0076591972869214479 -0.020001565236824521 0.00017210042554453484 -0.04746962280204757 -0.026048436543991239 0.032939767114441576 -0.0059474804726763596 0.0022289128005678169 0.024448864169682089
leaf_weight=32.968891476804856 610.39083673898131 1777.4339502943913 59.55687716481043 279.60999073460698 4084.4861761005595 336.27416693500709 858.11717173020588 3.6209625969058816 3.05000164808007 32.501447775401175 0.88894587877439324 45.96537059021648 1748.822368758847 32.137203518417664 386.57511874847114 0.5019397058058529 7.1799515240127212 4.6806429475545874 265.62991749495268 58.375430706888437 38.021353774704039 484.097965991823 46.450711905839853 5288.5371337351971 46.822941685095429 322.8170725320233 502.54733392922208 465.60250575887039 329.90054459951352 106.86497229011729
leaf_count=35271 16650 8942 51811 3916 162089 8640 1072433 1031 770 335 254 370 12088 255 5202 313 42 28 3476 891 1057 3690 324 32308 956 1502 1886 1927 1614 664
internal_value=0.0133213 -0.00170442 0.00207719 0.00237279 0.0566702 0.0146634 -0.0548999 0.00769024 0.175355 0.0213163 0.279052 0.000886055 -0.00615534 -0.0514031 0.0142004 0.345342 -0.0892883 0.0391292 0.0166461 0.0047065 0.00225913 0.00297129 0.000771797 0.00241589 0.0152204 -0.0103995 0.0284322 -0.0103147 -0.00405744 -0.00182154
internal_weight=18260.4 13560.9 12661.7 12602.2 4699.56 1358.97 899.148 41.0307 8.06185 1022.69 4.44089 11243.2 1834.1 85.2825 743.082 3.55194 39.3172 615.071 710.58 324.005 9409.1 8905.47 7128.04 6214.26 925.722 913.78 548.998 503.624 376.723 590.963
internal_count=1430735 1251968 141896 90085 178767 22460 1110072 37639 2368 13820 1337 67625 12755 667 9904 1083 297 16678 9569 4367 54870 51886 42944 37088 4780 5856 2210 2984 2570 4354
is_linear=0
shrinkage=0.06


Tree=89
num_leaves=31
num_cat=0
split_feature=0 0 5 0 5 9 5 6 5 2 6 10 8 1 8 6 9 16 6 8 0 1 5 0 9 5 6 6 4 2
split_gain=3028.24 723.602 83.258 72.1824 67.9448 42.0647 34.8054 34.491 45.6577 41.0749 38.0901 79.0062 42.3797 36.9188 29.9904 29.6237 24.2735 24.2579 23.8679 27.2132 23.795 22.9061 22.525 21.8054 22.3117 20.778 20.7649 66.2874 26.5151 20.344
threshold=0.99218639731407177 0.00048815258196555083 0.99721845984458934 0.99817061424255382 0.9741620421409608 83.893524169921889 0.00041325880738440906 2.9971268177032475 0.00057626923080533754 -0.017557801678776738 3.017446875572205 0.29520697891712194 42.644809722900398 6.5000000000000009 99.462364196777358 6.9923374652862558 97.969490051269545 41.444372177124031 3.004915833473206 74.849395751953139 0.38107465207576757 10.500000000000002 0.99834084510803234 0.00035823060898110276 88.953113555908217 0.10457579419016839 2.1250880956649785 1.9991011023521426 -0.56932592391967762 -0.96712037920951832
decision_type=2 2 2 2 2 2 2 2 2 2 2 2 2 2 2 2 2 2 2 2 2 2 2 2 2 2 2 2 2 2
left_child=1 5 4 22 7 -1 23 9 13 14 11 29 17 -9 26 21 18 25 -14 -20 -6 -12 -2 -7 -25 -13 27 28 -3 -10
right_child=3 2 -4 -5 20 6 -8 8 10 -11 15 12 16 -15 -16 -17 -18 -19 19 -21 -22 -23 -24 24 -26 -27 -28 -29 -30 -31
leaf_value=-0.057727741956419075 0.037556971608717196 0.084910798394564974 -0.059595084591288316 0.059148966209790585 -0.055952292951583452 0.06101896374160682 -0.050694429354488056 0.30989534843079719 -0.036880791835580705 -0.010240039345131839 0.0017338696800920637 -0.065275282686282868 -0.044524218642220052 -0.035729235637210276 0.021553303994445116 -0.019496704871418219 -0.10763105399599013 0.059208080172630476 -0.082883957549978279 0.0037218393784084237 0.02379004388211714 -0.060195043649050782 -0.088281044006381912 0.41775047232623713 -0.019472375093715296 0.0092273318227417394 0.011530160561657558 -0.010060343661497414 0.0089915102823520162 0.012039755230892129
leaf_weight=794.95565710245864 586.62591653876007 15.744308605440891 76.263936160306912 3842.1286262082867 12.85157390066888 4.7940941646811535 5.3883965768036433 2.0459241399657908 32.68109323020326 526.24407929857261 5821.4834058872657 17.496112708875444 257.12016791396309 1.4575827420921994 484.21274358563824 251.21438171417685 16.644305269699544 22.986443049565423 14.44881855114363 84.03998531633988 616.80581462872215 20.581672874570359 4.2513865977525702 0.62301687459694199 0.45183106756303459 48.948822547972668 1451.5331977041205 951.05193973850692 1665.0412437068881 336.71816802280955
leaf_count=1057793 16656 1093 78656 161711 8739 1313 5511 421 2095 3589 40385 576 1684 967 2520 2386 99 292 241 349 9771 4174 27 95 74 250 9140 7915 10187 1326
internal_value=0.0131056 -0.000993235 0.00250035 0.0561395 0.00287935 -0.056081 0.0554312 0.00187212 -0.000883686 0.0056196 -0.00100775 -0.0130492 -0.0295706 0.190099 0.00744868 0.000636493 -0.0384608 0.00745036 -0.0349306 -0.00968907 0.0220763 0.00150543 0.0365039 0.146063 0.313153 -0.0110675 0.00577126 0.00259189 0.00975273 0.00762382
internal_weight=17966.8 13533.8 12727.6 4433.01 12651.4 806.213 11.2573 12021.7 6927.87 5093.83 6924.36 831.084 461.685 3.50351 4567.58 6093.28 372.253 89.4314 355.609 98.4888 629.657 5842.07 590.877 5.86894 1.07485 66.4449 4083.37 2631.84 1680.79 369.399
internal_count=1430035 1251641 186855 178394 108199 1064786 6993 89689 55245 34444 53857 6912 3491 1388 30855 46945 2373 1118 2274 590 18510 44559 16683 1482 169 826 28335 19195 11280 3421
is_linear=0
shrinkage=0.06


Tree=90
num_leaves=31
num_cat=0
split_feature=0 0 4 0 5 7 9 7 2 16 8 9 9 7 5 14 5 7 16 4 9 17 7 7 8 2 6 2 6 5
split_gain=2902.47 680.124 77.87 69.861 57.6961 58.7079 41.4447 31.5322 28.0083 37.4342 64.7822 27.189 24.4429 73.7467 59.8684 26.0574 23.9514 45.2657 25.2777 30.5861 25.6139 24.193 23.3185 23.2755 22.5466 22.3349 34.922 29.5259 33.2793 26.4944
threshold=0.99218639731407177 0.00048815258196555083 -0.79962387681007374 0.99817061424255382 0.94737157225608837 0.1463500112295151 83.893524169921889 0.00023445983970304954 -0.99934396147727955 79.622642517089858 63.224515914916999 93.515834808349624 75.701915740966811 0.0049065230414271363 0.51504290103912365 16.500000000000004 0.36131460964679724 0.1030123718082905 51.925926208496101 -0.63829940557479847 71.707641601562514 69.666328430175795 0.96904209256172191 1.8193481564521792 42.644809722900398 -0.95418816804885853 1.0032143592834475 -0.91239327192306507 5.055978775024415 0.15060451626777652
decision_type=2 2 2 2 2 2 2 2 2 2 2 2 2 2 2 2 2 2 2 2 2 2 2 2 2 2 2 2 2 2
left_child=1 6 -3 22 8 11 -1 -8 9 -4 -11 -6 13 14 -10 -16 -15 -18 19 21 23 -19 -2 -20 -13 26 -14 28 -27 -29
right_child=3 2 4 -5 5 -7 7 -9 12 10 -12 24 25 16 15 -17 17 18 20 -21 -22 -23 -24 -25 -26 27 -28 29 -30 -31
leaf_value=-0.058051125794502473 0.038246064763745737 -0.055178566416839867 0.0051098431245424512 0.05900339519593821 0.031741946098841727 -0.0061656741373036167 0.13653802455259093 -0.050381456180822654 0.0058393239349970724 0.46628594548234548 -0.035094281895536941 0.034830991877947234 0.058544249531397599 -0.018623746310755373 0.034416562704586595 0.00030701432055791922 0.034335369526856244 -0.020739811316629723 0.0047474828679522196 0.02564514358500462 -0.09359253198238672 0.41415533016127049 -0.037189115109281093 -0.0067589120484929394 0.0043312489917208784 0.024421859935964036 -0.015961815923827328 -0.01672105121960531 -0.045888509814337237 -0.00019961317703226487
leaf_weight=749.08707283716649 555.22611838905141 83.964792449318338 5.2356768263853146 3624.1077689107042 496.53518726490438 368.97171634156257 6.1676291549811122 5.2046523788012564 1124.4267930316855 1.1506631299853327 1.4035837361006995 113.94058360438794 22.674875885539223 266.08297023089835 518.87430702708662 95.448388064280152 132.05311833880842 0.51418317557545357 1168.0249310804065 5.2026720689609638 9.915366211847866 0.63643895037239417 14.397761536296455 1379.0404897534754 363.78635705076158 269.15774105768651 537.06185945175821 372.88565984880552 25.70316369459033 5342.8585989559069
leaf_count=1057237 16576 90666 3213 161748 7015 4853 1138 5818 15203 140 1181 1573 321 7214 3663 325 665 104 5451 144 146 20 98 3752 5021 1375 16583 2827 262 15681
internal_value=0.0123449 -0.00123075 0.00207002 0.055926 0.00245521 0.0142052 -0.0563094 0.0538344 0.00105467 0.108116 0.258415 0.0219184 0.000971084 0.00427424 0.0140788 0.029126 -0.00148508 0.000213096 -0.00155746 0.10953 -0.00187618 0.300534 0.0362775 -0.00148255 0.0116632 -0.00139218 -0.0128446 -0.00032372 0.0181585 -0.00128018
internal_weight=17659.7 13466 12705.6 4193.73 12621.6 1343.23 760.459 11.3723 11278.4 7.78992 2.55425 974.262 11270.6 4700.22 1738.75 614.323 2961.47 2695.39 2563.33 6.35329 2556.98 1.15062 569.624 2547.07 477.727 6570.34 559.737 6010.61 294.861 5715.74
internal_count=1430013 1251591 187398 178422 96732 18462 1064193 6956 78270 4534 1321 13609 73736 36687 19191 3988 17496 10282 9617 268 9349 124 16674 9203 6594 37049 16904 20145 1637 18508
is_linear=0
shrinkage=0.06


Tree=91
num_leaves=31
num_cat=0
split_feature=0 0 0 5 5 8 7 8 11 9 5 7 14 7 9 8 7 14 7 8 1 14 1 8 4 4 14 6 10 9
split_gain=2755.05 661.124 70.8148 67.9286 64.2844 34.4408 84.3422 38.9139 44.7456 34.0101 48.9308 32.7643 30.0072 26.8154 26.4976 24.1554 23.8283 26.2728 43.8461 25.723 23.3272 22.5031 28.9273 22.8486 22.3083 54.7744 30.3992 23.862 30.53 40.6357
threshold=0.99218639731407177 0.0006290799065027387 0.99817061424255382 0.99649950861930858 0.9741620421409608 99.462364196777358 0.00067291106097400199 50.252525329589851 1.0000000180025095e-35 79.495143890380874 0.00041325880738440906 0.99825224280357372 34.500000000000007 1.0000000180025095e-35 98.253242492675795 51.744421005249031 8.2553626270964755e-05 16.500000000000004 0.0043362281285226354 67.826873779296889 12.500000000000002 19.500000000000004 5.5000000000000009 94.804317474365249 -0.026286931708455082 -0.29875855147838587 3.5000000000000004 1.3719344139099123 0.44722221791744238 97.624691009521499
decision_type=2 2 2 2 2 2 2 2 2 2 2 2 2 2 2 2 2 2 2 2 2 2 2 2 2 2 2 2 2 2
left_child=1 9 11 4 5 7 -7 13 14 -1 20 21 16 -3 15 -9 19 -18 -19 -10 -11 -2 -23 -24 25 -15 -26 -27 -29 -30
right_child=2 3 -4 -5 -6 6 -8 8 12 10 -12 -13 -14 24 -16 -17 17 18 -20 -21 -22 22 23 -25 26 27 -28 28 29 -31
leaf_value=-0.058470313280190492 0.047761964939932261 0.019560331704113625 0.059056197455701898 -0.059957543878007821 0.021562448099175138 0.043259118624580976 0.0038452638266366535 -0.056920689472150642 0.017378170201522245 0.16836619741157141 -0.055827581042753906 -0.066852057892106284 0.0010848069018018903 -0.048159125770053796 -0.041256526319000925 0.00076359637343827202 -0.045174062368684376 -0.028963462831235992 0.028360316620174988 -0.02035187517158801 -0.041791231926355393 0.028486836442833497 -0.010028350156989566 -0.17344010630479617 -0.0076433072041212202 -0.059772473306609793 0.012382636516232249 0.14697747008355352 -0.041704303413432162 0.095707478550895245
leaf_weight=717.60000377008691 323.14743570471182 540.35188592551276 3415.9479870102368 62.162041651841719 600.41819799633231 230.87427374219988 1246.1074255509884 25.224506440688856 106.08477888884954 6.687846374697985 12.942551548418121 10.121182298287748 378.72064151323866 19.353724565473385 53.936190559063107 7558.6469187390176 188.62927781662438 210.37621353392024 61.291798300109804 164.85907691251487 2.0713407478760928 200.50140272406861 10.935355194378642 3.3642648882232598 609.58405331609538 4.0795179774286217 492.40776292781811 15.57771113491617 11.803809405071663 19.26383895764593
leaf_count=1067099 9986 2929 161650 66561 16062 2256 4747 650 496 2378 15486 74 1576 2273 249 47236 1652 990 211 738 1411 6234 316 114 11501 169 3230 770 479 72
internal_value=0.011925 -0.00112768 0.0558368 0.00210986 0.00242235 0.00145792 0.0100313 0.000246504 -0.00137291 -0.0562326 0.0170753 0.0357003 -0.0126238 0.00851511 0.000263565 0.000564255 -0.0197155 -0.0280121 -0.0159739 -0.00556955 0.119479 0.0377502 0.022537 -0.0572975 0.00341067 0.0359904 0.00130809 0.0684073 0.080637 0.0438269
internal_weight=17303.1 13339.1 3964.02 12599.8 12537.6 11937.2 1476.98 10460.2 8747.77 739.302 21.7017 548.07 1109.96 1712.42 7637.81 7583.87 731.241 460.297 271.668 270.944 8.75919 537.948 214.801 14.2996 1172.07 70.0786 1101.99 50.7249 46.6454 31.0676
internal_count=1429595 1251221 178374 164847 98286 82224 7003 75221 53798 1086374 19275 16724 5663 21423 48135 47886 4087 2853 1201 1234 3789 16650 6664 430 18494 3763 14731 1490 1321 551
is_linear=0
shrinkage=0.06


Tree=92
num_leaves=31
num_cat=0
split_feature=0 0 5 5 3 9 7 7 0 5 16 16 7 10 16 5 4 10 17 7 4 13 5 14 17 17 14 1 9 14
split_gain=2582.21 609.954 71.6153 81.9664 35.6032 35.2778 37.3531 31.3521 42.6793 47.324 39.749 38.67 37.3677 50.6198 44.7918 42.3438 37.6797 33.2027 44.8242 32.1724 31.6195 60.128 31.9059 30.7132 27.4939 67.7173 27.1494 35.1197 28.3178 26.1559
threshold=0.99543121457099926 0.00051781092770397674 0.99721845984458934 0.97915965318679821 1.5000000000000002 79.495143890380874 0.00023445983970304954 1.2394033547025176e-05 0.0026680384762585167 0.86405959725379955 89.087299346923842 67.333332061767592 0.0057269202079623946 0.10620300844311716 65.058139801025405 0.00077619118383154284 -0.026286931708455082 0.57518798112869274 38.196554183959968 1.0000000180025095e-35 -0.0013209914322942493 1.0000000180025095e-35 0.025714718736708168 5.5000000000000009 30.940170288085941 27.681992530822757 19.500000000000004 5.5000000000000009 99.82578277587892 5.5000000000000009
decision_type=2 2 2 2 2 2 2 2 2 2 2 2 2 2 2 2 2 2 2 2 2 2 2 2 2 2 2 2 2 2
left_child=1 5 3 7 -2 -1 24 8 19 11 12 -10 13 14 -9 23 29 20 -19 -3 21 -15 -22 -16 25 -7 -5 28 -28 -14
right_child=4 2 -4 26 -6 6 -8 10 9 -11 -12 -13 16 17 15 -17 -18 18 -20 -21 22 -23 -24 -25 -26 -27 27 -29 -30 -31
leaf_value=-0.057805889734709549 0.057531730334235275 0.080036260272272744 -0.059838740149377047 0.031323143616948317 -0.10690463780834313 -0.038994641382887371 -0.054789749958009171 -0.024014341078176592 0.012982018200176292 0.023584976038115782 0.002845064933514507 -0.0046120505860640154 0.010574719310715394 -0.036890276474024417 -0.020669737451421404 0.050902254748898479 -0.025253226446445644 0.0060627525199396732 -0.021567261996961344 -0.056816077749582847 -0.015666177765048465 0.47811038967020014 0.0078605669407976371 0.47952691071437609 0.024837358380212015 0.44536647171872679 0.018189661477229935 -0.066328973193153465 -0.086145209325154098 -0.043709814280800348
leaf_weight=665.69906735094264 3517.7131681272294 44.182312923017889 64.802661765832454 462.22654671786586 3.8683906197547904 1.6647534251096678 10.415465020050759 32.352239687985275 747.46901568304747 475.80662699136883 6632.1319839149946 1125.8322380762547 217.47283044172218 1.5803299775579938 0.5234882403165092 88.755688683595508 553.56755398336099 321.73817798279924 613.17657296144171 6.4354036973090833 267.0377474646084 0.44405881699640293 918.26308924518526 0.43960197205888107 6.8211733396165073 1.2394296829588709 208.73215898405761 20.777370009222068 8.8210959788411838 36.431041878007818
leaf_count=1053284 172385 1892 75383 16761 17 579 14493 1318 2445 4756 32978 4137 8506 740 316 1429 6235 1993 3122 589 13710 134 3293 96 2078 244 4344 430 200 2010
internal_value=0.0115607 -0.000348767 0.0025958 0.00291693 0.0573208 -0.0554378 0.0218659 0.00175921 0.00789714 0.00670825 0.000237538 0.00241137 -0.00542821 -0.00144333 0.0359684 0.0576243 -0.0164884 -0.00361118 -0.0120625 0.0618736 0.00304801 0.19681 0.00255146 0.335613 0.101415 0.228846 0.0228551 0.00636962 0.0135844 0.00264486
internal_weight=17056.4 13534.8 12849 12784.2 3521.58 685.84 20.1408 12083.6 2399.73 2349.11 9683.91 1873.3 3051.78 2244.31 122.071 89.7188 807.471 2122.24 934.915 50.6177 1187.33 2.02439 1185.3 0.96309 9.72536 2.90418 700.557 238.331 217.553 253.904
internal_count=1429897 1257495 186817 111434 172402 1070678 17394 89699 13819 11338 75880 6582 42902 26151 3159 1841 16751 22992 5115 2481 17877 874 17003 412 2901 823 21735 4974 4544 10516
is_linear=0
shrinkage=0.06


Tree=93
num_leaves=31
num_cat=0
split_feature=0 0 0 5 3 7 6 6 0 7 0 6 5 6 14 1 7 14 7 7 7 6 7 14 3 6 10 9 6 7
split_gain=2437.62 585.801 65.7873 50.0808 40.7945 39.7675 30.9424 36.4866 30.1777 32.4625 29.3553 25.9489 32.1134 25.0808 46.0211 40.1747 43.8153 39.1761 29.182 30.5976 25.9061 24.7057 23.8599 23.2436 22.6238 22.1286 31.6305 27.067 22.0924 30.273
threshold=0.99543121457099926 0.00095630198484286677 0.96570476889610302 0.99138492345809948 1.5000000000000002 5.9965223044855527e-05 0.025757221505045894 1.9931368231773379 0.00010931672659353354 5.6505758038838401e-05 0.99873301386833202 1.2516554594039919 0.0023035842459648852 2.0524525642395024 12.500000000000002 3.5000000000000004 0.00028359427233226603 25.500000000000004 0.00031283998396247631 0.00044054778118152177 0.00020347828103695067 0.025757221505045894 0.96904209256172191 29.500000000000004 3.5000000000000004 7.9086923599243173 0.22401433438062671 66.094326019287124 1.999687731266022 0.0033986198250204329
decision_type=2 2 2 2 2 2 2 2 2 2 2 2 2 2 2 2 2 2 2 2 2 2 2 2 2 2 2 2 2 2
left_child=1 4 3 6 8 -4 -3 11 -1 -10 22 12 -8 14 24 16 -15 28 20 23 -19 -7 -2 -20 -9 -17 27 -27 -16 -30
right_child=10 2 5 -5 -6 21 7 13 9 -11 -12 -13 -14 15 17 25 -18 18 19 -21 -22 -23 -24 -25 -26 26 -28 -29 29 -31
leaf_value=-0.050190251130338898 0.043165525286506794 -0.018186268272207838 0.034118968379208303 -0.059976986619288443 -0.059363127991079886 -0.083605724665475736 0.084545364481043245 0.0029067991749032883 0.065909300762209827 -0.038223086948004213 0.059131152720211536 0.017977367286746263 0.0026499002919445204 0.034892601138354858 -0.0082346086215060975 0.00078834390695898746 0.0047724501780588629 -0.016869473816827168 0.16298541427029092 -0.00052095799199002968 -0.10231212719332934 0.0099012658739258755 -0.076604020051520255 0.02672104800157309 -0.066972890856704367 -0.0091811062778693886 -0.063053074044234131 0.14014737168156879 -0.069714737570777174 0.032899167213173298
leaf_weight=41.458045133622363 385.39898708392866 272.75393958005589 351.06343461479992 46.505391776910983 608.30880714848172 9.3817059341818076 16.507013424416073 663.75156118383165 23.913518245331943 18.11989844503114 2943.097031584708 802.53981757425936 1127.4260066331481 258.25597623735666 39.362899679457769 7720.2654154550401 529.07382203196175 99.782970027765259 7.0032909973524538 72.867521970067173 13.769258415093644 521.96138087287545 5.2050790712237349 11.436761329881845 16.108362557599321 26.013204802409749 45.015413080109283 4.2279245485551646 108.90582269872539 10.843956583528778
leaf_count=65892 16462 2005 7213 51967 1016089 151 657 4580 12746 20733 156371 3634 5848 1104 153 50767 1640 473 22 332 99 9407 67 40 377 259 408 36 563 49
internal_value=0.0111376 -0.000235023 0.00267889 0.00150529 -0.0539697 0.0184763 0.0017517 0.00222312 -0.0144366 0.0211745 0.0570641 0.00971304 0.00390447 0.000707844 -0.00806946 0.00177614 0.014684 -0.025256 -0.00783528 0.0173145 -0.0280329 0.0080963 0.041378 0.0841944 0.00115516 0.000470757 -0.0316923 0.0155138 -0.0474964 -0.060227
internal_weight=16800.3 13466.6 12774.8 11892.4 691.8 882.407 11845.9 11573.2 83.4915 42.0334 3333.7 1946.47 1143.93 9626.68 1043.83 8582.85 787.33 363.972 204.86 91.3076 113.552 531.343 390.604 18.4401 679.86 7795.52 75.2565 30.2411 159.113 119.75
internal_count=1430144 1257244 141784 125013 1115460 16771 73046 71041 99371 33479 172900 10139 6505 60902 6688 54214 2744 1731 966 394 572 9558 16529 62 4957 51470 703 295 765 612
is_linear=0
shrinkage=0.06


Tree=94
num_leaves=31
num_cat=0
split_feature=0 0 4 0 5 1 6 6 2 7 10 1 6 6 6 6 6 10 6 6 10 8 6 5 13 7 7 8 6 13
split_gain=2309.4 538.177 93.0438 79.1655 49.0966 51.0821 52.0305 48.8105 53.0945 69.7846 59.304 38.4158 26.8981 28.9439 26.8031 39.3731 45.5085 52.9869 38.3681 43.278 47.2769 45.3556 34.5115 33.2372 30.5206 30.3869 29.9197 34.5954 29.772 29.2734
threshold=0.99218639731407177 0.00024427770404145127 -0.91512537002563465 0.99817061424255382 0.00077619118383154284 7.5000000000000009 4.9723904132843026 0.51491403579711925 -0.082499116659164415 0.91780313849449169 0.44222222268581396 5.5000000000000009 1.8831276297569277 1.2516554594039919 2.1250880956649785 2.9895937442779545 3.0272414684295659 0.28869047760963445 3.9987739324569707 4.0175833702087411 0.16904762387275699 60.736890792846687 2.9990785121917729 0.0016661828267388048 1.0000000180025095e-35 0.00022387784702004868 0.00089728989405557524 93.788581848144545 3.0033202171325688 1.0000000180025095e-35
decision_type=2 2 2 2 2 2 2 2 2 2 2 2 2 2 2 2 2 2 2 2 2 2 2 2 2 2 2 2 2 2
left_child=1 -1 -3 -2 5 6 -4 -6 12 10 -10 -12 13 -9 -14 25 17 -17 23 20 -20 -22 -19 -18 26 -16 -24 28 -28 -27
right_child=3 2 4 -5 7 -7 -8 8 9 -11 11 -13 14 -15 15 16 18 22 19 -21 21 -23 24 -25 -26 29 27 -29 -30 -31
leaf_value=-0.058646419787301791 0.03253124872181358 -0.059368713582240079 0.083019582459507135 0.058802455907574776 -0.017398463054738817 -0.024819840001507193 0.34325428348636905 0.0031229873755469289 0.034773617014367202 -0.0030179059574422808 0.01433657679127421 -0.020957615208723746 -0.0081868663420051179 0.024060757958203012 0.021308710496095659 0.0052078057075239711 0.11744833692449326 -0.00070226198004773787 0.0076104669834935121 0.00026858065226679579 0.0053684067571766747 -0.047442678074224608 -0.051931288008134534 0.00802772813204943 0.0044809829152205622 0.0057086037125658488 0.018694216409328977 0.088884726013284954 -0.055564278673352431 -0.043659379267664868
leaf_weight=552.48612479807343 487.25873864907771 87.880775931000244 15.976646426483063 2871.0470738862641 446.78852642711718 10.719073425920213 2.6819006857695049 775.37361031927867 524.95465737720951 846.6753625725396 880.73520498583093 126.11647042026743 1325.564339332399 341.9860357864527 553.82348024717066 340.91152798850089 9.0598066803649981 153.78593895176891 151.54705671902047 2973.7584397022729 79.409603909880389 219.80422653985443 247.79148345440626 1682.2272306859377 61.938526554498821 602.34462770278333 32.591923485102598 9.9753760080784541 45.750627747562248 45.580210349347908
leaf_count=979742 16591 141874 9124 161685 4633 10167 759 5719 6188 2222 10058 1287 10903 2169 2094 4267 1720 730 1734 29852 1255 1470 1858 12707 374 5688 328 23 775 710
internal_value=0.010603 -0.00074053 0.00180384 0.0550016 0.00223836 0.0784247 0.135983 0.00205272 0.00277642 0.0108041 0.0184409 0.00989928 0.000797541 0.00954712 -0.000348778 0.00109314 -0.000890288 -0.0133822 0.00129183 -0.00235992 -0.0196629 -0.0334557 -0.0248554 0.00868292 -0.0341618 0.0110024 -0.0412751 -0.0111304 -0.0248251 0.00217374
internal_weight=16506.5 13148.2 12595.8 3358.31 12507.9 29.3776 18.6585 12478.5 12031.7 2378.48 1531.81 1006.85 9653.22 1117.36 8535.86 7210.3 6008.55 892.745 5115.81 3424.52 450.761 299.214 551.834 1691.29 398.048 1201.75 336.109 88.3179 78.3426 647.925
internal_count=1428706 1250430 270688 178276 128814 20050 9883 108764 104131 19755 17533 11345 84376 7888 76488 65585 57093 8355 48738 34311 4459 2725 4088 14427 3358 8492 2984 1126 1103 6398
is_linear=0
shrinkage=0.06


Tree=95
num_leaves=31
num_cat=0
split_feature=0 0 5 5 1 6 0 5 2 7 1 6 7 2 7 5 7 1 14 5 9 16 6 6 14 5 2 10 9 7
split_gain=2266.08 471.438 82.9752 67.7532 39.5301 43.0796 37.6783 33.1482 37.8444 41.0255 33.6431 33.3408 32.3563 27.7189 51.9873 33.2512 31.0242 50.0112 43.3483 26.0893 24.5064 27.6328 23.7992 24.6611 43.8022 40.1601 22.4394 21.5597 21.4696 21.3141
threshold=0.99543121457099926 0.00024427770404145127 0.99834084510803234 0.94737157225608837 3.5000000000000004 0.75467070937156688 0.99817061424255382 0.00057626923080533754 -0.99971976876258839 4.3810781789943583e-05 7.5000000000000009 3.6869239807128911 0.00016155056073330345 -0.98909857869148243 0.00041815541044343268 0.006450420245528222 0.00034503590723034 5.5000000000000009 4.5000000000000009 0.0027410968905314807 67.704421997070327 47.213621139526374 5.9977171421051034 6.0522854328155526 12.500000000000002 0.83430194854736339 -0.42983746528625483 0.53589746356010448 93.515834808349624 0.20789471268653872
decision_type=2 2 2 2 2 2 2 2 2 2 2 2 2 2 2 2 2 2 2 2 2 2 2 2 2 2 2 2 2 2
left_child=1 28 3 7 5 -5 -2 8 20 10 11 -10 -6 14 15 16 27 -18 -19 -20 21 -3 29 24 -24 -26 -14 -9 -1 -15
right_child=6 2 -4 4 12 -7 -8 13 9 -11 -12 -13 26 22 -16 -17 17 18 19 -21 -22 -23 23 -25 25 -27 -28 -29 -30 -31
leaf_value=-0.05785592676571278 0.03492407699878905 0.56288714509148918 -0.059626060601775749 -0.028936375468405696 0.019209725897759211 0.027763030989856195 0.058688343676451413 0.014618579770908165 0.042404264450485306 -0.053862185447775171 -0.047319713528530427 0.26160480356900978 -0.059471552001305654 0.0025905024866129511 -0.042873970034702405 -0.03116199380619766 -0.047388223649819247 -0.03342996906295187 -0.019508043573278462 0.42039541776850176 -0.0195874320782785 -0.014773552086543958 -0.0092406632672986551 -0.0046346072739331806 -0.059466022194191462 -0.2453671756864382 -0.0027844552354231223 -0.034462348541681127 0.1405947412453368 -0.0037958720669293753
leaf_weight=520.29670841718325 269.33754204236902 0.24724370206240809 79.83656560984673 51.249373142141849 300.57774252351373 658.6527671199874 2712.6376971544232 199.43080003728392 5.3169921973021719 8.5388623756007274 3.3149044657475306 4.645225521933753 25.697083504521288 7512.1957847371814 155.41170159750618 93.951466398313642 3.0607854448608114 1.2173492563888433 0.47393542405916411 2.0925724413245916 0.47659721854142845 0.32630753103876486 96.821262947749346 526.67081658844836 43.278097746893764 3.8388391081243745 433.08166321483441 37.417640542727895 1.053490811435039 2508.7928781741648
leaf_count=980316 11126 93 124165 1121 5229 11251 161975 7841 1400 10588 1619 609 19206 32062 38684 1083 268 254 116 35 264 483 438 2264 242 30 4939 1702 188 10093
internal_value=0.00929837 -0.00131787 0.000969729 0.00135603 0.0134663 0.0236348 0.0565543 -0.000232634 0.0704036 0.0450001 0.1079 0.159154 0.00394135 -0.000383325 -0.0142778 -0.00102773 0.0106699 0.128086 0.250263 0.356469 0.318777 0.433709 0.00025871 -0.0106756 -0.0325951 -0.0793969 -0.00608205 0.00675242 -0.0571865 0.00099143
internal_weight=16259.9 13278 12756.6 12676.8 1469.26 709.902 2981.98 11207.5 22.8661 21.816 13.2771 9.96222 759.356 11184.7 493.056 337.645 243.693 6.84464 3.78386 2.56651 1.05015 0.573551 10691.6 670.609 143.938 47.1169 458.779 236.848 521.35 10021
internal_count=1429684 1256583 276079 151914 41746 12372 173101 110168 15056 14216 3628 2009 29374 95112 49983 11299 10216 673 405 151 840 576 45129 2974 710 272 24145 9543 980504 42155
is_linear=0
shrinkage=0.06


Tree=96
num_leaves=31
num_cat=0
split_feature=2 5 2 5 5 3 2 7 3 1 8 5 17 7 9 17 14 8 10 7 14 17 8 10 14 9 14 5 10 14
split_gain=1584.21 484.946 396.302 75.5584 67.8883 67.8838 50.618 48.8812 46.6752 45.5661 34.162 32.4601 39.903 31.1777 39.1763 41.6215 29.9327 25.7677 24.8725 24.4103 43.8882 24.213 47.6822 24.7076 23.2563 22.8371 22.3438 20.3778 20.111 18.849
threshold=-0.0082101649604737741 0.99649950861930858 -0.99884518980979908 0.99352493882179271 0.98601278662681591 1.5000000000000002 -0.22270189225673673 1.0000000180025095e-35 1.5000000000000002 2.5000000000000004 90.054946899414077 0.00014679241576232019 37.617923736572273 4.1093673644354574e-05 84.650035858154311 30.602005958557132 19.500000000000004 28.097587585449222 0.94590643048286449 0.78521895408630382 11.500000000000002 79.534885406494155 63.224515914916999 0.10620300844311716 18.500000000000004 66.094326019287124 43.500000000000007 0.98316282033920299 0.061553031206130988 3.5000000000000004
decision_type=2 2 2 2 2 2 2 2 2 2 2 2 2 2 2 2 2 2 2 2 2 2 2 2 2 2 2 2 2 2
left_child=2 4 8 6 26 -3 -4 24 11 -9 27 -1 13 14 15 -13 -6 -17 -18 20 -12 -14 23 28 -8 -19 -2 -11 -23 -21
right_child=1 5 3 -5 16 -7 7 9 -10 10 19 12 21 -15 -16 17 18 25 -20 29 -22 22 -24 -25 -26 -27 -28 -29 -30 -31
leaf_value=-0.048045328808198305 -0.005639375191713163 0.057506725560865897 -0.0015864157687928021 -0.060849973645154223 0.041158642768318536 -0.060127445567234122 0.02718076083412356 0.019805069736169682 -0.0591186295804534 -0.0052491768050121259 0.040367086835029001 0.059556567487625695 -0.056625109404706275 -0.045136480658995094 0.037872319600077399 -0.015871850139135758 0.0080054985247800525 -0.0122322301408562 -0.18516814405697868 -0.038703103264634317 0.006359997939299135 -0.019483710187755684 -0.050029080307060075 -0.028388894048273584 -0.0042870542185018514 0.54068193760992 -0.10597454017035879 0.019835441115675392 0.36628032756037965 0.004086473219330377
leaf_weight=33.887830653344281 546.41169942892157 2731.0858620472718 6638.4225128075341 68.544136388169136 206.53282076562755 17.011115301836981 521.66470857989043 583.34053706674604 448.67431369054248 1864.9093560738838 199.78672024945263 2.4109471623087284 15.686632483208088 2.9935237846802911 5.3584327423595823 0.3557551693520512 129.51724569639191 0.25278416660148639 1.445031811017542 37.16667225951096 429.00716974452371 0.47725865658139799 4.9358462537638843 0.89356783858966071 100.56753842858598 1.4835663335397837 7.113651320221833 123.380228334805 1.6449802760616874 1283.4411547171767
leaf_count=63344 19530 169723 93446 102299 7340 17962 6251 3428 891475 15744 1862 616 13758 2781 362 141 3673 120 48 117 2666 465 4483 776 753 311 57 2674 502 2761
internal_value=0.00949659 0.044289 -0.000742314 0.00150732 0.00581487 0.0567569 0.00187524 0.00634264 -0.0520064 0.00417008 0.00184943 -0.00647374 0.0323816 0.113293 0.161113 0.274233 0.0269838 0.422358 0.00448699 0.00749163 0.017212 -0.0144321 0.0658315 0.220694 0.0220961 0.485133 -0.00711762 -0.0036834 0.301073 0.00285385
internal_weight=16008.4 3639.12 12369.3 11850.2 891.02 2748.1 11781.7 5143.26 519.055 4521.03 3937.69 70.3811 36.4933 12.855 9.86149 4.50305 337.495 2.09211 130.962 1949.4 628.794 23.6383 7.95165 3.01581 622.232 1.73635 553.525 1988.29 2.12224 1320.61
internal_count=1429468 218333 1211135 232001 30648 187685 129702 36256 979134 29252 25824 87659 24315 4331 1550 1188 11061 572 3721 7406 4528 19984 6226 1743 7004 431 19587 18418 967 2878
is_linear=0
shrinkage=0.06


Tree=97
num_leaves=31
num_cat=0
split_feature=0 0 4 5 0 8 7 2 6 5 7 7 16 8 7 9 16 4 9 7 17 3 9 1 2 5 8 8 11 9
split_gain=1939.8 442.268 82.3228 49.9631 43.1798 31.5804 63.0587 31.1829 27.305 26.8043 26.3594 24.9066 20.3567 22.6236 20.0509 48.5687 52.8225 31.2198 29.4752 30.0529 28.7871 27.5868 38.9749 35.1195 35.0003 22.5953 33.9892 25.0115 36.4721 27.5555
threshold=0.99543121457099926 0.00024427770404145127 -0.79962387681007374 0.9741620421409608 0.99873301386833202 99.462364196777358 0.0079296678304672259 -0.99971303343772877 6.9923374652862558 0.73536700010299694 0.00011604261453612709 0.96904209256172191 47.213621139526374 39.819820404052741 0.44601628184318548 52.060455322265632 93.813774108886733 -0.17632781714200971 50.990196228027351 0.00015393523790407929 53.001201629638679 3.5000000000000004 68.863315582275405 5.5000000000000009 -0.99652439355850209 0.15060451626777652 70.396453857421889 46.23481750488282 1.0000000180025095e-35 97.969490051269545
decision_type=2 2 2 2 2 2 2 2 2 2 2 2 2 2 2 2 2 2 2 2 2 2 2 2 2 2 2 2 2 2
left_child=1 -1 -3 5 11 7 -7 12 14 -8 -5 -2 13 -4 15 16 17 20 -19 -20 -9 25 -23 -24 -25 26 -17 -27 29 -29
right_child=4 2 3 10 -6 6 9 8 -10 -11 -12 -13 -14 -15 -16 21 -18 18 19 -21 -22 22 23 24 -26 27 -28 28 -30 -31
leaf_value=-0.057597351295289249 0.037751157297890012 -0.055412526990143367 -0.020804280698804585 0.029894501134147957 0.058837147340568718 0.034645046802487686 -0.039605606114651165 0.31707844776297889 -0.021374306901648054 0.0053043127493668301 0.0071682066115352234 -0.07899190922190287 -0.027742484164844601 0.39434026251042786 -0.0052557729164719328 0.00075584970306080831 0.033955673823612233 -0.0048309338969752891 0.12919824634220306 -0.054641615321477842 0.041560401409703018 -0.049708088407904728 -0.041678332502765245 -0.032295872071509885 0.30957743090083129 0.011968973409155776 -0.016554845775213073 0.0035768182252383183 -0.0099557447712216827 -0.03202620661298955
leaf_weight=465.63526602560887 324.93633059575222 88.664704115974018 0.52173717794357732 332.59606377175078 2327.6679644568358 288.9509927163308 48.966009808529634 1.0390721117146302 207.46356737849419 1128.4423455598298 410.8770769322291 5.8103382743429384 0.85885445211897593 0.70461911134771071 1764.0542346681177 1084.0525126739813 337.16842549096327 350.77423700952204 10.527588686731177 3.7819456606812301 5.3264478430210147 4.024513016920535 1.80956750101177 1.1538688714790617 3.937774366117083 786.66962733713444 654.0070625609078 4155.9292233750748 975.52540343441069 78.768132096156478
leaf_count=980184 16470 148552 365 7781 156090 4591 1201 21 2536 2987 10953 70 1473 243 9884 33390 7871 10487 162 399 372 1335 295 983 166 3397 9213 13717 3610 339
internal_value=0.0091966 -0.000227195 0.0018762 0.00228248 0.0559442 0.00133858 0.00958003 0.000178886 0.000122436 0.00340458 0.0173614 0.0354684 0.190902 0.287708 0.000560926 0.00177507 0.016799 0.00117634 -0.00128754 0.0802148 0.123477 0.000398647 0.091584 0.169843 0.239519 0.000258024 -0.00576369 0.00200395 0.000497363 0.00290717
internal_weight=15850.6 13192.2 12726.6 12637.9 2658.41 11894.5 1466.36 10428.1 10426 1177.41 743.473 330.747 2.08521 1.22636 10218.5 8454.5 708.618 371.449 365.084 14.3095 6.36552 7745.88 10.9257 6.90121 5.09164 7734.95 1738.06 5996.89 5210.22 4234.7
internal_count=1429137 1256507 276323 127771 172630 109037 8779 100258 98177 4188 18734 16540 2081 608 95641 85757 19312 11441 11048 561 393 66445 2779 1444 1149 63666 42603 21063 17666 14056
is_linear=0
shrinkage=0.06


Tree=98
num_leaves=31
num_cat=0
split_feature=0 0 7 10 0 3 4 8 9 0 6 6 9 6 7 6 9 6 6 6 6 9 6 8 7 8 10 14 14 6
split_gain=1876.66 412.387 52.2878 48.5268 43.1147 37.4283 31.4958 31.13 56.4409 29.32 27.6352 35.6591 71.9676 31.9652 41.8094 34.1691 60.7027 35.7089 29.3654 26.9753 51.5859 62.9228 53.5836 35.6092 45.3221 25.3843 27.2372 24.4923 34.1895 24.21
threshold=0.99543121457099926 0.00086811895016580831 1.4245864349504702e-05 0.12060606107115747 0.98484668135643016 1.5000000000000002 -0.91512537002563465 50.252525329589851 97.969490051269545 0.99817061424255382 2.9954572916030888 3.004915833473206 52.657253265380866 2.0926085710525517 0.0027520556468516593 1.9991011023521426 56.82439041137696 1.0121915340423586 2.846888661384583 3.9912524223327641 4.0175833702087411 73.347888946533217 3.9987739324569707 72.255687713623061 0.022729906253516678 67.006801605224624 0.57518798112869274 11.500000000000002 21.500000000000004 3.2214955091476445
decision_type=2 2 2 2 2 2 2 2 2 2 2 2 2 2 2 2 2 2 2 2 2 2 2 2 2 2 2 2 2 2
left_child=1 2 3 -1 6 9 -3 -8 10 -2 13 12 -12 15 18 17 -17 27 -15 23 21 -21 -23 -13 -25 26 -24 -9 -29 -10
right_child=5 4 -4 -5 -6 -7 7 8 29 -11 11 19 -14 14 -16 16 -18 -19 -20 20 -22 22 25 24 -26 -27 -28 28 -30 -31
leaf_value=-0.057077217895952763 0.03618752952646842 -0.058173772037221676 -0.057736373322036912 0.069671093702172809 0.020127365780562442 -0.13340639291186893 0.0087935871420619354 0.0057659330395396224 -0.048585475291776779 0.05869170939550971 0.012410035739946397 -0.014860646982509561 -0.033305284033508298 0.031036090371499767 -0.0020307245033107102 0.012489907000628128 -0.021141165222826764 0.013014749952720426 0.0088743870902222386 0.0017486122093627815 -0.00021966541989604571 -0.0022618355945575102 0.029857885912728633 0.017188516942676233 -0.0038300025135989311 -0.063072919356169141 -0.10378347803968663 -0.034016878601188884 -0.0002786335022963629 -0.008767365932566544
leaf_weight=19.075512619048823 236.12013883679174 31.032457488181535 485.31942908660858 22.766842235228978 450.42950363364071 2.8262497559189788 1752.8674448841484 536.36257156264037 115.86875405005412 2274.3811586904339 194.64490227244096 261.33078256907174 338.37347924435744 434.17089151719119 479.880920724303 298.77219790685922 543.11362749722321 1027.0775186070823 428.1221726257354 266.65416853310307 3020.1058437913889 103.04002974397736 22.09308986726683 951.44039286591578 602.73530205967836 183.98876488913083 6.2028027422493315 173.49466097116238 284.3604265472386 104.79720971867209
leaf_count=35700 11080 54400 1058011 15629 11297 15 20388 3374 739 161524 1171 3088 2229 1917 2992 1872 3343 5190 2092 1882 19058 461 161 4596 3026 1323 45 947 1387 601
internal_value=0.00883301 -0.000255578 -0.0521967 0.0119043 0.00191963 0.0563237 0.00124361 0.0014004 0.000150788 0.0565904 0.000804424 -0.00182663 -0.0166192 0.00452693 0.0121635 0.000944153 -0.00920536 0.00517397 0.020056 -0.000368437 -0.00337398 -0.0197144 -0.0378128 0.00559333 0.00903996 -0.0549772 -0.00198052 -0.00293089 -0.0131093 -0.0298002
internal_weight=15651.4 13138.1 527.162 41.8424 12611 2513.33 12160.5 12129.5 10376.6 2510.5 10156 5950.61 533.018 4205.35 1342.17 2863.18 841.886 2021.3 862.293 5417.59 3602.08 581.979 315.325 1815.51 1554.18 212.285 28.2959 994.218 457.855 220.666
internal_count=1429538 1256919 1109340 51329 147579 172619 136282 81882 61494 172604 60154 37040 3400 23114 7001 16113 5215 10898 4009 33640 22930 3872 1990 10710 7622 1529 206 5708 2334 1340
is_linear=0
shrinkage=0.06


Tree=99
num_leaves=31
num_cat=0
split_feature=0 0 5 5 0 2 6 6 1 9 6 6 6 6 6 14 14 7 7 1 7 6 6 6 5 8 8 6 9 16
split_gain=1761.48 390.182 70.2141 50.7531 39.1427 31.6098 26.9244 26.5928 25.0933 21.7425 21.6059 21.0586 33.8409 31.2648 43.2662 42.6173 33.8391 38.3602 38.7295 29.6243 28.269 23.7174 30.6128 49.3984 47.5028 72.8248 99.6898 42.8282 39.8596 46.7747
threshold=0.99543121457099926 0.00024427770404145127 0.99649950861930858 0.97915965318679821 0.99817061424255382 -0.99971976876258839 0.96871358156204235 6.9923374652862558 3.5000000000000004 93.515834808349624 7.0632128715515146 0.025757221505045894 1.9931368231773379 2.0707226991653447 2.846888661384583 9.5000000000000018 12.500000000000002 0.00036216486478224402 0.00039894957444630569 3.5000000000000004 0.00022387784702004868 3.1462808847427373 3.9987739324569707 4.0175833702087411 0.0040726084262132653 31.139970779418949 30.341388702392582 3.4685746431350712 83.157192230224624 38.196554183959968
decision_type=2 2 2 2 2 2 2 2 2 2 2 2 2 2 2 2 2 2 2 2 2 2 2 2 2 2 2 2 2 2
left_child=1 9 3 5 -2 -3 -5 11 -8 -1 -9 -7 -13 16 15 -15 19 -18 -19 -14 -17 -16 24 28 25 26 -23 -28 -24 -30
right_child=4 2 -4 6 -6 7 8 10 -10 -11 -12 12 13 14 21 20 17 18 -20 -21 -22 22 23 -25 -26 -27 27 -29 29 -31
leaf_value=-0.058160017553351553 0.03227528888487833 0.19520937159361923 -0.057187035217756671 -0.042428448439991259 0.05843365664440648 -0.014842510993356012 0.03331766337852568 -0.048222776848594204 0.008707870870677651 0.14236066756778443 -0.0078198941674749532 0.0090266291601045819 0.0016718502921438821 0.0031570805135619222 -0.0055329544361691603 0.048062260328906883 -0.03854676564482587 0.10129772755021348 -0.0088484676587401983 -0.051466986541010021 0.014647627022744822 0.11714773676332359 -0.0018997296422494806 0.0018997213307168875 0.0075562430434856958 0.024720593671465757 0.81380368596941155 -0.011844094645465347 0.017261257585957177 -0.048125993838151568
leaf_weight=415.21097441556049 232.36748711811379 2.0200862698256961 71.590809516404988 24.019772481260588 2147.1667843610048 276.62491285384749 302.91669621714391 63.57424356447882 294.79000620919396 1.0381247697514471 183.81775167901651 1972.6630601223442 668.88079257874051 532.78229690273292 1958.1913698285352 165.12223778734915 234.70743353042053 11.501018479932098 141.41877398599172 39.025606164097553 204.84688395890407 7.1216862372530185 265.25625982237398 3300.851712840813 1621.6069269425934 22.92240684106946 0.29957256634952489 0.2395817857759539 48.459921152563766 199.55719967867481
leaf_count=979264 11127 1825 131184 1135 161618 3310 7622 895 15977 191 2286 16496 4516 6354 20460 516 1186 35 678 5145 895 658 4227 34334 10287 4183 20 56 475 1526
internal_value=0.00843484 -0.000235032 0.00165298 0.00199335 0.0558939 0.00112099 0.0186919 0.00107173 0.0212149 -0.0573199 -0.0183549 0.00148502 0.00188263 0.000386238 0.00164014 0.0140355 -0.00913759 -0.0233633 3.98704e-05 -0.00132607 0.0296504 0.000131295 0.00216103 -0.000794598 0.00898054 0.0818703 0.230272 0.67759 -0.0180917 -0.035332
internal_weight=15410.6 13031.1 12614.8 12543.2 2379.53 11921.5 621.726 11919.5 597.707 416.249 247.392 11672.1 11395.5 9422.79 8327.26 902.751 1095.53 387.627 152.92 707.906 369.969 7424.51 5466.32 3814.13 1652.19 30.5832 7.66084 0.539154 513.273 248.017
internal_count=1428481 1255736 276281 145097 172745 120363 24734 118538 23599 979455 3181 115357 112047 95551 83991 7765 11560 1899 713 9661 1411 76226 55766 40562 15204 4917 734 76 6228 2001
is_linear=0
shrinkage=0.06


Tree=100
num_leaves=31
num_cat=0
split_feature=0 0 4 5 6 7 10 1 7 7 0 5 10 1 14 10 7 17 6 14 6 9 7 3 9 7 17 9 7 9
split_gain=1667.07 360.218 63.6301 59.3742 43.0178 31.7327 52.9723 33.5046 34.9464 31.6358 54.1408 39.0752 35.6093 29.636 33.3881 28.9883 23.9663 23.9299 27.2553 23.4549 22.9192 22.8253 22.7094 21.439 21.3858 19.4659 18.5722 35.2984 41.4386 39.4012
threshold=0.99716070294380199 0.0003260255180066452 -0.63829940557479847 0.97915965318679821 0.89733102917671215 7.1985707563726473e-06 0.30901856720447546 9.5000000000000018 3.7084234918438601e-06 8.2553626270964755e-05 0.00079523821477778267 0.86405959725379955 0.51086956262588512 3.5000000000000004 14.500000000000002 0.82480818033218395 0.99929770827293407 56.904762268066413 3.9941577911376958 10.500000000000002 4.0243544578552255 97.624691009521499 3.8326776120811708e-05 1.5000000000000002 92.762355804443374 5.6505758038838401e-05 89.181285858154311 99.82578277587892 0.00046412723895628011 60.891633987426765
decision_type=2 2 2 2 2 2 2 2 2 2 2 2 2 2 2 2 2 2 2 2 2 2 2 2 2 2 2 2 2 2
left_child=1 5 -3 9 15 6 -1 -8 -9 10 22 -12 -13 -6 16 -5 -15 -14 -19 -17 24 -16 -4 -2 -20 -24 27 28 -11 -30
right_child=23 2 3 4 13 -7 7 8 -10 26 11 12 17 14 21 19 -18 18 20 -21 -22 -23 25 -25 -26 -27 -28 -29 29 -31
leaf_value=-0.036819029528627596 0.057254371805638658 -0.04590896710166105 0.068749936410762241 -0.029583701705877898 0.032960890540712003 -0.05898625844432577 0.014856791899697653 0.085637324288751718 0.56407009429816946 0.0030007433200237065 0.0019826451754330109 0.031822500309666109 0.027468325478378772 0.032804087136176316 0.00055741598592169478 -0.043416517366885239 -0.032739642972977163 0.0082097844696067384 -0.014883769390123593 -0.36876586135183054 -0.017689621022753597 -0.053612103854435877 0.30759461086711259 -0.096309593440675786 -0.159923646627087 -0.023434271080608495 0.00021832503590943377 0.013248767456292549 0.002287632849008694 -0.02746763405525068
leaf_weight=17.018913144449474 2128.3802086655051 99.593159202253446 15.32524542824831 23.006923044682484 370.59019466978498 393.68032230617246 2.7749676296953103 1.8116926720831545 0.24515652988338832 468.85602421898511 3111.4951670860173 333.39078986551613 120.49665572028607 171.14431908610277 121.13347694999538 1.9806055498775088 21.925303215160966 191.36960403434932 6.6398496311157924 0.81804731721058477 72.146086259745061 35.415814737323672 2.055773872241843 2.4162132516503325 7.8197569847106934 0.63944557396462176 6423.872643736715 254.29928045469569 219.59197463144665 589.97525953548029
leaf_count=34457 167823 125592 3173 545 10809 984168 534 499 73 9315 14113 3605 1028 4401 3267 53 1609 1374 35 28 460 935 542 10 66 691 34780 1107 6855 18191
internal_value=0.00783489 -0.000184362 0.00162133 0.00200172 0.0184067 -0.0550858 0.0146948 0.17134 0.308534 0.000964675 0.00542011 0.00491906 0.0173834 0.0211591 0.00859116 -0.0563336 0.0252305 0.00525318 -0.00444058 -0.210559 -0.0321683 -0.0119597 0.106405 0.0570351 -0.0985923 0.243969 -0.00119798 -0.00713019 -0.0111911 -0.0194038
internal_weight=15209.9 13079.1 12663.6 12564 746.015 415.531 21.8507 4.83182 2.05685 11818 3861.38 3843.36 731.863 720.209 349.619 25.8056 193.07 398.472 277.975 2.79865 86.6057 156.549 18.0205 2130.8 14.4596 2.69522 7956.6 1532.72 1278.42 809.567
internal_count=1430138 1262305 242574 116982 21647 1019731 35563 1106 572 95335 25087 20681 6568 21021 10212 626 6010 2963 1935 81 561 4202 4406 167833 101 1233 70248 35468 34361 25046
is_linear=0
shrinkage=0.06


Tree=101
num_leaves=31
num_cat=0
split_feature=2 5 2 5 3 2 7 9 1 14 5 7 8 8 5 9 9 16 1 5 2 8 3 4 1 9 7 10 14 5
split_gain=1106.43 469.636 311.529 58.9787 49.6164 38.3359 51.8666 99.0485 57.6757 43.686 33.3158 30.0851 28.2642 27.8693 27.1947 29.8114 24.7783 23.9176 23.7673 25.9698 23.4953 22.1107 25.8698 28.7908 20.7059 20.3171 20.2229 20.1625 17.7876 19.161
threshold=-0.0042409377638250581 0.99499055743217479 -0.99902358651161183 0.99649950861930858 1.5000000000000002 -0.22270189225673673 0.78521895408630382 52.245529174804695 5.5000000000000009 2.5000000000000004 0.99892836809158336 1.3464286327362063 27.334994316101078 30.848532676696781 0.050099568441510207 96.311412811279311 91.533855438232436 62.622549057006843 2.5000000000000004 0.15060451626777652 -0.041061848402023308 95.293468475341811 4.5000000000000009 -0.011501078959554432 8.5000000000000018 97.349815368652358 0.014160122256726028 0.5577777922153474 16.500000000000004 0.92418035864830028
decision_type=2 2 2 2 2 2 2 2 2 2 2 2 2 2 2 2 2 2 2 2 2 2 2 2 2 2 2 2 2 2
left_child=2 11 16 5 10 -4 7 9 18 -7 -3 14 -8 -14 -2 -16 -1 -10 19 -9 -20 28 23 -23 25 -19 -17 -22 29 -15
right_child=1 4 3 -5 -6 6 12 8 17 -11 -12 -13 13 21 15 26 -18 24 20 -21 27 22 -24 -25 -26 -27 -28 -29 -30 -31
leaf_value=-0.055269357896970177 -0.050269708643420424 0.037202817595985392 -0.0013322819369666647 -0.060060164198821278 -0.068223304718628169 -0.024699640779993266 -0.067307713245146644 -0.068270568714803984 0.012386788503871413 0.045830110343143569 0.058733832862084494 -0.039879051798068388 0.093707677728564656 -0.003338087477739169 0.010938941424397587 -0.038710997612595673 0.04872604344509654 -0.013116227349821737 0.0030630981348953156 0.025572196478687498 0.033159165735980357 0.040451419629503611 -0.053929169206041495 0.0033854489674192659 -0.12106281011891958 -0.05987187440244459 0.040455975984186224 0.0090562029580009262 0.061665939524273586 -0.02140498899869421
leaf_weight=381.2658863691322 35.375829362950753 309.71473595337011 6643.8114734527771 54.93733648545458 10.909459642163709 34.208406612015096 22.305095895251725 9.9585947904852201 102.79825749338488 341.4593116537726 1818.1265966321807 78.990651831962168 10.157585630542597 785.18880031068693 380.54351223897538 77.688430711627007 7.7015776225307482 308.12036296588485 1287.178910208575 414.90210184041644 198.12356330719194 81.057231002254412 25.282049981819 939.14956385828555 6.239979059144388 36.709670130163431 12.788743500830604 338.41313283733325 12.289520229212938 288.39848317267024
leaf_count=960741 12883 19049 103925 109733 16057 1789 213 286 3316 8245 153792 353 89 2088 5543 679 2023 1954 5457 4376 4601 157 81 2027 373 344 55 6850 27 2154
internal_value=0.00732899 0.0419275 -0.000318036 0.00140533 0.0549556 0.00169446 0.00553017 0.0105329 0.00651271 0.0393591 0.0556189 -0.0056842 -0.00158798 -0.000872376 -0.000282207 0.00357063 -0.0530906 -0.0129774 0.0104508 0.0232174 0.00746548 -0.00136686 0.00485891 0.00636713 -0.0204185 -0.0182524 -0.027201 0.0180017 -0.00736001 -0.00820681
internal_weight=15053.8 2724.14 12329.7 11940.7 2138.75 11885.8 5241.94 3078.11 2702.44 375.668 2127.84 585.387 2163.83 2141.52 506.397 471.021 388.967 453.868 2248.58 424.861 1823.72 2131.37 1045.49 1020.21 351.07 344.83 90.4772 536.537 1085.88 1073.59
internal_count=1429260 208411 1220849 258085 188898 148352 44427 37591 27557 10034 172841 19513 6836 6623 19160 6277 962764 5987 21570 4662 16908 6534 2265 2184 2671 2298 734 11451 4269 4242
is_linear=0
shrinkage=0.06


Tree=102
num_leaves=31
num_cat=0
split_feature=0 0 4 5 14 1 9 14 2 5 10 1 16 17 17 5 1 10 14 3 14 16 8 0 17 14 9 13 8 14
split_gain=1481.21 327.514 63.2717 50.4332 31.7232 40.3778 34.3044 27.1438 27.0773 26.2656 22.4803 22.0706 25.5415 53.3505 37.879 23.4675 29.8867 21.3663 29.4971 25.3726 37.7609 47.3332 27.5152 25.6841 23.0028 32.028 24.251 22.7223 22.2086 20.3277
threshold=0.99716070294380199 0.00024427770404145127 -0.79962387681007374 0.97915965318679821 19.500000000000004 5.5000000000000009 99.82578277587892 28.500000000000004 -0.99971976876258839 0.99834084510803234 0.65942031145095836 9.5000000000000018 63.245613098144538 58.434959411621101 63.286264419555671 0.15060451626777652 11.500000000000002 0.28869047760963445 2.5000000000000004 1.5000000000000002 4.5000000000000009 89.725547790527358 50.820554733276374 0.0021914592944085602 30.940170288085941 20.500000000000004 74.519054412841811 1.0000000180025095e-35 78.705963134765639 11.500000000000002
decision_type=2 2 2 2 2 2 2 2 2 2 2 2 2 2 2 2 2 2 2 2 2 2 2 2 2 2 2 2 2 2
left_child=1 -1 7 8 9 6 -6 -3 -4 -5 -7 17 13 -13 15 16 -15 18 -10 29 21 28 23 -23 -19 -26 -27 -28 -21 -20
right_child=-2 2 3 4 5 10 -8 -9 11 -11 -12 12 -14 14 -16 -17 -18 24 19 20 -22 22 -24 -25 25 26 27 -29 -30 -31
leaf_value=-0.056810955114409291 0.056865207426675959 -0.059235103534255769 0.17325720806836928 0.029275218620950325 0.014623807155318972 -0.006988813053746842 -0.07891281932364512 0.19042894859105139 -0.0097901456650400058 -0.058111928349130142 -0.11903206333251456 -0.041204086313068079 -0.062462567639272555 0.36924437880165051 -0.0022884654680467953 0.035207776340612999 -0.025552592867516641 0.0096051107835083815 0.011094032649198849 -0.046494972278808049 -0.0035220837046843617 0.37627240260108524 0.049235885490555797 -0.027894477730158847 -0.00589470398193473 -0.040278095482472118 0.0045915497918462538 -0.020533788628230798 0.019023256629577826 -0.0062066620073862678
leaf_weight=352.16437564254738 1901.7684789117193 70.312322010548087 2.2902106263500164 449.48997570126085 216.9541111412691 11.703035202459434 14.102329810149966 0.65179151494521548 473.24192238046089 11.832129720831288 13.722685064421965 25.950138633983443 41.079374534107046 2.4537340388633297 5.6076450881082565 2.2040298725187313 0.70876770143513557 688.81714053518954 2499.1000972409965 31.423984905501129 1363.6341620947642 0.77531316419481189 90.72546307061566 0.64180292328819633 3390.3682747024868 45.523393680341542 2716.8577395465691 135.08507071144413 42.866088971932186 270.35550568986218
leaf_count=980327 167751 148468 1633 12443 6153 298 423 5 5854 3081 306 6353 8820 304 1747 66 393 6768 20773 4570 11323 48 1570 17 25754 210 11600 719 407 1513
internal_value=0.0074293 0.000177133 0.00177197 0.00209355 0.0175247 0.000599268 0.00859942 -0.0543277 0.00115582 0.026913 -0.0696765 0.00110785 -0.0304992 0.00577039 0.111013 0.211169 0.295882 0.00132026 0.0044133 0.00597856 -0.000222749 0.0266693 0.0551669 0.257416 -0.000796024 -0.00193679 0.00269486 0.00339468 -0.00893978 0.0094035
internal_weight=14872.4 12970.6 12618.5 12547.5 717.804 256.482 231.056 70.9641 11829.7 461.322 25.4257 11827.4 78.0037 36.9243 10.9742 5.36653 3.1625 11749.4 4772.76 4299.52 1530.07 166.433 92.1426 1.41712 6976.65 6287.83 2897.47 2851.94 74.2901 2769.46
internal_count=1429697 1261946 281619 133146 22704 7180 6576 148473 110442 15524 604 108809 17683 8863 2510 763 697 91126 46075 40221 17935 6612 1635 65 45051 38283 12529 12319 4977 22286
is_linear=0
shrinkage=0.06


Tree=103
num_leaves=31
num_cat=0
split_feature=0 0 4 5 7 6 1 14 8 7 10 17 7 2 4 17 7 10 16 8 14 3 5 16 1 10 5 14 6 6
split_gain=1399.9 318.111 58.9694 61.3597 35.7157 27.3588 29.2335 27.2488 32.2377 26.8552 50.3206 36.0514 56.0059 44.6611 32.5892 59.3238 49.6231 36.3705 26.3277 32.9348 25.1994 24.8733 25.4914 39.769 25.1534 23.4049 23.698 23.1029 22.9757 22.9698
threshold=0.99716070294380199 0.00024427770404145127 -0.79962387681007374 0.93222767114639293 2.2212327166926119e-05 0.51491403579711925 5.5000000000000009 16.500000000000004 94.609127044677749 1.8193481564521792 0.23669467866420749 90.399383544921889 0.20789471268653872 -0.54595381021499623 -0.12706227600574491 76.026271820068374 0.0049065230414271363 0.084523811936378493 51.471860885620124 68.020618438720717 28.500000000000004 3.5000000000000004 0.00077619118383154284 67.333332061767592 6.5000000000000009 0.48137930035591131 0.98601278662681591 4.5000000000000009 5.055978775024415 1.9774562120437624
decision_type=2 2 2 2 2 2 2 2 2 2 2 2 2 2 2 2 2 2 2 2 2 2 2 2 2 2 2 2 2 2
left_child=1 -1 20 9 -5 -6 -7 -8 28 10 11 14 13 21 15 17 -16 29 -14 -20 -3 22 23 27 -24 -10 -27 -13 -9 -4
right_child=-2 2 3 4 5 6 7 8 25 -11 -12 12 18 -15 16 -17 -18 -19 19 -21 -22 -23 24 -25 -26 26 -28 -29 -30 -31
leaf_value=-0.057698036508716126 0.056621386581170156 -0.059181547864129075 -0.051657368022265872 0.028028759319259588 -0.03603545287716374 0.013032326520704541 0.002015025751988574 -0.086540370324115545 -0.016305062850226763 -0.0077555012044028841 -0.0013866394285831419 -0.016255674068436421 0.12928384244276503 0.035638105456908327 0.0010740142160436921 -0.030388034124101879 -0.041266827327613352 -0.053615266957492518 -0.059592639552678468 0.0038103334816573429 0.17488482032963384 0.11268201762632496 0.012298395559459524 0.020912584752746034 -0.026296395484784088 -0.052217453059165995 -0.33958553411964237 0.47393407743664023 0.0006289587026643992 0.14693857981774694
leaf_weight=332.82694760090089 1795.8017581031891 66.381191355438204 1.8272935962595571 399.29121324629523 48.746321591606829 1136.8491232537781 146.44535177591024 15.092702960129825 2.989375189819838 1326.6028406140977 6795.2496907580062 0.36999896372435515 4.8827462613116941 479.78866506530903 462.30812515792786 21.783938793290872 126.01113151950995 4.0957465150859198 29.365141945600044 1028.6655574013712 0.7527741848025461 7.3402383444772559 410.28544606850483 3.9465673608647194 70.375655683863442 2.1765795089304447 2.1503368010744452 0.45438512644614093 33.595993116381578 20.950706406234531
leaf_count=980431 167572 148445 84 8798 538 18582 2380 205 77 3664 51875 314 58 4456 15565 817 4211 712 558 6568 5 2255 3251 3418 3938 23 63 219 415 390
internal_value=0.00698496 0.000114699 0.00164037 0.00194168 0.0122356 0.00767553 0.00929217 -0.0116713 -0.0468667 0.000236225 0.00135672 0.00833017 0.0122271 0.022624 -0.00412234 0.0425672 -0.00804954 0.100673 0.0027017 0.001996 -0.0540287 0.00990635 0.00812382 0.133506 0.0066047 -0.156407 -0.231969 0.36561 -0.02759 0.129504
internal_weight=14777.4 12981.6 12648.8 12581.6 1787.34 1388.05 1339.3 202.45 56.005 10794.3 9467.7 2672.45 2035.47 972.561 636.977 48.6577 588.319 26.8737 1062.91 1058.03 67.134 492.772 485.432 4.77095 480.661 7.31629 4.32692 0.824384 48.6887 22.778
internal_count=1429887 1262315 281884 133434 31081 22283 21745 3163 783 102353 98689 46814 25035 17851 21779 2003 19776 1186 7184 7126 148450 13395 11140 3951 7189 163 86 533 620 474
is_linear=0
shrinkage=0.06


Tree=104
num_leaves=31
num_cat=0
split_feature=0 0 5 5 1 8 2 10 5 3 6 6 8 14 5 10 6 3 10 8 14 6 6 10 6 1 16 8 14 17
split_gain=1327.03 299.055 46.5121 51.9944 35.0756 26.8693 27.4428 29.6545 26.5661 22.77 21.9579 21.766 40.8072 22.1943 22.0061 27.622 28.0465 24.4405 26.1161 32.0932 35.5793 39.3864 30.8676 24.1509 22.8943 22.6733 24.3441 21.581 23.7952 24.4289
threshold=0.99716070294380199 0.0003260255180066452 0.99834084510803234 0.9741620421409608 5.5000000000000009 97.590011596679702 -0.011946468614041804 0.42582418024539953 0.00085808458970859658 1.5000000000000002 5.2769885063171396 7.9086923599243173 89.512962341308608 25.500000000000004 0.28830029070377355 0.042109929025173194 2.2690864801406865 2.5000000000000004 0.54772728681564342 30.053763389587406 17.500000000000004 7.0632128715515146 5.9690642356872567 0.084523811936378493 1.0013515353202822 3.5000000000000004 62.622549057006843 56.294013977050788 8.5000000000000018 71.611721038818374
decision_type=2 2 2 2 2 2 2 2 2 2 2 2 2 2 2 2 2 2 2 2 2 2 2 2 2 2 2 2 2 2
left_child=1 -1 3 8 -5 10 -7 -8 -3 -2 -6 14 13 -13 15 16 -10 18 25 -20 22 -22 -21 -17 -19 -16 -27 -18 29 -29
right_child=9 2 -4 4 5 6 7 -9 11 -11 -12 12 -14 -15 17 23 27 24 19 20 21 -23 -24 -25 -26 26 -28 28 -30 -31
leaf_value=-0.056016252492352633 0.056737432272158682 0.057201115657372952 -0.059363885663291795 0.021092435868307911 -0.046378902692669102 0.0152300394217392 0.01892605232911029 -0.25066579642049747 -0.067727584292051154 -0.094773135361126998 0.01693758902478865 -0.018497689191844406 -0.099772219248519381 0.089244986268725221 0.011635549005179746 0.020652385904545253 0.045346799333971496 -0.058906406732575786 0.015343662272183719 -0.0095260267797526981 0.00099181555701824474 0.086974968382134005 -0.054170605752449218 -0.003600957432539376 -0.0058984724773877119 0.023480380565802986 0.0015791146247997579 0.015513414294227658 0.038421455502318118 -0.05285497194537548
leaf_weight=333.25028633454349 1692.9182562306523 28.878272615344031 44.061157149029896 704.74535898730392 29.963120252505178 4.0631471547239926 1.861166954098733 4.2064113016240299 43.844814283569576 2.7177364379167548 53.361967498465674 47.747913120081648 21.245845061581349 7.0157057261094442 1700.1597471880377 155.60091869716416 18.783313925581751 29.604270750452997 382.38189841352869 954.08617347004474 1769.1881885121111 18.38942700996995 58.292693601251813 2633.6546017879737 718.46076495115994 194.24892039725091 2848.0339869713644 25.138057780655799 18.36461202436476 69.52148479106836
leaf_count=1019091 167391 14771 101910 23619 8238 1285 46 107 910 11 2983 662 180 31 7280 3658 368 649 1648 3813 5342 35 264 37982 8999 2323 13554 285 963 1091
internal_value=0.00655035 -1.87371e-06 0.00148573 0.00170423 0.0165125 -0.0178822 -0.105456 -0.176994 0.000696329 0.0564389 -0.00611058 0.000552155 -0.0312413 -0.003342 0.000762474 -0.00369908 -0.026708 0.00228796 0.00326679 -0.000937858 -0.00316606 0.00192449 -0.0121476 -0.00224105 -0.00807207 0.00608786 0.00298476 -0.0126559 -0.0226084 -0.0347265
internal_weight=14613.8 12918.2 12584.9 12540.8 798.201 93.4558 10.1307 6.06758 11742.6 1695.64 83.3251 11713.8 76.0095 54.7636 11637.8 2964.91 175.652 8672.85 7924.78 3182.34 2799.96 1787.58 1012.38 2789.26 748.065 4742.44 3042.28 131.807 113.024 94.6595
internal_count=1429489 1262087 242996 141086 36278 12659 1438 153 104808 167402 11221 90037 873 693 89164 45257 3617 43907 34259 11102 9454 5377 4077 41640 9648 23157 15877 2707 2339 1376
is_linear=0
shrinkage=0.06


Tree=105
num_leaves=31
num_cat=0
split_feature=0 0 4 5 6 5 1 14 9 17 6 7 17 6 6 14 14 4 6 14 16 16 6 14 7 7 8 3 0 1
split_gain=1253.63 268.915 51.6701 39.6516 29.0429 27.1877 27.7303 23.4412 23.2382 24.7348 21.7063 21.2385 20.614 20.5925 40.9913 26.3156 24.9037 29.3639 25.3404 20.0808 18.5397 41.3145 31.5609 18.1984 17.4232 17.2554 16.9537 17.9542 16.7128 16.0405
threshold=0.99716070294380199 0.00024427770404145127 -0.79962387681007374 0.97915965318679821 0.89733102917671215 0.00077619118383154284 7.5000000000000009 28.500000000000004 79.495143890380874 30.940170288085941 4.9723904132843026 8.2553626270964755e-05 27.681992530822757 0.96871358156204235 1.9931368231773379 43.500000000000007 2.5000000000000004 -0.29875855147838587 0.13385648280382159 12.500000000000002 37.617923736572273 37.123168945312507 0.89733102917671215 20.500000000000004 1.2394033547025176e-05 1.4245864349504702e-05 84.273937225341811 2.5000000000000004 0.99931657314300548 3.5000000000000004
decision_type=2 2 2 2 2 2 2 2 2 2 2 2 2 2 2 2 2 2 2 2 2 2 2 2 2 2 2 2 2 2
left_child=1 8 7 5 19 6 10 -3 -1 12 20 23 -10 15 25 16 -7 18 -18 -5 21 -4 -22 -6 -12 -15 -20 -28 -2 -13
right_child=28 2 3 4 11 13 -8 -9 9 -11 24 29 -14 14 -16 -17 17 -19 26 -21 22 -23 -24 -25 -26 -27 27 -29 -30 -31
leaf_value=-0.058590541122121254 0.041172646771789549 -0.059081334258161672 0.048781978626355589 0.009592764176808084 0.041059091653235014 -0.052019087071086573 -0.025938125475108532 0.16130529036811714 -0.029365595383561996 -0.046079828442811638 -0.028130183888564746 0.0212055273848832 0.27559685237000275 0.02187605130610909 -0.00023042008689794951 -0.12484560427789383 -0.049230774716231517 -0.0071417881938265629 -0.036272405080849487 -0.096598773247559416 0.15500742401599607 0.38126826529792762 -0.054280986031796929 0.0061056393458931235 0.23567639522339712 0.0068272902979510794 0.24835776699000162 0.038530365915561901 0.05886665773516734 -0.0027253522655315532
leaf_weight=292.19523251685314 236.42206433007959 59.815064397029346 7.6364901268680168 11.7000497848494 188.92753727384843 43.085265362489736 10.744152075640157 0.84989426145329972 0.95389315774082151 3.2753728192474227 0.86212097486713801 200.76153011742281 1.2969447990180922 351.63295004877727 9567.3618793925561 6.0858707735314956 2.9486616968351864 578.63714097469347 1.2793735324521547 12.751489928457884 2.537307567021343 0.75033600270398881 8.7273524243792036 75.265775582985952 3.9048146670102142 1243.0932495616144 3.7206483219051734 2.7515162024646997 1365.9560863522347 201.16812405659584
leaf_count=970644 22334 147919 1559 350 6375 747 10121 5 2001 7371 155 6324 857 1674 75481 55 197 4118 83 287 762 78 6730 2260 592 8191 25 62 145130 7077
internal_value=0.00625115 2.51328e-05 0.00136032 0.0016299 0.0155946 0.000813861 0.0527589 -0.053428 -0.0562391 0.0580191 0.0870439 0.0179748 0.177079 0.000654622 0.00125443 -0.00981641 -0.00851412 -0.00525083 0.0888774 -0.0474057 0.0536984 0.115977 0.00165505 0.0311618 0.191361 0.0101571 0.141036 0.176248 0.0562833 0.00925095
internal_weight=14487.1 12884.7 12587 12526.3 690.575 11835.8 35.1626 60.665 297.721 5.52621 24.4184 666.123 2.25084 11800.6 11162.1 638.508 632.423 589.337 10.7002 24.4515 19.6515 8.38683 11.2647 264.193 4.76694 1594.73 7.75154 6.47216 1602.38 401.93
internal_count=1429564 1262100 281227 133303 22673 110630 19997 147924 980873 10229 9876 22036 2858 90633 85346 5287 5232 4485 367 637 9129 1637 7492 8635 747 9865 170 87 167464 13401
is_linear=0
shrinkage=0.06


Tree=106
num_leaves=31
num_cat=0
split_feature=2 5 2 7 6 7 5 6 5 6 6 1 9 17 7 16 14 7 14 7 5 7 5 5 9 6 6 1 14 5
split_gain=759.73 389.21 204.501 68.6414 48.5312 37.0363 32.4316 34.1569 26.3878 25.6858 27.3003 49.8648 27.6705 32.3206 27.6216 23.7123 23.5608 23.156 33.876 21.2929 21.2492 25.3561 20.9051 36.2682 48.6244 55.6454 50.3641 23.5649 20.4097 19.9882
threshold=-0.0082101649604737741 0.99690651893615734 -0.99750253558158863 1.4245864349504702e-05 0.96871358156204235 0.9967830777168275 0.99649950861930858 1.9960368871688845 0.025714718736708168 6.9923374652862558 2.0707226991653447 3.5000000000000004 82.397846221923842 52.277431488037116 0.011761516798287632 78.346122741699233 43.500000000000007 0.00036216486478224402 34.500000000000007 0.96904209256172191 0.73536700010299694 0.71118706464767467 4.1182753193425021e-05 0.0001570974200149067 58.451549530029304 3.7316870689392094 2.9788488149642949 9.5000000000000018 19.500000000000004 0.92418035864830028
decision_type=2 2 2 2 2 2 2 2 2 2 2 2 2 2 2 2 2 2 2 2 2 2 2 2 2 2 2 2 2 2
left_child=2 4 3 22 8 -3 7 20 -2 10 12 14 -9 -14 -12 29 -10 -15 -19 28 21 -4 -1 24 -24 26 -26 -28 -6 -16
right_child=1 5 6 -5 19 -7 -8 9 16 -11 11 -13 13 17 15 -17 -18 18 -20 -21 -22 -23 23 -25 25 -27 27 -29 -30 -31
leaf_value=-0.054845582706349989 -0.065543509644969328 0.056174865726610124 0.0053799838070010455 -0.052672909853216029 0.039489913866640761 -0.029935277860774205 -0.059122143558187366 0.0027809782970506232 -0.0020098702095528572 -0.018164481853955874 0.025944656497177133 0.00062049482956621842 0.0098452540559056945 -0.034988033148066089 -0.080359113821931921 0.009328835182502394 -0.10690010475232498 -0.023706194653415259 0.033669546877457018 -0.031291519554329426 0.017461174011353203 -0.063745551661516339 -0.037247819057495864 0.018187928602872227 -0.01735846314882681 -0.027028104312909376 -0.0071961304523212996 0.76984351529818251 0.0080758971339802421 0.001951406515979598
leaf_weight=10.599797733506419 25.141901142225834 1530.3427941860864 1041.9428622367559 334.48933277209289 183.03574458369985 17.615192632802064 30.447077831922797 468.27748974980204 486.91791287550586 257.35447830578778 457.76995879365131 7654.1746861214924 127.87152252395754 278.89858289947733 19.755826905369759 335.34593655145727 6.8344823578372589 128.49783523404039 50.921735303476453 23.73675050586462 722.22475166112417 18.463432933582226 1.6356799518398468 43.74413984460989 0.40653982522780985 0.81568099241121672 0.13611237891018391 0.36841563793132082 126.09445510338992 21.656913037761115
leaf_count=33640 14220 168162 31422 984357 6705 18144 70345 3845 7007 1846 3497 53095 947 1671 87 985 59 826 211 86 10291 246 5021 5783 839 1412 256 326 4153 110
internal_value=0.00644891 0.0372614 0.000287524 -0.0422689 0.00467694 0.0551763 0.00172819 0.00189323 -0.0067929 0.000503265 0.00100854 0.00213984 -0.00809215 -0.0167681 0.0160577 0.00400787 -0.00367489 -0.0241985 -0.00732581 0.0225237 0.00953037 0.00411747 0.0179066 0.0350769 0.200262 0.356395 0.534191 0.694763 0.0267435 -0.0382835
internal_weight=14405.5 2399.72 12005.8 392.196 851.761 1547.96 11613.6 11583.2 518.894 9800.52 9543.17 8488.7 1054.47 586.19 834.529 376.759 493.752 458.318 179.42 332.867 1782.63 1060.41 57.7064 47.1066 3.36243 1.72675 0.911068 0.504528 309.13 41.4127
internal_count=1429594 218536 1211058 1031634 32230 186306 179424 109079 21286 67120 65274 57774 7500 3655 4679 1182 7066 2708 1037 10944 41959 31668 47277 13637 7854 2833 1421 582 10858 197
is_linear=0
shrinkage=0.06


Tree=107
num_leaves=31
num_cat=0
split_feature=0 0 0 14 1 5 3 9 9 10 6 6 6 6 14 14 16 8 5 9 6 8 14 16 2 17 8 3 10 3
split_gain=1136.05 228.222 37.1353 39.5395 30.8627 30.0348 27.6875 31.1772 31.8592 25.3578 22.0971 40.5081 26.3395 31.3004 29.9657 25.1971 27.0064 30.7443 24.1974 21.3139 21.2965 21.0957 30.3257 19.3604 23.3084 37.4506 22.6142 19.2101 18.2975 28.1885
threshold=0.99817061424255382 0.00048815258196555083 0.98484668135643016 15.500000000000002 6.5000000000000009 0.99649950861930858 1.5000000000000002 58.451549530029304 58.851016998291023 0.94590643048286449 0.96871358156204235 1.9931368231773379 2.0524525642395024 2.846888661384583 9.5000000000000018 10.500000000000002 96.424011230468764 78.979854583740249 0.00070125592174008499 93.515834808349624 2.0175737142562871 48.808847427368171 2.5000000000000004 76.330532073974624 -0.54595381021499623 76.026271820068374 52.97661209106446 1.5000000000000002 0.35857143998146063 2.5000000000000004
decision_type=2 2 2 2 2 2 2 2 2 2 2 2 2 2 2 2 2 2 2 2 2 2 2 2 2 2 2 2 2 2
left_child=1 6 5 -4 9 10 7 -1 -9 -5 28 21 15 14 -14 20 17 -17 -15 -8 -13 -12 -23 24 25 26 -24 -2 29 -3
right_child=27 2 3 4 -6 -7 19 8 -10 -11 11 12 13 18 -16 16 -18 -19 -20 -21 -22 22 23 -25 -26 -27 -28 -29 -30 -31
leaf_value=-0.057308401667634769 0.057620121996456886 0.0083140377748313898 0.031557089074219155 0.0060506510328731432 -0.10167070323381601 -0.058360584181868763 -0.059788955878843364 0.24587992493348126 0.017113385863034809 -0.14417009086623722 0.027188286622846707 0.0035872214978631732 0.0021132274198029811 0.084629391657802477 0.023831395151131099 -0.0088198729421820748 -0.014453260764781121 -0.096961688605322768 -0.00062708192088869997 0.13726389438512046 -0.026433270475424292 -0.034514069044308648 -0.089426311963614891 0.012205501381800453 0.010685098674870826 -0.088948600298712627 0.0097629302834115646 -0.15113742402601571 -0.018954688532528068 -0.050076857364810524
leaf_weight=21.083540158142569 1362.2392321700463 247.89290475059533 289.03895815252326 262.85337044089101 9.384019935037939 30.274171331024263 262.79496177867986 1.4800019899848873 20.595704689330887 3.1089630811475208 220.73964555474231 505.01765438428265 554.48826061942964 11.003023564000612 388.52744082067511 25.604469022480771 373.08099865770782 31.744666914455593 7733.7029666085436 1.0800402249733441 101.26498659135541 58.96399278260651 8.7229900455859006 1111.2356354233634 107.39191109524108 26.540907232090831 54.669737100863131 0.66448906809091468 370.67327994832885 32.806917193316622
leaf_count=65160 161641 2354 11854 10190 241 79817 972318 966 25557 142 2493 5398 5686 3171 1588 160 1942 197 64676 432 1587 693 235 5601 566 482 895 5 2698 872
internal_value=0.00533871 -0.000181113 0.00107028 0.0160972 -0.000186923 0.000361912 -0.0512045 -0.00648141 0.0424411 0.00376119 0.00051537 0.00113447 -0.000316895 0.00076218 0.011077 -0.00935164 -0.0204351 -0.0584349 -0.000495046 -0.0584672 -0.00146225 0.0100153 0.00722548 0.00913119 -0.00815598 -0.0305246 -0.00506255 0.0574076 -0.010222 0.00133604
internal_weight=14228.7 12865.8 12558.7 564.385 275.346 11994.3 307.034 43.1592 22.0757 265.962 11964.1 11312.7 9724.43 8687.72 943.016 1036.71 430.43 57.3491 7744.71 263.875 606.283 1588.26 1367.53 1308.56 197.326 89.9336 63.3927 1362.9 651.373 280.7
internal_count=1429617 1267971 203538 22427 10573 181111 1064433 91683 26523 10332 101294 95370 84405 75121 7274 9284 2299 357 67847 972750 6985 10965 8472 7779 2178 1612 1130 161646 5924 3226
is_linear=0
shrinkage=0.06


Tree=108
num_leaves=31
num_cat=0
split_feature=0 0 9 0 5 5 6 1 8 9 0 5 8 8 1 9 16 6 16 6 6 8 9 6 6 6 14 8 6 5
split_gain=1063.1 226.866 35.4586 28.6604 26.6646 25.1085 24.3174 24.0229 38.0169 28.3585 20.1393 18.7265 24.6262 26.1568 33.062 29.9648 30.1988 25.1125 23.2351 20.3434 40.4462 24.5824 25.4126 38.0014 42.9206 44.4981 25.0721 25.1515 24.3528 22.3507
threshold=0.99716070294380199 0.0006290799065027387 79.495143890380874 0.98484668135643016 0.00041325880738440906 0.99649950861930858 0.0047386579681187877 5.5000000000000009 94.185260772705092 88.084316253662124 0.99931657314300548 0.15060451626777652 64.326763153076186 62.192192077636726 3.5000000000000004 71.707641601562514 81.165538787841811 4.9571630954742441 41.763566970825202 2.846888661384583 2.0926085710525517 62.889245986938484 81.649658203125014 1.999687731266022 1.0782101750373843 1.8372327685356142 34.500000000000007 89.009658813476577 2.0014277696609502 0.73536700010299694
decision_type=2 2 2 2 2 2 2 2 2 2 2 2 2 2 2 2 2 2 2 2 2 2 2 2 2 2 2 2 2 2
left_child=1 2 -1 5 -4 11 -5 -8 -9 -10 -2 12 13 -3 -15 16 17 -16 -17 20 21 -13 -23 24 -24 -26 27 28 -25 -27
right_child=10 3 4 6 -6 -7 7 8 9 -11 -12 19 -14 14 15 18 -18 -19 -20 -21 -22 22 23 26 25 29 -28 -29 -30 -31
leaf_value=-0.056211705654306901 0.038222254915883089 -0.00029235943901199669 0.090022545440165885 -0.092173233214833547 -0.052982762410906402 -0.057998601372524203 0.021821857345307567 0.0052867158389014578 0.0022052729523521428 -0.19081732671285156 0.058932421003312113 0.015705148335453379 -0.010802118994204022 -0.054427390911586597 0.07752687194051458 0.11007621552461774 -0.0073986398242200909 0.20984846345240143 -0.052395695980454689 -0.00013670556975840708 0.018508055116108982 0.0067098193966654077 -0.011383869527190452 -0.082790908763380605 0.038794317913037404 -0.02016331830177711 0.0089631884882609685 -0.010496566519410604 -0.03072447926974194 0.016942568011740943
leaf_weight=286.87852813114296 207.22158708283678 989.01800165470922 10.112701979116538 6.4699985263869157 7.2577817429846609 25.261320613193675 427.39235436683521 43.210588784422725 4.4033919712528569 6.1569364462047815 1148.5510217058472 413.24595411977498 1066.4093665024848 10.531237611256072 21.991025363677185 3.2166319718235163 9.3883596535888483 6.9306713737896635 11.849490908614824 6452.6790039729967 694.21342087350786 1039.2394678621495 487.63811427907785 47.227908860426396 165.67381411948008 117.33231843821704 69.898976905271411 119.78890716098249 105.13090129784541 114.47137736465083
leaf_count=1067715 22481 21438 3766 166 15464 66262 15161 1186 106 124 144926 3485 15933 140 365 32 122 129 234 35906 3571 6409 1955 254 511 293 227 417 477 660
internal_value=0.00530273 -6.51119e-05 -0.0511689 0.00118687 0.0306401 0.000605441 0.0154303 0.0170654 -0.0204492 -0.117103 0.0557975 0.000734212 -0.0043798 0.00212884 0.039026 0.0581265 0.0857237 0.115189 -0.0130154 0.00183751 0.00561221 0.00226564 -0.000190705 -0.00603521 0.000534709 0.0151487 -0.0229882 -0.0311975 -0.0472985 -0.00184529
internal_weight=14118.8 12763 304.249 12458.8 17.3705 11971.1 487.633 481.163 53.7709 10.5603 1355.77 11945.9 2119.33 1052.93 63.9074 53.3762 38.3101 28.9217 15.0661 9826.54 3373.86 2679.65 2266.4 1227.16 885.116 397.478 342.047 272.148 152.359 231.804
internal_count=1429915 1262508 1086945 175563 19230 158820 16743 16577 1416 230 167407 92558 38393 22460 1022 882 616 494 266 54165 18259 14688 11203 4794 3419 1464 1375 1148 731 953
is_linear=0
shrinkage=0.06


Tree=109
num_leaves=31
num_cat=0
split_feature=0 0 5 5 2 9 7 10 8 7 2 8 10 6 16 16 10 5 7 17 7 3 16 8 8 2 10 7 16 8
split_gain=982.897 214.263 47.6074 34.5423 24.7695 21.7642 20.7226 81.2686 55.8662 34.9859 29.537 26.5118 38.8153 36.4223 36.9583 24.7034 22.6306 22.0271 21.414 21.5878 26.6401 20.9203 20.8666 20.6211 20.0574 32.5595 31.3598 28.2934 26.1629 25.1662
threshold=0.99817061424255382 0.00024427770404145127 0.99834084510803234 0.98997241258621227 -0.99971976876258839 79.495143890380874 0.44601628184318548 0.092329546809196486 85.028736114501967 1.0496732556930512e-05 -0.99275383353233326 67.826873779296889 0.74456521868705761 3.3672220706939702 26.846846580505375 49.56140327453614 0.28869047760963445 0.0084759872406721132 0.0049065230414271363 63.286264419555671 0.072131048887968077 1.5000000000000002 92.495311737060561 58.444253921508796 70.396453857421889 -0.87691086530685414 0.45643940567970281 0.00041815541044343268 91.547618865966811 37.884435653686531
decision_type=2 2 2 2 2 2 2 2 2 2 2 2 2 2 2 2 2 2 2 2 2 2 2 2 2 2 2 2 2 2
left_child=1 5 3 4 -3 -1 7 8 9 -6 -10 13 16 -8 -15 -11 -13 -12 23 20 -20 -16 -18 -17 26 -26 27 -9 29 -29
right_child=-2 2 -4 -5 6 -7 11 24 10 15 17 12 -14 14 21 18 22 -19 19 -21 -22 -23 -24 -25 25 -27 -28 28 -30 -31
leaf_value=-0.058234947756665954 0.057080818940792109 0.16214387654857315 -0.061795047513355073 0.01839904665408015 -0.018367948786015307 0.053268185677360851 -0.00097726677532260198 0.019972326586198141 -0.04273198210646495 -0.085883370581133336 0.14883844007656771 -0.0014523575141980134 0.12888699783003757 0.011026741129787422 -0.1643501758419004 -0.02219228071962033 -0.11053194482753845 0.036927290872123715 -0.035322864242663822 -0.007953226351404552 0.12940680432362323 -0.064447249307600402 -0.01562423500134669 0.046714931266641849 -0.014341383335321553 0.00045972783072397371 -3.0400876754113521e-05 0.029443884973402289 0.031424524861276233 -0.015943681125539469
leaf_weight=234.14756022072106 1218.0600679091876 2.4491966669447711 41.275243845273508 444.10295160206442 149.66290849907091 5.7349014923820496 86.405817672217381 718.57917423656909 15.850569825299315 6.9999239203752941 5.555158454226329 2713.1981783811498 7.1690979097038499 19.302438198094023 9.3194341063499433 17.4433300725359 11.816992574895265 406.75146091353963 5.0424443462688933 98.494148657802725 8.5706360018521064 40.679220773105044 25.05181240150705 115.90630133080413 599.47298559977207 4910.0926110659784 1694.3682227302634 52.263057751697488 74.17641429847572 252.35529504701844
leaf_count=969890 161920 1859 124290 33311 1593 10185 5005 14224 5710 801 361 16638 18 398 51 1617 143 4239 231 2641 117 4168 144 4294 11205 21140 14643 5463 731 12399
internal_value=0.00560572 0.000692572 0.00176979 0.00198476 0.00137819 -0.0553592 0.00133204 0.00273762 0.0206238 0.00454285 0.035681 -0.00307366 -0.00170864 -0.0270802 -0.059149 0.0181438 -0.00209581 0.0387916 0.0214469 0.0020668 0.0701474 -0.085926 -0.0481591 0.0376032 0.000946426 -0.00115303 0.00508868 0.0129855 -0.000286369 -0.00808572
internal_weight=13990.3 12772.2 12532.4 12491.1 12047 239.882 12044.5 9131.58 830.277 402.12 428.157 2912.94 2757.24 155.707 69.3011 252.457 2750.07 412.307 245.457 112.107 13.6131 49.9987 36.8688 133.35 8301.31 5509.57 2791.74 1097.37 378.795 304.618
internal_count=1429429 1267509 287434 163144 129833 980075 127974 101409 21604 11294 10310 26565 16943 9622 4617 9701 16925 4600 8900 2989 348 4219 287 5911 79805 32345 47460 32817 18593 17862
is_linear=0
shrinkage=0.06


Tree=110
num_leaves=31
num_cat=0
split_feature=0 0 5 5 7 7 10 5 7 10 7 16 16 2 17 8 3 17 16 0 9 10 1 9 7 8 9 9 0 8
split_gain=950.158 207.921 31.4391 31.6976 26.5212 25.7772 21.1758 20.5672 23.4742 30.4695 62.5387 53.6131 28.6443 31.2468 34.9032 27.9269 24.2024 36.7626 23.9109 25.1413 22.4178 29.2781 38.8388 28.9674 28.5582 25.7373 41.4134 23.352 26.3487 22.3706
threshold=0.99817061424255382 0.00051781092770397674 0.99834084510803234 0.97915965318679821 8.2553626270964755e-05 7.1985707563726473e-06 0.21583850681781772 0.018878152593970302 2.2512538433074956 0.15504807978868487 0.62881579995155346 91.779277801513686 55.086206436157234 -0.65699636936187733 69.666328430175795 68.020618438720717 1.5000000000000002 52.73088455200196 88.303691864013686 0.079893685877323165 69.252254486083999 0.74456521868705761 7.5000000000000009 28.956442832946781 3.3405318390578038e-05 77.015758514404311 94.55533599853517 68.863315582275405 0.0059790529776364574 77.459678649902358
decision_type=2 2 2 2 2 2 2 2 2 2 2 2 2 2 2 2 2 2 2 2 2 2 2 2 2 2 2 2 2 2
left_child=1 5 3 7 -5 6 -1 20 9 10 11 16 13 14 -12 -14 -9 -18 19 -19 23 24 25 -3 -22 -23 -27 -25 -29 -28
right_child=-2 2 -4 4 -6 -7 -8 8 -10 -11 12 -13 15 -15 -16 -17 17 18 -20 -21 21 22 -24 27 -26 26 29 28 -30 -31
leaf_value=-0.05466568960145908 0.056683107783801229 -0.048795518665302573 -0.062342302508289905 0.027751172251274055 0.0039140731503306096 -0.058362516213086177 0.056973209932793097 -0.0032186415875273414 -0.006847793218654483 -4.7296925750236175e-06 -0.03735879885158977 0.031265530662262217 -0.05207187390041261 -0.032611546221873226 0.28035045878906212 0.00051307692615200795 0.2204047193114097 -0.040011715725225862 0.18663943653565152 0.05707724780613456 -0.0074145991837460106 -0.031036926739994895 0.21416456798070627 0.0046266771760029093 -0.040204098707884058 0.3455079509537981 0.21087642246686902 0.1763140855087714 -0.022723162376879439 -0.050323922795765211
leaf_weight=9.9640555866353697 1147.6568084433675 35.673545316094533 27.295502365624998 277.22039296501316 425.26773432290065 243.31557295715902 12.859896789479533 336.80663041770458 1248.5459601384646 7413.2417277615168 1.462038568453863 572.64559581826325 36.35290208668448 3.2425191019719923 3.2275050315074623 1364.7144483677403 2.9158298755355636 16.909997239796212 2.0938764218299175 19.772929012775421 203.38237490819301 14.959512600500608 3.0682486815494476 311.24222011625534 180.42237086984096 0.91056997771374781 0.53461195714771736 5.0436146638821793 3.6253726277500391 4.1447061650687829
leaf_count=31601 161504 1363 72452 11281 24599 1032250 5312 1511 3834 35334 500 6353 2112 53 155 6791 70 1227 66 49 3407 261 80 12698 13654 20 3 194 27 174
internal_value=0.00441147 -0.000286321 0.000831663 0.000974732 0.0133469 -0.0526638 0.00798714 0.00023617 0.000895991 0.00188586 0.00782169 0.0197004 -0.000205298 0.106901 0.192143 -0.000887489 0.00216675 0.0447281 0.0263091 0.0124473 -0.00928389 -0.018874 0.0447146 0.00172641 -0.022893 0.0106497 0.109991 0.00749464 0.0993353 0.0113943
internal_weight=13928.5 12780.9 12514.7 12487.4 702.488 266.14 22.824 11784.9 11021.9 9773.39 2360.14 951.145 1409 7.93206 4.68954 1401.07 378.499 41.6926 38.7768 36.6829 763.007 407.422 23.6176 355.585 383.805 20.5494 5.58989 319.911 8.66899 4.67932
internal_count=1428935 1267431 198268 125816 35880 1069163 36913 89936 58055 54221 18887 9276 9611 708 655 8903 2923 1412 1342 1276 31881 17599 538 14282 17061 458 197 12919 221 177
is_linear=0
shrinkage=0.06


Tree=111
num_leaves=31
num_cat=0
split_feature=0 0 7 7 0 9 13 0 16 4 6 14 16 15 9 0 7 10 4 10 14 10 6 7 4 7 4 13 9 10
split_gain=870.3 175.553 40.1342 34.79 37.6824 34.5162 55.6725 32.5098 32.1092 29.1497 25.0215 21.6951 20.972 27.9562 43.743 30.9799 25.1813 44.4682 25.9904 36.9672 28.5676 25.6054 24.8581 23.1534 21.1436 42.2256 42.4552 32.9729 30.2512 61.2658
threshold=0.99817061424255382 0.0003260255180066452 7.1985707563726473e-06 8.680441897013226e-05 0.88379943370819103 58.451549530029304 1.0000000180025095e-35 0.00079523821477778267 44.222221374511726 -0.91512537002563465 8.1526007652282733 19.500000000000004 89.087299346923842 1.0000000180025095e-35 56.675579071044929 0.0043597351759672174 0.00048909912584349524 0.072299651801586165 -0.067475527524948106 0.65942031145095836 4.5000000000000009 0.12660256773233416 0.96871358156204235 0.44601628184318548 -0.067475527524948106 0.0049065230414271363 -0.00089668072178028513 1.0000000180025095e-35 97.969490051269545 0.20344828069210055
decision_type=2 2 2 2 2 2 2 2 2 2 2 2 2 2 2 2 2 2 2 2 2 2 2 2 2 2 2 2 2 2
left_child=1 2 5 4 7 -1 -7 -3 -8 -5 12 -6 22 14 -14 -16 17 -15 19 20 23 -22 -11 -18 28 26 27 -26 29 -24
right_child=-2 3 -4 9 11 6 8 -9 -10 10 -12 -13 13 16 15 -17 18 -19 -20 -21 21 -23 24 -25 25 -27 -28 -29 -30 -31
leaf_value=-0.052857339269785274 0.0564326687294937 0.074242999127922982 -0.058130588804730959 -0.058136969774404454 0.022709608326106613 0.045709788818976811 -0.015664724833808749 0.0025001920710595116 0.59888620058892261 -0.031409694639873816 -0.054349627690325718 0.0010365532551060948 -0.0060268097864160566 0.060104189286334792 0.16004132449317041 0.026956246621164481 -0.059467645863530774 -0.010116776985607232 0.0039672461834523356 0.12041034018260929 -0.012999642563385509 -0.075252044657753689 0.027233946795645933 0.079368090992195994 0.042830784734787387 -0.018197904975445829 -0.00028252310663184476 0.39243127552354995 0.075389141037729548 -0.052892908437392139
leaf_weight=7.376040187504258 1086.1280162130715 21.901671370345866 214.37152665526082 30.761949913430726 640.78393732616678 8.0204877043579437 0.34635610633995462 3223.7906870717416 0.17947267155977897 121.57960774851381 30.002353885560296 224.54820407018997 206.24300310987746 32.527307674114127 5.4900088314898303 287.93633467738982 4.7439011934911859 1036.6855859533243 3866.6698550145957 6.5924725498771286 413.42396854440449 24.314377092261566 127.94483484348166 18.736072060273727 2.9140173646446779 644.05342916454538 1418.8434028062911 0.71675278939073894 24.970376963057788 45.839041661369265
leaf_count=28559 161713 4514 983383 115571 13162 6635 292 14935 119 3065 650 4355 2017 683 238 3601 302 7191 21101 52 5328 1578 4324 788 1911 10160 26157 315 984 5538
internal_value=0.00490979 0.000496691 -0.0512975 0.00145787 0.00597548 0.0386985 0.114977 0.00300702 0.44912 -0.00076651 -0.000547436 0.0170933 -0.000346194 0.00157276 0.0151363 0.0299814 0.000315989 -0.00792637 0.00235054 -0.0109922 -0.0131269 -0.0166211 -0.00509095 0.0500343 -0.00366517 -0.0054647 0.00030925 0.181686 0.0149789 0.00591716
internal_weight=13778.4 12692.3 230.294 12462 4111.02 15.9224 8.54632 3245.69 0.525829 8350.99 8320.23 865.332 8290.22 5903.36 499.669 293.426 5403.69 1069.21 4334.48 467.811 461.218 437.738 2386.86 23.48 2265.28 2066.53 1422.47 3.63077 198.754 173.784
internal_count=1429221 1267508 1018988 248520 36966 35605 7046 19449 411 211554 95983 17517 95333 42879 5856 3839 37023 7874 29149 8048 7996 6906 52454 1090 49389 38543 28383 2226 10846 9862
is_linear=0
shrinkage=0.06


Tree=112
num_leaves=31
num_cat=0
split_feature=0 0 5 5 14 9 9 2 17 8 9 6 6 6 9 6 6 8 2 6 6 2 5 9 16 3 6 6 14 10
split_gain=808.007 164.853 39.9519 31.9452 21.9148 21.2071 20.5605 19.9243 17.3978 16.6561 28.218 19.1158 21.4015 33.7404 22.835 33.1218 27.5889 22.2731 21.4027 21.2948 21.191 24.0269 29.4754 39.2428 20.9075 20.1664 17.7579 17.5139 32.6999 20.8869
threshold=0.99817061424255382 0.00024427770404145127 0.99834084510803234 0.97915965318679821 21.500000000000004 99.82578277587892 79.495143890380874 -0.99971976876258839 30.940170288085941 50.252525329589851 98.253242492675795 0.055739754810929305 3.9912524223327641 4.0175833702087411 68.438713073730483 3.9993827342987065 4.0041832923889169 61.034790039062507 -0.65699636936187733 4.0243544578552255 3.4685746431350712 -0.22270189225673673 0.92418035864830028 95.469207763671889 46.332736968994148 1.5000000000000002 4.0024144649505624 3.7710171937942509 14.500000000000002 0.76696833968162548
decision_type=2 2 2 2 2 2 2 2 2 2 2 2 2 2 2 2 2 2 2 2 2 2 2 2 2 2 2 2 2 2
left_child=1 6 3 7 -5 -6 -1 -3 -8 -9 11 -11 20 14 25 -16 -17 19 -18 -15 21 22 -13 -24 -19 26 -14 28 -22 -29
right_child=-2 2 -4 4 5 -7 8 9 -10 10 -12 12 13 17 15 16 18 24 -20 -21 27 -23 23 -25 -26 -27 -28 29 -30 -31
leaf_value=-0.056094026366256419 0.055984126937890247 0.13757572565288398 -0.06148546040023916 0.021703852693241633 0.0044963798136513113 -0.061392739516164883 0.13746909934049237 0.0064812081700822101 -0.044965182374466374 -0.015676541836227742 -0.025230361376563794 -0.001395719831659185 0.025823658689672534 0.087333775084123877 -0.0011893362309166676 -0.054689548120459952 -0.069387763729959431 0.056914874700472448 0.0084933760856151074 -0.028341132537805475 0.0073818172418000216 0.0061622556237835866 -0.072645318017531227 0.14006427828305684 0.00046697551546315556 -0.025805028471118568 -0.015346587959549716 0.0034703614204464814 0.046831913747931303 0.059521339143478513
leaf_weight=197.27286406957137 1028.4884150022408 2.8467470738978582 35.040578995438409 466.65814649088134 206.14176474555279 18.2173511054134 2.8625218214147017 1707.6626807314897 2.9480652882921277 256.05739930286654 155.16372663917718 2886.6657570902898 100.63406974601094 5.0279922114132196 124.62360177756636 147.1483343977452 15.388926076397182 22.821512074937345 55.747837557457387 134.06669679992774 196.3199703602877 2249.7469576828589 34.191604556966922 2.5044164657592765 2816.8752973890514 82.202773879893357 59.13772286917083 644.73133794535534 122.5264616523782 23.865540949627757
leaf_count=969624 162104 1819 124273 34416 7232 759 2806 34432 7252 2775 783 28717 978 77 614 1122 310 396 180 4254 1843 10858 2356 2 21483 1838 567 4866 350 80
internal_value=0.0048491 0.000728302 0.00159654 0.00177774 0.0143083 -0.00110232 -0.052765 0.00104565 0.0518974 0.00100122 7.73761e-05 0.000473325 0.000900149 -0.00280026 -0.0159625 -0.0258987 -0.039936 -0.000211363 -0.00908289 -0.0235662 0.00304082 0.00150241 -0.00208457 -0.0547979 0.000940501 -0.00183309 0.0105843 0.0110907 0.0226407 0.005557
internal_weight=13803.6 12775.1 12572 12537 691.017 224.359 203.083 11846 5.81059 11843.1 10135.4 9980.28 9724.23 3563.67 584.883 342.909 218.285 2978.79 71.1368 139.095 6160.55 5173.11 2923.36 36.696 2839.7 241.975 159.772 987.443 318.846 668.597
internal_count=1429166 1267062 287380 163107 42407 7991 979682 120700 10058 118881 84449 83666 80891 31819 5609 2226 1612 26210 490 4331 49072 41933 31075 2358 21879 3383 1545 7139 2193 4946
is_linear=0
shrinkage=0.06


Tree=113
num_leaves=31
num_cat=0
split_feature=0 0 5 0 14 6 6 6 14 6 7 6 10 9 4 5 14 10 7 9 17 2 5 6 5 2 8 16 9 8
split_gain=806.784 170.853 35.0011 27.5941 27.3055 22.8542 20.9087 81.4725 99.7617 21.5905 46.8811 29.8652 40.6488 55.3241 26.8629 45.391 31.0028 23.7579 21.7595 23.6687 34.1187 19.0609 19.0417 18.6557 19.1419 22.5527 22.6483 18.417 61.7038 25.6252
threshold=0.99817061424255382 0.00025461683981120592 0.99834084510803234 0.99218639731407177 15.500000000000002 0.51491403579711925 4.9915487766265878 5.0324103832244882 11.500000000000002 5.9977171421051034 1.8193481564521792 6.0522854328155526 0.11882352828979494 99.82578277587892 -0.43075647950172419 0.86405959725379955 3.5000000000000004 0.81101191043853771 0.0067095339763909587 98.421009063720717 86.038963317871108 -0.98205760121345509 0.89023575186729442 5.011017084121705 0.86405959725379955 -0.06340844556689261 73.499401092529311 40.289855957031257 83.157192230224624 25.15822792053223
decision_type=2 2 2 2 2 2 2 2 2 2 2 2 2 2 2 2 2 2 2 2 2 2 2 2 2 2 2 2 2 2
left_child=1 -1 3 6 -5 -6 -3 8 27 10 14 12 -11 -14 15 16 -9 18 -16 20 -20 -13 -22 24 -10 26 -26 -8 -29 -30
right_child=-2 2 -4 4 5 -7 7 9 23 11 -12 21 13 -15 17 -17 -18 -19 19 -21 22 -23 -24 -25 25 -27 -28 28 29 -31
leaf_value=-0.056126221441257507 0.056295160731470395 0.0012682795884335224 -0.06080217862250939 0.036548790698475934 -0.11614266627925636 0.0053391927899288589 0.022665611858174686 -0.040252957912005935 -0.064616541275085107 0.010939368929223302 -0.024622896084086514 -0.048835890771905623 -0.071305978233480546 0.042781922800099147 0.020356026002098609 -0.052467091637702766 0.22676792353631611 -0.032546274358178771 -0.073430991632935302 0.11962508578905626 -0.017027308511085568 0.0017048163352361596 0.025702676283476274 -0.010964735316024163 -0.034899586867831359 -0.068909398021383322 -0.24352521311396411 -0.00094910449960900248 0.07107497068259197 -0.093892943855970037
leaf_weight=194.46868670040567 969.89956799848005 9950.0171729645954 32.5386587860703 149.74969032057561 4.7785066445358089 157.36287489382084 55.623460664195591 1.639070479417567 101.741768564214 57.608856203936739 140.13305523947929 27.127212847408373 86.515618947014445 17.842130727280164 517.3042515465786 4.3123797922889926 6.4490982532151975 40.627017753897235 23.511921989207622 4.4093821951537384 79.408315076638246 597.00314058808726 69.445006730733439 17.815323589398758 2.9216920652252174 14.189549088478087 7.1399551634240197 191.78002807323355 2.9872064078226677 38.730658149128431
leaf_count=986695 161592 115928 121085 8567 158 7867 1036 228 734 947 545 5460 1506 88 5351 2087 288 261 863 19 840 2891 219 141 12 173 60 3575 15 450
internal_value=0.00359429 -0.000468125 0.000409164 0.000575104 0.0181664 0.001069 0.000118554 -0.00531078 -0.0284783 0.000696602 0.00710801 -0.00653957 -0.0294118 -0.0515793 0.0130847 0.0973289 0.174181 0.0115324 0.0141556 -0.00400141 -0.00783575 -0.000566493 0.00294613 -0.0691326 -0.0772064 -0.125374 -0.191576 -0.00808834 -0.0154799 -0.0806931
internal_weight=13565.1 12595.2 12400.7 12368.2 311.891 162.141 12056.3 2106.27 432.93 1673.34 887.239 786.097 161.967 104.358 747.106 12.4005 8.08817 734.706 694.079 176.775 172.365 624.13 148.853 143.808 125.993 24.2512 10.0616 289.121 233.498 41.7179
internal_count=1429681 1268089 281394 160309 16592 8025 143717 27789 6196 21593 10701 10892 2541 1594 10156 2603 516 7553 7292 1941 1922 8351 1059 1120 979 245 72 5076 4040 465
is_linear=0
shrinkage=0.06


Tree=114
num_leaves=31
num_cat=0
split_feature=0 0 7 5 9 4 14 16 1 16 15 2 4 4 9 6 4 9 7 9 6 7 4 16 14 14 3 9 9 5
split_gain=734.988 151.029 34.7876 34.0454 33.6545 29.5246 24.9996 22.7608 25.119 21.0177 25.2169 27.9567 30.6346 27.8129 42.2651 26.5185 26.102 24.6149 27.1315 40.9474 23.7331 23.6888 39.8653 42.977 27.5335 24.7543 22.8674 22.5427 26.1032 20.9784
threshold=0.99716070294380199 0.00024427770404145127 8.680441897013226e-05 0.86405959725379955 90.342010498046889 -0.91512537002563465 50.500000000000007 58.434959411621101 4.5000000000000009 88.303691864013686 1.0000000180025095e-35 -0.87691086530685414 -0.87051099538803089 -0.026286931708455082 62.529621124267585 5.8712623119354257 -0.63829940557479847 61.916847229003913 0.36089827120304113 98.994949340820327 2.7247227430343632 0.0049065230414271363 -0.0069817721378058186 52.73088455200196 1.5000000000000002 2.5000000000000004 4.5000000000000009 55.580469131469734 35.731538772583015 0.035162262618541724
decision_type=2 2 2 2 2 2 2 2 2 2 2 2 2 2 2 2 2 2 2 2 2 2 2 2 2 2 2 2 2 2
left_child=1 -1 3 6 -5 -4 -3 -6 -9 17 27 12 -12 14 20 16 -16 21 -19 -20 -13 -7 23 24 -23 -26 -18 28 -11 -14
right_child=-2 2 5 4 7 9 -8 8 -10 10 11 13 29 -15 15 -17 26 18 19 -21 -22 22 -24 -25 25 -27 -28 -29 -30 -31
leaf_value=-0.053865444683513619 0.054263464218549731 0.0028818280675791596 -0.058177386901809278 0.029719944781895279 0.024989438728063248 0.023745534517544065 -0.12457068832953008 0.0088230264449684764 -0.023693809087990684 0.0055999468636951238 0.16331381234980683 0.0025680859335498181 -0.00061418675709956248 0.0025563928331630427 0.18559998860748542 0.12874435011851099 -0.013794494805113936 -0.0069223331674959478 -0.062744570089900309 0.0028476401278714233 -0.023330517205410375 -0.049840733333212796 -0.023350907723487708 0.0083066470160062123 0.20376559202745714 -0.038620833361452667 0.14617201349715783 0.02393406451251457 -0.063633672753017345 -0.031229131478537134
leaf_weight=181.62527134637639 978.12645351298852 3160.5162646920071 31.525864928495139 370.35527115897276 165.6555994215887 173.11618799548887 4.5505321070086202 269.49044466391206 124.0724706959445 202.25013700786803 2.3694740358478148 185.99068971376983 136.07725005908287 4455.6402187524363 2.0946560790471258 9.5294323160196637 29.670512556156609 1682.0985104117135 78.420527437221608 60.112637701095082 401.96367939357879 2.2116296238527857 179.9131743209 184.82813606635318 7.8328139598452236 1.4858523776783839 2.5945168318576171 308.64859025296755 20.697968631779077 196.70257851012866
leaf_count=980710 167195 20909 141637 6243 2681 9988 33 5099 1562 1293 939 1033 8802 18434 342 246 494 33383 5348 1150 1908 236 1746 5590 165 612 21 3695 1126 6774
internal_value=0.00418386 0.000302093 0.00109655 0.00562645 0.0157155 -0.00112368 0.0026593 0.00640416 -0.00146212 -0.000900643 0.00100159 -0.000221973 -0.0169805 0.000885153 -0.0108855 0.0452739 0.0191377 -0.00567806 -0.00903594 -0.0344662 -0.0151474 0.00544589 -0.00301409 0.0156434 0.123201 0.16512 0.00307631 0.0134597 -0.00108298 -0.0187497
internal_weight=13610.2 12632 12450.4 4094.64 929.574 8355.78 3165.07 559.219 393.563 8324.25 5954.23 5422.63 335.149 5087.48 631.843 43.8891 34.3597 2370.02 1820.63 138.533 587.954 549.388 376.272 196.358 11.5303 9.31867 32.265 531.597 222.948 332.78
internal_count=1429394 1262199 281489 36527 15585 244962 20942 9342 6661 103325 45107 38993 16515 22478 4044 1103 857 58218 39881 6498 2941 18337 8349 6603 1013 777 515 6114 2419 15576
is_linear=0
shrinkage=0.06


Tree=115
num_leaves=31
num_cat=0
split_feature=0 0 5 5 14 2 9 14 1 10 13 13 6 16 6 1 6 14 6 0 1 6 6 6 10 6 9 10 8 3
split_gain=700.155 149.802 32.222 29.9283 21.2869 17.3412 41.5397 35.6848 23.5843 35.8263 31.6892 27.439 38.9299 69.6178 24.8396 26.6358 22.9511 41.7923 36.3246 25.1339 22.3305 21.6885 26.5331 22.4152 20.7084 22.3417 20.4669 28.2047 19.1877 18.899
threshold=0.99817061424255382 0.00024427770404145127 0.99834084510803234 0.9741620421409608 21.500000000000004 -0.95418816804885853 76.975051879882827 8.5000000000000018 4.5000000000000009 0.71825397014617931 1.0000000180025095e-35 1.0000000180025095e-35 3.9987739324569707 45.222154617309577 5.0065720081329355 8.5000000000000018 5.055978775024415 6.5000000000000009 5.9977171421051034 0.0059790529776364574 8.5000000000000018 2.8679420948028569 2.2690864801406865 1.0074456930160525 0.15504807978868487 2.9494241476058964 1.0000000180025095e-35 0.13100686669349673 36.032787322998054 5.5000000000000009
decision_type=2 2 2 2 2 2 2 2 2 2 2 2 2 2 2 2 2 2 2 2 2 2 2 2 2 2 2 2 2 2
left_child=1 -1 3 5 -5 6 7 16 21 10 -10 12 13 -11 -12 28 -3 18 26 -19 -14 22 23 -8 25 -9 -18 -28 -16 -7
right_child=-2 2 -4 4 -6 29 8 24 9 11 14 -13 20 -15 15 -17 17 19 -20 -21 -22 -23 -24 -25 -26 -27 27 -29 -30 -31
leaf_value=-0.055536575571182169 0.055640400560414874 0.0053147720556568781 -0.060710367928900229 0.01925584600681551 -0.0021527756796611316 0.0011613463085339026 0.01546502959727473 0.032637642772357742 -0.02396300072630549 -0.048984723335977164 0.00046531126287806669 -0.022730483094661472 -0.026363216655956215 0.30277349710207391 0.20984247071127207 -0.047857822701625856 0.16671646433176929 -0.031656874096256886 -0.03124680399560676 0.26605771435731124 0.14685101024458766 -0.06573412170727469 0.031047906458993777 -0.046795639561215796 -0.055695592103089255 -0.035590894624827819 -0.061115598418534138 0.07891735050130945 0.024704492580464574 -0.023956645669194355
leaf_weight=171.73827306271414 867.89159561262932 496.1238193463505 29.658128587107058 518.42281391208235 246.29692317584704 10340.948675175547 25.629388712608488 30.392870674622827 232.20304479160404 2.6756281976704512 24.392346738808556 11.084032636048507 9.2965750753064622 5.0388696979498491 5.6052998357918096 2.7030670903041019 5.3640841055312221 1.0696133669989638 21.19518578593852 3.4591001452645287 2.6454025027051093 58.598319012031425 26.431588626961457 100.98512112746539 49.948410899363807 37.452881284771138 6.2094453015743083 18.562081390395178 3.3265562209417112 107.97558615637536
leaf_count=980857 161443 36395 124387 36477 8332 43431 508 2062 15183 95 776 134 235 87 57 174 253 716 3229 57 52 1567 315 2381 1184 5942 1018 1501 63 838
internal_value=0.00354735 -4.62673e-05 0.000725208 0.000877106 0.0123669 0.000120565 -0.00676971 0.00305917 -0.0196431 -0.00874461 -0.0158255 0.0515923 0.0925734 0.189151 0.0358534 0.104135 0.00946431 0.0455774 0.0281029 0.202734 0.0203895 -0.0349249 -0.0227785 -0.0341704 -0.0267823 -0.00499643 0.0695081 0.0428061 0.15032 0.000899518
internal_weight=13463.3 12595.4 12423.7 12394 764.72 11629.3 1180.39 669.777 510.615 298.971 268.23 30.7405 19.6565 7.7145 36.0273 11.6349 551.983 55.8595 51.3308 4.52871 11.942 211.644 153.046 126.615 117.794 67.8458 30.1356 24.7715 8.93186 10448.9
internal_count=1429749 1268306 287449 163062 44809 118253 73984 52357 21627 16856 16253 603 469 182 1070 294 43169 6774 6001 773 287 4771 3204 2889 9188 8004 2772 2519 120 44269
is_linear=0
shrinkage=0.06


Tree=116
num_leaves=31
num_cat=0
split_feature=0 0 7 13 9 4 0 6 9 10 14 7 8 14 13 14 0 17 10 7 6 0 2 2 8 8 17 10 2 9
split_gain=644.561 124.221 29.0096 40.5356 51.2939 28.1411 26.2582 26.4898 20.4676 19.0176 18.3632 21.0361 17.8632 16.6871 28.9916 27.0084 21.2028 26.7698 23.1148 20.3195 22.9347 19.8811 25.1646 27.6455 18.2652 32.1775 17.5347 35.2896 53.6578 38.8707
threshold=0.99873301386833202 0.00025461683981120592 7.1985707563726473e-06 1.0000000180025095e-35 58.451549530029304 -0.91512537002563465 0.99218639731407177 0.51491403579711925 93.515834808349624 0.42582418024539953 28.500000000000004 0.98356789350509655 41.712455749511726 2.5000000000000004 1.0000000180025095e-35 1.5000000000000002 0.63609617948532116 83.527133941650405 0.54772728681564342 0.0096606519073247927 2.6645809412002568 0.0010632349294610324 -0.99902358651161183 -0.99973240494728077 30.053763389587406 29.818989753723148 28.831169128417972 0.37797619402408605 -0.99652439355850209 88.953113555908217
decision_type=2 2 2 2 2 2 2 2 2 2 2 2 2 2 2 2 2 2 2 2 2 2 2 2 2 2 2 2 2 2
left_child=1 2 3 9 -5 -3 13 -8 -4 -1 11 -9 -6 14 15 -7 17 18 19 -17 -21 22 23 -15 25 -20 27 -23 29 -29
right_child=-2 5 8 4 12 6 7 10 -10 -11 -12 -13 -14 21 -16 16 -18 -19 24 20 -22 26 -24 -25 -26 -27 -28 28 -30 -31
leaf_value=-0.052949248931163172 0.056117606292771571 -0.057956731500255286 -0.0596274349427914 -0.030374603204070552 -0.0090963157174598751 0.013957032375595767 -0.072386007401911673 0.032277544095346312 0.13195405594546311 0.15712740628315958 -0.0051482131922162919 -0.056394233292017711 0.58655154587833658 0.28614927979169685 0.052317762549492039 -0.010977876648596162 0.0014720957774703579 -0.04688075855912676 -0.021343982734518943 -0.038910742660951431 0.049561424749633223 -0.070891312617090335 0.095370088689208959 -0.0066092621200297668 -0.053459629142758813 0.11966421304987303 0.00070041548247043613 0.2951387594335686 0.013794576668247944 -0.037713603811863096
leaf_weight=7.3379132611298665 791.54019272438018 28.054955085914116 154.8090525832522 1.0248009085480596 0.17801850422983978 154.18074020638596 10.377355768345295 237.62038720678538 1.1253709868760768 0.91310224140761409 74.427497791941278 9.1506283708149549 0.20183962119335774 0.20911624334985646 27.78384185640607 161.25693109005806 233.67888189712539 107.08810703874042 120.73482839865028 12.79485082803876 45.929792818453279 16.414365142205497 17.264080219742027 28.490756536484696 67.064523454770097 5.1306674301158628 10677.371888660666 3.1626714079175136 419.12253758884617 1.5174886701279318
leaf_count=29196 156160 137697 951578 5239 272 3422 470 17027 185 234 4557 91 110 189 180 6298 1164 2058 1291 750 1833 518 7420 27108 1705 43 69844 221 3130 154
internal_value=0.00363065 0.000335582 -0.0511327 0.0461573 0.263124 0.00102369 0.00116146 0.0177937 -0.0574128 -0.0152292 0.0209229 0.0287751 0.503114 0.000704222 -0.00698825 -0.0088588 -0.0135386 -0.020274 -0.013277 3.57628e-05 0.0299565 0.00134951 0.0403059 0.00508674 -0.0283782 -0.0146981 0.00118484 0.0129064 0.0163112 0.199576
internal_weight=13416 12624.4 165.59 9.65567 1.40466 12458.8 12430.8 331.576 155.934 8.25102 321.199 246.771 0.379858 12099.2 935.643 907.859 753.679 520 412.912 219.982 58.7246 11163.6 45.964 28.6999 192.93 125.865 11117.6 440.217 423.803 4.68016
internal_count=1430144 1273984 986814 35051 5621 287170 149473 22145 951763 29430 21675 17118 382 127328 18744 18564 15142 13978 11920 8881 2583 108584 34717 27297 3039 1334 73867 4023 3505 375
is_linear=0
shrinkage=0.06


Tree=117
num_leaves=31
num_cat=0
split_feature=5 3 1 5 7 14 2 10 7 10 9 8 8 5 1 10 1 14 16 17 7 8 8 6 9 5 9 14 17 10
split_gain=402.816 324.444 49.3063 22.6234 19.9289 31.6675 26.6638 26.44 33.2342 26.8047 26.2439 25.7586 25.6774 31.2019 29.2741 25.0254 21.9296 21.1177 20.7912 20.1888 24.4088 23.5558 25.1905 26.2624 21.1481 22.7073 20.014 19.5206 38.01 19.4676
threshold=0.99892836809158336 1.5000000000000002 14.500000000000002 0.99606797099113475 7.1985707563726473e-06 39.500000000000007 -0.98909857869148243 0.41885964572429663 0.00016155056073330345 0.39009661972522741 92.356376647949233 30.532014846801761 48.313756942749031 0.86405959725379955 12.500000000000002 0.10620300844311716 8.5000000000000018 7.5000000000000009 46.737588882446296 62.145593643188484 0.00015393523790407929 50.252525329589851 62.889245986938484 2.0707226991653447 64.720088958740249 0.0051144217140972623 90.342010498046889 2.5000000000000004 71.611721038818374 0.17752101272344592
decision_type=2 2 2 2 2 2 2 2 2 2 2 2 2 2 2 2 2 2 2 2 2 2 2 2 2 2 2 2 2 2
left_child=2 -2 3 4 5 12 7 8 9 17 15 -12 14 27 -1 -10 26 19 -16 20 -6 -21 -23 -24 -25 -26 -15 28 -14 -29
right_child=1 -3 -4 -5 6 -7 -8 -9 10 -11 11 -13 13 16 18 -17 -18 -19 -20 21 -22 22 23 24 25 -27 -28 29 -30 -31
leaf_value=0.015718369475212622 0.057111787111418837 -0.061904640054815947 -0.053289064401287167 0.022098462014019514 -0.031118742323383065 -0.097329018722768307 5.547298925863404e-06 -0.045293634676071767 0.00019586213476375882 0.15240674601413184 0.25070705410628924 -0.03780801847888797 0.016673323890068214 0.031177661733691252 -0.033709059347259422 -0.047587150944204633 -0.16455991153488569 -0.065316150331868078 0.23450180854914016 0.097611991105479301 0.21687291357452504 -0.045331956938683908 -0.063985163743852866 0.033947855240506634 -0.038911871873138153 0.19810971292480714 0.003232375654084638 0.017292017672213972 -0.051119223642843437 -0.0037490721116717157
leaf_weight=583.22791064711055 734.6221417147899 92.038457997972728 59.879799552101758 176.63406751776347 28.736349515223996 9.6747742448933405 9709.1423359667824 86.655983386153821 67.175727618596284 4.1336588767881031 1.4572814991988701 1.6233864376554263 47.913401301135309 201.87180993705988 1.1342283902777119 94.601553713640897 1.3809958044439543 10.467392927981562 2.6858420020143967 17.257329837841098 0.507730643148533 15.010394346900283 5.5000276100327055 18.457834300221297 1.4746571140422009 5.8934688754379749 169.68708001030609 192.82341417264252 75.977086810773471 862.69414795433113
leaf_count=12154 153497 559928 348127 45022 30865 107 73643 13262 81398 366 63 341 1621 3859 1186 67670 19 995 798 5877 755 7217 1493 4474 142 25 3007 4819 1326 4360
internal_value=0.00326923 0.043802 0.000575417 0.000839938 0.000530802 0.00577451 -0.000588949 -0.0166245 -0.00736849 0.0184933 -0.0242327 0.126664 0.00628602 0.00223972 0.0169638 -0.0278666 0.0173423 0.0117251 0.164395 0.0210149 -0.0197848 0.0397928 0.0166517 0.0468359 0.0719423 0.151691 0.0184583 -0.0025465 -0.0249776 0.000107472
internal_weight=13280.3 826.661 12453.7 12393.8 12217.2 2149.07 10068.1 358.953 272.297 107.439 164.858 3.08067 2139.4 1552.35 587.048 161.777 372.94 103.305 3.82007 92.8378 29.2441 63.5937 46.3364 31.326 25.826 7.36813 371.559 1179.41 123.89 1055.52
internal_count=1428416 713425 714991 366864 321842 33256 288586 214943 201681 52209 149472 404 33149 19011 14138 149068 6885 51843 1984 50848 31620 19228 13351 6134 4641 167 6866 12126 2947 9179
is_linear=0
shrinkage=0.06


Tree=118
num_leaves=31
num_cat=0
split_feature=0 0 5 7 2 10 7 14 1 9 5 5 17 5 5 6 6 8 9 6 7 6 6 6 8 9 9 9 6 14
split_gain=596.963 133.001 28.7923 24.1198 29.3391 22.6282 49.9832 43.8914 40.4636 24.601 27.3351 21.4541 21.0227 18.4867 17.5948 16.8495 63.6637 40.611 23.8621 23.3677 18.7421 17.6787 23.5806 30.5159 30.1964 30.757 18.507 17.1091 27.314 19.834
threshold=0.99817061424255382 0.00024427770404145127 0.99834084510803234 2.2512538433074956 -0.22270189225673673 0.43167701363563543 0.20789471268653872 17.500000000000004 4.5000000000000009 92.017700195312514 0.95847877860069286 0.86405959725379955 77.485187530517592 0.67355951666831981 0.050099568441510207 4.984053611755372 5.0186154842376718 70.801284790039077 92.017700195312514 4.1150696277618417 0.0030492285732179884 3.9941577911376958 3.072083711624146 2.9971268177032475 96.899040222167983 90.342010498046889 98.994949340820327 97.624691009521499 4.0127038955688485 26.500000000000004
decision_type=2 2 2 2 2 2 2 2 2 2 2 2 2 2 2 2 2 2 2 2 2 2 2 2 2 2 2 2 2 2
left_child=1 -1 3 4 -3 6 7 11 -9 10 -10 -6 -8 -5 -7 19 17 -17 -19 21 -21 22 23 -16 -25 -26 27 -23 29 -29
right_child=-2 2 -4 13 5 14 12 8 9 -11 -12 -13 -14 -15 15 16 -18 18 -20 20 -22 26 -24 24 25 -27 -28 28 -30 -31
leaf_value=-0.057200258067626832 0.05501423573327574 -0.0014535100824993302 -0.061358150096434826 -0.085838939352416696 0.013530596080946989 -0.062492382495116343 -0.096919812511924941 0.012196008871324429 -0.079309679265616703 0.041741871209456181 0.017870404227733085 0.034052946816789609 0.0017474163697990611 -0.0069430165625254314 0.0033829585167455861 -0.0011759705014671856 0.0017783110320643608 -0.044441243704678966 -0.13003685841422766 0.028352332281414563 -0.019768686545568744 -0.019963283422346191 0.018047850762384673 -0.01814092466043659 0.021560412377637572 -0.25992754367920173 0.024834122413457161 -0.21468909830116142 0.048319949544542599 -0.026964892045432693
leaf_weight=146.24653386128193 737.30820962833241 6374.2208385946142 26.324449087915127 9.7951471158303303 304.97058035773807 14.738844410923774 6.8225849024311165 168.05118470336311 44.634845786727965 9.9092074946966004 13.084059221204368 466.80596794758458 1254.0531527175044 1228.5190095375001 1084.0062270018825 28.593599711544812 321.8246818438638 23.653950256761163 25.737730581313372 197.36708218778949 33.423200909979641 124.93111000722274 302.47977995825931 190.44900594989303 2.0024630567058912 2.7427113148150966 29.666791482362896 4.7981455451808852 3.0592633746564379 3.6130573952104896
leaf_count=979567 161799 109848 124537 44 3664 617 599 2261 223 71 377 7894 4240 3966 13497 399 3260 248 401 2221 362 1278 4009 2434 69 140 516 126 70 51
internal_value=0.00259474 -0.000514662 0.000163907 0.000300844 0.00119204 0.0048092 0.00910162 0.0190585 -0.00359337 -0.0424349 -0.0573512 0.0259715 0.00113715 -0.00763585 0.00073845 0.0011564 -0.0100628 -0.0583317 -0.09074 0.00342743 0.0213282 0.00105279 0.00301168 -0.000555093 -0.0223307 -0.158063 -0.0175106 -0.0268341 -0.0940659 -0.145485
internal_weight=13183.8 12446.5 12300.3 12274 11035.6 4661.42 2268.33 1007.46 235.679 67.6281 57.7189 771.777 1260.88 1238.31 2393.09 2378.35 399.81 77.9853 49.3917 1978.54 230.79 1747.75 1581.68 1279.2 195.194 4.74517 166.068 136.402 11.4705 8.4112
internal_count=1428788 1266989 287422 162885 158875 49027 19329 14490 2932 671 600 11558 4839 4010 29698 29081 4308 1048 649 24773 2583 22190 20149 16140 2643 209 2041 1525 247 177
is_linear=0
shrinkage=0.06


Tree=119
num_leaves=31
num_cat=0
split_feature=5 3 1 8 9 7 10 8 7 5 2 5 5 10 9 4 9 9 8 7 13 6 6 6 5 6 1 14 7 6
split_gain=356.252 292.384 43.5891 21.6812 24.2083 21.4675 33.6486 30.291 31.7129 43.7734 29.9749 19.7455 19.7011 19.3156 56.0737 27.4528 34.5869 23.1674 20.4433 19.1258 32.9529 46.3021 30.9393 22.295 18.9955 27.8266 26.8921 24.1854 27.9708 27.7647
threshold=0.99750784039497387 1.5000000000000002 9.5000000000000018 21.654184341430668 88.084316253662124 1.8193481564521792 0.23669467866420749 36.451047897338874 0.022729906253516678 0.86405959725379955 -0.041061848402023308 0.99933931231498729 0.67355951666831981 0.14495798945426944 80.109889984130874 -0.17632781714200971 89.676071166992202 88.953113555908217 81.872947692871108 7.1985707563726473e-06 1.0000000180025095e-35 3.0140999555587773 2.9788488149642949 8.1526007652282733 0.94737157225608837 0.51491403579711925 3.5000000000000004 26.500000000000004 0.00048909912584349524 0.27741253376007086
decision_type=2 2 2 2 2 2 2 2 2 2 2 2 2 2 2 2 2 2 2 2 2 2 2 2 2 2 2 2 2 2
left_child=2 11 5 4 -4 6 7 -1 9 -9 12 -2 -7 -10 -15 17 -17 18 -16 20 23 22 -22 -5 27 -26 -27 -8 -29 -30
right_child=1 -3 3 19 -6 10 24 8 13 -11 -12 -13 -14 14 15 16 -18 -19 -20 -21 21 -23 -24 -25 25 26 -28 28 29 -31
leaf_value=-0.067881471563636941 0.031055289556692321 -0.059421672318486149 -0.044427318991427892 -0.062165968328973663 0.1848494296972332 -0.074127730926492427 -0.0034913669230576942 0.009988913928097273 0.0040543740247270541 0.039690230440815863 -0.03895902578419759 0.058195032701763794 -0.0028541596477909253 -0.057547498295328972 0.13913205896604583 -0.078425565851775611 0.041321522052127031 -0.060255632250542084 -0.052368867034900811 -0.047634528341116165 0.078083326580032336 -0.037478678849321129 0.52536695086245011 0.08012611865850959 -0.03814476518980487 0.020506850956477991 0.0003584645115678391 -0.001356506013944454 0.078748467551893173 0.011531421267539588
leaf_weight=18.081055136557552 118.96968191210181 91.498820287917624 2.5848387364385408 13.923866163604549 2.4611979084438644 13.100867696048224 4887.9854107055871 1103.6521608203766 1408.6654353751655 212.44558222219348 90.504348278496764 615.94076888391282 1438.5224629332806 65.773801223083865 12.804174857985346 13.349062009423504 21.007444953836966 2.6924208825512315 1.8135897916508827 111.38478080336063 1.720792558815446 2.4850475021085003 0.32698623149190087 4.4539858276839359 44.770765129316715 445.95158618199639 511.35104060081358 1143.5224006742937 21.872960596578196 713.76112605148228
leaf_count=13962 21402 598274 7173 22764 52 65 49588 62509 33007 4069 361 144253 5103 5552 194 176 111 91 25 419058 1456 2644 439 141 883 13347 14610 4968 147 2727
internal_value=0.00314132 0.0412518 0.000579899 -0.0326676 0.0794795 0.000963171 0.00192306 0.00748552 0.00798868 0.0148098 -0.00565009 0.0538497 -0.00354799 0.00210035 -0.0211739 0.0253446 -0.00610785 0.0846944 0.113541 -0.0374378 0.0120548 0.140794 0.298448 -0.0253253 -0.000125486 0.00758002 0.00975603 -0.00126746 0.00451604 0.0136342
internal_weight=13137.4 826.409 12311 139.341 5.04604 12171.6 10629.5 2860.28 2842.2 1316.1 1542.13 734.91 1451.62 1526.11 117.44 51.6667 34.3565 17.3102 14.6178 134.295 22.9107 4.53283 2.04778 18.3779 7769.22 1002.07 957.303 6767.14 1879.16 735.634
internal_count=1429151 763929 665222 453727 7225 211495 205966 119696 105734 66578 5529 165655 5168 39156 6149 597 287 310 219 446502 27444 4539 1895 22905 86270 28840 27957 57430 7842 2874
is_linear=0
shrinkage=0.06


Tree=120
num_leaves=31
num_cat=0
split_feature=0 0 4 7 9 16 4 9 8 9 5 2 14 8 9 5 8 7 16 0 15 9 14 7 9 1 7 8 4 14
split_gain=506.754 109.091 39.4748 21.1923 34.7237 55.3452 32.2446 38.7752 31.7064 28.6877 28.4992 27.8642 25.8944 24.7839 52.1915 31.5499 25.124 25.1846 33.7825 36.5924 31.4 29.7016 30.946 24.7004 23.939 23.8025 23.603 23.2667 23.2371 24.3256
threshold=0.9990878999233247 8.6773325165268047e-05 -0.79962387681007374 0.28174920380115515 36.397432327270515 55.086206436157234 -0.0018172751879319546 61.41041564941407 99.462364196777358 88.084316253662124 0.98997241258621227 -0.65699636936187733 21.500000000000004 50.252525329589851 97.624691009521499 0.0012432666844688358 52.223320007324226 0.00079355412162840377 94.28104400634767 0.18442497402429583 1.0000000180025095e-35 1.0000000180025095e-35 26.500000000000004 0.00023445983970304954 97.969490051269545 3.5000000000000004 0.00060257071163505327 82.712642669677749 -0.026286931708455082 3.5000000000000004
decision_type=2 2 2 2 2 2 2 2 2 2 2 2 2 2 2 2 2 2 2 2 2 2 2 2 2 2 2 2 2 2
left_child=1 -1 -3 8 5 11 7 -6 10 -10 13 -5 -8 15 16 23 -15 -18 19 -19 -20 -22 -23 -4 -12 -11 27 -16 -17 -30
right_child=-2 2 3 4 6 -7 12 -9 9 25 24 -13 -14 14 26 28 17 18 20 -21 21 22 -24 -25 -26 -27 -28 -29 29 -31
leaf_value=-0.059455358052402256 0.056503902567870322 -0.052284085900789937 0.078159504702395438 0.16786254086887337 -0.074525940029331175 -0.0014276705016389014 -0.055517784769098695 0.0027024240478966677 0.025493820452410706 0.010099252343492807 0.032336570190337713 -0.077420318089612347 0.029298367807596599 -0.038953088891054019 -0.03135574342342478 0.068618114930673393 -0.0013261706789828873 -0.027638229749344014 0.041211544023162711 0.0047717983861848105 0.048119005950364266 -0.0016262774417220571 0.017358432678478367 -0.050939190128717983 -0.001583566073511517 -0.061082069898897376 -0.049186090492577869 0.0072435392332758052 -0.00049296017747221983 0.014654872653164727
leaf_weight=107.32187311672897 608.96753090329003 48.814414532353112 34.821950122830458 9.0002476864610781 25.783630840436672 2659.8489245426463 108.86202021257486 185.04135803644022 357.26449640028295 45.632391310296953 196.96748187864432 1.3914734182617383 14.061802130658178 55.75132296278025 119.51946957269683 20.405204484413844 4557.7321995744715 182.6053239601315 117.91732676119136 394.958989713341 65.360095117241144 687.20426767590106 560.55991741659818 5.5582467317581168 120.34507139999187 25.65849446458742 93.734868376865052 104.79064407153055 938.57248521626752 642.11532984953374
leaf_count=816430 150661 252795 16046 232 6090 10116 810 7365 9646 3252 13495 29 151 3737 862 3346 48404 19761 1463 1658 433 12728 2387 13202 9853 1298 671 627 16586 5240
internal_value=0.00310398 0.00049558 0.00102004 0.00123527 -0.00314697 -0.000863006 -0.0213632 -0.00704975 0.00264679 0.0185683 0.00187804 0.131106 -0.0456572 0.00122398 -0.000344492 0.00785166 0.000797385 0.00114077 0.00673637 -0.00550516 0.0116774 0.00899593 0.0069097 0.0595878 0.0195073 -0.0160104 -0.0240478 -0.0133713 0.00651047 0.00566585
internal_weight=13096.6 12487.6 12380.3 12331.5 3003.99 2670.24 333.749 210.825 9327.48 428.555 8898.92 10.3917 122.924 8581.61 6940.13 1641.47 6622.09 6566.34 2008.61 577.564 1431.04 1313.12 1247.76 40.3802 317.313 71.2909 318.045 224.31 1601.09 1580.69
internal_count=1429374 1278713 462283 209488 24793 10377 14416 13455 184695 14196 170499 261 961 147151 92731 54420 90571 86834 38430 21419 17011 15548 15115 29248 23348 4550 2160 1489 25172 21826
is_linear=0
shrinkage=0.06


Tree=121
num_leaves=31
num_cat=0
split_feature=0 0 4 5 5 1 6 6 10 16 16 1 14 13 14 6 8 8 5 14 8 6 9 17 6 15 1 8 11 8
split_gain=484.364 95.4705 33.167 27.3072 21.3983 19.5169 17.9124 23.8922 47.5665 25.7314 44.2366 31.2757 26.093 21.2991 20.1758 41.6588 29.3937 22.6237 21.438 19.8252 19.8211 18.6917 35.5295 18.6609 17.7289 17.2409 17.8561 22.8633 16.8193 22.5948
threshold=0.99873301386833202 0.00010931672659353354 -0.79962387681007374 0.0001570974200149067 0.98997241258621227 9.5000000000000018 3.9941577911376958 4.0641560554504403 0.15504807978868487 51.925926208496101 76.533164978027358 5.5000000000000009 6.5000000000000009 1.0000000180025095e-35 28.500000000000004 4.5268568992614755 92.031745910644545 93.582702636718764 0.60052680969238292 32.500000000000007 84.273937225341811 3.9993827342987065 85.814888000488295 55.646631240844734 0.0029671947704628114 1.0000000180025095e-35 5.5000000000000009 88.261791229248061 1.0000000180025095e-35 68.020618438720717
decision_type=2 2 2 2 2 2 2 2 2 2 2 2 2 2 2 2 2 2 2 2 2 2 2 2 2 2 2 2 2 2
left_child=1 -1 -3 5 6 -4 -5 8 23 13 -11 12 -12 -10 -9 16 18 19 -16 -17 -13 22 -14 -8 -6 -26 -27 -28 29 -25
right_child=-2 2 3 4 24 -7 7 14 9 10 11 20 21 -15 15 17 -18 -19 -20 -21 -22 -23 -24 28 25 26 27 -29 -30 -31
leaf_value=-0.056137506523057136 0.055246066717759654 -0.051262986403882972 -0.029292875784393543 0.0019579921231499056 -0.082983402337190149 0.26536803513099744 0.099500702712643788 -0.002573914596845537 -0.024735666159024571 -0.073656432555430126 0.024182120885067875 -0.051130812920819529 -0.10218565584848453 0.026103036133126301 0.096575897583696224 0.028420847079818273 -0.034255392622310886 -0.033109298132094879 0.0062241366216161491 -0.00084545428111446768 0.14144603025300317 -0.038669818001113784 0.010139693824228975 -0.064260973292588439 0.025956939726634317 0.0081645725450547411 0.033539837274839772 -0.095676948547627871 0.12094853322032141 0.0073894437933864692
leaf_weight=106.83666565088788 599.42027249000967 43.294415577562177 0.95173452552990001 7675.4264759090511 5.7021933663054361 1.381787252226786 6.7265103062891276 2908.3944800667159 55.224045227521856 67.998227859890903 35.771128138207132 2.0857700877750167 10.74867177235137 61.816291767921939 38.450863510370255 125.02970761095639 10.119077701121567 51.210017799399793 12.623068515211342 245.75866777938791 5.7993594834842952 219.21257713926025 73.046307208482176 15.858503892988663 239.40329509731964 154.52497227498679 6.9913264737697345 12.925347831507677 3.4304453038057536 262.89600035613694
leaf_count=856007 156101 229010 4019 94687 224 4025 358 42867 2616 1800 180 156 70 669 86 540 62 289 59 1235 89 1434 348 1396 17153 9534 346 700 17 3413
internal_value=0.00260927 7.27365e-05 0.000563391 0.000749822 0.000703257 0.172454 0.00023269 -0.00291086 -0.0120908 -0.0227244 -0.029722 -0.0209172 -0.0237688 0.00210908 -0.000686796 0.0106539 0.0565 0.00388798 0.0747936 0.00907303 0.0904843 -0.0294904 -0.00530384 0.0074897 0.0140043 0.0155374 0.00117126 -0.0508832 0.00495279 0.00309808
internal_weight=13059.1 12459.6 12352.8 12309.5 12307.2 2.33352 11887.6 4212.2 820.614 531.702 414.662 346.664 338.779 117.04 3391.59 483.191 61.193 421.998 51.0739 370.788 7.88513 303.008 83.795 288.911 419.547 413.845 174.442 19.9167 282.185 278.755
internal_count=1429490 1273389 417382 188372 180328 8044 152371 57684 12546 7362 4077 2277 2032 3285 45138 2271 207 2064 145 1775 245 1852 418 5184 27957 27733 10580 1046 4826 4809
is_linear=0
shrinkage=0.06


Tree=122
num_leaves=31
num_cat=0
split_feature=0 0 6 4 5 16 17 6 6 10 8 7 8 8 8 0 0 7 6 16 8 0 2 7 10 17 9 3 4 7
split_gain=457.13 84.6613 34.1977 32.7365 22.1098 24.6048 47.3256 20.691 30.7695 22.483 31.078 21.906 31.4612 18.8557 18.7452 18.6678 20.3424 19.4674 25.9389 19.4118 17.4425 21.6913 17.0345 26.6876 16.9918 19.5288 19.0643 18.448 29.2809 18.1364
threshold=0.99873301386833202 8.6773325165268047e-05 6.9923374652862558 -0.91512537002563465 0.00027674772718455648 50.454545974731452 62.145593643188484 0.96871358156204235 0.99996107816696178 0.30901856720447546 90.054946899414077 1.2394033547025176e-05 85.028736114501967 92.805381774902358 50.252525329589851 0.92937996983528148 0.38107465207576757 0.0011563430307433011 0.27741253376007086 78.679653167724624 34.525329589843757 0.079893685877323165 -0.06340844556689261 3.1044690331327736e-05 0.30217391252517706 88.303691864013686 88.084316253662124 2.5000000000000004 -0.019918964244425293 1.3464286327362063
decision_type=2 2 2 2 2 2 2 2 2 2 2 2 2 2 2 2 2 2 2 2 2 2 2 2 2 2 2 2 2 2
left_child=1 -1 3 -3 5 6 -5 9 20 24 11 -11 15 -12 -8 16 -13 -18 -19 -17 -9 -22 -10 -24 25 26 -6 28 -27 -30
right_child=-2 2 -4 4 7 -7 14 8 22 10 13 12 -14 -15 -16 19 17 18 -20 -21 21 -23 23 -25 -26 27 -28 -29 29 -31
leaf_value=-0.055702466413627645 0.055180123985219945 -0.058221879603296806 -0.021087729387352018 0.061947801869360712 -0.052212751995670194 -0.046429978094379334 0.52337339380148629 0.079946331240398946 0.00046822391397995398 0.014970176420663943 -0.075144583036602791 -0.059322830559134662 0.012911672575120086 -0.020610495709094664 -0.011450685253725635 -0.12964671388661073 -0.029715912461794683 0.071020447693851393 -0.041778458434073948 -0.02990529776162441 -0.052120443798508879 0.027456616161046551 0.022180657690806529 0.0027725416001912178 0.084381448057478436 0.074936795198185593 0.047967316601089216 -0.035925773878201957 0.01830199957460248 -0.03062662378188085
leaf_weight=95.994685341291188 566.95055869419593 32.47047338081029 255.91494363052334 7.811330525473748 35.948257568306872 3.4143076496111453 0.33210444496944536 19.213014682274661 9843.6876437160754 95.718704145401716 46.084668061230332 38.646942827370367 72.36608769823215 46.32271251824568 0.2357363587943837 13.00635087583214 48.721682209521532 19.340670040051922 10.660662659385705 15.690197720890865 12.69182215213368 129.8088575929869 339.35502897523111 1019.2596772412653 8.3246541139087622 25.623228058451787 7.5630444567068471 26.467820294579724 111.51136003172724 35.028969705104828
leaf_count=817008 156053 236698 12539 9786 3069 16882 704 139 132360 629 342 1720 443 452 1171 214 146 51 50 222 529 973 12172 23095 67 362 71 1207 910 95
internal_value=0.00254156 0.000133921 0.000573428 0.00103459 0.00119932 0.0800349 0.131022 0.00111532 0.00171416 -0.0092291 -0.0179247 -0.00885886 -0.0193216 -0.0483206 0.435655 -0.0352702 -0.0242634 -0.00652366 0.0308838 -0.0779553 0.0276185 0.0200553 0.00133778 0.00763305 0.00490083 0.00183255 -0.0341132 0.0098381 0.0170405 0.0064778
internal_weight=12984.2 12417.2 12321.2 12065.3 12032.8 11.7935 8.37917 12021 11364 657.026 406.559 314.151 218.433 92.4074 0.567841 146.067 117.37 78.723 30.0013 28.6965 161.714 142.501 11202.3 1358.61 250.467 242.143 43.5113 198.631 172.164 146.54
internal_count=1430159 1274106 457098 444559 207861 28543 11661 179318 169268 10050 4269 3475 2846 794 1875 2403 1967 247 101 436 1641 1502 167627 35267 5781 5714 3140 2574 1367 1005
is_linear=0
shrinkage=0.06


Tree=123
num_leaves=31
num_cat=0
split_feature=5 3 1 7 10 2 17 7 4 9 17 10 5 9 10 5 6 6 10 9 17 2 3 10 8 5 9 6 10 7
split_gain=280.845 231.24 45.2567 22.1755 42.1036 50.0206 35.5218 32.7364 28.5821 35.5676 34.8722 28.671 30.4653 27.6496 50.2546 24.0366 23.6139 19.49 33.1444 40.2478 28.7169 20.8508 20.7258 18.1202 17.8233 30.8968 26.6712 23.8532 23.5778 33.2475
threshold=0.99892836809158336 1.5000000000000002 14.500000000000002 0.20789471268653872 0.084523811936378493 -0.42983746528625483 87.652439117431655 6.680432852590458e-05 -0.12706227600574491 99.82578277587892 31.698564529418949 0.084523811936378493 0.86405959725379955 79.495143890380874 0.14495798945426944 0.97915965318679821 2.5360363721847539 2.0707226991653447 0.065591398626565947 48.662948608398445 80.476188659667983 -0.99890556931495655 1.5000000000000002 0.13423423469066623 54.085849761962898 0.018878152593970302 98.253242492675795 3.1820180416107182 0.42582418024539953 0.00039894957444630569
decision_type=2 2 2 2 2 2 2 2 2 2 2 2 2 2 2 2 2 2 2 2 2 2 2 2 2 2 2 2 2 2
left_child=2 -2 3 4 5 7 8 -1 9 11 -11 12 16 14 -8 24 -5 18 -9 20 -20 -22 -19 -15 28 -26 -27 -28 29 -6
right_child=1 -3 -4 6 15 -7 13 17 -10 10 -12 -13 -14 23 -16 -17 -18 22 19 -21 21 -23 -24 -25 25 26 27 -29 -30 -31
leaf_value=-0.020763391503657858 0.05616084839221485 -0.062085893940483854 -0.058945515246319594 -0.063961512999465661 0.028801142713813538 0.034197656333411396 -0.0018293006470126232 -0.058630144864828017 -0.045087222089156671 0.11081525226562305 -0.066745505439276959 -0.056884366440177539 -0.049029515424281599 -0.080338904222910776 -0.056983705433696456 0.012806328389837189 0.064672557693590413 0.03254957258696712 0.21476382310237097 -0.066303994213966461 0.24050333343375202 -0.012027898048485364 -0.02964417287027684 0.028913713278643019 -0.019620611143309871 0.00036834818895475609 -0.05026889737163772 -0.0012619727363993713 0.0017162854436327203 -0.0093146612193910315
leaf_weight=143.06576753326226 525.64887935790466 66.292010858662252 44.833249633869855 5.3679354927953673 295.6819974819955 313.0023532382038 2659.1639467255663 28.112866494200716 127.34281032895524 14.92671276984038 4.5610173935128833 40.093213299958734 19.353437439480331 4.7548644923517704 59.836037398206827 588.6484548036824 28.821230551286135 155.67076532586361 4.2441357702919067 6.9714942957361918 0.38994431014725695 7.1645234970928868 21.206519204293727 131.45337434180692 311.30614352757402 5821.3394947516208 70.781047251075506 71.345544343814254 1290.4892906093737 113.49640170018392
leaf_count=19192 153407 559457 347867 1607 47815 9035 34066 9916 633 125 177 37170 17765 80 3115 32053 2878 6241 2124 1178 332 196 29360 1051 35252 25974 383 285 16876 32204
internal_value=0.00249711 0.0428359 0.000565568 0.000786566 0.00225862 0.0166195 -0.00360792 0.00156835 -0.0257056 -0.00368389 0.0680285 -0.01917 0.00959605 -0.0017385 -0.00306357 0.00111669 0.0432324 0.0158755 -0.018234 0.0421744 0.106444 0.0275978 0.0249682 0.0245421 0.000252301 -0.00122417 -0.000260711 -0.0258488 0.00570061 0.0182318
internal_weight=12975.4 591.941 12383.4 12338.6 9242.92 679.828 3095.67 366.826 240.466 113.124 19.4877 93.6358 53.5426 2855.21 2719 8563.09 34.1892 223.76 46.883 18.7701 11.7986 7.55447 176.877 136.208 7974.44 6274.77 5963.47 142.127 1699.67 409.178
internal_count=1427814 712864 714950 367083 268416 77574 98667 68539 60355 59722 302 59420 22250 38312 37181 190842 4485 49347 13746 3830 2652 528 35601 1131 158789 61894 26642 668 96895 80019
is_linear=0
shrinkage=0.06


Tree=124
num_leaves=31
num_cat=0
split_feature=5 3 1 7 9 2 8 9 10 4 10 17 17 5 16 6 10 9 16 8 6 2 6 6 1 8 9 8 16 10
split_gain=258.851 216.839 59.3457 22.6433 35.2079 48.5697 31.5527 24.8693 59.2456 30.005 26.5428 24.05 33.7404 42.9433 41.2695 41.6375 30.0666 37.7286 28.3853 23.5684 23.1619 31.2192 25.7734 24.2464 53.2464 23.1387 43.6705 31.6686 23.0655 23.3017
threshold=0.99933931231498729 1.5000000000000002 9.5000000000000018 0.017838914878666404 71.195312500000014 -0.54595381021499623 74.849395751953139 84.650035858154311 0.12660256773233416 -0.49817265570163721 0.22902098298072818 31.698564529418949 26.201373100280765 0.21288288384675982 29.708431243896488 3.6368670463562016 0.15894736349582675 90.954544067382827 23.669467926025394 85.86789703369142 0.96871358156204235 -0.0042409377638250581 0.99996107816696178 1.2516554594039919 2.5000000000000004 70.396453857421889 48.536550521850593 68.614070892333999 94.868419647216811 0.31414473056793218
decision_type=2 2 2 2 2 2 2 2 2 2 2 2 2 2 2 2 2 2 2 2 2 2 2 2 2 2 2 2 2 2
left_child=2 -2 3 4 5 25 11 8 -8 -9 -10 12 18 14 -14 -16 -13 -18 -5 -12 -6 22 -22 -24 -25 26 -1 -28 29 -19
right_child=1 -3 -4 6 20 -7 7 9 10 -11 19 16 13 -15 15 -17 17 28 -20 -21 21 -23 23 24 -26 -27 27 -29 -30 -31
leaf_value=-0.018285303295884316 0.057334781910931311 -0.063752984530906096 -0.040215405616266506 0.0044464556521332929 -0.012677433078032202 0.025574135281948546 -8.6898287905678485e-05 0.14477315025048471 -0.07017747685109095 0.014980050885267437 0.021404950964274014 -0.0074186582763878838 -0.045103099774122468 0.018186360440326062 0.30113514008633829 -0.039027671417809433 -0.065438118031851844 -0.12322710529100485 -0.090751752969639346 -0.04625207038446897 0.030184720708966991 0.024535857161293615 -0.014389084691001339 0.034117964826472447 0.00056272227264856842 -0.0060241629403457522 0.018239759382351783 0.079116770204825174 0.047719702067500987 -0.01732662145939445
leaf_weight=112.15395448960044 466.08940549520776 59.254076328179508 125.82498606091394 47.351043640148418 418.82780170239857 535.63944212544448 2666.8348293756353 5.6344897072049198 60.070738043803431 211.17794049278018 32.541005117222085 246.94685023390048 2.2318046779109846 33.077354498484056 4.9936494332068833 1.3833494569407774 97.883095756464172 7.188696636214444 13.765361189231042 40.719819296355126 106.98814794290229 210.4856291981414 364.17319295849302 174.28728940663859 5918.780117962342 489.84683226406196 255.14520522058592 34.190844348195242 17.034248255957209 94.089732240070589
leaf_count=25734 144567 530516 503107 1905 4544 12229 23942 89 2499 2135 493 27979 195 1962 146 90 15878 288 1164 570 613 26146 3451 2217 49025 13563 31616 723 214 1788
internal_value=0.00237567 0.043582 0.000616501 0.00104076 0.00270691 0.0113127 -0.00296762 -0.000526966 -0.00204533 0.0190023 -0.0409247 -0.0159545 0.0102201 0.0512077 0.162988 0.232057 -0.021774 -0.0380615 -0.018111 -0.0163166 0.000998446 0.00184567 0.00111447 0.00062821 0.00152798 0.00272343 0.0133846 0.0256813 -0.0150534 -0.0259747
internal_weight=12854.6 525.343 12329.3 12203.4 8620.52 1426.98 3582.92 3016.98 2800.17 216.812 133.332 565.945 102.803 41.6862 8.6088 6.377 463.143 216.196 61.1164 73.2608 7193.54 6774.71 6564.23 6457.24 6093.07 891.337 401.49 289.336 118.313 101.278
internal_count=1429388 675083 754305 251198 169861 83865 81337 29728 27504 2224 3562 51609 5462 2393 431 236 46147 18168 3069 1063 85996 81452 55306 54693 51242 71636 58073 32339 2290 2076
is_linear=0
shrinkage=0.06


Tree=125
num_leaves=31
num_cat=0
split_feature=0 0 5 5 16 17 10 1 9 9 6 14 0 14 1 10 6 6 14 0 7 7 6 14 14 14 7 11 7 14
split_gain=369.851 82.3235 27.2177 23.4145 21.7997 38.4731 17.9152 17.6708 19.0521 16.124 14.9605 17.9875 14.9264 25.6581 23.7296 18.9748 14.1285 20.7276 41.7156 21.9439 19.917 18.5603 18.1248 27.8273 27.8622 25.6664 19.8184 42.4589 17.6664 17.6639
threshold=0.9990878999233247 8.6773325165268047e-05 0.99914026260375988 0.00027674772718455648 50.454545974731452 62.145593643188484 0.14495798945426944 9.5000000000000018 66.094326019287124 52.060455322265632 8.1526007652282733 20.500000000000004 0.99218639731407177 16.500000000000004 5.5000000000000009 0.90238094329833995 1.9991011023521426 2.0055125951766972 7.5000000000000009 0.0086993081495165842 0.0019175292691215875 0.0067095339763909587 1.1471684575080874 11.500000000000002 2.5000000000000004 21.500000000000004 0.00060257071163505327 1.0000000180025095e-35 0.00046412723895628011 32.500000000000007
decision_type=2 2 2 2 2 2 2 2 2 2 2 2 2 2 2 2 2 2 2 2 2 2 2 2 2 2 2 2 2 2
left_child=1 -1 3 4 5 -3 9 10 -9 -7 12 -12 16 -14 15 -15 22 18 19 -18 29 -22 23 24 -5 -25 28 -28 -27 -20
right_child=-2 2 -4 7 -6 6 -8 8 -10 -11 11 -13 13 14 -16 -17 17 -19 20 -21 21 -23 -24 25 -26 26 27 -29 -30 -31
leaf_value=-0.059285405098215567 0.0548513539114594 0.062170644922110899 -0.06060639035200914 -0.022665718556780515 -0.04607323836268807 -0.0094638673973392144 -0.013293921392120274 -0.064927284619533024 -0.0036559695429659155 0.5385761443165864 -0.07954985380408966 0.048791539236684771 0.03169892763793445 0.010086128316237484 -0.068200259824301099 -0.089788773953817402 -0.061506128050041679 0.00025988602666304284 -0.041472901455210591 0.015430640325987718 0.046236691028668481 -0.016819455258944797 0.011043020198481648 -0.026594638605967478 0.011193709227887743 -0.0063333074766658394 0.042495274686731505 -0.041927846960883308 -0.08472481608454302 -0.0062931457937009322
leaf_weight=82.10532691753906 462.02000216883607 9.2068648306885699 25.071182348925504 98.318887366658601 3.2993179235345442 0.18716669495188476 0.28414477739715949 29.422014386691444 46.057721980032511 0.29795264302083524 15.405362047444216 4.4232980974484226 149.78729007294169 140.38644270366058 16.721770268457476 6.1996965059661298 13.390423583943628 8932.1545171379403 195.54292816587258 186.10937412217754 23.068610561422247 54.695958109885396 970.15742771427904 210.44689561277482 736.77171756484313 207.38533139391802 82.144933591785957 28.010409204754978 9.9091779147274774 70.111101621296257
leaf_count=816310 151025 9971 199265 3076 17275 852 773 46139 15979 248 129 37 14350 11787 828 575 4445 106248 1423 997 149 657 10459 1427 13199 1086 381 178 87 397
internal_value=0.00220474 0.000230453 0.000633671 0.000764051 0.0775614 0.118922 0.379107 0.000674329 -0.0280762 0.463135 0.000855216 -0.049952 0.000942371 0.0138517 -0.00261119 0.00528227 0.000599226 -0.000432555 -0.0118042 0.00998564 -0.0244547 0.00223549 0.00476989 0.000332456 0.00718495 -0.0102997 0.00022188 0.020844 -0.0102799 -0.0322467
internal_weight=12809.1 12347.1 12265 12239.9 13.2754 9.97613 0.769264 12226.6 75.4797 0.485119 12151.1 19.8287 12131.3 313.095 163.308 146.586 11818.2 9475.07 542.918 199.5 343.419 77.7646 2343.14 1372.99 835.091 537.897 327.45 110.155 217.295 265.654
internal_count=1429752 1278727 462417 263152 29119 11844 1873 234033 62118 1100 171915 166 171749 27540 13190 12362 144209 114316 8068 5442 2626 806 29893 19434 16275 3159 1732 559 1173 1820
is_linear=0
shrinkage=0.06


Tree=126
num_leaves=31
num_cat=0
split_feature=5 3 2 2 1 6 7 2 17 14 6 6 7 2 8 14 6 8 9 8 9 1 7 10 10 5 7 8 6 9
split_gain=231.894 192.925 30.4041 28.2036 20.3675 30.4157 28.8135 24.3113 24.4136 23.9274 32.5196 32.0824 24.5355 27.8829 40.3798 18.7839 24.7844 17.5248 22.0855 19.4308 17.126 17.0835 16.4284 16.3045 18.8015 16.7877 15.6113 19.1687 15.3433 17.4735
threshold=0.99900686740875255 1.5000000000000002 -0.9998810589313506 -0.99987635016441334 3.5000000000000004 2.0926085710525517 0.00025801875744946306 -0.22270189225673673 58.123168945312507 13.500000000000002 1.9991011023521426 1.0202044248580935 0.00036216486478224402 -0.97587051987647999 93.127067565917983 21.500000000000004 1.0000000180025095e-35 86.616912841796889 87.401184082031264 79.337715148925795 98.598102569580092 14.500000000000002 0.0014154935488477351 0.46410256624221807 0.5577777922153474 0.79439738392829906 1.2394033547025176e-05 91.715686798095717 1.8372327685356142 97.067424774169936
decision_type=2 2 2 2 2 2 2 2 2 2 2 2 2 2 2 2 2 2 2 2 2 2 2 2 2 2 2 2 2 2
left_child=2 -2 -1 -4 5 9 20 8 -8 -5 11 15 -12 14 -14 23 -17 18 -18 22 -7 -6 -20 25 -25 -11 -26 -28 29 -13
right_child=1 -3 3 4 21 6 7 -9 -10 10 12 28 13 -15 -16 16 17 -19 19 -21 -22 -23 -24 24 26 -27 27 -29 -30 -31
leaf_value=-0.058091371969777011 0.055962533246105409 -0.062025372964345418 0.18247535370164333 0.0057572001838019221 -0.00055509775234792317 0.035061065562825067 -0.10878856482288243 0.012761586026304424 -0.0096639379600563045 -0.030567621123239117 -0.034265995808126372 0.033797530330165949 -0.037519641124453183 -0.0060314178141317983 0.3580762945922944 0.1556768961425426 -0.079868986455220545 -0.012103781822699009 -0.042576753566018082 0.045905358701139889 -0.01276741804058352 -0.057350018102576727 0.055180268476892828 -0.1041416775714316 0.0080570480718442691 0.029686465744923295 -0.065184263994185185 0.035617729373024695 0.0040552217742154196 -0.032605173731793113
leaf_weight=30.313973136857385 441.63236330955988 55.394202895782655 2.0858398261407265 2102.0178972194335 8125.673091115139 255.84988614486065 8.8536003371846146 460.62155360914767 100.25897158185398 36.148955881566508 195.73352982051438 150.53869874951488 1.5258273800136515 151.59253685297153 0.85182643495500077 2.596486627124249 6.5988968785386524 217.29356007755268 20.015450962237086 60.047026212560013 29.603933583071921 18.111059274786385 7.8128218643832943 14.270787958521394 25.221109097881708 29.17359630313149 41.652570058358833 7.4147757596801958 247.30737068908638 14.958976804278789
leaf_count=308370 152267 556338 5746 24223 229648 5504 55 5706 332 171 1938 1016 92 1260 8 13 86 1594 268 418 1427 129082 40 186 217 308 506 127 2064 323
internal_value=0.00257288 0.0427145 0.000955897 0.00110572 0.00106025 0.00446003 0.0145473 0.00672906 -0.018622 0.00186807 -0.0047735 0.00137578 -0.0202259 -0.00227155 0.168261 -0.0093655 -0.000936359 -0.00273425 0.018717 0.0269356 0.0300736 -0.00068843 -0.0141693 -0.0264681 -0.0430957 -0.00361578 -0.0301414 -0.0495445 0.0135528 0.0276358
internal_weight=12861.2 497.027 12364.1 12333.8 12331.7 4187.96 855.188 569.734 109.113 3332.77 1230.75 881.051 349.704 153.97 2.37765 468.246 314.364 311.768 94.4742 87.8753 285.454 8143.78 27.8283 153.882 88.5592 65.3226 74.2885 49.0673 412.805 165.498
internal_count=1429333 708605 720728 412358 406612 47882 13024 6093 387 34858 10635 7337 3298 1360 100 3934 2419 2406 812 726 6931 358730 308 1515 1036 479 850 633 3403 1339
is_linear=0
shrinkage=0.06


Tree=127
num_leaves=31
num_cat=0
split_feature=0 4 0 7 2 5 16 10 2 0 7 2 6 5 9 2 1 7 7 16 14 6 5 10 8 2 16 7 16 16
split_gain=330.245 63.4623 30.2629 27.4221 24.9592 25.6908 18.7831 46.6811 19.4797 27.0856 18.604 23.5267 34.1367 23.2103 21.4489 17.4088 17.2393 18.4522 18.3881 20.8578 17.1212 19.2642 16.5894 16.5585 21.196 15.4391 30.0378 20.1401 18.3181 18.6321
threshold=0.99931657314300548 -0.91512537002563465 4.295545659260825e-05 8.680441897013226e-05 -0.99934396147727955 0.86405959725379955 67.333332061767592 0.5577777922153474 -0.98205760121345509 0.0043597351759672174 2.8765385650331158e-05 -0.91239327192306507 4.5268568992614755 0.025714718736708168 88.953113555908217 -0.75785845518112172 6.5000000000000009 2.4336507522093601e-05 1.0000000180025095e-35 72.57053375244142 11.500000000000002 0.0078648007474839705 0.0033133701654151086 0.56385868787765514 84.273937225341811 -0.99475938081741322 37.617923736572273 1.4245864349504702e-05 34.891304016113288 28.869047164916996
decision_type=2 2 2 2 2 2 2 2 2 2 2 2 2 2 2 2 2 2 2 2 2 2 2 2 2 2 2 2 2 2
left_child=1 -1 -3 4 -4 6 7 25 9 16 -10 12 13 -12 -15 -13 17 18 19 -8 -7 -22 -20 -16 -25 26 27 28 29 -6
right_child=-2 2 3 -5 5 20 8 -9 10 -11 11 15 -14 14 23 -17 -18 -19 22 -21 21 -23 -24 24 -26 -27 -28 -29 -30 -31
leaf_value=-0.059067046671990003 0.056251072983496422 -0.058081210713571724 0.065828443561067679 -0.0008798993893962808 0.068034730120457951 0.021066676518128522 0.11072196854690951 -0.0041149489814618868 -0.0039615361545164741 -0.046022696602081366 -0.049454234438843843 -0.024932037040011248 -0.068837967666567482 0.034797921141878914 0.18799802354081063 0.0090404018601649965 -0.057980446920937664 -0.056494563195083433 0.01941592963216526 -0.023350497822470746 -0.068613147399119126 0.0068039431159808332 0.18814700348507174 -0.056667701835516483 0.10824761820577566 0.023571708179959443 -0.032853353558061175 -0.05335268201295186 0.14073526939116762 -0.055456187286392893
leaf_weight=62.734678803208226 395.90399385622004 30.175680397202086 23.262877387416665 8233.023301697991 12.648148747532113 501.48572864977177 5.0451551141450279 571.06547539093299 1262.1425265587386 75.92590894177556 5.2358205417549462 60.758684769360116 7.3775059427134684 23.478767301887274 7.4979838877916363 450.2290128796667 8.3316441401911998 5.689035524861537 3.7190572753752331 12.712533048790645 11.584233509143813 394.98805882729357 4.7068743146955967 2.9660492874681941 11.048357727006076 522.8260154516538 50.344657743509742 5.7628725943650343 6.9345166904531643 5.6062496915837974
leaf_count=680728 145152 318993 26530 211663 360 13898 64 2409 4664 801 85 275 79 63 32 1343 905 368 170 310 169 11676 19 27 63 3988 3401 736 129 267
internal_value=0.00237776 0.000650425 0.000959368 0.00110909 0.00514825 0.00478174 0.00219631 0.00818292 -0.00141974 -0.0251412 9.7903e-05 0.00910005 0.0451125 0.062867 0.0767294 0.00496012 0.0144535 0.0345758 0.0557134 0.018613 0.0136587 0.00449205 0.123633 0.118915 0.0718949 0.0197954 -0.00448142 0.0412509 0.0641056 0.029198
internal_weight=12775.2 12379.3 12316.6 12286.4 4053.37 4030.11 3122.05 1175.19 1946.86 116.13 1830.73 568.592 57.6045 50.227 44.9912 510.988 40.2043 31.8727 26.1836 17.7577 908.058 406.572 8.42593 21.5124 14.0144 604.122 81.2964 30.9518 25.1889 18.2544
internal_count=1429367 1284215 603487 284494 72831 46301 20558 11290 9268 2637 6631 1967 349 270 185 1618 1836 931 563 374 25743 11845 189 122 90 8881 4893 1492 756 627
is_linear=0
shrinkage=0.06


Tree=128
num_leaves=31
num_cat=0
split_feature=0 0 5 14 6 6 8 13 5 7 5 4 14 6 2 10 8 8 10 5 6 10 7 5 17 17 7 17 9 11
split_gain=327.291 67.1203 27.7693 26.4321 22.4689 22.5444 38.8615 25.8929 24.2493 19.8932 17.6274 17.4647 17.0385 34.0455 17.3073 15.528 15.4606 39.8338 16.3287 15.0903 15.1602 14.9651 79.3556 33.3246 16.6186 16.0778 16.6176 39.2206 40.1439 38.5348
threshold=0.99931657314300548 8.6773325165268047e-05 0.99929639697074901 2.5000000000000004 1.8831276297569277 2.0000109672546391 26.766168594360355 1.0000000180025095e-35 0.025714718736708168 0.0001053931518981699 0.00027674772718455648 -0.56932592391967762 1.5000000000000002 4.0000154972076425 -0.99605953693389881 0.65942031145095836 50.252525329589851 48.050632476806648 0.14495798945426944 0.99606797099113475 0.0078648007474839705 0.14495798945426944 0.71118706464767467 0.60052680969238292 87.652439117431655 1.0000000180025095e-35 0.072131048887968077 94.59064102172853 79.495143890380874 1.0000000180025095e-35
decision_type=2 2 2 2 2 2 2 2 2 2 2 2 2 2 2 2 2 2 2 2 2 2 2 2 2 2 2 2 2 2
left_child=1 -1 3 4 9 6 15 8 12 -3 16 -8 13 -7 -15 -6 17 -5 -19 21 -21 22 23 -12 -24 -23 -27 29 -29 -28
right_child=-2 2 -4 10 5 7 11 -9 -10 -11 19 -13 -14 14 -16 -17 -18 18 -20 20 -22 25 24 -25 -26 26 27 28 -30 -31
leaf_value=-0.059156945416753898 0.056033877203259863 -0.01148748101108729 -0.064946601809125593 0.039585540354350669 0.17246737792516531 -0.049355576186734647 0.12441846620043953 0.057897218734402463 -0.0057676224882265096 -0.059198935114746887 0.0097037155191950029 -0.01272026975997672 -0.044479792437494697 -0.043226591264302727 0.12343837248441071 0.046525435913901007 -0.041943289809413517 0.44553355568014374 -0.012944350865613246 -0.10226638982825784 0.020311425166388623 0.038928314740500125 -0.056972825771827967 0.034435847686658555 -0.0014796243903590599 -0.00088944442673102159 -0.076616667888816714 -0.032690357042711574 0.020287852504126555 -0.014620655161480749
leaf_weight=69.625243986040005 374.48633278202033 69.047893850722176 23.019088621331321 6.072183904652773 6.6120272298721821 14.347330162134314 2.6540486735029836 19.168435741630674 581.8852425701989 57.74282232679252 487.92871389279753 38.288115197450679 107.31545767479111 2.3819831974615218 8.4355154974327871 8.5104384011356142 2.316378458381223 0.53554120421904361 0.27466670425201301 2.7323055460947208 171.65611967445147 34.535996851183882 18.586147760310268 328.27426144682977 2416.4719282381557 7417.1362629359646 54.940102737746201 76.921864346033544 150.81508314413077 103.51257918263582
leaf_count=816109 145237 1294 194850 8232 169 2463 411 238 15240 4412 37299 971 13995 1862 86 27 12247 545 831 712 49609 373 4602 5604 21005 75236 8169 2480 902 3968
internal_value=0.000853838 -0.000833098 -0.000495758 -0.000368725 -0.0101625 -0.00637593 0.0299692 -0.00919083 -0.0110694 -0.0335094 0.00042827 -0.00107587 -0.0341385 0.00997663 0.0861869 0.108873 0.0792735 0.120216 0.368817 0.000356846 0.0178187 8.06567e-05 0.00350231 0.0196809 -0.0019264 -0.00133896 -0.00152214 -0.01364 0.00232891 -0.0364621
internal_weight=12656.2 12281.7 12212.1 12189.1 916.389 789.599 56.0646 733.534 714.366 126.791 11272.7 40.9422 132.48 25.1648 10.8175 15.1225 9.19877 6.88239 0.810208 11263.5 174.388 11089.1 3251.26 816.203 2435.06 7837.86 7803.33 386.19 227.737 158.453
internal_count=1429178 1283941 467832 272982 41168 35462 1578 33884 33646 5706 231814 1382 18406 4411 1948 196 21855 9608 1376 209959 50321 159638 68510 42903 25607 91128 90755 15519 3382 12137
is_linear=0
shrinkage=0.06


Tree=129
num_leaves=31
num_cat=0
split_feature=0 0 5 6 6 9 0 14 5 0 10 8 8 8 16 7 14 6 16 17 7 17 6 9 6 6 6 6 7 9
split_gain=289.053 66.5037 23.5596 16.2071 25.9537 20.8744 17.4132 17.2808 22.5166 21.1922 41.3573 29.2391 28.7427 21.9832 20.8367 28.2203 22.8173 22.3267 18.5085 22.0927 18.2259 17.6301 17.1301 27.4622 18.2752 24.1505 24.3721 42.0637 47.2329 41.9449
threshold=0.99946531653404247 8.6773325165268047e-05 0.99947503209114086 0.96871358156204235 0.99996107816696178 60.349927902221687 0.99218639731407177 7.5000000000000009 0.10457579419016839 0.81188002228736889 0.85357144474983226 90.054946899414077 88.633693695068374 92.805381774902358 82.480819702148452 0.95683798193931591 3.5000000000000004 0.055739754810929305 38.956640243530281 70.710784912109389 0.00070863775908947002 34.891304016113288 1.0007451772689822 88.953113555908217 1.9931368231773379 2.0524525642395024 2.9954572916030888 3.0218182802200322 0.00089728989405557524 40.093458175659187
decision_type=2 2 2 2 2 2 2 2 2 2 2 2 2 2 2 2 2 2 2 2 2 2 2 2 2 2 2 2 2 2
left_child=1 -1 3 7 5 -5 22 14 -9 11 -11 12 20 -13 16 -16 -3 -18 -19 -20 -10 -12 23 -6 -24 -26 -27 28 29 -28
right_child=-2 2 -4 4 6 -7 -8 8 9 10 21 13 -14 -15 15 -17 17 18 19 -21 -22 -23 24 -25 25 26 27 -29 -30 -31
leaf_value=-0.059105441850154691 0.056682133225738694 -0.031685339761559628 -0.06468809292883651 -0.032387374249369008 0.010981276992834445 0.034125519006933162 0.015124685907758343 -0.069423211923107894 -0.017589688882013954 -0.02230597372122738 0.027459972654484584 -0.068284449793639193 0.073550911347420686 0.0016438954123570724 0.042398344991680499 -0.021353628178203778 0.040979730062220401 -0.094524395599782624 0.041157699907952802 -0.058466838301447423 0.035463840473984473 -0.24933345037329074 0.0076917172884963525 -0.057730669974652919 -0.0083923680171953726 0.0078311795981235079 0.033940502741365647 0.0015090525749822544 0.0032784018670867425 -0.028927479187756438
leaf_weight=65.646358377307479 339.79482148494571 86.154663977104065 18.629656370278099 18.589990996049892 38.353998727921862 135.9204436019354 317.38346923777135 25.797642057317717 57.849590804427862 165.88771170104155 0.80507449805736486 29.183338298629678 26.069831585962675 34.795074732821377 79.763307269742654 35.466051279567182 44.174423831093009 8.3303128151892434 19.1806099791138 12.291929743623767 37.613530494083534 3.1437225275440142 1330.4073600361589 44.410067028380581 1050.2619979810624 1636.2382998204412 40.635179610726482 6129.5301955878094 402.48005446400202 485.16277256843023
leaf_count=816352 139404 6867 186719 769 752 1613 37199 972 215 1507 7 283 132 324 1509 1344 1199 84 379 464 551 144 23168 308 23153 29380 1514 132865 12670 7620
internal_value=0.00216955 0.000668903 0.000992322 0.00109709 0.00161882 0.0259662 0.00128875 -0.00799507 -0.0163381 -0.0123002 -0.0275479 0.00173201 0.0189765 -0.0308135 0.00316651 0.0227614 -0.0101605 0.0120355 -0.0203048 0.00164602 0.00346493 -0.198756 0.000893855 -0.0261377 0.00109821 0.00019729 0.00123579 -0.000294141 -0.0121897 -0.0240137
internal_weight=12720 12380.2 12314.5 12295.9 11629.4 154.51 11474.9 666.507 381.146 355.348 169.837 185.511 121.533 63.9784 285.361 115.229 170.132 83.9773 39.8029 31.4725 95.4631 3.9488 11157.5 82.7641 11074.7 9744.31 8694.05 7057.81 928.278 525.798
internal_count=1429467 1290063 473711 286992 271011 2382 268629 15981 4135 3163 1658 1505 898 607 11846 2853 8993 2126 927 843 766 151 231430 1060 230370 207202 184049 154669 21804 9134
is_linear=0
shrinkage=0.06


Tree=130
num_leaves=31
num_cat=0
split_feature=0 0 7 16 8 0 14 9 13 2 1 2 7 2 5 9 16 8 9 2 6 10 6 5 7 16 17 6 2 6
split_gain=280.926 60.1647 22.9011 34.7395 30.1697 23.302 19.4963 61.5297 23.7671 25.7724 20.1492 18.1717 18.0295 18.9783 38.6464 21.1981 19.8331 30.5312 22.2948 17.7014 32.512 39.0663 29.4657 46.1057 36.6814 28.9902 33.0981 27.5005 24.3019 20.55
threshold=0.99946531653404247 0.00024427770404145127 8.2553626270964755e-05 67.333332061767592 96.580947875976577 0.99218639731407177 2.5000000000000004 60.622179031372077 1.0000000180025095e-35 -0.98205760121345509 6.5000000000000009 -0.83398801088333119 2.8765385650331158e-05 -0.91239327192306507 0.21288288384675982 88.084316253662124 93.813774108886733 79.337715148925795 83.893524169921889 -0.99275383353233326 3.8933389186859135 0.68990385532379161 3.3185745477676396 0.0040726084262132653 0.00041815541044343268 73.798625946044936 43.360752105712898 2.7776516675949101 -0.99547943472862233 1.9774562120437624
decision_type=2 2 2 2 2 2 2 2 2 2 2 2 2 2 2 2 2 2 2 2 2 2 2 2 2 2 2 2 2 2
left_child=1 -1 3 -3 5 6 11 10 9 -9 -8 -5 -11 15 -15 -14 17 18 -16 20 21 22 29 24 -24 26 -26 -23 -29 -4
right_child=-2 2 19 4 -6 -7 7 8 -10 12 -12 -13 13 14 16 -17 -18 -19 -20 -21 -22 27 23 -25 25 -27 -28 28 -30 -31
leaf_value=-0.051164501443594218 0.056486376460177061 0.011349318843826298 0.026313094137068106 -0.066731233284476943 0.02684459989949552 0.0294594681145963 0.03545979731820359 -0.045191078943415584 -0.033334778769830944 -0.0065423480084327561 -0.029331168566637315 -0.011246531938026223 -0.015454187975965233 -0.054446358120345852 0.055748128777686118 0.073676051128891917 0.013982416554058404 -0.046640394700313483 -0.011700202586205804 -0.0013062471977398021 -0.054766685517609395 -0.036465885929209414 0.020978758256518088 -0.051958272505483856 -0.022054202101133277 -0.025516929957887662 0.43889613872642008 -0.025644580412749439 0.32988532548397037 -0.036684613726119898
leaf_weight=82.046425892556726 321.18986398153356 1418.8924856255471 24.495495563685836 30.611835979158059 137.55458760395413 81.111119424807839 184.6157894123462 51.128236446034862 100.82408040500013 1248.9832383321482 18.304375259627705 66.455685768509284 13.898172228597103 38.117136520566419 25.95539921335876 28.06541140191257 399.65008793026209 54.694773404393345 50.314672783249989 8122.5010777211355 62.724607219774043 1.4494479599015893 3.594775401754303 5.3681411643046886 0.57684991275891739 0.72729882976273064 1.9881673166528342 0.73109147046488931 1.8931177277190729 69.763707172016439
leaf_count=980562 139479 18060 12850 480 5344 10527 1816 1246 1081 5995 800 500 68 253 77 199 1327 380 310 94441 79768 270 598 9794 305 433 509 269 80 61876
internal_value=0.00117824 -0.000267317 7.78652e-05 0.00383807 -0.000376788 -0.00195227 -0.00306672 -0.00190653 -0.00508771 -0.00358059 0.0295002 -0.0292466 -0.00241292 0.00602939 0.00311895 0.0444838 0.00734884 -0.0128466 0.0116775 -0.00171241 -0.0206308 -0.000952006 -0.00862131 0.075303 0.168508 0.287174 0.358124 0.161754 0.25109 -0.0202088
internal_weight=12648.2 12327 12245 3949.18 2530.28 2392.73 2311.62 2214.55 2011.63 1910.81 202.92 97.0675 1859.68 610.696 568.732 41.9636 530.615 130.965 76.2701 8295.81 173.313 110.588 106.514 12.2552 6.88709 3.29232 2.56502 4.07366 2.62421 94.2592
internal_count=1429697 1290218 309656 48463 30403 25059 14532 13552 10936 9855 2616 980 8609 2614 2347 267 2094 767 387 261193 166752 86984 86365 11639 1845 1247 814 619 349 74726
is_linear=0
shrinkage=0.06


Tree=131
num_leaves=31
num_cat=0
split_feature=0 4 0 14 5 5 14 7 6 6 4 6 6 9 17 0 5 6 10 4 1 17 6 10 9 6 6 9 9 1
split_gain=254.277 51.7035 23.1311 15.6937 15.6845 15.1917 20.807 18.257 14.091 17.4831 42.5345 28.5424 29.2215 55.5601 63.8169 41.4493 23.6322 23.4407 43.1305 42.3572 31.5846 29.7488 23.9532 22.0709 19.0925 18.7918 36.2666 57.0192 22.5724 43.4261
threshold=0.99946531653404247 -0.79962387681007374 4.295545659260825e-05 28.500000000000004 5.0134221964981414e-05 0.9741620421409608 21.500000000000004 2.6547996640147179e-05 5.9977171421051034 5.2769885063171396 -0.43075647950172419 4.9981007575988778 5.0038316249847421 88.084316253662124 58.434959411621101 0.81188002228736889 0.89023575186729442 5.7654123306274423 0.81101191043853771 -0.009001229424029587 7.5000000000000009 39.077413558959968 5.9119889736175546 0.18019481003284457 96.311412811279311 4.1150696277618417 3.9987739324569707 64.47983551025392 80.972057342529311 6.5000000000000009
decision_type=2 2 2 2 2 2 2 2 2 2 2 2 2 2 2 2 2 2 2 2 2 2 2 2 2 2 2 2 2 2
left_child=1 3 -3 -1 -4 8 7 -7 9 11 16 25 13 -13 -15 -16 -11 18 24 -19 -21 -22 -23 -24 -12 26 -6 -28 29 -27
right_child=-2 2 4 -5 5 6 -8 -9 -10 10 17 12 -14 14 15 -17 -18 19 -20 20 21 22 23 -25 -26 28 27 -29 -30 -31
leaf_value=-0.059058754590452185 0.055887119347319526 -0.057557145760392565 0.18137513818477105 0.10300751539455767 0.0011544688047528376 0.033271887483634383 -0.0048572102701192176 0.0084839324552020284 -0.007856063917354288 0.15031822209168624 0.018623425179662329 -0.0034276568534896373 -0.0029567303907409147 0.016215254129792706 -0.07293920474710068 -0.19900310077681554 -0.045233015501824819 -0.081654624009212598 -0.10129049186659331 -0.00119724631252565 -0.063111061389353518 0.015186986838351109 -0.032955848094014681 0.25314259142015072 0.065110737481404987 0.0031294120107136785 0.0072102375673516505 -0.026351353071727594 0.015175320189480116 -0.067131903514600078
leaf_weight=60.397837812764919 303.54902918357402 23.51540198209841 0.73108075124036886 1.3464156952686597 7483.6406194983065 152.49742805029382 260.81422129043494 356.41670251346659 729.31118366330338 10.501314725486735 244.98759509567753 112.46204545316141 376.38334888545069 23.695200323112658 51.405658954754472 11.343506745994089 2.2699634404852977 21.919729539673426 9.1489524878561479 286.59453746072541 2.7525649238159522 3.7313585033407417 0.91086725306377037 4.7835177351662423 35.901862821658142 560.49791472731158 307.40503472068667 445.31383339244348 679.89900607206073 32.560949580751185
leaf_count=698617 139443 311807 4054 4 140992 12358 17310 22549 16520 624 4259 4110 8902 184 438 76 47 852 54 1562 560 1268 959 472 102 3550 11883 7276 3974 14803
internal_value=0.00172919 0.000387453 0.000666083 -0.0539393 0.00078294 0.000757268 0.00891074 0.0159624 0.000207816 0.000757715 0.0104997 0.000154416 -0.0128115 -0.0313511 -0.0672243 -0.0984926 0.1148 0.00813451 0.0204641 -0.0030455 0.00297487 0.0937986 0.141279 0.209292 0.0247751 0.000940084 -0.000108835 -0.0126537 0.00772161 -0.000834685
internal_weight=12596.7 12293.1 12231.4 61.7443 12207.9 12207.1 769.728 508.914 11437.4 10708.1 623.502 10084.6 575.29 198.906 86.4444 62.7492 12.7713 610.731 290.038 320.693 298.773 12.1783 9.42574 5.69438 280.889 9509.32 8236.36 752.719 1272.96 593.059
internal_count=1429609 1290166 591545 698621 279738 275684 52217 34907 223467 206947 10759 196188 13710 4808 698 514 671 10088 4415 5673 4821 3259 2699 1431 4361 182478 160151 19159 22327 18353
is_linear=0
shrinkage=0.06


Tree=132
num_leaves=31
num_cat=0
split_feature=0 4 0 5 5 10 7 9 17 7 7 6 2 9 6 6 10 14 6 14 8 9 10 8 9 7 4 7 17 2
split_gain=247.783 49.877 22.144 17.5099 14.3438 17.3105 18.3129 23.1916 32.4187 16.6972 25.6694 17.3541 16.4758 18.5581 12.6575 13.5991 22.1315 12.3975 18.9352 12.2233 10.8949 29.4899 23.5931 24.0495 30.5112 29.373 28.7047 32.2406 25.6657 30.5022
threshold=0.99931657314300548 -0.89575541019439686 4.295545659260825e-05 4.700332829088439e-05 0.97915965318679821 0.67543861269950878 0.1463500112295151 76.975051879882827 94.59064102172853 9.1307214461267008e-05 0.00057097600074484955 0.014111780095845463 -0.011946468614041804 98.994949340820327 4.984053611755372 5.379021644592286 0.29520697891712194 15.500000000000002 4.3412482738494882 18.500000000000004 50.252525329589851 98.253242492675795 0.44722221791744238 49.29521560668946 83.157192230224624 0.0003285078273620457 -0.049054281786084168 0.1030123718082905 62.910053253173835 -0.98621553182601918
decision_type=2 2 2 2 2 2 2 2 2 2 2 2 2 2 2 2 2 2 2 2 2 2 2 2 2 2 2 2 2 2
left_child=1 -1 -3 -4 20 6 19 -8 -9 -7 11 -11 -12 -14 -10 16 -16 -13 -19 -6 22 -22 23 24 25 -5 27 -27 -25 -30
right_child=-2 2 3 4 5 9 7 8 14 10 12 17 13 -15 15 -17 -18 18 -20 -21 21 -23 -24 28 -26 26 -28 -29 29 -31
leaf_value=-0.058834169329409859 0.055446844056402912 -0.05745832171567445 0.1981687086809632 0.011081242006425487 0.033326380237878955 0.015056284782175451 -0.07960955030394927 -0.093041149608235368 0.053378669108596857 -0.17579193445567609 0.039168726486974996 -0.0031752233365669345 0.014253458580495617 -0.051921501586509454 -0.28370156807638042 0.017344851601691875 0.031225719348498805 -0.033256155611083492 -0.13850759043241423 0.010535172051080829 -0.00010152754711394717 -0.026460894680582672 0.00017041095952103938 -0.022048571530815568 0.030345720314627997 0.23871641887201064 -0.050709242279688219 0.00034085140483106063 0.17157774980669216 0.041973285156539746
leaf_weight=49.963540767203085 300.61945106109488 22.566507126717624 0.61731709568266424 182.91744538864441 177.24401230574585 110.50292571244063 13.592823298291476 8.1645865008322271 26.380054482753621 2.5493270063889204 31.317104210953403 23.583530542324297 35.496423467149725 25.339237062798929 0.63782774179708024 6.432343801119714 1.2330544102296697 26.567982288484927 7.4457406222936688 163.98874862497905 9711.2470673801436 154.23646193201421 1175.242007705514 9.8265090207423764 184.66588036425674 1.5820953791044292 59.710205881543516 9.7897581397919549 9.4139906098280353 20.154713539392105
leaf_count=685120 145196 317116 2253 28296 12443 9284 2304 1388 769 87 1297 1794 2219 2349 34 275 53 1908 503 9698 147761 771 12437 2230 5220 914 27230 6141 1730 213
internal_value=0.00172187 0.000399284 0.00064662 0.000758983 0.000732708 0.00932485 0.0172058 -0.0142567 0.00781827 -0.00262067 -0.015461 -0.0456053 0.00449205 -0.0137036 0.033503 -0.0285936 -0.137562 -0.0369414 -0.0595939 0.0224362 0.000239277 -0.000516269 0.00474531 0.0159682 0.0118583 -0.0016489 -0.034107 0.0501191 0.060305 0.0874994
internal_weight=12553 12252.4 12202.4 12179.9 12179.3 660.476 397.673 56.4407 42.8479 262.802 152.299 60.1466 92.1528 60.8357 34.6833 8.30323 1.87088 57.5973 34.0137 341.233 11518.8 9865.48 1653.3 478.061 438.665 254 71.0821 11.3719 39.3952 29.5687
internal_count=1429033 1283837 598717 281601 279348 46405 26964 4823 2519 19441 10157 4292 5865 4568 1131 362 87 4205 2411 22141 232943 148532 84411 71974 67801 62581 34285 7055 4173 1943
is_linear=0
shrinkage=0.06


Tree=133
num_leaves=31
num_cat=0
split_feature=0 4 0 5 16 14 6 6 16 7 5 1 6 7 16 4 10 6 6 9 8 6 6 16 8 6 6 10 5 6
split_gain=240.585 43.8752 20.309 18.4117 24.3815 25.9492 20.6042 25.2482 36.2806 14.273 18.8794 17.8801 28.093 33.7555 71.3688 24.6706 23.1258 21.1517 27.6205 38.3241 27.6137 22.2675 19.472 16.9945 21.9829 16.7671 49.1691 40.3752 19.8439 15.4398
threshold=0.99946531653404247 -0.91512537002563465 4.295545659260825e-05 0.00027674772718455648 50.454545974731452 2.5000000000000004 2.9788488149642949 3.7316870689392094 37.123168945312507 2.2512538433074956 0.51504290103912365 4.5000000000000009 3.5258260965347294 0.014160122256726028 72.949001312255874 -0.0021237200126051898 0.75595238804817211 2.9990785121917729 3.0018349885940556 75.701915740966811 74.849395751953139 0.75467070937156688 2.9995796680450444 52.73088455200196 81.872947692871108 5.0907099246978769 4.9957869052886972 0.61721614003181469 0.73536700010299694 3.2685205936431889
decision_type=2 2 2 2 2 2 2 2 2 2 2 2 2 2 2 2 2 2 2 2 2 2 2 2 2 2 2 2 2 2
left_child=1 -1 -3 4 5 -4 -7 8 -8 10 29 12 17 16 15 -15 -14 21 19 -19 22 -12 -21 -13 -25 26 -26 -28 -29 -5
right_child=-2 2 3 9 -6 6 7 -9 -10 -11 11 23 13 14 -16 -17 -18 18 -20 20 -22 -23 -24 24 25 -27 27 28 -30 -31
leaf_value=-0.058713064453017022 0.056502303690704178 -0.057325114983227884 -0.045901483644251624 -0.005726942752278065 -0.049703343618741333 -0.037266261781727809 0.02093595575275629 0.061020234808712895 0.38439684542018798 -0.0063135947100695436 -0.0099820906716565003 0.012496354390625977 0.037285097497275523 -0.020911734336996536 0.0094422682213151088 -0.18301692979859763 -0.010473103055897617 0.011688567297856002 0.00098630397539016231 -0.13181101797321249 -0.063148580085402514 0.0076118327492664117 0.0067287948698858246 -0.012664550899110354 0.0014638562656048026 0.0086914581969690426 -0.019502271576387908 -0.033662110757715559 -0.13434091325517436 0.0014515917805325101
leaf_weight=45.376720114574709 271.83759827422909 21.396951938204438 2.9751730878706466 2461.1593005126997 4.8153068190877084 1.6200843384503958 1.5761758583903414 4.7813462026242632 2.3412209730522591 1245.1112533023188 289.31017682221136 279.68707828632614 261.80347486326355 5.5813847275567232 157.95560777208448 8.8462500380410329 41.943933191389078 68.395163700479316 618.63580049242591 2.9931300674215882 86.369599164594547 2406.9111291008739 41.974160890007624 630.04382113556494 889.92415144367988 581.08491118517122 126.2494978347313 12.525014668703081 18.11660958151333 1918.9637983493303
leaf_count=680485 139599 318507 7649 66686 35838 6525 1006 7944 2492 3995 2569 6788 8383 150 1239 159 2929 647 7583 105 1293 32722 665 13399 9014 4892 1168 43 419 63145
internal_value=0.000777905 -0.000464346 -0.000242775 -0.000137728 0.0587107 0.0987101 0.140777 0.17436 0.272154 -0.000230237 0.000464642 0.00250908 0.00501255 0.0186744 -0.00253056 -0.125726 0.0306775 0.00315695 -0.0052872 -0.0246264 -0.0434833 0.00572097 -0.00515963 -0.00142835 -0.00315794 0.000526904 -0.00400919 -0.0348663 -0.0955521 -0.00258236
internal_weight=12510.3 12238.5 12193.1 12171.7 18.1093 13.294 10.3188 8.69874 3.9174 12153.6 10908.5 6528.35 3990.72 476.131 172.383 14.4276 303.747 3514.59 818.368 199.732 131.337 2696.22 44.9673 2537.63 2257.94 1627.9 1046.82 156.891 30.6416 4380.12
internal_count=1428038 1288439 607954 289447 61454 25616 17967 11442 3498 227993 223998 94167 58444 12860 1548 309 11312 45584 10293 2710 2063 35291 770 35723 28935 15536 10644 1630 462 129831
is_linear=0
shrinkage=0.06


Tree=134
num_leaves=31
num_cat=0
split_feature=0 0 7 10 16 5 15 10 5 0 7 14 4 10 6 5 14 0 4 7 10 7 2 2 16 10 6 14 7 6
split_gain=221.918 50.0648 19.6261 29.4703 36.5044 35.6745 38.7328 42.8048 22.4734 21.498 20.5844 28.082 26.5382 28.3829 23.499 19.3594 36.0818 18.929 18.4213 22.8412 18.4527 19.1946 18.08 18.0678 17.9277 17.0991 24.0927 21.86 26.4824 18.6929
threshold=0.99946531653404247 8.6773325165268047e-05 0.71118706464767467 0.28869047760963445 90.399383544921889 0.83430194854736339 1.0000000180025095e-35 0.080540537834167494 0.99721845984458934 0.0059790529776364574 0.0049065230414271363 3.5000000000000004 -0.17632781714200971 0.029857398010790352 2.5360363721847539 0.60052680969238292 7.5000000000000009 0.00011323993749101648 -0.0021237200126051898 0.0010825790232047441 0.077935222536325469 0.0030492285732179884 -0.65699636936187733 -0.95418816804885853 88.303691864013686 0.072299651801586165 3.980337500572205 5.5000000000000009 0.00036216486478224402 3.5810881853103642
decision_type=2 2 2 2 2 2 2 2 2 2 2 2 2 2 2 2 2 2 2 2 2 2 2 2 2 2 2 2 2 2
left_child=1 -1 3 4 10 6 7 23 15 -9 11 14 13 -12 -3 16 -4 -16 -13 -20 21 -21 -22 -6 -19 -8 27 28 -27 -29
right_child=-2 2 8 -5 5 -7 25 9 -10 -11 12 18 -14 -15 17 -17 -18 24 19 20 22 -23 -24 -25 -26 26 -28 29 -30 -31
leaf_value=-0.058838878523223781 0.056524384229244093 -0.025477028642505024 -0.091964289275217451 4.1226091363327028e-05 -0.081164386193682159 0.034588543713062164 0.017021216198939787 0.106533408194997 -0.06311842107419742 0.037906436429489113 0.08653069544618372 0.23244518021181435 -0.024376311203995388 -0.054881860230589496 0.13916721584878189 -0.0028299761249573306 0.027843422329901991 0.0049342346106965229 0.022788474891293934 -0.057072050501635059 -0.067238334647336861 0.11111515560223555 0.0071029159526284956 0.0040311043140316936 -0.07855752552422933 -0.056725018702854055 -0.029892256124788314 -0.011583181220425136 0.05329702588657128 0.033148583523490475
leaf_weight=50.400381959152583 256.58238683710806 144.44961993770994 22.452992884936975 7387.9454599188903 11.822777976318319 272.40376283973455 179.89661410165718 18.205193020265142 21.888744488751399 139.00641528517008 15.542325460141003 0.42898475054243945 184.56968966763088 6.5879560327884965 2.6810695571330134 2748.1953981696315 14.122828183659292 285.91720112611074 292.73041630005901 2.9749518336102465 25.498019833627037 6.0507471216769773 20.885445813764822 29.469268685024872 8.567968515249957 8.4973354919566173 104.13937426685152 207.6932923501372 49.079974221451266 39.106135778376483
leaf_count=816510 139455 12295 291 103435 1342 5939 13893 1084 219513 391 748 521 12041 3211 5680 47770 49 20634 12224 754 2289 115 302 199 242 165 3655 2677 1908 391
internal_value=0.00140685 0.000252689 0.000500577 0.00180978 0.00816106 0.0159108 0.00940956 0.0322561 -0.00390383 0.0464766 -8.1776e-05 0.00433138 -0.0168923 0.0438809 -0.00571434 -0.0034159 -0.0461937 0.00394533 0.0170387 0.0161082 -0.0189623 0.055516 -0.0343207 -0.0217045 0.00224743 0.00166052 -0.00512885 0.00341384 0.0363686 -0.00439013
internal_weight=12557.8 12301.2 12250.8 9444.15 2056.2 1059.32 786.916 198.504 2806.66 157.212 996.884 790.184 206.7 22.1303 441.616 2784.77 36.5758 297.166 348.569 348.14 55.4092 9.0257 46.3835 41.292 294.485 588.413 408.516 304.377 57.5773 246.799
internal_count=1429723 1290268 473758 206135 102700 31644 25705 3016 267623 1475 71056 55056 16000 3959 38851 48110 340 26556 16205 15684 3460 869 2591 1541 20876 22689 8796 5141 2073 3068
is_linear=0
shrinkage=0.06


Tree=135
num_leaves=31
num_cat=0
split_feature=5 3 2 2 6 6 8 5 7 10 14 4 2 7 14 7 7 2 14 17 6 6 6 17 3 2 14 16 6 6
split_gain=132.357 122.26 18.2206 21.4726 16.2919 20.0205 21.8059 15.9922 15.2452 35.0318 50.4727 45.3234 26.8636 21.527 19.5288 24.0718 23.9078 18.5588 18.6402 18.4997 17.1567 24.6361 26.8779 24.0352 20.8996 47.8284 25.0423 24.7078 18.9331 35.241
threshold=0.99892836809158336 1.5000000000000002 -0.9998810589313506 -0.99987635016441334 0.96871358156204235 0.99996107816696178 34.525329589843757 0.014309358317404987 0.53634834289550792 0.092329546809196486 2.5000000000000004 -0.12706227600574491 -0.31834602355957026 0.1030123718082905 1.5000000000000002 1.2394033547025176e-05 3.1044690331327736e-05 -0.0082101649604737741 19.500000000000004 62.910053253173835 1.0049652457237246 1.8831276297569277 1.1471684575080874 53.495933532714851 2.5000000000000004 -0.98909857869148243 2.5000000000000004 99.090908050537124 2.0524525642395024 2.9990785121917729
decision_type=2 2 2 2 2 2 2 2 2 2 2 2 2 2 2 2 2 2 2 2 2 2 2 2 2 2 2 2 2 2
left_child=2 -2 -1 -4 -5 6 -6 -8 9 10 11 -7 13 19 15 -13 -16 20 -19 -12 23 22 -22 -11 28 -26 -27 -28 -23 -30
right_child=1 -3 3 4 5 8 7 -9 -10 17 12 14 -14 -15 16 -17 -18 18 -20 -21 21 24 -24 -25 25 26 27 -29 29 -31
leaf_value=-0.056996744648458782 0.052775520232210375 -0.065384933710760498 0.1499418736537933 -0.0088083139898277527 0.083207748301647844 0.089168792651020221 -0.070074033584774972 0.019201808419587817 -0.0032905412621610404 0.028337408527737987 -0.068307379292022449 0.04887028733638675 0.040781839570271393 -0.027990678335281734 -0.053569599529527112 -0.025196377171446391 -0.0045273568067654753 0.029537609601266467 -0.0004087641607205928 0.022880679428481428 -0.0036427456125381029 -0.0080527871854680997 0.024178832387966059 -0.026427122244085652 -0.031121574842350817 0.2743389691136971 -0.049685878388914563 0.12693096006262969 0.0094519150194129174 -0.0017579464966473448
leaf_weight=18.939870104943111 280.64117272599833 34.639483192058833 2.4559738188181646 658.38052122126464 17.918607614661596 14.667341175238105 6.7138616922638894 118.88691211766491 2737.6720125063803 33.94989210087806 7.3638975536196076 30.163140898814163 221.66931678308174 39.422782828347408 70.123069400047825 31.132436914915161 72.429004242589144 156.79838173149619 142.2617933069705 217.29071222174025 206.66386823101493 1032.7460317923505 314.47599262035146 167.55037488228481 12.967954199928501 2.3239496008973211 3.4633444206410759 8.3384835241158726 1301.3597707707631 4490.4166141130299
leaf_count=306136 153735 560522 5647 44751 1072 984 2632 2248 88612 2015 22817 2288 3808 5492 2269 9458 8427 14420 9918 37633 5133 14724 6299 2405 35905 128 710 87 15702 63200
internal_value=0.00130969 0.0396277 0.000311254 0.000405507 0.000362827 0.000890491 0.0230812 0.0139138 0.000607016 0.00185122 0.0146621 -0.00925725 0.0254192 0.0124185 -0.01674 0.0114507 -0.0288569 0.000703583 0.0153383 0.0196022 0.000123799 0.000596945 0.01316 -0.0171057 -0.000360395 0.0512841 0.123991 0.0752687 -0.00057291 0.000762005
internal_weight=12453.8 315.281 12138.5 12119.6 12117.2 11458.8 143.519 125.601 11315.3 8577.58 704.262 218.515 485.747 264.077 203.848 61.2956 142.552 7873.32 299.06 224.655 7574.26 7372.76 521.14 201.5 6851.62 27.0937 14.1258 11.8018 6824.52 5791.78
internal_count=1429177 714257 714920 408784 403137 358386 5952 4880 352434 263822 93176 23426 69750 65942 22442 11746 10696 170646 24338 60450 146308 141888 11432 4420 130456 36830 925 797 93626 78902
is_linear=0
shrinkage=0.06


Tree=136
num_leaves=31
num_cat=0
split_feature=0 4 0 5 3 8 5 5 8 5 2 6 14 7 6 6 6 5 7 8 2 9 7 6 7 9 5 14 4 14
split_gain=189.588 37.7844 17.4667 16.8647 14.2702 31.7363 22.3157 21.7095 17.6199 28.5839 13.1981 15.7228 14.3224 21.2613 14.2819 13.6499 13.3381 13.1144 12.3588 18.7145 12.8897 27.403 17.9963 13.6293 13.9816 23.8997 11.9092 19.1796 17.587 41.0733
threshold=0.99946531653404247 -0.91512537002563465 4.295545659260825e-05 4.4117443394497975e-05 5.5000000000000009 84.273937225341811 0.91138365864753734 0.73536700010299694 79.337715148925795 0.91138365864753734 -0.42983746528625483 0.89733102917671215 40.500000000000007 2.4336507522093601e-05 1.9213805794715884 4.9993412494659433 4.9115769863128671 0.91138365864753734 0.0049065230414271363 92.63776016235353 -0.91239327192306507 96.311412811279311 0.00048909912584349524 1.8372327685356142 0.00018563016783446076 96.848724365234389 0.86405959725379955 28.500000000000004 -0.0010126766283065078 4.5000000000000009
decision_type=2 2 2 2 2 2 2 2 2 2 2 2 2 2 2 2 2 2 2 2 2 2 2 2 2 2 2 2 2 2
left_child=1 -1 -3 -4 10 7 -7 -6 17 -10 12 -12 26 -14 -13 16 18 -9 19 20 21 22 -15 -22 -25 -26 28 -28 29 -5
right_child=-2 2 3 4 5 6 -8 8 9 -11 11 14 13 15 -16 -17 -18 -19 -20 -21 23 -23 -24 24 25 -27 27 -29 -30 -31
leaf_value=-0.058493443447600907 0.054827428397231613 -0.056891953796753665 0.19242142260957079 0.031671341261274986 -0.066672267876419514 -0.013425709746534479 -0.079100879578578184 0.038322342458472838 -0.061241183856733543 0.15931108867888752 -0.0077157228235771574 0.01066108921853872 -0.060715853548529292 0.054192338127039684 0.0018413668399671309 -0.041316574503829875 0.11678533093462508 -0.070654355846926795 0.082908063857118686 -0.065975265233708558 0.072968652098224909 -0.050535985429556042 0.24810895567858787 0.037437476337740097 -0.090564570732776586 0.038145322215854281 -0.032924225903091409 0.10290929089805086 -0.0031581420157220427 -0.012656514863928235
leaf_weight=38.658552658511326 230.14190809152205 18.283285987829004 0.64390899047430039 166.68405207659089 6.6421093687167732 42.016326322620444 33.192475905583706 15.373000303745362 2.2103301369897945 7.590212858398445 552.37774280861777 740.6786618299011 9.5328805176541191 4.7354024162050248 6081.0263852091448 8.0461766663938743 6.0253471058094865 4.2716043703949245 11.913796629523857 7.420598790049552 10.242195622995501 3.1426247203489766 2.6230275551788509 16.038839928805828 11.092982515692713 8.33710954710841 71.495963158551604 2.9867006279528132 4210.9008267614845 135.74430199767448
leaf_count=681285 139448 318587 675 31636 10984 4391 236 1148 177 57 12287 9074 64 42 63030 64 17 157 30 35 15 57 25 34 51 21 9134 4 127017 19935
internal_value=0.000994119 -2.33119e-05 0.000166879 0.000257246 0.000231274 -0.0210586 -0.0430682 0.0247359 0.0468679 0.108505 0.000429461 0.00201172 -0.00205984 0.0203878 0.00280041 0.0295897 0.0369995 0.0123514 0.0291935 0.0180096 0.0300558 0.0869806 0.144731 0.0153966 -0.00277325 -0.0361735 -0.00254931 -0.0261862 -0.00215352 0.0117987
internal_weight=12460.1 12229.9 12191.3 12173 12172.3 111.296 75.2088 36.0873 29.4451 9.80054 12061 7374.08 4686.96 99.151 6821.71 89.6181 81.5719 19.6446 75.5466 63.6328 56.2122 10.5011 7.35843 45.7111 35.4689 19.4301 4587.81 74.4827 4513.33 302.428
internal_count=1429717 1290269 608984 290397 289722 17150 4627 12523 1539 234 272572 84391 188181 455 72104 391 327 1305 310 280 245 124 67 121 106 72 187726 9138 178588 51571
is_linear=0
shrinkage=0.06


Tree=137
num_leaves=31
num_cat=0
split_feature=5 3 14 2 13 4 16 9 6 2 11 7 10 17 1 5 2 14 7 6 6 14 4 16 7 9 8 9 7 8
split_gain=112.129 102.474 25.0186 19.9082 28.2247 16.8069 16.0871 21.0224 19.6118 19.3574 22.1603 29.9008 45.0469 38.3507 33.8243 17.4536 19.3181 16.6626 25.2998 23.4641 44.6379 20.3244 29.898 40.2436 26.5081 22.4127 19.4699 19.1838 28.3477 27.8103
threshold=0.99892836809158336 1.5000000000000002 2.5000000000000004 -0.99605953693389881 1.0000000180025095e-35 -0.63829940557479847 44.671201705932624 97.624691009521499 0.0029671947704628114 -0.22270189225673673 1.0000000180025095e-35 0.20789471268653872 0.084523811936378493 88.303691864013686 5.5000000000000009 0.67355951666831981 -0.011946468614041804 34.500000000000007 0.0057269202079623946 3.7710171937942509 3.5810881853103642 4.5000000000000009 -0.091630481183528886 92.495311737060561 0.00014019193622516471 94.146202087402358 63.686313629150398 56.265703201293952 0.1030123718082905 60.097087860107429
decision_type=2 2 2 2 2 2 2 2 2 2 2 2 2 2 2 2 2 2 2 2 2 2 2 2 2 2 2 2 2 2
left_child=2 -2 3 4 -1 -4 -7 9 -9 17 11 12 -11 -13 -14 -12 -17 19 -19 20 21 22 23 -8 26 27 -23 29 -29 -26
right_child=1 -3 5 -5 -6 6 7 8 -10 10 15 13 14 -15 -16 16 -18 18 -20 -21 -22 24 -24 -25 25 -27 -28 28 -30 -31
leaf_value=-0.05339487610950909 0.051292371725615141 -0.063419166268698604 -0.039501982154319326 -0.0067186395457508839 0.20990116573557116 0.0087680876162428353 -0.022498917453363354 -0.099526636602846413 -0.0096154862301576337 0.038660786179487712 -0.066188549368417601 -0.087432862407463355 0.011645033257528048 0.0016826982050460954 -0.011488082160175947 -0.012113553377832428 0.012305061917650894 0.0046939011159507606 0.051475808136658023 -0.0077450958185760043 0.0401062294707712 0.027223645334802545 0.0054402901476816572 0.090636959454533525 0.062845240873887445 0.0058208573764459218 0.0011454356827264784 -0.01655685358382003 -0.071539216724772717 -0.0064212043035349305
leaf_weight=47.161925887070538 253.44918569005677 30.650163487916871 34.961130020983546 879.93078529565537 0.54373785584902989 1018.9743951425808 16.322505102667492 7.9113444790127678 480.09781289414968 192.143901874937 16.290535276213632 16.522289085933153 1493.7414971914768 2216.2604994770154 267.5732040113362 396.97727761906572 164.06858591915807 564.34517237311229 43.958534075005446 1777.347028782202 101.00905623776634 118.69176453994442 459.84605216905038 33.583559716527816 21.91110313837271 269.61779447057052 742.66877238769666 558.49051348430658 35.073873966804967 232.89851323976836
leaf_count=129080 153500 560371 118569 22171 186 129372 4893 122 10415 8545 584 534 19557 5787 6051 2911 8124 2520 119 114860 3985 7919 78186 911 9776 1130 5027 8112 1027 15341
internal_value=0.00154133 0.0387376 0.000672677 -0.00879378 -0.0461459 0.00145179 0.00158261 0.000865913 -0.0112736 0.00147528 0.00420873 0.00572859 0.0111479 0.000984409 0.0081262 -0.00680257 -0.00496354 -0.00114191 0.00815349 -0.00243815 0.00120508 -0.000389024 0.0102828 0.0539191 -0.00314119 -0.00923235 0.0047663 -0.0140176 -0.0199206 -0.000242588
internal_weight=12493 284.099 12208.9 927.636 47.7057 11281.3 11246.3 10227.4 488.009 9739.34 4763.58 4186.24 1953.46 2232.78 1761.31 577.336 561.046 4975.76 608.304 4367.46 2590.11 2489.1 509.752 49.9061 1979.35 1117.99 861.361 848.374 593.564 254.81
internal_count=1429685 713871 715814 151437 129266 564377 445808 316436 10537 305899 52093 40474 34153 6321 25608 11619 11035 253806 2639 251167 136307 132322 83990 5804 48332 35386 12946 34256 9139 25117
is_linear=0
shrinkage=0.06


Tree=138
num_leaves=31
num_cat=0
split_feature=0 4 5 17 7 17 8 8 8 3 7 7 10 10 6 0 6 6 8 5 7 16 10 13 17 8 5 8 14 2
split_gain=161.863 34.3216 22.2863 19.6315 26.0206 44.9698 23.7793 26.161 21.7867 18.8401 21.9608 24.4039 17.7157 21.1111 17.2179 16.4382 16.1832 39.1801 31.2314 25.5811 25.8213 24.6866 27.4238 20.2436 20.3008 20.2183 20.1208 17.8229 17.0365 16.7858
threshold=0.99946531653404247 -0.91512537002563465 0.15060451626777652 30.940170288085941 0.022729906253516678 24.121212005615238 28.097587585449222 21.654184341430668 22.756041526794437 2.5000000000000004 1.8060607544612143e-05 7.1985707563726473e-06 0.82480818033218395 0.64495798945426952 4.2866153717041025 0.038541378453373916 3.9623235464096074 3.9987739324569707 22.756041526794437 0.014309358317404987 2.8765385650331158e-05 49.56140327453614 0.60434782505035411 1.0000000180025095e-35 20.256410598754886 29.1900749206543 0.050099568441510207 30.341388702392582 5.5000000000000009 -0.99964252114295948
decision_type=2 2 2 2 2 2 2 2 2 2 2 2 2 2 2 2 2 2 2 2 2 2 2 2 2 2 2 2 2 2
left_child=1 -1 3 4 12 -6 7 9 -7 10 11 -5 13 16 -10 -14 21 18 -18 28 -21 22 29 25 -25 -22 -24 -27 -19 -3
right_child=-2 2 -4 6 5 8 -8 -9 14 -11 -12 -13 15 -15 -16 -17 17 19 -20 20 23 -23 26 24 -26 27 -28 -29 -30 -31
leaf_value=-0.058314090921211321 0.053966070574499862 0.089664358299373331 0.0019664032507649542 -0.024568872103914216 -0.053473729457941557 -0.037350637902030297 -0.0056110809483157931 -0.065012229229728838 0.23151347026089181 0.21220857665640599 -0.074309828405429407 0.11127597336660321 0.12357171840561532 -0.026442844044851904 -0.028861411188158444 0.014585838540664741 0.23178830480572954 -0.061307393212104794 0.0083379230113961988 -0.0083140536497040077 -0.039201711973773895 0.13014848963477862 0.14746043853067389 0.19714223343653825 0.034918503838358803 0.22039378030577908 -0.0076157501101806486 0.0020673423130218834 0.11362030001055597 -0.02543388991243559
leaf_weight=34.470262293671112 207.2485519159527 3.8409346305124918 10098.410237926735 10.386253468255754 4.6551559406652805 1.3046919875850997 1763.2764893397216 49.691582883908268 6.3542558158478641 0.53000675288785615 9.3061375422003021 7.3665796630557443 7.4146311413496742 70.050884982949356 0.80841060627426475 12.986654333770275 4.9646383224244328 16.415420851168168 3.7414211744035129 20.581235848367214 7.101170522182656 3.823593636541772 5.5664293692534539 6.6723232308795559 5.1581336986491806 1.6955583837734591 5.3917530328035355 2.7269806640215393 1.3377313085984486 87.710289616676164
leaf_count=681318 139659 14056 141915 518 823 120 405616 17064 692 1233 1161 176 22 759 279 32 222 12722 1167 67 131 521 48 32 49 12 15 83 221 9134
internal_value=0.00151252 0.000621035 0.000792048 -0.0047979 0.00996973 0.089356 -0.00705109 -0.0394158 0.165235 0.00734847 -0.00408409 0.0347282 0.00575202 0.00120575 0.202191 0.0581188 0.0122522 0.0343491 0.146513 0.0164348 0.0407775 -0.0025602 -0.00871977 0.0826052 0.134646 0.0226937 0.0769022 0.110979 -0.0427704 -0.0196884
internal_weight=12461 12253.7 12219.3 2120.86 280.302 13.1225 1840.56 77.2806 8.46736 27.589 27.059 17.7528 267.18 246.778 7.16267 20.4013 176.728 70.3946 8.70606 61.6886 43.9354 106.333 102.509 23.3542 11.8305 11.5237 10.9582 4.42254 17.7532 91.5512
internal_count=1429867 1290208 608890 466975 41207 1914 425768 20152 1091 3088 1855 694 39293 39239 971 54 38480 14706 1389 13317 374 23774 23253 307 81 226 63 95 12943 23190
is_linear=0
shrinkage=0.06


Tree=139
num_leaves=31
num_cat=0
split_feature=0 0 10 7 5 17 15 10 10 7 14 7 5 10 10 4 4 6 6 13 6 6 16 17 6 10 7 6 6 1
split_gain=155.061 43.3375 15.5879 37.84 36.6672 24.0393 24.7916 46.7659 35.3581 23.6097 22.7633 30.2614 22.5569 25.681 25.2429 20.232 19.5116 18.0175 46.9277 64.0867 26.8784 60.402 38.5406 35.248 33.9797 24.2424 22.082 20.0973 49.515 47.9963
threshold=0.99931657314300548 0.00048815258196555083 0.28869047760963445 0.71118706464767467 0.91138365864753734 88.303691864013686 1.0000000180025095e-35 0.072299651801586165 0.053342817351222045 0.017838914878666404 8.5000000000000018 0.0010163505212403836 0.10457579419016839 0.28348214924335485 0.21807064861059192 -0.17632781714200971 -0.015213153325021265 5.9977171421051034 6.0522854328155526 1.0000000180025095e-35 5.1386919021606454 4.9981007575988778 76.330532073974624 71.611721038818374 5.011017084121705 0.3514705896377564 0.00025801875744946306 3.0272414684295659 2.9990785121917729 4.5000000000000009
decision_type=2 2 2 2 2 2 2 2 2 2 2 2 2 2 2 2 2 2 2 2 2 2 2 2 2 2 2 2 2 2
left_child=1 -1 3 4 5 -3 8 -8 15 10 11 -9 13 -12 -14 -7 -11 20 19 -19 21 27 -23 -22 -24 -26 -27 28 -4 -29
right_child=-2 2 17 -5 -6 6 7 9 -10 16 12 -13 14 -15 -16 -17 -18 18 -20 -21 23 22 24 -25 25 26 -28 29 -30 -31
leaf_value=-0.043470741584706235 0.052520545028241127 -0.0019746606851183033 -0.00021522403847198346 -0.0013697018933186208 0.033541269564111978 0.08809485193875044 0.025409616468526651 -0.015759322276964138 0.032836860660036313 -0.0014692301407793612 -0.045254123811304219 0.050475177943678617 0.024628797828360308 0.12248756612755497 -0.022509710348920294 -0.013197523006366819 -0.062416774697160622 -0.080179354251985482 -0.0026095071169984635 0.028254840525927191 -0.016125916559844546 -0.0028018596435668251 -0.067311831741161621 0.022861184518216962 -0.16207107415514285 0.046279447911909771 -0.030957432555555442 0.018738016644837874 -0.02061707890842894 -0.00073883067939857125
leaf_weight=79.927371942194441 207.12831440242007 694.13447325254674 3271.3619882263556 2685.0276917754054 204.43738035520073 6.6231265639362382 248.35323777387384 41.714768655510852 335.55817784694955 32.316796080616768 71.336611266859109 59.012944218731718 83.446240681689233 2.497760067228227 78.308083275333047 103.04878206696594 44.74776823722641 68.763647181378474 351.00026488203366 26.707145592918096 108.66637899141642 121.08928700389151 106.01066938549775 350.79689425044489 2.5069746816589022 21.622187041910365 31.427820614819211 605.36187455469189 491.76295430544633 1830.2553545574374
leaf_count=1064545 144924 15133 43772 77888 5695 96 4267 383 2989 1553 1167 694 260 8 253 1046 271 1240 6033 414 3307 3036 1206 3294 58 240 395 12307 7989 25250
internal_value=0.00116923 0.000290127 0.000583296 0.00328801 0.00952137 0.00677784 0.012263 0.00488448 0.0231941 -0.00747829 -0.000576557 0.0231599 -0.0107803 -0.0380186 0.00181014 -0.00633971 -0.0372048 -0.00113427 -0.0128037 -0.0498674 -0.000381893 -0.00137682 -0.0284516 0.0136255 -0.0475396 -0.00928831 0.000796674 -0.000137843 -0.0028861 0.00410776
internal_weight=12365 12157.8 12077.9 4690.56 2005.54 1801.1 1106.96 661.734 445.23 413.381 336.316 100.728 235.589 73.8344 161.754 109.672 77.0646 7387.33 446.471 95.4708 6940.86 6481.4 282.657 459.463 161.568 55.557 53.05 6198.74 3763.12 2435.62
internal_count=1429713 1284789 220244 111703 33815 28120 12987 8856 4131 4589 2765 1077 1688 1175 513 1142 1824 108541 7687 1654 100854 94253 4935 6601 1899 693 635 89318 51761 37557
is_linear=0
shrinkage=0.06


Tree=140
num_leaves=31
num_cat=0
split_feature=0 4 0 5 14 5 6 0 9 2 9 0 5 14 6 14 16 6 9 6 6 8 9 10 11 5 9 8 14 9
split_gain=146.504 31.8917 15.3131 15.4487 13.9187 14.8266 16.0003 30.8387 19.0283 21.2119 21.2019 28.6937 14.7638 19.9249 19.406 48.3111 19.8956 17.8552 17.6428 16.8938 23.2433 16.688 32.5977 40.1752 39.3665 22.3259 34.026 34.9011 31.8419 24.4064
threshold=0.99946531653404247 -0.89575541019439686 4.295545659260825e-05 4.4117443394497975e-05 1.5000000000000002 0.67355951666831981 3.5258260965347294 0.038541378453373916 84.650035858154311 -0.93216282129287709 83.893524169921889 0.0059790529776364574 0.51504290103912365 34.500000000000007 7.0632128715515146 16.500000000000004 57.460317611694343 5.9977171421051034 85.814888000488295 4.0054891109466562 4.4601030349731454 77.849929809570327 95.922985076904311 0.5419580638408662 1.0000000180025095e-35 0.21288288384675982 94.146202087402358 85.201290130615249 32.500000000000007 94.956760406494155
decision_type=2 2 2 2 2 2 2 2 2 2 2 2 2 2 2 2 2 2 2 2 2 2 2 2 2 2 2 2 2 2
left_child=1 -1 -3 -4 5 6 7 -5 9 10 11 -8 13 14 21 16 18 19 -16 -15 -21 -6 24 -24 25 26 -23 -28 -29 -27
right_child=-2 2 3 4 12 -7 8 -9 -10 -11 -12 -13 -14 17 15 -17 -18 -19 -20 20 -22 22 23 -25 -26 29 27 28 -30 -31
leaf_value=-0.058245473980591399 0.053282145084695878 -0.056526325089086921 0.17938709953810247 -0.048767504892262885 -0.0011920884950845591 -0.014496685589637669 -0.050304239463558199 0.036556013140485573 -0.053174551127830906 0.026274778603177579 0.29759167370806439 0.12054043276912442 0.0013533023945378943 0.0045554002137978581 0.095876562666431395 0.10768668016814324 -0.056432944030046915 -0.052379872094168424 -0.025818913132036381 0.072133849356914373 0.012146992983362779 -0.0076558907059848342 0.10817633681482358 0.0030132363370292139 -0.055870165696877166 -0.015838394846055918 -0.068125829122932871 0.074654893696342539 -0.04242314856038705 -0.065127223914569335
leaf_weight=32.992819470076938 186.15889293236251 16.257527364410635 0.72865546870161679 21.472551637110882 2033.4370001892821 37.879882812751021 3.9205362573993687 46.560059646144509 4.6106353634677353 23.819440301507711 1.1477830466465082 15.184037489350883 7644.6360449375279 302.72107984893955 7.5046293421582941 18.163849717122503 16.598464689657703 15.27159470762126 7.9819643566006562 34.389424502965994 69.346979496534914 611.15553546390584 12.596984922885893 344.53904109890573 73.029785141807224 622.68313252470398 8.8336001177667622 47.363607120350935 9.4279167398344708 37.555811852216721
leaf_count=685290 139543 317280 692 5461 142336 1087 4394 103 116 51 19 70 94262 1723 1225 105 1667 170 205 122 434 25081 26 1880 483 5094 163 351 108 151
internal_value=0.0006024 -0.00021095 -4.7757e-05 3.29754e-05 7.29177e-06 0.0178367 0.0283645 0.00930974 0.0542697 0.0664405 0.110222 0.0847224 -0.000225475 -0.00304992 -0.00440634 0.0322748 -0.0123815 0.00931695 0.0353918 0.0117579 0.032532 -0.00489968 -0.00916278 0.00701427 -0.0132622 -0.0108948 -0.00322866 0.0374975 0.0548211 -0.0187363
internal_weight=12308 12121.8 12088.8 12072.6 12071.8 154.595 116.715 68.0326 48.6824 44.0718 20.2524 19.1046 11917.2 4272.6 3850.87 50.2489 32.0851 421.729 15.4866 406.457 103.736 3800.62 1767.19 357.136 1410.05 1337.02 676.781 65.6251 56.7915 660.239
internal_count=1429692 1290149 604859 287579 286887 11301 10214 5564 4650 4534 4483 4464 275586 181324 178875 3202 3097 2449 1430 2279 556 175673 33337 1906 31431 30948 25703 622 459 5245
is_linear=0
shrinkage=0.06


Tree=141
num_leaves=31
num_cat=0
split_feature=0 5 0 5 5 10 14 16 9 1 14 16 10 7 10 1 7 17 14 8 14 7 5 2 16 11 7 13 7 14
split_gain=147.084 30.5122 17.8203 13.8298 11.5322 14.4889 17.2248 12.2122 37.0032 21.1744 16.8665 16.9895 20.2456 27.5542 28.9415 23.2255 21.9703 20.2757 17.5876 27.5136 25.46 24.6098 29.6556 20.8951 18.9915 16.4022 39.1248 23.0597 17.9123 16.1718
threshold=0.99931657314300548 0.99929639697074901 4.295545659260825e-05 4.4117443394497975e-05 0.99561774730682384 0.90238094329833995 16.500000000000004 52.73088455200196 97.624691009521499 9.5000000000000018 55.500000000000007 89.725547790527358 0.43167701363563543 0.0049065230414271363 0.11882352828979494 2.5000000000000004 0.36089827120304113 88.117645263671889 3.5000000000000004 65.240276336669936 5.5000000000000009 0.0012359732063487174 0.83430194854736339 -0.99605953693389881 53.950103759765632 1.0000000180025095e-35 5.3215197112876929e-05 1.0000000180025095e-35 0.0022710405755788092 18.500000000000004
decision_type=2 2 2 2 2 2 2 2 2 2 2 2 2 2 2 2 2 2 2 2 2 2 2 2 2 2 2 2 2 2
left_child=1 2 -1 -4 7 -6 -7 -5 9 10 11 12 13 18 -15 17 29 -16 25 23 -21 -22 -23 -20 -25 27 -27 -9 -29 -14
right_child=-2 -3 3 4 5 6 -8 8 -10 -11 -12 -13 16 14 15 -17 -18 -19 19 20 21 22 -24 24 -26 26 -28 28 -30 -31
leaf_value=-0.056960350302804184 0.053324114639730032 -0.063715474627632496 0.16498749075842542 0.004575337416750546 0.020523421653085881 0.0095197287353284282 -0.11434930414766685 -0.00013901326583910434 -0.01932617218303909 -0.040003226392359849 -0.12982039223939904 0.0015262032130638772 -0.013336171314682935 -0.002332333933164826 -0.025941571716371403 -0.045537180826013712 -0.09429216587482446 0.076008300717445604 -0.040875980876222698 0.039843732949784327 0.0024381348620113839 -0.087311897219307863 0.027049742302094826 -0.077624833769889837 0.039227612049776858 0.060844769931495436 -0.070900736191537056 -0.046697176193505802 0.054581689848911152 0.0070442617053942469
leaf_weight=18.720715158266103 187.30578808230348 26.093221711598744 0.83143602756899682 1700.6270396155523 163.22899221919579 10.240001164627754 5.5312757654464795 383.22738158205175 377.41678942015278 46.895530603054794 2.6021341378218485 7221.0872375198487 821.05817675736034 367.07938862143055 16.6155934160779 116.99759497858395 10.238842001599549 10.739259271038465 12.805488793805123 56.018725314330368 267.40283464740787 23.799796169332694 11.588759307283906 4.2502681660771477 179.86379396801203 35.140988459039363 9.5591848584153905 64.354129987365013 6.1195046363936845 168.31460384884849
leaf_count=398195 145221 535457 671 94289 65126 1636 759 17830 3906 71434 30 53698 6121 11880 280 7144 161 58 4301 739 3654 785 113 67 1417 186 453 2669 200 1195
internal_value=0.000703103 -0.000113206 2.90585e-05 0.000121979 9.70026e-05 0.0151705 -0.0381512 -0.000130725 -0.000914717 -0.000206342 -1.16202e-05 3.61563e-05 -0.00415736 0.000103185 -0.0113117 -0.0339724 -0.0108235 0.015352 0.00564679 0.0129766 0.00306119 -0.00385262 -0.0501475 0.0309368 0.0361253 -0.00253571 0.0317359 -0.00597463 -0.0372621 -0.00986539
internal_weight=12325.8 12138.4 12112.4 12093.6 12092.8 179 15.7713 11913.8 10213.2 9835.76 9788.86 9786.26 2565.17 1565.56 511.432 144.352 999.612 27.3549 1054.13 555.73 358.81 302.791 35.3886 196.92 184.114 498.401 44.7002 453.701 70.4736 989.373
internal_count=1429675 1284454 748997 350802 350131 67521 2395 282610 188321 184415 112981 112951 59253 51776 19362 7482 7477 338 32414 11076 5291 4552 898 5785 1484 21338 639 20699 2869 7316
is_linear=0
shrinkage=0.06


Tree=142
num_leaves=31
num_cat=0
split_feature=0 4 7 17 7 7 10 9 2 6 17 14 7 6 16 10 9 4 7 8 10 7 9 2 14 13 9 10 14 2
split_gain=129.316 29.0948 15.2718 29.6883 34.2388 28.7079 28.1234 46.0164 52.4761 28.4588 36.6552 27.2096 24.8845 24.3302 55.6918 24.0843 22.8394 21.3819 21.2316 20.4428 37.9366 19.9723 31.4223 26.537 24.0672 25.5164 24.0651 24.0606 20.0193 26.7185
threshold=0.99946531653404247 -0.89575541019439686 8.680441897013226e-05 94.28104400634767 0.00034503590723034 0.0011563430307433011 0.087595909833908095 94.55533599853517 -0.95418816804885853 5.2769885063171396 29.708431243896488 12.500000000000002 0.072131048887968077 3.6368670463562016 22.474746704101566 0.0745370388031006 79.495143890380874 -0.17632781714200971 0.1463500112295151 36.758152008056648 0.51086956262588512 0.71118706464767467 36.64521789550782 -0.98205760121345509 3.5000000000000004 1.0000000180025095e-35 79.495143890380874 0.14495798945426944 46.500000000000007 -0.83398801088333119
decision_type=2 2 2 2 2 2 2 2 2 2 2 2 2 2 2 2 2 2 2 2 2 2 2 2 2 2 2 2 2 2
left_child=1 -1 -3 5 -5 11 15 12 9 -9 -11 -4 16 -10 -15 -7 -8 -16 -19 20 -14 22 23 -6 25 -24 27 -23 -26 -30
right_child=-2 2 3 4 21 6 7 8 13 10 -12 -13 19 14 17 -17 -18 18 -20 -21 -22 26 24 -25 28 -27 -28 -29 29 -31
leaf_value=-0.058056787265280262 0.053235286390764441 0.0034625760690148843 0.0032969736396230276 -0.0092235236396434345 -0.059781216482584748 -0.0030215131899211742 -0.047500589889255318 0.055569369192835123 0.0080525845779989662 0.37641157669109743 -0.030304273432028937 -0.038905529512364756 0.037237882134670039 0.028829878423713085 0.043648190891182291 0.07504179041831531 -0.013345902830405808 -0.050746747866887341 -0.13319925457841902 -0.08051189611498738 -0.08772246723710439 -0.0014998073242206394 0.02919836198104566 0.031960276604985162 0.0016730070179979632 -0.061504482076230965 0.034484549550125143 -0.057336871811127024 0.12993023814644716 0.019470386525688929
leaf_weight=29.71944565816375 167.1887865238532 3966.4844577541007 735.44321798514284 1035.1451155911709 11.065640926324702 231.27342890554064 111.32574614568148 11.364100877341114 133.98911732110719 1.5875158051494502 0.95192806920385908 58.436996684809856 17.757820999471733 35.458480903260352 5.4204567498600218 14.156951242173816 192.42690504889833 42.943267397407908 15.598198744555701 64.158353644550516 15.491289318328198 2465.5037322238641 192.23558045281243 219.23930555707557 2378.6424014456534 10.92907137034126 65.344105972690159 27.100003207229747 8.1870397726306674 59.698930146056227
leaf_count=685454 139412 186521 189222 15071 10243 35108 50638 516 1837 33 86 1821 8719 271 543 11196 7510 713 254 20358 786 11734 9920 2563 34605 696 897 1911 66 839
internal_value=0.000984195 0.000261298 0.000408988 -0.00107541 0.000772809 -0.00816007 -0.0155282 -0.0220668 -0.00169389 0.107483 0.258464 0.000145438 -0.0345911 -0.00862806 -0.0309649 0.00176759 -0.0259784 -0.0640468 -0.0745841 -0.0609118 -0.0218445 0.00267702 0.00610301 0.0273129 0.00424988 0.0240417 -0.00118119 -0.00212963 0.00259718 0.0344846
internal_weight=12324.3 12157.1 12127.4 8160.87 6473.09 1687.78 893.904 648.473 247.313 13.9035 2.53944 793.88 401.16 233.41 99.4204 245.43 303.753 63.9619 58.5415 97.4075 33.2491 5437.95 2880 230.305 2649.69 203.165 2557.95 2492.6 2446.53 67.886
internal_count=1429543 1290131 604677 418156 88545 329611 138568 92264 4253 635 119 191043 88011 3618 1781 46304 58148 1510 967 29863 9505 73474 58932 12806 46126 10616 14542 13645 35510 905
is_linear=0
shrinkage=0.06


Tree=143
num_leaves=31
num_cat=0
split_feature=0 4 0 5 6 6 8 5 8 14 5 8 2 4 17 14 8 8 6 2 10 10 5 17 10 8 8 5 10 16
split_gain=126.114 25.3734 13.4995 12.3276 10.9068 18.1877 14.6024 14.7314 11.9814 23.8672 20.6023 14.7529 11.9094 20.0234 14.3493 10.9998 10.945 14.062 13.2365 12.6177 12.1828 11.8561 10.5437 10.3455 9.8375 23.7903 19.4589 30.6166 25.2462 18.8499
threshold=0.99946531653404247 -0.91512537002563465 4.295545659260825e-05 4.4117443394497975e-05 0.96871358156204235 0.99996107816696178 34.178434371948249 0.014309358317404987 84.273937225341811 4.5000000000000009 0.0040726084262132653 89.512962341308608 -0.0031720021506771441 -0.00034147420956287528 37.123168945312507 43.500000000000007 43.353412628173835 42.163742065429695 0.0029671947704628114 -0.93216282129287709 0.77097901701927196 0.90692642331123363 0.072016023099422469 90.399383544921889 0.54772728681564342 96.039215087890639 50.252525329589851 0.28830029070377355 0.30901856720447546 52.73088455200196
decision_type=2 2 2 2 2 2 2 2 2 2 2 2 2 2 2 2 2 2 2 2 2 2 2 2 2 2 2 2 2 2
left_child=1 -1 -3 -4 8 6 -6 -8 16 23 -11 22 24 -14 -15 -13 17 18 -5 -20 -21 -18 -12 -10 26 -26 -7 28 -28 -29
right_child=-2 2 3 4 5 12 7 -9 9 10 11 15 13 14 -16 -17 21 -19 19 20 -22 -23 -24 -25 25 -27 27 29 -30 -31
leaf_value=-0.057834614734908717 0.05325064899482973 -0.056145702337424365 0.150881147450699 0.037834914000945914 0.07594444179319941 0.011218085449375234 -0.070300634404645457 0.019188228064716963 -0.059531437148064095 0.13377383698815143 -0.06237554697866881 -0.014516153344272129 -0.070374096353812518 -0.10583028403490229 0.021922100047240049 -0.11948613182933436 -0.021082549202018228 0.074320876585479104 0.12098840459355634 -0.049529245872253359 0.0089635206904652241 -0.12744315466875777 0.014250018763746163 0.061141272803002918 -0.0021334513788826251 -0.043428339995641781 -0.0030923354473590351 0.03266139331737937 -0.022039267679069274 0.0017294116824107923
leaf_weight=26.646390194811829 158.69321709353244 14.556054043627226 0.94355854199966316 17.62362854112871 14.748493920174949 616.64206015014861 6.0230229174194383 123.64929651677448 2.0257038429372214 2.8128510598471612 5.8681449314099146 196.7598430053913 8.4021944121341203 2.2490429989411487 170.73294387047645 2.6859052644576868 226.166292576876 7.835071924077055 1.2008340736574599 31.12237883879061 20.886945687125262 2.8847152650414492 114.17421803891921 26.994140906623215 4097.9163705818646 49.8511161635397 940.29991504558348 70.958268323131051 345.67312734004736 4959.0449108478315
leaf_count=680782 139511 318715 667 735 226 73009 865 1473 71 386 221 1715 53 324 29256 40 8878 202 60 2626 109 93 693 405 31634 1204 86646 1726 5485 41743
internal_value=0.000278971 -0.000419677 -0.000288261 -0.00021623 -0.00024055 0.000193373 0.0212768 0.0145255 -0.00773948 -0.000161114 -0.00491256 -0.00654719 -7.88659e-05 0.0151287 0.0196624 -0.0165188 -0.0163631 0.00292104 -0.00590132 -0.0208178 -0.0263126 -0.0229702 0.0100199 0.0510154 -0.000329154 -0.00264011 0.00105367 5.96773e-05 -0.00819849 0.00217217
internal_weight=12266.1 12107.4 12080.7 12066.2 12065.2 11406.2 144.421 129.672 659.041 351.321 322.301 319.488 11261.8 181.384 172.982 199.446 307.72 78.6689 70.8338 53.2102 52.0093 229.051 120.042 29.0198 11080.4 4147.77 6932.62 6315.98 1285.97 5030
internal_count=1429553 1290042 609260 290545 289878 273644 2564 2338 16234 3531 3055 2669 271080 29633 29580 1755 12703 3732 3530 2795 2735 8971 914 476 241447 32838 208609 135600 92131 43469
is_linear=0
shrinkage=0.06


Tree=144
num_leaves=31
num_cat=0
split_feature=0 0 2 1 9 7 9 3 14 8 9 1 10 17 1 17 8 7 10 2 1 9 4 1 6 2 8 0 8 9
split_gain=118.095 37.5356 10.7829 11.6257 10.2988 10.155 37.8492 30.1082 26.7501 36.1717 46.4443 23.1558 29.1628 22.7082 28.1483 36.262 21.5925 20.3072 26.5072 25.6375 17.9129 16.671 27.0963 26.341 18.7997 16.652 16.6026 23.6051 17.9942 15.9193
threshold=0.99946531653404247 0.00024427770404145127 -0.99971976876258839 11.500000000000002 93.515834808349624 0.71118706464767467 65.636928558349624 3.5000000000000004 3.5000000000000004 70.396453857421889 38.903903961181648 5.5000000000000009 0.28348214924335485 80.476188659667983 6.5000000000000009 59.516963958740241 47.856706619262702 0.0024886085884645586 0.072299651801586165 -0.87691086530685414 5.5000000000000009 50.990196228027351 -0.17632781714200971 5.5000000000000009 2.6645809412002568 -0.83398801088333119 40.175437927246101 0.0043597351759672174 52.40406799316407 66.094326019287124
decision_type=2 2 2 2 2 2 2 2 2 2 2 2 2 2 2 2 2 2 2 2 2 2 2 2 2 2 2 2 2 2
left_child=1 4 -3 5 -1 6 8 29 16 13 -11 17 -13 14 26 -16 -4 -12 19 -19 -9 22 25 -23 -24 -18 -10 -28 -29 -8
right_child=-2 2 3 -5 -6 -7 7 20 9 10 11 12 -14 -15 15 -17 21 18 -20 -21 -22 23 24 -25 -26 -27 27 28 -30 -31
leaf_value=-0.058758806085490368 0.053286980055669786 0.089156579162632657 -0.047375634539437647 -0.044636749052804091 0.06518743218668771 -0.0029410431793089348 -0.068156711002011067 -0.046265803924566549 0.10821030960631146 0.027623573751428033 0.014266684779792864 -0.047470024050395486 0.044804088260113929 0.022912417911201497 -0.051891110386092426 0.17485712420601654 0.086802163414881048 0.13309890845898542 -0.041974866759120051 -0.025499233833864213 0.1369431590073687 0.033250461331947923 -0.032678591890119575 -0.023049303456111499 0.00046601336875284178 -0.06505914990453121 -0.062081534974885701 -0.069309091045486285 0.063753565899413944 -0.00037893260413677387
leaf_weight=45.329048592204344 150.65155911017791 3.9056781724812017 31.950405489667901 19.797972918850064 1.7454256192722812 2749.3948372732993 11.495031595040926 1.9179224754770965 11.047296004544476 316.97147673179279 198.69543392908236 69.146762073374703 14.129375830525531 91.872748400710407 2.6101039825007311 13.307510410129906 15.491215654692498 5.9259928986721206 54.505189847594011 7.2399399402202089 7.8373298296646681 115.52399976820743 88.127643726445967 39.453884724876843 199.4261761954549 2.3305353006871874 7.7383054148231158 3.318220480112358 29.958403379190713 7941.4737608905853
leaf_count=980074 139682 5267 2870 37425 188 131129 283 372 110 7739 1727 3798 64 1731 441 942 554 167 852 43 935 1854 2485 3078 4633 51 1207 38 129 99405
internal_value=0.000668282 8.89181e-06 0.000219889 0.000183668 -0.0529028 0.000261128 0.0012099 -0.000349845 0.0106208 0.0172096 0.0110279 -0.00405288 -0.0314681 0.0427593 0.0688608 0.136806 -0.000452818 0.00460379 -0.0235629 0.0502424 0.0999709 0.00289945 -0.00523662 0.0188619 -0.00976998 0.0645419 0.0459003 0.0269411 0.0488501 -0.000485454
internal_weight=12252.3 12101.7 12054.6 12050.7 47.0745 12030.9 9281.49 7962.72 1318.77 826.467 666.614 349.643 83.2761 159.853 67.9798 15.9176 492.304 266.367 67.6711 13.1659 9.75525 460.353 305.376 154.978 287.554 17.8218 52.0622 41.0149 33.2766 7952.97
internal_count=1429273 1289591 309329 304062 980262 266637 135508 100995 34513 18988 14390 6651 3862 4598 2867 1383 15525 2789 1062 210 1307 12655 7723 4932 7118 605 1484 1374 167 99688
is_linear=0
shrinkage=0.06


Tree=145
num_leaves=31
num_cat=0
split_feature=0 2 13 9 1 16 16 6 6 14 6 4 6 7 9 6 17 14 5 2 14 6 4 6 7 6 6 10 5 16
split_gain=107.619 26.5933 34.9481 31.9893 34.0016 33.447 19.7584 18.3143 29.4629 40.0551 17.6868 42.3363 40.321 35.1023 32.6124 45.7248 38.4633 27.0222 31.5874 20.6825 20.1401 19.9633 19.3968 22.0261 18.9203 34.1182 53.9465 32.6661 38.6685 21.8238
threshold=0.99946531653404247 -0.99750253558158863 1.0000000180025095e-35 49.890829086303718 6.5000000000000009 43.360752105712898 30.940170288085941 5.9977171421051034 6.0522854328155526 13.500000000000002 5.2769885063171396 -0.23143005371093747 4.9981007575988778 1.8193481564521792 70.286651611328139 5.0324103832244882 70.429252624511733 29.500000000000004 0.072016023099422469 -0.99690288305282582 5.5000000000000009 5.011017084121705 -0.002512816339731216 5.5816881656646737 0.038724163547158248 4.1150696277618417 3.9997764825820927 0.43167701363563543 0.86405959725379955 45.773809432983406
decision_type=2 2 2 2 2 2 2 2 2 2 2 2 2 2 2 2 2 2 2 2 2 2 2 2 2 2 2 2 2 2
left_child=1 2 6 -4 -5 -6 -1 10 9 -9 12 13 24 -12 -14 16 -16 -17 -19 20 -13 -18 23 -21 25 26 27 28 29 -3
right_child=-2 7 3 4 5 -7 -8 8 -10 -11 11 19 14 -15 15 17 21 18 -20 22 -22 -23 -24 -25 -26 -27 -28 -29 -30 -31
leaf_value=0.021345586771048749 0.052081295416996298 0.027711521764056231 -0.053886954904219637 -0.014327144827212422 0.019610254557753132 0.24790708140893397 -0.049552210505233008 -0.010268233233569004 -0.0028818973194258708 -0.074870857628873064 0.11499874698833534 -0.033489895354433898 0.0020877179969203468 -0.056967827741276553 -0.0036197637353936989 -0.011342243924446929 -0.069604820444914034 0.26933994063002514 0.034218178673972657 0.015145866191187842 0.24739351846555424 -0.011905604500968944 0.010151182814749986 -0.050552265246970256 -0.0032258088868636582 0.01349461863792124 -0.018483545397912686 -0.00072914017749275929 0.027394844485027305 0.0032209559545195421
leaf_weight=15.883544288688425 142.74050241475925 141.04133876003834 8.1435295828086982 6.8937699369071188 4.0836362877816992 4.9413691749177815 99.847165529310587 102.56890102504258 610.91399758741682 51.404596392854728 21.555943226061576 1.1231911233408021 240.3993511847948 4.6236596283997633 61.510815787078172 117.58724650760269 127.02972920932734 1.3464524713344896 20.800128777045757 31.531711794104922 1.4796553695887267 26.523765715865011 555.63938255152607 41.819554642337607 2674.8445143724857 915.95599102812412 467.42090020649994 3729.9590604964542 330.57765862654196 1689.7031990987816
leaf_count=71501 139589 18872 99791 4945 19773 14973 820349 1495 8253 650 2263 82 2609 209 933 1819 1627 27 207 166 30 428 4349 277 113318 9291 5691 43762 8626 33752
internal_value=0.000470229 -0.000142504 -0.0260668 0.0385753 0.0862653 0.156868 -0.0397223 0.000162475 -0.00881398 -0.03218 0.000776106 0.0103139 0.000180221 0.0836487 -0.0149759 -0.0265109 -0.0438085 0.000233836 0.0595316 0.00714675 0.150532 -0.0597798 0.0063154 -0.0224866 0.0010883 0.00267479 0.00111435 0.00267214 0.00853961 0.00512182
internal_weight=12249.9 12107.2 139.793 24.0623 15.9188 9.02501 115.731 11967.4 764.887 153.973 11202.5 657.773 10544.7 26.1796 595.197 354.798 215.064 139.734 22.1466 631.593 2.60285 153.553 628.991 73.3513 9949.5 7274.66 6358.7 5891.28 2161.32 1830.74
internal_count=1429657 1290068 1031332 139482 39691 34746 891850 258736 10398 2145 248338 7376 240962 2472 7650 5041 2988 2053 234 4904 112 2055 4792 443 233312 119994 110703 105012 61250 52624
is_linear=0
shrinkage=0.06


Tree=146
num_leaves=31
num_cat=0
split_feature=0 4 0 5 2 7 7 0 5 1 6 6 6 16 8 7 16 11 4 8 7 8 4 16 5 9 10 4 4 4
split_gain=99.7424 22.5742 11.7721 16.5956 11.2538 11.152 13.8266 16.1933 16.1632 12.4138 11.6692 12.8853 10.7351 10.3334 22.2682 12.3114 9.38133 10.5105 9.26181 23.9115 9.51189 19.0152 25.5166 34.1544 22.5938 21.3193 26.0255 17.3364 16.4651 16.7629
threshold=0.99946531653404247 -0.91512537002563465 4.295545659260825e-05 0.00085808458970859658 -0.99896883964538563 5.6505758038838401e-05 3.8326776120811708e-05 0.00039390918391291058 0.0001570974200149067 9.5000000000000018 3.3672220706939702 3.4186019897460942 3.7316870689392094 1.0000000180025095e-35 15.484515190124513 2.0087929442524913e-05 11.269841194152834 1.0000000180025095e-35 -0.87051099538803089 83.910789489746108 0.20789471268653872 73.942821502685561 -0.049054281786084168 51.925926208496101 0.28830029070377355 83.157192230224624 0.30217391252517706 -0.49817265570163721 -0.0069817721378058186 -0.049054281786084168
decision_type=2 2 2 2 2 2 2 2 2 2 2 2 2 2 2 2 2 2 2 2 2 2 2 2 2 2 2 2 2 2
left_child=1 -1 -3 5 -5 6 8 -8 9 -4 -7 -12 -11 14 15 -6 17 -15 19 -18 -20 22 23 -22 -23 26 28 -27 29 -26
right_child=-2 2 3 4 13 10 7 -9 -10 12 11 -13 -14 16 -16 -17 18 -19 20 -21 21 24 -24 -25 25 27 -28 -29 -30 -31
leaf_value=-0.057543195787127133 0.051673587274331238 -0.055583232378806087 -0.031611556159995953 -0.055507434440096426 -0.11278280343350056 -0.053704120577560945 -0.032592149831426991 0.19654399296829517 0.014845547595080534 0.2030540662631857 0.19301782509579354 0.0088725087061816577 -0.024130762880438725 -0.1027221051084112 0.050858275610027801 0.0046901710445411398 -0.042735388734367351 -0.012204195469293865 0.0011453675829831988 0.19882528721072829 0.038210136768382898 -0.056093600151955844 -0.034967962173284864 -0.018528312519653468 -0.0010262426481260018 0.11723032400195424 -0.086077839345876497 0.020104692956881869 -0.0048508714126419706 0.01512120777641926
leaf_weight=23.376345915938145 135.7226065392606 12.577377912772134 1.1111286042905728 12.056316344871446 4.114843633491545 8.3915961511665973 1.1571962782581966 3.2701542118447833 26.549692571330525 3.2066519759791849 0.63861772500240377 8.9652206547798396 0.67166054363042338 5.5058482236127047 36.457172392125358 8.4292801125338865 2.453992221504449 17.080594480634318 8894.6859046021309 1.8650547124707371 54.041920279265469 25.635440238038427 145.87974577024579 123.78288327238988 623.14674863827895 6.2863373602231141 12.04622348542034 82.192637981759617 1617.3183313327609 367.08315944019705
leaf_count=681020 139818 318854 5991 56543 61 39391 4334 435 7489 3568 337 34004 4192 108 316 111 2293 173 108848 592 3033 445 826 4411 6105 128 592 910 4023 768
internal_value=0.000712689 0.000138274 0.000254393 0.000317053 0.000166877 0.0332119 0.0520758 0.141683 0.0355293 0.124737 -0.00524697 0.0381653 0.166828 0.000227292 0.0274466 -0.0393264 0.000113667 -0.0376892 0.000188225 0.0793446 0.000152985 -0.0027335 -0.0164609 -0.00116794 -0.00110258 -0.000561508 -0.00154465 0.0282384 -0.00112128 0.00496891
internal_weight=12265.7 12130 12106.6 12094 12040.1 53.9619 35.9665 4.42735 31.5391 4.98944 17.9954 9.60384 3.87831 12028 49.0013 12.5441 11979 22.5864 11956.4 4.31905 11952.1 3057.41 323.705 177.825 2733.71 2708.07 2619.59 88.479 2607.55 990.23
internal_count=1429719 1289901 608881 290027 190286 99741 26009 4769 21240 13751 73732 34341 7760 133743 488 172 133255 281 132974 2885 130089 21241 8270 7444 12971 12526 11488 1038 10896 6873
is_linear=0
shrinkage=0.06


Tree=147
num_leaves=31
num_cat=0
split_feature=0 5 0 14 14 7 16 6 8 8 5 8 8 10 6 7 10 5 7 5 7 9 5 5 9 7 16 13 4 13
split_gain=91.8091 22.6687 14.4573 12.625 21.1404 17.7187 44.7257 31.7574 29.1836 26.7848 31.3423 26.5156 25.0276 32.6846 23.8959 21.3559 21.3142 22.1958 20.088 30.9537 26.9721 23.0805 19.0685 17.501 26.2121 20.4869 22.6604 17.3706 17.0149 18.5581
threshold=0.99971619248390209 0.99969616532325756 4.295545659260825e-05 2.5000000000000004 6.5000000000000009 0.00044054778118152177 74.179893493652358 3.2685205936431889 40.175437927246101 39.819820404052741 0.10457579419016839 74.322341918945327 56.69154357910157 0.76696833968162548 3.9987739324569707 0.71118706464767467 0.5419580638408662 0.00070125592174008499 0.0043362281285226354 0.83430194854736339 0.0030492285732179884 94.956760406494155 0.072016023099422469 0.018878152593970302 78.287063598632827 0.022729906253516678 11.269841194152834 1.0000000180025095e-35 -0.011501078959554432 1.0000000180025095e-35
decision_type=2 2 2 2 2 2 2 2 2 2 2 2 2 2 2 2 2 2 2 2 2 2 2 2 2 2 2 2 2 2
left_child=1 2 -1 27 5 -5 8 15 9 23 14 16 13 -10 -11 -8 17 -9 20 -20 21 -14 -15 -7 25 26 -25 -4 29 -13
right_child=-2 -3 3 4 -6 6 7 11 12 10 -12 28 18 22 -16 -17 -18 -19 19 -21 -22 -23 -24 24 -26 -27 -28 -29 -30 -31
leaf_value=-0.056309708067466241 0.054223677783227238 -0.065768072403289274 -0.0078663157178831926 0.0091463563411804238 -0.0007742361772071516 -0.05836411323109978 0.028731482063715934 0.15710336658557525 -0.06452667995912148 -0.027220491149015008 0.0015484632797295019 0.015153613643432361 0.0013276683164535215 0.15843964273811367 0.31547916673637738 0.0036725145642872519 0.065461793521787118 -0.054751803886097669 -0.058925573909221408 0.0040241957519867502 0.070976472095428178 -0.094934870463716431 -0.003506341618631162 0.15838173266413855 -0.0021204160779787979 0.13933506860403588 -0.061497315789592437 0.043107453558257326 -0.0082290511322995266 0.13048661158481567
leaf_weight=15.249518503671423 113.07840959093301 17.755010252802094 882.49873253525584 1715.8861643502787 7983.1404454086169 16.951369979571609 298.88607934264292 0.89034204804192896 82.204712539061802 0.77545735510648173 4.4892250626035093 119.54834018124347 87.490818162401411 2.383391623152419 1.9623776616317625 207.45892021683903 5.5919461490702806 59.690618521390206 63.589033679585555 49.59105161460684 17.242335868664668 8.987363455235025 11.380556103307752 1.3253234624862651 222.65798674706275 7.7227263388158462 5.1504862941001193 23.758116783696096 193.81331329148088 4.2739337169787168
leaf_count=435225 122745 466796 63638 67864 125239 10318 10019 751 37268 469 895 9422 9691 11 288 15991 120 8642 7899 15185 1060 229 168 2 4831 10458 117 390 3100 545
internal_value=0.000649339 0.000144744 0.000246935 0.00032299 0.000875637 0.00500355 0.000178165 0.00863949 -0.0127137 0.00220661 0.108756 -0.00437264 -0.0247461 -0.0502871 0.2371 0.0184918 -0.038623 -0.0491376 -0.0137702 -0.0315498 0.00404561 -0.00852152 0.0333686 -0.00124224 0.00307406 0.0793124 -0.00133091 -0.00648396 0.00286155 0.020148
internal_weight=12225.4 12112.3 12094.6 12079.3 11173.1 3189.94 1474.06 890.153 583.904 261.035 7.22706 383.808 322.869 95.9687 2.73784 506.345 66.1729 60.581 226.901 113.18 113.721 96.4782 13.7639 253.808 236.857 14.1985 6.47581 906.257 317.636 123.822
internal_count=1429376 1306631 839835 404610 340582 215343 147479 48590 98889 27378 1652 22580 71511 37447 757 26010 9513 9393 34064 23084 10980 9920 179 25726 15408 10577 119 64028 13067 9967
is_linear=0
shrinkage=0.06


Tree=148
num_leaves=31
num_cat=0
split_feature=0 5 5 7 9 2 7 0 0 12 8 4 8 6 16 17 17 1 8 8 9 6 8 9 13 7 6 5 16 3
split_gain=90.2816 24.3479 15.7755 26.508 21.3571 24.6658 17.0368 16.7993 15.7879 15.6605 18.2767 18.5213 15.3867 25.5604 22.5718 14.3458 34.0675 33.8673 22.8284 17.4233 32.8738 29.8873 62.6965 25.6611 15.7672 13.0197 20.0339 26.9182 15.7328 13.5848
threshold=0.99971619248390209 0.99969616532325756 0.025714718736708168 0.00025801875744946306 29.526824951171879 -0.97587051987647999 0.038724163547158248 0.00073526555206626665 0.0015525914495810869 1.0000000180025095e-35 66.333332061767592 -0.019918964244425293 20.169491767883304 2.0707226991653447 20.256410598754886 71.611721038818374 70.429252624511733 4.5000000000000009 68.020618438720717 83.910789489746108 60.349927902221687 5.1386919021606454 86.616912841796889 65.393730163574233 1.0000000180025095e-35 1.8193481564521792 0.51491403579711925 0.91138365864753734 81.165538787841811 4.5000000000000009
decision_type=2 2 2 2 2 2 2 2 2 2 2 2 2 2 2 2 2 2 2 2 2 2 2 2 2 2 2 2 2 2
left_child=1 2 3 4 -1 -6 9 -7 -4 10 12 -12 13 14 -5 16 18 -18 24 -17 -21 23 -23 -22 -13 -10 27 -27 29 -28
right_child=-2 -3 8 6 5 7 -8 -9 25 -11 11 15 -14 -15 -16 19 17 -19 -20 20 21 22 -24 -25 -26 26 28 -29 -30 -31
leaf_value=-0.053664639610091228 0.055019737857897717 -0.068945568738127155 -0.056602885133863454 0.27106763479830909 0.0055209918820204682 0.066034055895465946 0.089559452701895526 -0.042371850998778528 0.0016064396331411193 0.14126040038926582 0.18562002983406345 -0.037880524572172385 -0.04872299444152782 -0.049742115210289539 -0.03573960203725788 -0.046917524063592571 0.28330854467189054 -0.03901133185967437 -0.061842791425425363 -0.043595256879822956 0.085299295062250174 0.37859464266058451 -0.042663312874677672 -0.021204839298249598 0.17907966230995492 0.011908994580737178 -0.046987252578608911 -0.098745456917607999 -0.0020925721500488484 0.025182644680617514
leaf_weight=25.456048065274445 107.23932798905298 17.423532306753259 16.280983653196017 1.3333366817496419 549.90154026789423 4.7369552459640536 3.774959314867373 59.520747345057316 9610.3137179290497 1.041766608133911 0.69570940474477438 1.5021034706205711 114.05457147987545 3.9944518912088824 1.0407547613449422 52.768643512661583 2.2687967315068813 1.4935403142462744 9.2636751678837737 34.331250354061922 11.518139505358702 1.5794149267167079 2.1545096251647919 22.494654815789545 2.0695019800368755 13.55794869840611 48.153147184862974 17.379223052768793 1425.2346737331918 10.931124301701855
leaf_count=5806 122889 467049 275757 240 220142 16870 350 835 118866 7 763 1378 157152 1671 370 15824 77 846 4313 10778 113 47 116 824 267 61 478 152 4650 283
internal_value=0.000466692 -2.26692e-05 8.27119e-05 -0.00752214 -0.000880049 0.00139148 -0.0233486 -0.0334909 0.0007024 -0.0252979 -0.0264922 -0.0117904 -0.0436052 0.042223 0.165839 -0.0140577 0.0368784 0.174033 -0.0129979 -0.0210686 -0.00176135 0.0364304 0.177859 0.016268 0.0995065 0.000791339 -0.00437598 -0.0513976 -0.00336198 -0.0334383
internal_weight=12173.5 12066.3 12048.8 906.995 639.615 614.159 267.38 64.2577 11141.9 263.605 262.563 142.14 120.423 6.36854 2.37409 141.444 16.5976 3.76234 12.8353 124.847 72.078 37.7467 3.73392 34.0128 3.57161 11125.6 1515.26 30.9372 1484.32 59.0843
internal_count=1428974 1306085 839036 438789 243653 237847 195136 17705 400247 194786 194779 35346 159433 2281 610 34583 6881 923 5958 27702 11878 1100 163 937 1645 124490 5624 213 5411 761
is_linear=0
shrinkage=0.06


Tree=149
num_leaves=31
num_cat=0
split_feature=0 0 2 6 6 6 6 8 0 8 7 7 6 10 8 10 8 2 9 8 17 6 10 6 16 16 7 2 9 2
split_gain=80.2895 31.4104 12.5283 10.1796 34.7233 26.5844 24.4707 24.0836 33.2454 23.3726 21.9989 20.4771 19.6854 31.7479 20.9538 29.5807 45.4916 21.628 20.2305 27.9705 27.5576 17.99 21.0283 17.8456 17.7212 17.9272 17.5594 17.4216 17.2519 20.137
threshold=0.99971619248390209 0.00025461683981120592 -0.99973240494728077 2.1250880956649785 2.9788488149642949 1.9960368871688845 3.1462808847427373 32.305501937866218 0.0043597351759672174 30.053763389587406 0.0013210475444793703 0.0011563430307433011 3.7710171937942509 0.37797619402408605 84.660633087158217 0.41885964572429663 46.23481750488282 -0.31834602355957026 91.533855438232436 29.1900749206543 59.516963958740241 2.9982769489288335 0.15894736349582675 3.3672220706939702 27.429467201232914 25.265957832336429 1.0496732556930512e-05 -0.082499116659164415 34.054243087768562 -0.54595381021499623
decision_type=2 2 2 2 2 2 2 2 2 2 2 2 2 2 2 2 2 2 2 2 2 2 2 2 2 2 2 2 2 2
left_child=1 -1 -3 5 7 -4 11 9 -9 26 28 21 13 24 15 16 -15 18 -17 20 -20 -6 -23 -21 25 -8 -5 -28 29 -10
right_child=-2 2 3 4 6 -7 12 8 10 -11 -12 -13 -14 14 -16 17 -18 -19 19 23 -22 22 -24 -25 -26 -27 27 -29 -30 -31
leaf_value=-0.051990026604270032 0.05357346487285379 0.15288817696257334 0.0013995463213167319 0.024233541456609681 0.0012662013682914451 -0.0098358998844033235 -0.056446276629958603 0.068372180578746139 -0.09327945916492475 -0.099361558013086812 0.0013737909898841154 0.0015250420394737375 0.00036831240404502116 0.29883071890405261 0.039254443970641657 -0.056235413898702645 0.025795892345029145 0.024951502849199718 0.033316960204033325 0.013890991966220486 0.25120731183043826 0.014174416722488672 -0.021452038703524232 -0.06478787613764575 -0.0028478578695945141 0.21136314897994199 -0.048063405636908738 0.035121885034395402 0.019714291749444852 0.018804693133441859
leaf_weight=40.272088711866672 101.56804782012478 0.94042007507050485 2263.2157310003931 35.919170267821755 242.7183525088185 1138.8784383881994 0.82982252786132393 36.587166742339832 9.7639172524213809 10.293791638754554 495.03676808020646 615.9980988280895 5142.1529224073638 2.1349774093268925 165.69418620565557 29.862154855441986 8.0888711902080086 87.254018490755698 17.716291690596339 20.573044025175477 1.448633849620818 65.677760258833587 587.70191961806267 19.365406823102603 357.17168622677673 1.6961429001057693 39.922803553627091 10.852592426293993 662.19892412600166 11.848535116994752
leaf_count=986332 122973 729 52364 259 3369 32600 211 14307 48 460 5473 27038 142969 217 2033 1591 138 1761 264 333 2 1851 10499 392 12245 32 1699 128 7203 298
internal_value=0.0007113 0.000263988 0.000442458 0.000417937 0.0015084 -0.00236339 -9.40848e-05 0.0104957 0.0127943 -0.0181459 0.0110129 -0.00689592 0.00166372 0.0110078 0.0237874 0.00990556 0.104357 0.00386779 -0.0168578 0.00364246 0.0614277 -0.0126799 -0.0178547 -0.0249096 -0.00153437 0.132326 -0.00747962 -0.0299487 0.0179788 -0.0337177
internal_weight=12223.4 12121.8 12081.5 12080.6 8678.51 3402.09 7366.08 1312.42 1215.44 96.9884 1178.85 1512.1 5853.99 711.835 352.138 186.443 10.2238 176.22 88.9655 59.1034 19.1649 896.098 653.38 39.9385 359.698 2.52597 86.6946 50.7754 683.811 21.6125
internal_count=1429818 1306845 320513 319784 234820 84964 204945 29875 27329 2546 13022 42757 162188 19219 6731 4698 355 4343 2582 991 266 15719 12350 725 12488 243 2086 1827 7549 346
is_linear=0
shrinkage=0.06


Tree=150
num_leaves=31
num_cat=0
split_feature=0 0 14 11 2 5 5 1 7 10 14 7 7 17 8 14 10 15 14 4 1 5 2 1 8 8 2 14 2 10
split_gain=74.6283 21.7117 17.1004 12.3473 10.9342 10.7941 11.7714 17.1646 18.1822 14.8012 13.62 13.1473 13.7874 13.4675 12.9508 29.4948 26.6836 15.2432 12.6054 12.2536 12.1112 21.3725 12.1641 21.8269 15.9085 12.8997 11.6166 19.4226 11.1013 10.9998
threshold=0.99971619248390209 0.00025461683981120592 54.500000000000007 1.0000000180025095e-35 -0.99973240494728077 0.99972161650657665 0.94737157225608837 3.5000000000000004 0.00016155056073330345 0.71825397014617931 1.5000000000000002 1.6159158803930044e-05 0.0010163505212403836 46.737588882446296 95.293468475341811 25.500000000000004 0.21807064861059192 1.0000000180025095e-35 51.500000000000007 -0.002512816339731216 5.5000000000000009 0.025714718736708168 -0.98621553182601918 7.5000000000000009 58.64367866516114 54.641149520874031 -0.082499116659164415 4.5000000000000009 -0.87691086530685414 0.58578431606292736
decision_type=2 2 2 2 2 2 2 2 2 2 2 2 2 2 2 2 2 2 2 2 2 2 2 2 2 2 2 2 2 2
left_child=1 3 4 -1 -3 6 10 9 29 -8 20 -11 13 -13 16 19 17 -10 -12 -16 21 -6 23 25 -24 -22 27 -18 -26 -9
right_child=-2 2 -4 -5 5 -7 7 8 14 11 18 12 -14 -15 15 -17 26 -19 -20 -21 22 -23 24 -25 28 -27 -28 -29 -30 -31
leaf_value=-0.058311491124654349 0.053219535632657793 0.13842410399650029 -0.087761444744750602 0.027421325802692673 -0.052950616649474522 -0.074317483951406985 0.018115138946921898 0.028221628499383315 -0.022212478647233056 0.025592587729354847 -0.00033848887738187756 0.026233394839694273 0.014498553908394777 -0.039333542847696135 0.065862938385314151 -0.071278640405837188 -0.061140615552130656 -0.079713864738910969 0.048890914240244249 0.0094606796255142841 0.17371215409799465 0.020257818649415008 -0.046912569080101559 -0.045377378524585593 0.11011991122640538 -0.030820223129549438 -0.0092049340020320895 0.066912205794593255 0.014642921894077805 0.0028307525679671149
leaf_weight=32.811669422275372 96.226894753606757 1.0733192379120726 6.8814384699799112 6.7388973472679927 16.256569828299689 5.9152373754823193 490.62110005343857 95.412288827297743 39.742522284470397 41.989983413761365 10530.016969731445 12.924991658888755 41.527042798737966 63.698111886900733 14.841465122019143 14.471145461953709 4.7946287919130581 28.953061924954454 17.757870679721236 115.81843381555518 6.6159297092308389 84.841805811091035 7.1222425232190316 2.3022294011789199 6.6157118285191272 0.9802014767192303 226.42193426853737 16.309880556993448 11.198707507224752 169.96168431775004
leaf_count=901872 122919 743 643 84613 926 94577 29979 4454 17037 5051 104524 453 3549 7585 5263 1107 8917 9420 40 1601 545 705 119 877 35 253 9077 2938 41 10052
internal_value=0.000862604 0.000442373 0.000589514 -0.0433878 0.000647161 0.000623437 0.000666349 0.00588443 -0.000455485 0.0129543 -6.92459e-06 -0.00287142 -0.0131173 -0.0280781 -0.00764855 0.00715649 -0.0144445 -0.0472435 -0.000250981 0.0163189 0.0187942 0.00808261 0.0487884 0.102043 0.0245302 0.146804 -0.00518838 0.0363706 0.0540684 0.0120314
internal_weight=12210.8 12114.6 12075.1 39.5506 12068.2 12067.1 12061.2 1377.49 726.727 650.761 10683.7 160.14 118.15 76.6231 461.353 145.131 316.222 68.6956 10547.8 130.66 135.933 101.098 34.835 9.89836 24.9367 7.59613 247.526 21.1045 17.8144 265.374
internal_count=1429915 1306996 320511 986485 319868 319125 224548 116483 69866 46617 108065 16638 11587 8038 55360 7971 47389 26457 104564 6864 3501 1631 1870 1675 195 798 20932 11855 76 14506
is_linear=0
shrinkage=0.06


Tree=151
num_leaves=31
num_cat=0
split_feature=0 0 5 2 7 7 9 10 2 15 17 16 10 16 2 2 0 2 7 16 16 16 9 5 2 10 9 1 10 8
split_gain=74.4746 24.8112 16.4883 15.349 27.4959 42.7961 29.4965 26.4014 26.8685 20.7894 22.2497 19.2852 19.2807 21.0985 18.7938 18.7345 19.3949 35.9652 33.2601 24.4464 17.9167 17.5675 26.1999 20.7597 17.4821 16.3724 32.6041 16.3424 15.064 14.6259
threshold=0.99971619248390209 0.00010931672659353354 0.0001570974200149067 -0.98909857869148243 0.00046412723895628011 0.0003285078273620457 52.954607009887702 0.65942031145095836 -0.99475938081741322 1.0000000180025095e-35 51.355310440063484 73.798625946044936 0.13840996474027636 72.111110687255874 -0.9985024333000182 -0.99811631441116322 0.0026680384762585167 -0.99275383353233326 4.6871133235981695e-05 55.646631240844734 79.622642517089858 55.245780944824226 97.969490051269545 0.0027410968905314807 -0.31834602355957026 0.23205128312110904 64.47983551025392 5.5000000000000009 0.094494048506021514 72.255687713623061
decision_type=2 2 2 2 2 2 2 2 2 2 2 2 2 2 2 2 2 2 2 2 2 2 2 2 2 2 2 2 2 2
left_child=1 -1 -3 4 5 9 11 -8 -9 10 -4 -7 14 15 20 -14 -17 25 19 -19 -12 -5 23 24 28 26 -18 -20 -23 -15
right_child=-2 2 3 21 -6 6 7 8 -10 -11 12 -13 13 29 -16 16 17 18 27 -21 -22 22 -24 -25 -26 -27 -28 -29 -30 -31
leaf_value=-0.057766866177105025 0.054141562609776032 0.11793068833659412 -0.020536622174501269 0.0063062953592601572 -0.035065806937009752 0.25355874470925621 -0.024848534580870572 0.29500277896421151 -0.033651794754052035 -0.049285157437678431 -0.047380123572888122 0.040160727526871318 -0.052832211001454958 -0.050078505393993125 -0.034420099900379079 0.092144761987093371 -0.064715635974741725 0.071372850314308039 0.069451013723385843 -0.073936194069034636 0.10448183292659567 0.15333819883505689 -0.016415666945336027 2.6984555419982513e-05 -0.046842169778094599 -0.048384131960974172 0.098443004475275195 0.22035726922271953 0.0229607270111396 0.046030745210437693
leaf_weight=25.735404591318002 91.058828830311541 3.2735685674124388 129.47659859787018 1609.253520975155 120.94796578144815 3.6804270018401466 9.619674528425092 1.1819815944472796 1.2072833607089695 36.317955165137391 3.6339957902091538 2.9157696025977202 6.6163468901540901 18.202827870067271 43.823058668349404 23.33562462352711 6.6839770860970047 10.263679271563889 6.6377129629254323 5.6547542512416831 6.7828915106038039 6.608993182020642 355.71774638309944 9559.8245476273241 3.2794974310854732 19.160043638199568 9.5398907037451846 5.4223592877388 6.2043379158276366 7.2101345706905695
leaf_count=855960 122671 8112 10514 24349 258269 949 2664 92 59 2877 4697 862 4986 781 944 496 69 30 39 34 1209 566 24569 100275 1538 316 55 29 485 144
internal_value=0.000380266 -3.05142e-05 9.78709e-05 5.59694e-05 -0.0104647 -0.0020641 0.0841387 0.023486 0.168004 -0.00703216 -0.00181265 0.176934 0.0122409 0.0257144 -0.0171833 0.0388323 0.0463503 0.0283152 0.0779044 0.0184351 0.0519942 0.000492872 -0.000449635 0.000145109 0.0662094 -0.0119592 0.0313696 0.148978 0.0964406 -0.0221001
internal_weight=12139.3 12048.2 12022.5 12019.2 478.315 357.367 18.6051 12.0089 2.38926 338.762 302.444 6.5962 172.967 118.727 54.2399 93.3144 86.698 63.3624 27.9785 15.9184 10.4169 11540.9 9931.64 9575.92 16.0928 35.3839 16.2239 12.0601 12.8133 25.413
internal_count=1428640 1305969 450009 441897 290115 31846 4626 2815 151 27220 24343 1811 13829 6979 6850 6054 1068 572 132 64 5906 151782 127433 102864 2589 440 124 68 1051 925
is_linear=0
shrinkage=0.06


Tree=152
num_leaves=31
num_cat=0
split_feature=0 0 5 8 0 10 6 6 7 6 7 10 13 8 10 7 5 2 14 6 9 5 6 5 14 5 4 6 6 6
split_gain=71.2306 21.2645 15.5589 14.9949 11.447 10.8177 10.6807 17.1774 18.0715 15.0901 26.429 16.1158 14.9129 13.4881 16.6911 14.9365 13.3997 17.7524 12.8776 13.7768 14.7066 10.7075 10.6839 24.1149 30.8481 19.138 14.7564 13.6125 17.5839 28.5999
threshold=0.99946531653404247 8.6773325165268047e-05 0.00041325880738440906 50.252525329589851 0.00048815258196555083 0.43167701363563543 6.9923374652862558 7.0632128715515146 0.00089728989405557524 6.8400766849517831 0.0010163505212403836 0.71825397014617931 1.0000000180025095e-35 26.766168594360355 0.58578431606292736 0.0017692523542791607 0.67355951666831981 -0.87691086530685414 2.5000000000000004 8.1526007652282733 90.342010498046889 0.51504290103912365 0.025757221505045894 0.050099568441510207 7.5000000000000009 0.072016023099422469 -0.009001229424029587 1.9931368231773379 2.0524525642395024 2.8195950984954838
decision_type=2 2 2 2 2 2 2 2 2 2 2 2 2 2 2 2 2 2 2 2 2 2 2 2 2 2 2 2 2 2
left_child=1 -1 3 5 -4 -3 9 13 16 22 11 12 -11 -8 -15 -16 17 -9 -10 20 -20 -22 23 -6 25 -25 -27 -24 -29 -30
right_child=-2 2 4 -5 6 -7 7 8 18 10 -12 -13 -14 14 15 -17 -18 -19 19 -21 21 -23 27 24 -26 26 -28 28 29 -31
leaf_value=-0.05741192423193623 0.050126732496718292 0.081099067719876058 -0.055575326198270568 -0.04858820607936825 -0.068887222544108603 -0.042848904079538994 0.046440914863669844 -0.030503435401722141 0.045983644932711114 -0.044601910124143149 0.050174752371873077 0.051403787854726574 0.054825650634009168 -0.023608871169994935 -0.11317730248079068 0.013752313203595344 -0.0099571874167489506 0.055347390056178114 -0.032243300082484071 -0.067033981380473798 -0.059743626824582667 0.037664213475998819 0.0050672476704521907 0.13131883866595695 -0.021786535814050257 -0.06905909647568062 0.020458873023572719 -0.0077655955441533076 0.010726353322751861 -0.00073172054534098466
leaf_weight=22.124833276062418 102.21050683045905 18.901180968143315 12.290094140578729 4.2321071478800141 22.9292024988099 2.2720334860714493 5.7027598253262104 10.283932948572327 9.171073432915362 31.64573986819596 57.104601839546376 10.92364342312794 5.6302154303120906 47.247973109515442 15.992798666120509 3.9024407128690646 35.768542496720329 40.231300890445709 49.453466706989275 21.067119017285222 3.9495456696022329 23.282999419983753 1941.0686497740426 4.3119645633269092 165.41428033022021 6.1847741173260138 88.953065674402751 1049.7786970508496 875.08905679353302 7478.7011070739591
leaf_count=815797 139582 17284 208050 22022 1211 777 67 414 400 400 1255 117 99 1164 263 78 464 102 1947 1109 69 316 31449 24 1664 1656 393 20217 16001 145003
internal_value=0.000493499 6.88546e-05 0.000179228 0.0461856 7.81221e-05 0.066466 0.000139728 -0.0117253 -0.00230525 0.000409642 0.022913 -0.00974878 -0.0285442 -0.0363402 -0.0439495 -0.0888135 0.0180072 0.037617 -0.0187116 -0.0251854 -0.0129739 0.0219214 0.000203975 -0.0111924 -0.00595742 0.0203258 0.0139816 0.000494041 -0.000450391 0.000469693
internal_weight=12165.8 12063.6 12041.5 25.4053 12016.1 21.1732 12003.8 266.054 193.208 11737.7 105.304 48.1996 37.276 72.846 67.1432 19.8952 86.2838 50.5152 106.924 97.7531 76.686 27.2325 11632.4 287.793 264.864 99.4498 95.1378 11344.6 9403.57 8353.79
internal_count=1429394 1289812 474015 40083 433932 18061 225882 6393 4821 219489 1871 616 499 1572 1505 341 980 516 3841 3441 2332 385 217618 4948 3737 2073 2049 212670 181221 161004
is_linear=0
shrinkage=0.06


Tree=153
num_leaves=31
num_cat=0
split_feature=0 5 0 7 0 5 7 16 7 8 17 9 5 6 5 16 8 9 7 6 6 10 9 10 0 7 14 8 5 10
split_gain=66.9162 21.0116 13.6594 10.7958 10.4827 10.4008 23.4466 7.76115 14.1736 11.0905 9.9183 8.67384 10.5209 8.00503 20.1942 15.9506 18.1152 8.30129 11.1273 7.74756 7.77079 7.51944 26.2379 25.6463 33.2183 31.1756 24.1299 28.6853 23.7985 22.5623
threshold=0.99971619248390209 0.99969616532325756 0.99817061424255382 0.02933374606072903 4.295545659260825e-05 0.0001570974200149067 7.1985707563726473e-06 1.0000000180025095e-35 3.7084234918438601e-06 48.52813911437989 11.269841194152834 74.519054412841811 0.15060451626777652 8.1526007652282733 0.60052680969238292 73.401363372802749 57.93287658691407 1.0000000180025095e-35 1.3464286327362063 3.7316870689392094 2.9788488149642949 0.58578431606292736 95.922985076904311 0.48137930035591131 0.079893685877323165 5.6505758038838401e-05 17.500000000000004 95.488464355468764 0.28830029070377355 0.76696833968162548
decision_type=2 2 2 2 2 2 2 2 2 2 2 2 2 2 2 2 2 2 2 2 2 2 2 2 2 2 2 2 2 2
left_child=1 2 4 -4 -1 6 19 8 -7 11 -9 -10 -13 21 15 16 -15 18 -16 20 -6 22 -12 28 25 -25 29 -28 -24 -23
right_child=-2 -3 3 -5 5 7 -8 10 9 -11 13 12 -14 14 17 -17 -18 -19 -20 -21 -22 26 23 24 -26 -27 27 -29 -30 -31
leaf_value=-0.055132603577817844 0.0542387189889115 -0.069598122006494012 0.031143046555560328 -0.061192926200347497 -0.01962401334687313 -0.027645824721168326 -0.046356433586490178 -0.040963268689727536 0.1401577137226945 0.1413423826512703 0.00085906553069289415 -0.05673117790412819 0.037926731925545146 -0.051357687061053654 0.041134349267527244 -0.058915532674433578 0.12650605675356996 -0.082891674743531138 -0.078991727696520825 -0.022844483596415235 0.19868604686942903 -0.01214142285807967 -0.075726709943813184 -0.052120510084302893 0.032550559055979311 0.18615518477309093 0.0037106102455845072 -0.03428952729521733 0.016796895536700079 0.0020339085439136893
leaf_weight=11.322966257321239 82.218899674473505 14.484380490457623 71.7042473047768 3.9497217976313541 0.48539736255042898 12.191029479581628 3.3701573647776968 20.143627412944625 1.4700649059268531 3.0100511230666589 7793.1136631655972 4.2655568262234764 21.691861750488897 2.2651130376543716 5.5385306461266754 3.6983609802009587 6.0818648663716885 15.604611831518922 3.8471216367179295 0.61356269202224201 3.2342781093066151 1134.6159317474849 11.756482656754086 1.9978437614627171 67.441346379135211 8.9653273237072408 2057.780094006157 73.091863698442467 45.474964810686288 627.22580981220017
leaf_count=435010 122930 467293 35131 1777 2314 135 34573 575 264 34 286935 189 235 326 34 255 125 764 29 3002 1285 12797 198 28 482 169 14058 1681 640 6591
internal_value=0.000620894 0.00024998 0.000339961 0.025587 0.000177866 0.000234984 0.0658015 0.0001871 0.0254471 0.0469151 9.43155e-05 0.0319446 0.0208442 0.000167507 -0.027314 0.0346027 0.0779086 -0.057341 -0.0109694 0.145368 0.172076 0.000255907 0.00131617 0.0273814 0.0494512 0.142007 -0.00190345 0.00239168 -0.00318335 -0.00709663
internal_weight=12112.7 12030.4 12016 75.654 11940.3 11929 7.7034 11921.3 42.6286 30.4375 11878.6 27.4275 25.9574 11858.5 37.0356 12.0453 8.34698 24.9903 9.38565 4.33324 3.71968 11821.5 7928.75 135.636 78.4045 10.9632 3892.71 2130.87 57.2314 1761.84
internal_count=1429859 1306929 839636 36908 802728 367718 41174 326544 857 722 325687 688 424 325112 1533 706 451 827 63 6601 3599 323579 288452 1517 679 197 35127 15739 838 19388
is_linear=0
shrinkage=0.06


Tree=154
num_leaves=31
num_cat=0
split_feature=0 4 11 7 8 16 14 17 5 6 8 10 17 2 10 9 7 5 8 10 14 6 6 17 6 17 5 10 6 10
split_gain=61.7999 15.6501 11.4116 25.4186 28.6975 23.4648 23.0578 29.2634 21.4613 20.7232 20.6179 19.5649 19.0536 18.6272 18.5965 24.5031 23.1393 25.2615 19.6816 20.3662 18.4275 19.2889 17.8265 26.039 18.0143 17.3684 20.0101 19.4271 21.5789 18.9937
threshold=0.99946531653404247 -0.91512537002563465 1.0000000180025095e-35 8.7785938376327994e-06 68.020618438720717 25.265957832336429 35.500000000000007 37.617923736572273 0.51504290103912365 2.0003906488418584 61.257406234741218 0.35857143998146063 21.24060153961182 -0.31834602355957026 0.71825397014617931 91.533855438232436 0.00038014528399799025 0.96716326475143444 93.582702636718764 0.60434782505035411 29.500000000000004 4.1150696277618417 4.9999883174896249 44.671201705932624 0.51491403579711925 30.940170288085941 0.10457579419016839 0.045983087271451957 3.9088715314865117 0.54772728681564342
decision_type=2 2 2 2 2 2 2 2 2 2 2 2 2 2 2 2 2 2 2 2 2 2 2 2 2 2 2 2 2 2
left_child=1 -1 5 4 12 9 7 -5 -6 -3 -8 -12 -4 -11 15 16 -9 20 19 -17 -18 -22 24 -24 -16 29 27 28 -27 -7
right_child=-2 2 3 6 8 25 10 14 -10 13 11 -13 -14 -15 22 18 17 -19 -20 -21 21 -23 23 -25 -26 26 -28 -29 -30 -31
leaf_value=-0.056507763200918916 0.049735324643627905 0.021195283156632279 -0.01626485598062551 0.0027588449056327614 -0.06823965511820021 0.060180027075371179 -0.14211461123669575 -0.0076634297547502712 -0.0038684827841313644 -0.046242516198345407 -0.16375710833728782 0.0089960024654627251 0.022322758856368047 0.015461618948025712 -0.090464771973437455 0.025308304259307347 -0.06284089290400266 0.01493154270807194 -0.063850684166500943 -0.0062125589401466359 -0.050361636274900236 0.076959206435554289 0.01082367943548446 -0.081541242052734123 -0.017206750413326113 -0.05489252195691962 0.0028853481637333878 -0.0031281398753065094 0.0038261603510550421 0.00814093191358033
leaf_weight=16.158706877085933 92.448684278569999 30.074940899594367 52.827674028851106 459.89274346758793 22.840955960833526 36.725742063563303 2.3255561447003847 177.33494191829413 86.189940730226226 89.768768802099657 1.3766813853289921 386.89812698011519 327.97215934349515 21.328060376807116 11.764948875847038 110.88075456507067 93.403017038019243 23.613970959449944 14.889660199871285 215.94263637981567 8.479182437527923 6.8267593355849376 14.521744624675192 41.555342894967907 257.27543875852643 55.530763262386245 8236.1460956727497 1156.7119921173853 37.256946138710191 77.524018009098654
leaf_count=681472 139229 2803 945 30500 158 16622 52 11790 3342 10874 41 5014 6503 138 186 1274 10731 1676 714 3370 40 21 132 1105 6351 53202 108883 295544 36638 856
internal_value=0.00112989 0.000753636 0.000835052 -0.00294895 0.00917603 0.00173525 -0.00620301 -0.00971678 -0.0178513 -0.0224623 0.00671022 0.00796438 0.016941 -0.0343645 -0.0155892 -0.00971437 -0.0219101 -0.0408024 0.00136901 0.00452604 -0.0529347 0.0076631 -0.0272935 -0.0578518 -0.0207334 0.00209339 0.0018119 -0.00526048 -0.0315259 0.025246
internal_weight=12166.5 12074 12057.9 2316.81 489.831 9741.07 1826.98 1436.38 109.031 141.172 390.6 388.275 380.8 111.097 976.488 651.371 309.658 132.323 341.713 326.823 108.709 15.3059 325.117 56.0771 269.04 9599.9 9485.65 1249.5 92.7877 114.25
internal_count=1430206 1290977 609505 83945 10948 525560 72997 67890 3500 13815 5107 5055 7448 11012 37390 29616 24258 12468 5358 4644 10792 61 7774 1237 6537 511745 494267 385384 89840 17478
is_linear=0
shrinkage=0.06


Tree=155
num_leaves=31
num_cat=0
split_feature=0 5 0 5 8 0 5 8 2 0 16 8 8 8 16 1 0 0 6 4 7 1 4 8 7 9 17 4 8 8
split_gain=53.1903 16.0119 9.93639 10.3771 15.1924 12.6512 9.50565 18.4228 16.9839 25.4382 19.6878 35.1169 29.4753 25.4824 23.4852 18.846 18.0389 16.0555 21.9582 24.4576 27.2845 18.1334 16.6932 14.9988 14.1107 41.8586 17.7113 22.0759 21.5873 26.157
threshold=0.99971619248390209 0.99972161650657665 4.295545659260825e-05 0.00041325880738440906 50.252525329589851 0.00051781092770397674 0.15060451626777652 15.484515190124513 -0.97587051987647999 0.079893685877323165 46.332736968994148 76.028167724609389 84.660633087158217 29.1900749206543 89.725547790527358 3.5000000000000004 0.038541378453373916 0.0021914592944085602 3.9987739324569707 -0.00089668072178028513 0.00019450535910436886 6.5000000000000009 -0.12706227600574491 67.006801605224624 0.017838914878666404 73.931308746337905 90.161289215087905 -0.17632781714200971 37.075220108032234 87.428161621093764
decision_type=2 2 2 2 2 2 2 2 2 2 2 2 2 2 2 2 2 2 2 2 2 2 2 2 2 2 2 2 2 2
left_child=1 2 -1 4 -4 -5 7 -7 -8 10 13 -12 14 -10 -13 -16 -15 18 19 21 -21 -9 -19 -23 25 -11 27 -26 -29 -30
right_child=-2 -3 3 5 -6 6 8 17 9 24 11 12 -14 16 15 -17 -18 22 -20 20 -22 23 -24 -25 26 -27 -28 28 29 -31
leaf_value=-0.054834052017442396 0.051220101842371975 -0.068993284044239475 0.056989055276982219 -0.05603222723558763 -0.050278372087731442 -0.052028422546864884 -0.046099961198611712 0.015310618014961842 -0.040235338905286661 0.016000056728620971 -0.041073472574101016 -0.038698593472113185 0.0049746325494777243 -0.027985937431915048 -0.033038261810617031 0.22653310518597788 0.24859059396080591 0.11543470699868749 -0.037557959675631913 0.040961747673347586 -0.055925542115671231 0.20233505799117879 -0.0037929510968776818 -0.02883414582343647 0.013571226777127741 0.0012303912781665869 -0.00030102688966196245 -0.0019254844586824261 -0.04872312435620877 0.010978820094800421
leaf_weight=10.611258073800853 74.120612027356401 10.898592024837852 23.018085509314918 13.178775251666591 5.1008229601084158 26.273257294320501 25.977881261669609 4.4929603703931189 1.7468107276217768 784.11615599185461 14.091058085978146 1.5465630349299333 9.3937661467971321 0.80549253247227159 0.89420400681228773 6.4125963642109127 3.7237170335520204 3.237693852512165 16.953476709444658 48.895033341483213 12.313707852692458 5.7450871003529755 1931.2636329779634 0.91852718369045749 77.062491198241332 5751.5343318654486 3017.1500535835203 108.13603501694161 128.15949891584751 32.803495984117035
leaf_count=439857 122966 456126 35343 153346 40444 429 31367 2179 434 7517 2672 322 1282 434 134 361 150 83 8318 3983 5653 1201 20287 666 1681 77154 12999 475 1093 165
internal_value=0.00088839 0.000575258 0.000643811 0.000697189 0.0364721 0.000610521 0.000677316 -0.00304244 0.00144292 0.00157183 0.0495569 0.0284938 0.0815589 0.139255 0.154066 0.194614 0.203238 -0.00238112 0.0223482 0.0367035 0.0208847 0.114633 -0.00353387 0.170866 0.00137966 0.00300456 -0.00177784 -0.0146118 -0.022703 -0.0365635
internal_weight=12150.6 12076.5 12065.6 12054.9 28.1189 12026.8 12013.6 2050.09 9963.55 9937.58 38.6142 32.3382 18.2471 6.27602 8.85336 7.3068 4.52921 2023.82 89.3188 72.3653 61.2087 11.1566 1934.5 6.66361 9898.96 6535.65 3363.31 346.162 269.099 160.963
internal_count=1429121 1306155 850029 410172 75787 334385 181039 42799 138240 106873 5789 4771 2099 1018 817 495 584 42370 22000 13682 9636 4046 20370 1867 101084 84671 16413 3414 1733 1258
is_linear=0
shrinkage=0.06


Tree=156
num_leaves=31
num_cat=0
split_feature=0 0 6 6 9 7 10 8 9 2 5 14 8 6 2 10 8 9 5 14 10 5 10 14 8 5 0 2 9 14
split_gain=63.0666 17.6162 14.1457 21.8703 20.1408 14.0165 19.3361 28.5538 33.7618 19.3681 18.0729 15.9204 15.2813 14.7243 14.3086 14.1839 12.3559 21.2407 28.712 20.4249 18.1158 13.4169 12.797 12.4458 11.9387 11.8223 12.7653 11.5779 10.6396 13.5986
threshold=0.99971619248390209 8.6773325165268047e-05 0.96871358156204235 0.99996107816696178 81.649658203125014 1.3464286327362063 0.25403225421905523 74.849395751953139 74.519054412841811 -0.22270189225673673 0.0040726084262132653 49.500000000000007 15.484515190124513 0.0078648007474839705 -0.082499116659164415 0.21583850681781772 90.054946899414077 93.515834808349624 0.89023575186729442 32.500000000000007 0.54772728681564342 0.94737157225608837 0.29520697891712194 20.500000000000004 34.525329589843757 0.00027674772718455648 0.00039390918391291058 -0.99957481026649464 70.286651611328139 21.500000000000004
decision_type=2 2 2 2 2 2 2 2 2 2 2 2 2 2 2 2 2 2 2 2 2 2 2 2 2 2 2 2 2 2
left_child=1 -1 5 4 -4 6 7 8 -3 11 14 12 -8 -7 -9 -10 22 21 20 -20 -19 23 -11 -18 -6 -5 -27 -28 -24 -30
right_child=-2 2 3 25 24 13 9 10 15 16 -12 -13 -14 -15 -16 -17 17 18 19 -21 -22 -23 28 -25 -26 26 27 -29 29 -31
leaf_value=-0.056925231636248907 0.056648725905970337 -0.06785518002494155 -0.015844143135466941 0.051962147797145045 0.081138384852299877 0.013245758003953795 0.097916685935421369 0.18503176927883727 -0.041440388602138958 -0.082299753177616591 0.023647419514610173 0.11393476437678239 -0.059002341768552936 -0.051187736329893777 -0.032249769052637635 0.07615391673204383 -0.033028401326421451 0.12016576871324723 -0.015624572606173191 -0.185485634353001 0.0095312813725938299 0.0077290531934703184 0.054210834605747674 -0.10449295909018178 0.027398978494485825 -0.056723995924995683 0.14354846704641333 0.00039234477294520972 -0.010447025523112732 0.018043357083243648
leaf_weight=18.450956970558764 70.493499602162046 26.863761910432913 33.748078134491152 14.997960163016613 17.512874577909315 16.771277399222527 1.4619545323439513 3.4133936024263676 4.5998746307704996 5.8641082690355679 102.74150264188575 1.2403565328568209 47.880830888433593 48.145260926630726 1.0982321746159858 10.882470777854904 18.568836191669106 5.7641190905123976 7.3177381215791666 3.0899766622751486 26.085737758781761 9.7941902407055732 11.740565294796395 18.297968025319278 88.849459841760108 13.091742071568659 1.0341892400738277 11209.806520831469 198.33150412761825 85.485245068732183
leaf_count=815825 123086 9168 1922 27239 101 196 25 298 250 594 7376 2 1541 690 513 200 77 19 253 153 172 337 400 131 1306 183509 2052 246973 4093 746
internal_value=0.000462015 0.000128726 0.000220922 0.000714917 0.0241891 -0.00834333 -0.0054041 0.0131761 -0.0280963 -0.0117237 0.0295804 -0.0462896 -0.0525004 -0.0345928 0.135886 0.0408216 -0.0071375 -0.0266576 0.00421624 -0.077894 0.0326022 -0.0541197 -0.00131001 -0.0703209 0.0369207 0.00042015 0.000346654 0.000418353 0.000568995 -0.00183254
internal_weight=12123.4 12052.9 12034.5 11379 140.11 655.439 590.522 149.599 42.3461 440.923 107.253 50.5831 49.3428 64.9165 4.51163 15.4823 390.34 88.9186 42.2576 10.4077 31.8499 46.661 301.421 36.8668 106.362 11238.9 11223.9 11210.8 295.557 283.817
internal_count=1429247 1306161 490336 463102 3329 27234 26348 17805 9618 8543 8187 1568 1566 886 811 450 6975 1142 597 406 191 545 5833 208 1407 459773 432534 249025 5239 4839
is_linear=0
shrinkage=0.06


Tree=157
num_leaves=31
num_cat=0
split_feature=0 1 14 4 16 1 6 5 11 7 10 9 14 16 5 6 6 10 5 11 14 0 16 10 7 8 6 5 6 8
split_gain=49.0128 17.0453 15.7286 19.3132 20.4208 20.404 18.1427 17.2513 16.5169 24.8484 25.8634 22.7459 20.578 16.847 37.2182 22.2877 26.4777 16.3869 16.2303 14.5287 13.7473 16.9797 15.8493 18.1198 19.1423 19.6359 22.2499 18.8135 17.0894 17.0564
threshold=0.99971619248390209 14.500000000000002 2.5000000000000004 -0.067475527524948106 86.038963317871108 6.5000000000000009 1.9774562120437624 0.00085808458970859658 1.0000000180025095e-35 1.2394033547025176e-05 0.24621212482452395 73.931308746337905 40.500000000000007 33.647798538208015 0.0040726084262132653 3.3672220706939702 3.4186019897460942 0.90692642331123363 0.95847877860069286 1.0000000180025095e-35 1.5000000000000002 0.021605790592730049 26.201373100280765 0.18019481003284457 3.1044690331327736e-05 44.315244674682624 2.1250880956649785 0.21288288384675982 4.9915487766265878 56.048780441284187
decision_type=2 2 2 2 2 2 2 2 2 2 2 2 2 2 2 2 2 2 2 2 2 2 2 2 2 2 2 2 2 2
left_child=1 2 3 4 6 17 -1 -4 13 11 -11 -10 -13 14 15 -9 -17 20 -8 -7 21 -5 -22 27 -25 28 -27 29 -26 -24
right_child=-2 -3 7 5 -6 19 18 8 9 10 -12 12 -14 -15 -16 16 -18 -19 -20 -21 22 -23 23 24 25 26 -28 -29 -30 -31
leaf_value=-0.047862352408389604 0.051984846548493405 -0.05714727336984398 0.039261708091857805 -0.050559893467872416 -0.047183966849831581 0.0095142992572036615 0.042128023927029259 -0.037174819907224967 0.052409084177029927 -0.069021680779286443 -0.0059054456310974543 0.0065415591255597559 -0.07213801977900379 0.0021655450259519351 0.015509828092079491 0.43345221971515935 0.1076800150391925 0.050908044490515281 -0.059077677196399087 0.15515377563548563 -0.043200681273321773 0.013183712085905455 0.019476044269468896 0.010083783233523158 -0.05890727717883059 -0.067159743115118076 0.028994119291425036 -0.016612629429038496 0.042267036450980226 -0.06946435900347174
leaf_weight=9.692090846350764 66.327436173742171 17.342060128947196 42.052643189363152 16.778119465060627 14.751794949360372 117.50201624870715 81.35784146674996 1.4018131799193714 37.654275716864504 22.703026260832303 1736.3646749760492 476.56379146514519 11.278018462238832 8767.8531048884615 52.825999916084584 0.57129482060736325 4.8431683712769882 12.68531843140954 5.268658824668818 1.5260873976931169 84.841163774526649 96.934091392380651 8.6941662705958134 144.95315513605965 49.663384211431548 10.462953755108172 34.53302473561962 157.02260295930319 6.0969034901372643 50.405974486591731
leaf_count=12919 122566 632979 96133 4989 5649 38463 8087 393 291 12483 54487 10511 516 358452 6342 6 281 192 51696 42 1376 452 1111 1669 2328 309 464 662 83 2780
internal_value=0.000933964 0.000649253 0.000737115 -0.00687409 0.0164562 -0.0101622 0.0265878 0.00135397 0.00120699 -0.00333913 -0.00675879 0.00809908 0.00457878 0.00238378 0.0339008 0.156211 0.204269 -0.0142107 0.0353687 0.0126587 -0.0155366 0.00341964 -0.0194787 -0.0150369 -0.00386008 -0.0238224 0.00566136 -0.0276675 -0.047295 -0.0562741
internal_weight=12141 12074.6 12057.3 903.169 111.07 792.099 96.3186 11154.1 11112.1 2284.56 1759.07 525.496 487.842 8827.5 59.6423 6.81628 5.41446 673.071 86.6265 119.028 660.386 113.712 546.673 461.832 245.709 100.756 44.996 216.123 55.7603 59.1001
internal_count=1428711 1306145 673166 133271 78351 54920 72702 539895 443762 78288 66970 11318 11027 365474 7022 680 287 16415 59783 38505 16223 5441 10782 9406 4853 3184 773 4553 2411 3891
is_linear=0
shrinkage=0.06


Tree=158
num_leaves=31
num_cat=0
split_feature=0 5 10 9 15 4 7 4 10 9 7 8 7 4 7 6 6 8 0 4 15 11 5 6 16 5 16 6 6 16
split_gain=49.765 18.2796 11.492 31.6392 29.0531 24.4712 21.8349 41.6486 19.827 34.3596 52.6679 25.758 33.7622 37.8131 23.0849 20.5792 19.5608 19.4463 18.794 18.304 20.6927 17.9186 18.5089 18.1036 17.7281 19.031 17.6245 17.2363 22.6953 19.4778
threshold=0.99971619248390209 0.99969616532325756 0.54772728681564342 94.55533599853517 1.0000000180025095e-35 -0.12706227600574491 0.0043362281285226354 -0.011501078959554432 0.45643940567970281 40.093458175659187 0.1463500112295151 99.462364196777358 0.0079296678304672259 -0.049054281786084168 1.062661945819855 6.4903745651245126 1.0021049380302431 21.654184341430668 0.0026680384762585167 -0.29875855147838587 1.0000000180025095e-35 1.0000000180025095e-35 0.86405959725379955 2.010589718818665 97.220077514648452 0.072016023099422469 90.161289215087905 4.8091132640838632 5.0907099246978769 99.090908050537124
decision_type=2 2 2 2 2 2 2 2 2 2 2 2 2 2 2 2 2 2 2 2 2 2 2 2 2 2 2 2 2 2
left_child=1 2 3 4 6 19 26 18 9 10 -6 14 -13 -14 21 -12 -10 -5 -8 20 -4 27 23 -23 -9 -26 -1 29 -29 -11
right_child=-2 -3 5 17 8 -7 7 24 16 11 15 12 13 -15 -16 -17 -18 -19 -20 -21 -22 22 -24 -25 25 -27 -28 28 -30 -31
leaf_value=0.0077551016947650375 0.053470258401820202 -0.069984644661711268 -0.061654425040265762 -0.088712716627923544 0.029400604875827116 -0.0021617304324657695 -0.055765022317347514 -0.018716508194127793 -0.034689624517567318 -0.069837405984081613 -0.00026361616650613141 0.02057976688573045 0.032894919426444937 -0.058920796062797445 0.048794836982950528 -0.028182282059848036 0.013352063494224003 0.026476074284798992 0.016151295937209105 0.072286269180810506 0.073756786972215591 -0.16601614496221667 -0.005105468508190031 -0.051775817481466924 -0.078329399296833302 0.017175073768902118 0.026481882068976597 -0.053503336521654933 -0.012836334151835972 -0.008482726554454572
leaf_weight=1718.0282979662079 63.271042007603683 12.218904236797242 9.4032872967545682 4.4463684133679626 216.80427360898466 4578.6228774059418 12.618734714374112 397.66530412832981 31.850364290992729 18.054678866728864 2202.509737916741 182.27732015895162 23.611780076589639 46.742540535880835 19.703167494784793 98.335292320312874 436.11883781753204 226.43535621908268 355.1529283495056 26.787645500135113 5.6775988328736267 5.3846740394365034 24.674625728162937 33.056336564277444 7.1826667718614763 92.046358486113604 201.5418983550062 81.265597782538862 125.88692445243669 882.9585281653126
leaf_count=385994 123153 466778 2490 54 14748 68575 249101 24041 285 629 25961 5117 4212 1003 1477 1600 3560 3574 11976 287 26 41 604 149 506 656 6267 2438 4229 20303
internal_value=0.000813589 0.00053332 0.000610533 0.00206931 0.00136785 -0.00173973 0.00616943 -0.00174618 -0.00165116 -0.00303157 0.00120033 -0.0104077 0.00697223 -0.0280772 -0.0140971 -0.00146855 0.0100153 0.0238847 0.0135392 0.0433832 -0.00925885 -0.0151957 -0.0460782 -0.0715817 -0.013064 0.00954948 0.00973405 -0.0133969 -0.0289703 -0.00978822
internal_weight=12140.3 12077.1 12064.8 7444.35 7213.47 4620.49 2784.24 864.666 4429.23 3961.27 2517.65 1443.62 252.632 70.3543 1190.98 2300.85 467.969 230.882 367.772 41.8685 15.0809 1171.28 63.1156 38.441 496.894 99.229 1919.57 1108.17 207.153 901.013
internal_count=1429834 1306681 839903 768525 764897 71378 678541 286280 86356 82511 42309 40202 10332 5215 29870 27561 3845 3628 261077 2803 2516 28393 794 190 25203 1162 392261 27599 6667 20932
is_linear=0
shrinkage=0.06


Tree=159
num_leaves=31
num_cat=0
split_feature=0 5 5 7 14 6 5 6 2 14 8 5 2 14 14 1 10 14 6 5 7 8 17 0 7 6 1 8 2 9
split_gain=42.2094 15.0423 9.81452 14.0247 17.0048 12.237 17.076 13.0827 12.7099 15.8928 32.4319 32.0934 24.1531 14.5076 13.7072 9.31912 20.3027 20.7635 12.5784 12.1561 11.8581 13.3225 20.8826 20.8373 29.1151 11.2219 18.3971 15.5231 10.821 40.1548
threshold=0.99971619248390209 0.99972161650657665 0.94737157225608837 3.3405318390578038e-05 23.500000000000004 6.9923374652862558 0.92418035864830028 7.489851951599122 -0.65699636936187733 7.5000000000000009 89.512962341308608 0.79439738392829906 -0.42983746528625483 4.5000000000000009 5.5000000000000009 3.5000000000000004 0.80476191639900219 42.500000000000007 2.1250880956649785 0.95847877860069286 7.4395771662238999e-05 85.201290130615249 59.516963958740241 0.98484668135643016 0.0016353903920389714 7.0632128715515146 7.5000000000000009 94.609127044677749 -0.06340844556689261 52.839963912963874
decision_type=2 2 2 2 2 2 2 2 2 2 2 2 2 2 2 2 2 2 2 2 2 2 2 2 2 2 2 2 2 2
left_child=1 2 5 4 -4 -1 8 -8 13 14 12 -12 -11 -7 -10 16 17 -5 19 -18 -21 22 -22 24 -24 26 28 -28 29 -17
right_child=-2 -3 3 15 -6 6 7 -9 9 10 11 -13 -14 -15 -16 25 18 -19 -20 20 21 -23 23 -25 -26 -27 27 -29 -30 -31
leaf_value=-0.0001848165547149258 0.050151556868971416 -0.072583911174420951 0.023175494168930104 0.014655023151787704 -0.0118150739345417 -0.00031717990268628456 -0.030008070198502254 -0.12965681628192816 0.00068275921974139675 0.089825415608363379 -0.089417006963816159 0.022884247229619254 0.012820247558498541 -0.068522273443931359 -0.05759005925491182 -0.069991895553717307 0.041830119802470402 -0.058211239130082068 0.01081586178909474 0.022577504600733742 -0.024792386618133041 0.0011925068489139494 -0.33161576059157705 -0.071370879238114096 -0.01093466582446782 0.030159002239118906 -0.040774877086176872 -0.23803933359317883 -0.0011273143928662143 0.027440580521771382
leaf_weight=10433.439870360762 59.893591338361148 9.2496906922824547 246.70480156656322 421.65448850929079 61.978665700589772 21.012721728676297 15.734250027971941 6.3939926260218263 32.147900118491634 20.866443932056427 17.005246222019196 17.99464014172554 45.789132982492447 23.130610635752419 25.484660569578409 34.073433975708213 4.4577807299792758 13.593565475428475 22.967367482160626 5.3175015269080168 10.046897549920692 7.0383771001943378 2.6600671028718343 8.1109900340088625 1.5098400134593246 32.582373044137057 6.7543992402061113 1.0631221744251886 479.34028912338454 26.164999102950787
leaf_count=544267 122987 456357 19083 26077 5220 9163 127 130 87 38 71 48 112 3172 108 17961 27 1454 3240 516 383 820 45 1353 18 4129 175059 5304 18037 14783
internal_value=0.000323263 7.1543e-05 0.000133358 0.00488105 0.0161345 -0.000484397 -0.0142798 -0.0631628 -0.00867956 -0.000710643 0.0135279 -0.0326472 0.037898 -0.0367821 -0.0256278 0.00164469 0.00766304 0.0122511 -0.0241737 -0.0444628 -0.0564151 -0.0709913 -0.0928214 -0.142418 -0.240078 -0.00352062 -0.00557665 -0.0915551 -0.00416392 -0.0279144
internal_weight=12114.2 12054.3 12045 1386.02 308.683 10659 225.56 22.1282 203.431 159.288 101.655 34.9999 66.6556 44.1433 57.6326 1077.34 497.357 435.248 62.1088 39.1415 34.6837 29.3662 22.3278 12.2809 4.16991 579.979 547.396 7.81752 539.579 60.2384
internal_count=1430176 1307189 850832 293509 24303 557323 13056 257 12799 464 269 119 150 12335 195 269206 33933 27531 6402 3162 3135 2619 1799 1416 63 235273 231144 180363 50781 32744
is_linear=0
shrinkage=0.06


Tree=160
num_leaves=31
num_cat=0
split_feature=0 7 8 11 4 5 4 7 8 9 5 3 8 2 9 9 10 14 13 10 7 9 16 7 2 17 7 7 17 17
split_gain=40.7345 14.489 13.5407 24.1161 22.8132 19.1984 18.347 19.025 17.4656 17.2779 27.7743 18.9493 17.0493 16.7785 15.8033 14.7957 14.7956 13.926 15.2568 26.0889 27.9912 22.7394 26.3229 21.0162 35.0067 19.0048 27.1473 25.0401 23.1349 20.0068
threshold=0.99716070294380199 0.91780313849449169 50.252525329589851 1.0000000180025095e-35 -0.29875855147838587 0.28830029070377355 -0.049054281786084168 0.0057269202079623946 38.507879257202156 98.994949340820327 0.9741620421409608 2.5000000000000004 24.828766822814945 -0.99475938081741322 92.356376647949233 94.55533599853517 0.73030304908752453 3.5000000000000004 1.0000000180025095e-35 0.53589746356010448 5.9965223044855527e-05 92.356376647949233 1.0000000180025095e-35 0.00013371500972425568 -0.75785845518112172 76.696834564208999 0.0027520556468516593 1.4245864349504702e-05 81.649833679199233 21.24060153961182
decision_type=2 2 2 2 2 2 2 2 2 2 2 2 2 2 2 2 2 2 2 2 2 2 2 2 2 2 2 2 2 2
left_child=2 -2 4 -4 -1 -5 8 15 12 10 11 16 -6 -13 -12 17 -9 18 25 20 -20 22 -22 -21 -25 27 -27 -8 -28 -29
right_child=1 -3 3 5 6 -7 7 9 -10 -11 14 13 -14 -15 -16 -17 -18 -19 19 23 21 -23 -24 24 -26 26 28 29 -30 -31
leaf_value=-0.05385443692831228 0.030689969528744337 -0.089136326940336685 -0.00043873700424634657 -0.026809711522155773 -0.00158524392675682 -0.006165496006736308 0.010538511193095228 -0.021472936620558252 -0.032896458047466756 0.0055929745762187478 -0.31370954424726377 -0.038704941571864625 0.083605632410019282 0.1721112234930588 -0.045541953913373213 -0.00066861496568656629 -0.10047689511851327 0.024360937955400893 0.025776647041856022 0.028282903732943263 0.12240463067869718 0.081781293995970172 -0.061363868835574618 0.17006777797025197 0.0065135541930968844 0.021412091104971394 0.25359912909763954 0.017227378055721672 -0.040367110832740985 -0.031474586571896272
leaf_weight=23.018345189201682 172.81203638231091 2.7682128255837588 8867.745060035606 189.33067048504472 12.03035380967958 1104.2232792968889 199.41854489845355 88.665347097605263 8.6742124446682265 90.316444034018787 0.91291914740577285 1.7987925925699508 27.183984020199205 2.2838966862818788 2.0559403511579148 619.38325983331015 8.5991562152048555 223.37864524432189 81.093055194076442 43.246649095090106 2.1108952865179154 4.5628665528492993 36.772368290379745 10.734270111541266 8.0092848885105905 37.177249676426072 2.4673070322332928 38.457259713282838 0.9955739865590657 134.20727807814001
leaf_count=352320 167170 570 591039 7581 742 17830 29466 4121 5582 507 30 14443 5064 1509 41 4943 63 25538 11619 236 62 26 23752 66 32 6753 148 6179 312 152745
internal_value=-0.000299183 0.0283067 -0.000724709 -0.00155555 0.0042175 -0.00920546 0.0050425 0.00395804 0.041266 -0.0136048 -0.0301215 -0.0237721 0.0580809 0.0898871 -0.186269 0.00633634 -0.0294091 0.011605 0.00681738 0.0210083 0.00504983 -0.0333467 -0.0485685 0.05248 0.104049 0.000368532 0.0388136 -0.00392335 0.178976 -0.0205905
internal_weight=12044.4 175.58 11868.9 10161.3 1707.55 1293.55 1684.54 1636.65 47.8886 194.632 104.316 101.347 39.2143 4.08269 2.96886 1442.01 97.2645 822.631 599.253 186.529 124.539 43.4461 38.8833 61.9902 18.7436 412.723 40.6401 372.083 3.46288 172.665
internal_count=1430489 167740 1262749 616450 646299 25411 293979 282591 11388 20714 20207 20136 5806 15952 71 261877 4184 256934 231396 35793 35459 23840 23814 334 98 195603 7213 188390 460 158924
is_linear=0
shrinkage=0.06


Tree=161
num_leaves=31
num_cat=0
split_feature=0 0 8 9 7 10 4 9 9 5 4 7 9 7 5 10 10 17 4 14 8 15 5 2 14 8 14 7 7 5
split_gain=35.6699 15.1682 12.5254 16.0185 24.9682 22.7353 27.5281 17.2386 15.8813 22.4736 17.0778 14.6734 20.4758 13.8314 13.5821 18.7284 14.5684 30.2071 32.7375 28.4246 21.4441 19.1313 23.4506 23.0029 18.9582 15.2462 17.833 17.6594 15.313 21.204
threshold=0.99971619248390209 8.6773325165268047e-05 99.462364196777358 90.954544067382827 0.0079296678304672259 0.11882352828979494 -0.0069817721378058186 92.017700195312514 55.744958877563484 0.79439738392829906 -0.17632781714200971 1.8193481564521792 36.64521789550782 0.71118706464767467 0.99138492345809948 0.86811593174934398 0.18350168317556384 90.161289215087905 -0.12706227600574491 2.5000000000000004 96.899040222167983 1.0000000180025095e-35 0.10457579419016839 -0.99547943472862233 1.5000000000000002 58.64367866516114 15.500000000000002 9.1307214461267008e-05 0.0096606519073247927 0.050099568441510207
decision_type=2 2 2 2 2 2 2 2 2 2 2 2 2 2 2 2 2 2 2 2 2 2 2 2 2 2 2 2 2 2
left_child=1 -1 13 4 -4 6 8 -5 9 -6 -10 12 -8 14 16 -16 17 18 -3 24 -18 23 25 -21 -19 -23 28 -28 -27 -30
right_child=-2 2 3 7 5 -7 11 -9 10 -11 -12 -13 -14 -15 15 -17 20 19 -20 21 -22 22 -24 -25 -26 26 27 -29 29 -31
leaf_value=-0.056448589210570888 0.048292609780449379 0.059518856462318068 0.024381941291717748 -0.10154045030381638 -0.076272825143090528 -0.03847691755789609 0.013285363117545034 -0.010982830970638175 -0.053583982727344076 0.034816835332583437 0.12667682829073301 -0.0036893332601521749 -0.066546811848941179 -0.0051367555829081781 0.020908137310587441 -0.024176836071579198 -0.00044886944433718544 0.043922794660380911 -0.0095523525830493051 0.089992153888665438 -0.0817165400571951 0.068553311957579702 0.02014069561097323 0.027111551552903179 -0.032410858317477122 -0.060858723514965324 0.08455030092489571 -0.039445721061250279 0.058055077523701877 -0.072235111485020459
leaf_weight=15.846209544504744 55.353314472347847 25.336581954370558 245.84879874787293 7.793833866948261 6.2138773052174647 43.953304511299393 395.66015878054532 56.804748815877247 1.698655698872243 77.845268842634141 10.038188292859557 616.18106853216887 10.933534801766653 1710.4724314226023 222.03452858806122 38.101410480026971 7492.3282264854788 13.431699394037421 398.85570697043295 22.838033952020851 10.707229564897714 5.8232655281390171 243.33984590442924 193.62534805527685 62.858840528930159 39.534880052957305 8.4158055032385146 6.5634155248408197 10.371326522450547 6.4452958425208626
leaf_count=816126 123175 2391 10264 761 1275 3585 1424 7232 749 30495 53 1302 142 231361 35679 8406 90264 325 37458 4263 112 452 6941 1610 2276 7730 18 117 2449 937
internal_value=0.000668642 0.000444956 0.000524888 0.00570462 0.00705011 0.003367 0.00504412 -0.02329 0.0356275 0.0258046 0.0984292 0.00214759 0.0109806 -0.000201447 0.000758246 0.0142374 0.000346064 0.00700676 -0.00529652 0.0155119 -0.000575717 0.0203808 0.0110178 0.0341291 -0.0185772 -0.017645 -0.0255325 0.0311508 -0.0408804 0.00686727
internal_weight=12055.3 11999.9 11984.1 1472.97 1408.37 1162.52 1118.57 64.5986 95.796 84.0591 11.7368 1022.77 406.594 10511.1 8800.61 260.136 8540.48 1037.44 424.192 613.248 7503.04 536.957 320.494 216.463 76.2905 77.154 71.3307 14.9792 56.3515 16.8166
internal_count=1429372 1306197 490071 57282 49289 39025 35440 7993 32572 31770 802 2868 1566 432789 201428 44085 157343 66967 39849 27118 90376 24517 18644 5873 2601 11703 11251 135 11116 3386
is_linear=0
shrinkage=0.06


Tree=162
num_leaves=31
num_cat=0
split_feature=0 6 14 14 7 14 5 2 7 6 7 6 6 0 7 7 10 10 17 17 9 9 9 7 6 7 10 5 0 2
split_gain=34.1431 17.0672 28.1885 21.2283 39.2873 41.6851 19.4958 17.2052 35.561 20.8037 23.0921 19.0786 23.2996 18.6824 21.4185 22.166 21.4214 22.2538 19.6834 22.9576 24.4084 22.7556 16.8263 16.712 16.2388 16.0301 15.3618 15.0572 14.9158 13.4976
threshold=0.99971619248390209 0.025757221505045894 7.5000000000000009 32.500000000000007 0.00060257071163505327 36.500000000000007 0.050099568441510207 -0.98909857869148243 0.00044054778118152177 2.2165031433105473 0.00039894957444630569 3.6368670463562016 3.0218182802200322 0.0033698121551424269 1.0000000180025095e-35 0.00020347828103695067 0.48137930035591131 0.5419580638408662 58.434959411621101 80.476188659667983 96.575183868408217 51.524446487426765 72.773891448974624 1.0496732556930512e-05 2.9788488149642949 1.6159158803930044e-05 0.65942031145095836 0.072016023099422469 0.88379943370819103 -0.99722847342491139
decision_type=2 2 2 2 2 2 2 2 2 2 2 2 2 2 2 2 2 2 2 2 2 2 2 2 2 2 2 2 2 2
left_child=1 2 6 22 26 -6 -1 8 9 -3 13 12 -12 29 16 18 -15 -18 23 21 -21 -20 25 -16 -22 -4 -5 -8 -27 -11
right_child=-2 7 3 4 5 -7 27 -9 -10 10 11 -13 -14 14 15 -17 17 -19 19 20 24 -23 -24 -25 -26 28 -28 -29 -30 -31
leaf_value=-0.050353929847671314 0.047704019952152066 -0.025564797661466476 0.061659089597194378 0.0080163063153349638 0.17047600449060268 -0.047188298059506174 0.11243762352781014 0.00056958336404777492 -0.038600104660907998 0.0090440830487915746 -0.032728799181568513 -0.037274956405799219 0.26473658532737138 -0.065851981450680774 0.039434244377396503 -0.061194751298647189 0.10314151339674903 -0.032989015510911157 -0.055194376005630784 -0.03373863940075876 0.20787145070994673 0.093266820954276589 -0.056041978778451247 -0.047205178838562956 -0.033227231655093475 -0.066106506379372446 -0.085569077592688461 0.01204233408476417 0.017952902389700501 0.05405928101447495
leaf_weight=16.746345078637205 52.657656440060236 94.417953140631653 8.1780817130202177 13.59257802355569 7.6927341490518284 4.4211234836839139 4.7333024154704608 11174.982785117314 123.58777583379106 80.669632408733378 1.0362097982197149 1.5363596610586681 2.3992011762102265 35.635866595432162 11.460698220878838 13.64544974407181 5.6047159545123604 11.605734839104114 3.6211159601807621 18.375130597501997 1.8393862172961228 26.658802697435021 90.652829992424813 21.762238866649568 1.1824871031567452 16.029758242227221 10.547018292476421 94.764314100821139 13.102320697857065 33.449701656812977
leaf_count=15675 122973 60839 51 109 49 56 130 180287 822650 190189 1408 3244 483 298 80 415 39 207 36 340 9 180 1186 448 70 1656 184 23709 54 2761
internal_value=-5.04416e-05 -0.000264955 -0.0148647 -0.0307965 0.00952931 0.0934957 0.00771269 8.73562e-05 -0.010923 -0.00146922 0.00700506 0.1237 0.187863 0.00436396 -0.00943562 0.00712505 -0.039876 0.0145724 0.0186903 0.0415478 -0.0060714 0.0743157 -0.0422066 -0.0170388 0.128723 -0.0080054 -0.0346501 0.0178896 -0.0289592 0.0225935
internal_weight=11996.6 11943.9 280.46 164.216 36.2535 12.1139 116.244 11663.5 488.488 364.901 270.483 4.97177 3.43541 265.511 151.392 98.5453 52.8463 17.2105 84.8999 51.6769 21.397 30.2799 127.963 33.2229 3.02187 37.3102 24.1396 99.4976 29.1321 114.119
internal_count=1429815 1306842 42859 3345 398 105 39514 1263983 1083696 261046 200207 5135 1891 195072 2122 1578 544 246 1163 635 419 216 2947 528 79 1761 293 23839 1710 192950
is_linear=0
shrinkage=0.06


Tree=163
num_leaves=31
num_cat=0
split_feature=5 7 3 6 1 8 3 5 16 4 14 8 2 6 8 6 4 5 10 8 14 5 6 8 2 2 5 17 9 10
split_gain=19.9427 30.7452 12.3312 22.4655 11.5186 11.8115 8.58436 21.7169 20.7163 14.0914 13.0377 10.7716 9.35645 8.89736 8.92901 8.48106 8.34481 8.31355 10.5792 10.1863 7.72565 7.66876 10.9594 17.0106 15.0763 13.71 15.7096 13.8289 11.2172 10.115
threshold=0.99750784039497387 0.71118706464767467 5.5000000000000009 2.4578967094421391 6.5000000000000009 94.360820770263686 8.5000000000000018 0.86405959725379955 89.725547790527358 -0.43075647950172419 6.5000000000000009 90.054946899414077 -0.75785845518112172 3.004044890403748 94.185260772705092 5.2769885063171396 -0.79962387681007374 0.99974241852760326 0.97916665673255932 78.705963134765639 16.500000000000004 0.0012432666844688358 2.5360363721847539 63.224515914916999 -0.75785845518112172 -0.99877220392227162 0.00070125592174008499 79.534885406494155 58.451549530029304 0.14495798945426944
decision_type=2 2 2 2 2 2 2 2 2 2 2 2 2 2 2 2 2 2 2 2 2 2 2 2 2 2 2 2 2 2
left_child=2 17 16 -4 5 6 7 10 -9 11 13 12 -8 -5 -15 -10 -1 18 -2 -20 -21 22 24 25 -18 26 27 28 -24 -30
right_child=1 -3 3 4 -6 -7 9 8 15 -11 -12 -13 -14 14 -16 -17 21 -19 19 20 -22 -23 23 -25 -26 -27 -28 -29 29 -31
leaf_value=-0.054132145040035454 0.02620355578754946 -0.054670322648870541 -0.066936831336385394 0.050053269199693877 -0.066826166607393725 -0.059879105628803629 -0.017891505593863596 0.049367828720318599 -0.089870587290491549 0.018692505462553362 0.066197860423156452 -0.026340209038631827 0.25425586313760845 -0.078659192143515008 0.048289047112651549 0.013944698275736538 -0.056024328514212629 0.050314653891721989 0.0054716584422155974 0.025597469828817901 -0.16212768783343146 0.00064931562553203147 -0.049784914906521795 -0.052222518464095015 0.045146782410669786 0.12052085175067123 -0.052011450845050856 0.12086635150949036 0.13583891909938656 0.026756207771802182
leaf_weight=8.9738228079713718 91.210462935632677 16.260150751817491 26.005596296507065 4.4486185406494796 8.4094774749191838 8.3684160683369537 0.40570573913100738 6.0778221410728319 14.978317885472281 12.009893942804409 17.53633692269068 0.65638258868784749 1.4407701678574085 6.3550543045730574 1.9716518819332121 3.144473820924758 12.668514144975235 48.538898962957319 6.6975296822638466 0.74352981278207186 1.9707473420276072 11718.174923796669 4.8015903848072439 6.5101863354329899 7.7386361769049463 6.5863051462720241 6.0812442231044761 6.3093549694103777 2.7184548180566734 22.552377694464667
leaf_count=72158 40612 599898 41374 393 86659 71 213 349 247 168 67 18 7 367 3 9 75894 118985 3423 510 1004 160367 115752 28020 17541 5791 10340 9107 4632 35035
internal_value=0.000826546 0.0214532 0.000538399 -0.0192049 -0.00413364 0.00344401 0.0118666 0.000648 -0.0408232 0.0512474 0.0340047 0.157529 0.209181 -0.0117836 -0.046645 -0.0720704 0.000727034 0.0300603 0.0198908 -0.0379273 -0.117657 0.000773361 0.0196508 0.0333049 -0.0173422 0.0454733 0.0313278 0.0462767 0.0272412 0.0432146
internal_weight=12080.3 165.421 11914.9 111.809 85.8029 77.3934 69.025 54.5123 24.2006 14.5128 30.3117 2.50286 1.84648 12.7753 8.32671 18.1228 11803.1 149.161 100.622 9.41181 2.71428 11794.1 75.9667 55.5595 20.4072 49.0493 42.463 36.3818 30.0724 25.2708
internal_count=1429014 764432 664582 129945 88571 1912 1841 1435 605 406 830 238 220 763 370 256 534637 164534 45549 4937 1514 462479 302112 208677 93435 180657 174866 164526 155419 39667
is_linear=0
shrinkage=0.06


Tree=164
num_leaves=31
num_cat=0
split_feature=0 4 6 6 6 14 6 10 9 6 9 6 7 8 8 1 2 8 6 1 6 10 9 3 6 14 6 14 10 7
split_gain=35.1273 11.018 6.94537 40.8401 29.9066 36.7623 33.5366 21.108 26.8409 16.7776 33.145 23.7248 40.0073 24.054 26.8581 21.6 33.5043 19.8472 18.8788 18.1554 17.7221 19.8131 17.7568 17.1953 18.9749 16.7562 25.2545 19.5553 18.273 15.9092
threshold=0.99971619248390209 -0.89575541019439686 5.2769885063171396 5.6809058189392099 4.9957869052886972 9.5000000000000018 5.0907099246978769 0.73030304908752453 94.55533599853517 4.0881741046905526 72.773891448974624 3.9987739324569707 0.0033986198250204329 65.64831924438478 91.715686798095717 9.5000000000000018 -0.99119699001312245 93.788581848144545 4.0243544578552255 6.5000000000000009 4.984053611755372 0.44722221791744238 96.848724365234389 3.5000000000000004 4.8667330741882333 31.500000000000004 4.4601030349731454 37.500000000000007 0.68990385532379161 0.0020957557717338209
decision_type=2 2 2 2 2 2 2 2 2 2 2 2 2 2 2 2 2 2 2 2 2 2 2 2 2 2 2 2 2 2
left_child=1 -1 4 7 9 -6 -7 8 -4 11 19 -3 13 18 -15 20 -17 -14 -13 23 22 -22 25 -11 -25 28 27 -27 -12 -8
right_child=-2 2 3 -5 5 6 29 -9 -10 10 15 12 17 14 -16 16 -18 -19 -20 -21 21 -23 -24 24 -26 26 -28 -29 -30 -31
leaf_value=-0.055318645923416468 0.051389725750940911 0.00069939181728822619 0.022019213216766045 -0.0002951000219155988 -0.0021526747805729702 -0.044569293944000464 0.034818583522418574 -0.031932814696826996 0.076525601847574148 0.00074463906699118068 0.010097293328082579 0.011476088049003604 0.016627689744690324 -0.041809030806781597 -0.00361397210992179 -0.042841775644490536 0.23918509893646589 -0.017428842029396294 -0.039638706165931757 -0.056249441371955609 -0.090033597622269118 -0.0018500462480501077 -0.0034566346595790863 -0.065617837697647938 0.023291578649066811 0.091296752002554868 0.019163756012575084 -0.014741567960554376 0.040841649248797976 -0.040028430574844419
leaf_weight=11.781767784845213 47.757271689850313 7810.7456341602465 191.24822245877658 1197.8936656837868 411.33234795353019 173.60770428369142 32.949117731583101 19.792637764850951 38.628614929650212 425.5128768865261 421.3120807180585 107.33509090682128 210.769190039352 224.82469787632817 94.094759024052109 2.1210405832744073 2.7142808304743076 85.951847934766192 33.232482684066781 23.100582538968411 9.9591721106262394 56.529983239965077 139.33593349048169 28.46604343717172 11.624647550564985 38.621562718646601 81.709573069121689 7.1334244504105291 82.678098678050446 13.68473428433026
leaf_count=685848 122814 400456 8893 62623 34344 3155 437 451 344 3289 5134 24880 10750 6183 1860 1920 31 718 5833 43255 247 796 3362 283 138 170 722 93 763 258
internal_value=0.000565287 0.000358557 0.000417941 0.00431324 -0.000117939 -0.0127661 -0.0324889 0.0263366 0.0314703 0.000690345 0.00695529 -0.00028357 -0.0104239 -0.0214965 -0.0305864 0.0141626 0.129331 0.00673705 -0.000802926 -0.00546758 0.013344 -0.0161971 0.0159099 -0.00283292 -0.0398983 0.020182 0.039563 0.0748032 0.0152117 0.0124754
internal_weight=12036.4 11988.7 11976.9 1447.56 10529.3 631.574 220.242 249.669 229.877 9897.77 1330.82 8566.95 756.208 459.487 318.919 842.115 4.83532 296.721 140.568 488.704 837.28 66.4892 770.791 465.604 40.0907 631.455 127.465 45.755 503.99 46.6339
internal_count=1430050 1307236 621388 72311 549077 38194 3850 9688 9237 510883 60203 450680 50224 38756 8043 13238 1951 11468 30713 46965 11287 1043 10244 3710 421 6882 985 263 5897 695
is_linear=0
shrinkage=0.06


Tree=165
num_leaves=31
num_cat=0
split_feature=0 14 10 17 6 5 10 7 8 8 10 6 13 14 10 8 5 8 9 6 8 17 17 2 6 6 8 8 8 7
split_gain=36.3037 15.9861 16.9881 34.9537 27.1668 21.5392 17.4877 16.4514 20.2004 15.7583 15.4795 26.3086 17.1319 14.3007 13.5699 13.4441 13.3239 29.086 17.6013 13.0613 12.9283 18.75 17.396 16.1572 13.7352 17.5119 13.0135 12.9051 12.4723 12.2481
threshold=0.99946531653404247 2.5000000000000004 0.053342817351222045 53.752344131469734 1.0202044248580935 0.73536700010299694 0.65942031145095836 4.9984273573500111e-05 54.641149520874031 83.910789489746108 0.60434782505035411 2.0003906488418584 1.0000000180025095e-35 1.5000000000000002 0.41421568393707281 47.395549774169929 0.035162262618541724 89.825496673583999 91.533855438232436 3.9533905982971196 55.848154067993171 86.038963317871108 66.060604095458999 -0.42983746528625483 4.0469851493835458 4.8667330741882333 71.148777008056655 64.326763153076186 63.686313629150398 0.00084432150470092903
decision_type=2 2 2 2 2 2 2 2 2 2 2 2 2 2 2 2 2 2 2 2 2 2 2 2 2 2 2 2 2 2
left_child=1 2 7 5 9 6 10 8 -1 -5 12 -12 -4 28 -14 -6 17 -17 -18 -13 -9 22 -22 27 26 -26 -25 -23 -10 -24
right_child=-2 -3 3 4 15 -7 -8 20 13 -11 11 19 14 -15 -16 16 18 -19 -20 -21 21 23 29 24 25 -27 -28 -29 -30 -31
leaf_value=0.028091131689886233 0.046971618772581616 0.00075514161746415931 -0.015213896600733853 -0.10442764638726386 0.067298046771583714 0.024041265874589365 -0.032300535827803782 -0.060376570719316645 -0.085031852873843294 0.041751871488014881 0.10918034284527438 -0.087307511190429427 0.099812293089888732 -0.062745554831444006 -0.051854992574385667 -0.071135592709843348 0.046828224868918265 0.20879757506883667 -0.0094537376085034371 0.033494423350740876 -0.041926402558821407 0.037706887608282474 0.077272228653997133 -0.071092273406922271 -0.13047596447974336 -0.021009645665958938 0.0088791823152006549 -0.067744012646365842 0.023096764483428619 0.013841327605327369
leaf_weight=13.505907995418054 58.847817450216098 11040.204071623875 154.58269255008963 7.7850207956589639 29.939666334622416 56.143720607108662 135.04202757223538 16.189679716717364 4.0705048697491319 3.1582205901195266 10.001574857451489 4.6867186805757211 7.3756234609809308 63.875355938393113 2.1444220995035721 9.9568106816222972 62.304992837570353 0.54585410825529912 28.814127480426578 6.5685737194580724 16.975361088860154 4.1482739844468588 11.784306146433662 6.9670210126960219 5.4384523080661884 32.106904810294509 90.096446321552321 31.261203716891032 14.843795481439882 82.316849372631623
leaf_count=15258 139549 1026908 40868 2299 5076 47381 1767 73227 1129 86 33 62 125 4165 24 5008 9954 13 571 65 11445 2586 5872 334 33 103 702 11571 518 22928
internal_value=0.000357416 0.000124008 -0.00750337 -0.000369172 0.0248379 -0.00994937 -0.0159618 -0.0168871 -0.03832 -0.0622767 -0.0039489 0.0430504 -0.0102608 -0.04936 0.063967 0.0324992 0.0216909 -0.0396994 0.029121 -0.0198272 -0.00983942 -0.00672502 0.0123794 -0.0192058 -0.00953595 -0.0398395 0.00247257 -0.0546939 -0.00327473 0.0225138
internal_weight=12011.7 11952.8 912.63 519.05 142.505 376.545 320.402 393.58 96.2956 10.9432 185.36 21.2569 164.103 82.7897 9.52005 131.561 101.622 10.5027 91.1191 11.2553 297.284 281.095 111.077 170.018 134.609 37.5454 97.0635 35.4095 18.9143 94.1012
internal_count=1429660 1290111 263203 113332 23007 90325 42944 149871 21070 2385 41177 160 41017 5812 149 20622 15546 5021 10525 127 128801 55574 40245 15329 1172 136 1036 14157 1647 28800
is_linear=0
shrinkage=0.06


Tree=166
num_leaves=31
num_cat=0
split_feature=0 6 7 16 4 4 8 8 5 17 14 14 5 1 6 5 5 1 6 8 17 9 0 1 6 16 6 14 17 8
split_gain=26.5056 11.3871 19.6695 10.3005 9.23259 9.10152 19.7567 9.11971 8.26706 10.0757 9.71138 9.41611 9.23248 7.51084 6.47956 7.53628 6.22683 12.4616 10.879 12.7725 13.2095 11.3375 10.378 7.54367 9.78222 16.1541 13.1918 11.9544 11.8052 11.3471
threshold=0.99946531653404247 8.1526007652282733 0.00019450535910436886 76.330532073974624 -0.91512537002563465 -0.87051099538803089 83.910789489746108 84.273937225341811 0.99606797099113475 33.68794250488282 4.5000000000000009 27.500000000000004 0.99941173195838939 7.5000000000000009 3.0033202171325688 0.99914026260375988 0.0010913982987403872 11.500000000000002 2.5360363721847539 63.224515914916999 27.681992530822757 30.025906562805179 4.295545659260825e-05 5.5000000000000009 3.9869384765625004 79.622642517089858 5.5816881656646737 2.5000000000000004 35.424837112426765 50.252525329589851
decision_type=2 2 2 2 2 2 2 2 2 2 2 2 2 2 2 2 2 2 2 2 2 2 2 2 2 2 2 2 2 2
left_child=1 4 3 -3 -1 6 -6 -8 16 10 -10 12 -11 -5 15 -13 18 -18 21 20 -20 -7 -22 -24 27 26 -26 -25 -28 -29
right_child=-2 2 -4 13 5 8 7 -9 9 11 -12 14 -14 -15 -16 -17 17 -19 19 -21 22 -23 23 24 25 -27 28 29 -30 -31
leaf_value=-0.054550015439512219 0.041177466116910359 0.058119403532558157 -0.066937343453822545 0.045048514515062747 -0.041214565210062552 0.097988890924404395 0.33615780776186549 0.064433890920349512 -0.18135356420491938 0.028763802829125714 0.0058102637514156358 -0.047561946007829328 -0.051184252514269023 -0.08878557590501561 0.014001338630606826 0.045066257548311346 0.00018068711600862099 -0.057794141970663501 -0.05132372830879612 -0.050584522848195951 -0.045011378995263369 -0.039462108129373667 0.0016679377463047075 -0.036849601253647807 -0.0535908514755064 0.12001920712989821 0.12947804490503467 0.132078848879016 -0.039347056368266679 -0.033512338528977247
leaf_weight=10.001090014298823 56.344926485879114 8.9765549084568175 22.109164659075759 1.6095973736373697 2.1787723256702511 1.5168126663165846 0.056643135077138473 1.955216533895509 0.85111649772443287 109.37421415849531 2.0363882076126174 16.830615138402212 4.5652096961493944 3.1300673902132985 22.504032842611196 3.0134105277247718 11637.434416364453 12.36270783936561 4.2099176415840693 5.2654746448160941 3.0027650682241065 15.625390928141313 6.7931454681202004 1.5678499498226326 7.0827441383371497 4.4227617553224254 2.736670793605299 14.233840821656484 1.8652260047583693 1.2547166520853341
leaf_count=678065 139745 712 4477 18 7498 2908 41 1123 447 22436 564 2470 4228 63 4195 1488 122744 86217 13255 30105 149905 107516 3803 4162 18171 1204 766 8776 6063 5992
internal_value=0.000483378 0.000287722 -0.0330252 0.0224718 0.000390842 0.000441669 0.0798753 0.181155 0.000406924 0.0139458 -0.0818171 0.016224 0.0251431 -0.0434053 -0.00779969 -0.0320087 0.000221863 0.000114209 0.01799 0.0314238 0.0414384 -0.0225691 0.0514895 0.0596635 0.0711465 0.0344151 -0.00489431 0.102007 0.0662416 0.117446
internal_weight=11984.9 11928.6 35.8254 13.7162 11892.7 11882.7 4.19063 2.01186 11878.5 159.175 2.8875 156.287 113.939 4.73966 42.3481 19.844 11719.4 11649.8 69.5773 52.4351 47.1696 17.1422 42.9597 39.957 33.1638 16.1074 11.6846 17.0564 4.6019 15.4886
internal_count=1429157 1289412 5270 793 1284142 606077 8662 1164 597415 35828 1011 34817 26664 81 8153 3958 561587 208961 352626 242202 212097 110424 198842 48937 45134 26204 25000 18930 6829 14768
is_linear=0
shrinkage=0.06


Tree=167
num_leaves=31
num_cat=0
split_feature=0 5 7 10 7 2 7 17 17 14 14 16 6 1 10 15 0 14 10 6 2 17 6 6 1 6 1 5 7 16
split_gain=26.4205 10.8042 8.43781 17.31 30.8157 18.9749 18.926 22.3635 18.7967 18.697 18.4098 28.1784 21.6465 40.245 25.7574 34.4206 29.8962 24.8409 34.3267 24.5486 23.2366 34.3796 39.5485 22.249 40.2825 37.2979 36.4807 22.3379 22.1424 20.404
threshold=0.99971619248390209 0.99969616532325756 0.20789471268653872 0.084523811936378493 4.1093673644354574e-05 -0.65699636936187733 0.02933374606072903 62.910053253173835 72.902095794677749 7.5000000000000009 7.5000000000000009 87.068004608154311 1.0049652457237246 2.5000000000000004 0.3717105239629746 1.0000000180025095e-35 0.96570476889610302 11.500000000000002 0.94281044602394115 3.9623235464096074 -0.31834602355957026 68.660713195800795 3.9533905982971196 3.0140999555587773 4.5000000000000009 2.9990785121917729 4.5000000000000009 0.92418035864830028 1.0000000180025095e-35 90.161289215087905
decision_type=2 2 2 2 2 2 2 2 2 2 2 2 2 2 2 2 2 2 2 2 2 2 2 2 2 2 2 2 2 2
left_child=1 2 3 4 9 6 7 -6 -8 -1 11 -5 -12 -14 15 29 19 20 23 -17 21 -16 28 24 25 -19 -25 -28 -23 -15
right_child=-2 -3 -4 10 5 -7 8 -9 -10 -11 12 -13 13 14 17 16 -18 18 -20 -21 -22 22 -24 26 -26 -27 27 -29 -30 -31
leaf_value=-0.015323953506586635 0.04732031834358711 -0.063087571741881371 -0.0027079387035783796 0.0016658538126808522 -0.059379324224196221 0.037514649453846555 0.028409725995936851 0.025517237579230512 -0.060629095469105769 0.021746798286216212 -0.013382621819726371 0.018440579623340808 0.019985462073942126 -0.0035753095506148038 0.0070839922257166137 -0.015706717412057727 0.036972708360480777 -0.00037651869775466725 -0.10935630715968554 -0.046975608848533731 -0.0021842443944646503 -0.024835673162818026 -0.012847911150412849 0.023584461289922899 0.097294207018949516 -0.025959512629212988 0.0047385312210397827 -0.017008329706319523 -0.099671369844897578 0.043787231544197815
leaf_weight=179.90715414766419 41.576670353417285 8.7733894440480054 3035.3098857043879 2491.8479108062666 11.218321100642241 160.03450551156311 12.466847779803173 136.08308509499147 23.124210557452898 66.201413966055043 525.472434732088 420.53119193433577 319.19347272325831 115.35532579366554 66.631496773741674 252.16253696980675 27.292523400567006 1176.6673796823598 9.0205852147191745 141.38826771491586 308.41322567721363 21.329166730865836 69.006700377562083 347.37812771750032 13.041097271547185 247.48672980902484 1473.1920224795758 191.22406314901309 47.410595263245341 44.652585281881329
leaf_count=44955 122921 466944 282892 274807 65800 10408 4752 65045 5512 2057 6660 9283 15553 2436 281 1874 1842 9655 1588 1569 6070 87 283 9590 132 3383 6211 6469 270 735
internal_value=0.000139779 -2.84331e-05 2.32116e-05 0.000955097 0.0108854 0.0224861 0.00920335 0.0186948 -0.0295165 -0.00530454 0.000249873 0.00409353 -0.00182491 -0.000575562 -0.00202152 -0.0138112 -0.0228025 -0.000293867 0.00153475 -0.0270311 -0.0126041 -0.0282409 -0.0452563 0.00185639 -0.00384363 -0.00483738 0.00592828 0.00223133 -0.0771398 0.00983178
internal_weight=11983.4 11941.8 11933 8897.73 589.036 342.927 182.892 147.301 35.5911 246.109 8308.7 2912.38 5396.32 4870.85 4551.65 580.851 420.843 3970.8 3458.01 393.551 512.791 204.378 137.746 3448.99 1437.2 1424.15 2011.79 1664.42 68.7398 160.008
internal_count=1430064 1307143 840199 557307 198529 151517 141109 130845 10264 47012 358778 284090 74688 68028 52475 8456 5285 44019 37028 3443 6991 921 640 35440 13170 13038 22270 12680 357 3171
is_linear=0
shrinkage=0.06


Tree=168
num_leaves=31
num_cat=0
split_feature=0 4 6 6 5 7 10 4 17 10 7 10 1 6 7 14 8 6 10 9 2 8 8 2 8 17 16 9 6 6
split_gain=22.9043 11.7873 16.8514 22.6064 8.8263 15.5739 19.7459 23.9915 18.0384 21.4066 16.1677 42.9002 19.7545 32.6498 19.7549 19.1096 18.4264 27.6222 17.9529 17.4272 22.5894 16.2641 15.71 29.3599 15.263 20.2007 19.6582 13.4757 17.2357 32.2046
threshold=0.99971619248390209 -0.75062370300292958 6.0012991428375253 6.0049006938934335 0.51504290103912365 8.680441897013226e-05 0.71825397014617931 -0.067475527524948106 91.779277801513686 0.57518798112869274 0.44601628184318548 0.084523811936378493 4.5000000000000009 3.1462808847427373 0.0067095339763909587 50.500000000000007 67.826873779296889 4.4601030349731454 0.42582418024539953 84.650035858154311 -0.082499116659164415 95.488464355468764 59.885057449340827 -0.22270189225673673 70.064933776855483 72.533847808837905 58.957218170166023 71.195312500000014 3.0140999555587773 2.9982769489288335
decision_type=2 2 2 2 2 2 2 2 2 2 2 2 2 2 2 2 2 2 2 2 2 2 2 2 2 2 2 2 2 2
left_child=1 2 -1 -4 -3 8 10 -8 9 -6 11 -7 13 15 -15 18 17 -12 -13 20 -16 -20 -11 -24 26 -26 -18 -10 29 -29
right_child=-2 4 3 -5 5 6 7 -9 27 22 16 12 -14 14 19 -17 24 -19 21 -21 -22 -23 23 -25 25 -27 -28 28 -30 -31
leaf_value=-0.05763605065120201 0.045226062707994771 -0.0019954080853855851 0.30980523814139105 -0.034265200515459324 0.030106799930161344 0.036679189574591549 0.058598287662023699 -0.013521763598674939 0.018155764994868793 0.013957476619475615 -0.0099712632426441333 0.014578452301134092 -0.0046834127198939089 0.03623166157590068 -0.1670863598734445 0.070422350670642384 0.16076428372702303 -0.082876096125102633 -0.0007234312133547544 0.010175590872625607 0.022490184900268734 -0.041676154040925187 -0.093143651799060229 -0.000960609814456439 -0.11035652969106942 -0.0015186666533803029 0.020624921504722095 -0.0019360944661624185 0.0070749503241468387 -0.043453069249080684
leaf_weight=20.937808410159054 39.603378127256292 4317.6269947295568 0.13179372819376922 1.3207311153737462 208.59298153303098 140.07806645333767 16.184811105966219 513.5757540045015 164.2700478064944 287.27987006271724 83.142082771290916 299.96709699509665 840.90316020749742 182.98411905916873 4.1157985478639603 13.897599071962757 3.0267028690059297 23.275717695968524 797.22566393701709 31.167219256516546 3.6802248035673975 35.512283429445233 13.153355337679384 102.81407719112758 5.1540225884364181 2587.5252683215322 39.359640661055892 506.04175098770065 590.39166670011764 76.592080555594293
leaf_count=657920 122770 495138 2902 42977 3385 1731 574 14850 3284 5535 8270 3944 5868 5764 27 162 60 3091 8025 892 170 3220 50 6358 221 12231 361 9341 9562 1535
internal_value=0.000238783 8.54046e-05 -0.042466 0.110545 0.000169116 0.00140379 -0.000199088 -0.0112122 0.00602378 0.0145483 0.000948887 0.00460028 0.00255082 0.00699606 0.0280059 0.00290833 -0.002181 -0.0265401 0.00201859 -0.0105647 -0.0852114 -0.00251776 0.00644566 -0.0121232 -0.00118756 -0.00177749 0.0341067 0.00211566 -0.000144143 -0.00745895
internal_weight=11949.5 11909.9 22.3903 1.45252 11887.5 7569.91 5620.78 529.761 1949.14 611.84 5091.01 2349.53 2209.45 1368.55 221.947 1146.6 2741.48 106.418 1132.71 38.9632 7.79602 832.738 403.247 115.967 2635.07 2592.68 42.3863 1337.3 1173.03 582.634
internal_count=1430218 1307448 703799 45879 603649 108511 69461 15424 39050 15328 54037 29803 28072 22204 6853 15351 24234 11361 15189 1089 197 11245 11943 6408 12873 12452 421 23722 20438 10876
is_linear=0
shrinkage=0.06


Tree=169
num_leaves=31
num_cat=0
split_feature=0 4 14 7 8 5 9 1 7 7 6 6 6 1 8 1 6 5 5 14 6 14 7 9 14 10 7 6 5 8
split_gain=21.9159 14.1379 9.68478 20.4789 19.3779 29.1361 20.1239 17.9746 16.2027 16.0451 15.5655 14.6619 20.7189 21.5965 19.4255 19.2689 53.0366 19.6738 16.3424 14.5904 13.921 12.4666 12.259 26.7837 26.4017 21.2669 19.8076 15.6283 15.3464 14.0536
threshold=0.99931657314300548 -0.79962387681007374 26.500000000000004 0.00041815541044343268 90.501251220703139 0.43902739882469183 94.55533599853517 1.5000000000000002 0.0096606519073247927 0.00084432150470092903 6.8400766849517831 5.9891998767852792 6.1450071334838876 7.5000000000000009 89.512962341308608 5.5000000000000009 4.3412482738494882 0.10457579419016839 0.79439738392829906 27.500000000000004 5.379021644592286 27.500000000000004 0.00011604261453612709 79.495143890380874 49.500000000000007 0.32738095521926885 1.2394033547025176e-05 1.0021049380302431 0.21288288384675982 92.031745910644545
decision_type=2 2 2 2 2 2 2 2 2 2 2 2 2 2 2 2 2 2 2 2 2 2 2 2 2 2 2 2 2 2
left_child=1 -1 -3 11 5 7 -7 9 19 -5 -9 15 -13 -14 -15 22 -17 -18 21 20 -6 -19 23 25 27 -4 -26 29 -24 -25
right_child=-2 2 3 4 8 6 -8 10 -10 -11 -12 12 13 14 -16 16 17 18 -20 -21 -22 -23 28 24 26 -27 -28 -29 -30 -31
leaf_value=-0.056319972009337825 0.036294539902682076 -0.00057516345103476559 -0.0036504554646191959 0.21230503602799092 0.010985116893673154 0.022355981946200025 -0.007265130086487488 0.031113482017281958 0.032550482212458313 0.02499247226437426 0.13547277485448511 -0.078651789987571205 0.050657114222286463 0.017106094946509755 -0.082157421548493523 0.15558591814641021 -0.060690514272859875 -0.043871577645455614 -0.017108051025592045 -0.0074062618441816186 0.098583158048439451 0.02910356391430885 -0.04942503391464368 -0.0049310184877176732 0.019107608882150053 -0.16332692309900596 -0.1270486553802033 0.0090553227566384821 -0.0079697182839078701 -0.064083629022936725
leaf_weight=14.939134405190996 59.700742179284134 9752.9100699885203 5.8499637380009499 3.0665588239207855 26.321052848012187 175.20452527032467 154.66550753376214 151.19410698703723 50.517437529706513 3.2758928681723773 4.4446374501567325 19.637915170285851 14.991289893048814 12.647498725680636 14.373699163785203 8.4795689922757429 12.19284043862717 8.1063649877905828 42.847771108150482 323.28584959241562 7.8270486013498148 136.75821914151311 35.087754166219383 57.668665276025422 4.7709912189748129 5.2728617602260783 8.5540660239639674 527.5026627171319 301.14215838583186 18.384950080420822
leaf_count=698202 145211 566528 85 21 253 1058 1703 1095 471 34 53 262 179 99 115 69 316 28 327 3346 32 341 606 393 97 140 239 4908 2813 237
internal_value=0.00033377 0.000150354 0.000226056 0.00388626 0.0107647 0.0187712 0.00848761 0.0395328 0.00108936 0.132138 0.0349396 -0.00113292 -0.0294131 -0.00510399 -0.0367439 0.000377711 0.0168771 0.0102482 0.0151532 -0.00343556 0.0332969 0.0247472 -0.00320183 0.00175057 0.00348068 -0.0865749 -0.0770371 0.0053828 -0.0124296 -0.0198765
internal_weight=11961.6 11901.9 11887 2134.07 899.803 491.851 329.87 161.981 407.951 6.34245 155.639 1234.27 61.6504 42.0125 27.0212 1172.62 208.385 199.905 187.712 357.434 34.1481 144.865 964.234 628.004 616.881 11.1228 13.3251 603.556 336.23 76.0536
internal_count=1429261 1284050 585848 19320 8066 3964 2761 1203 4102 55 1148 11254 655 393 214 10599 1081 1012 696 3631 285 369 9518 6099 5874 225 336 5538 3419 630
is_linear=0
shrinkage=0.06


Tree=170
num_leaves=31
num_cat=0
split_feature=0 17 14 2 9 2 6 7 7 9 8 7 8 9 2 9 9 8 9 16 16 17 2 0 7 7 7 9 7 9
split_gain=19.1626 8.60032 22.4922 18.4448 18.271 21.9557 27.756 16.3995 19.1062 30.0985 25.3523 34.0022 27.7497 22.8322 22.1071 20.8164 19.3888 26.3355 30.5549 18.1309 17.7422 16.3782 16.0959 15.6969 17.9908 15.4728 14.6244 14.1854 17.6875 13.2399
threshold=0.99946531653404247 38.196554183959968 4.5000000000000009 -0.93216282129287709 97.349815368652358 -0.99389299750328053 4.9115769863128671 0.0011563430307433011 0.00011604261453612709 84.650035858154311 26.766168594360355 0.00031283998396247631 34.833164215087898 89.676071166992202 -0.95418816804885853 72.773891448974624 91.533855438232436 20.169491767883304 90.342010498046889 1.0000000180025095e-35 27.681992530822757 39.077413558959968 -0.87691086530685414 0.63609617948532116 8.680441897013226e-05 0.0027520556468516593 1.6159158803930044e-05 93.515834808349624 7.4395771662238999e-05 97.349815368652358
decision_type=2 2 2 2 2 2 2 2 2 2 2 2 2 2 2 2 2 2 2 2 2 2 2 2 2 2 2 2 2 2
left_child=1 2 7 4 5 6 -4 8 15 19 16 13 -13 20 -15 26 17 18 -11 -10 -12 -3 -16 24 27 -9 -1 -17 -29 -23
right_child=-2 21 3 -5 -6 -7 -8 25 9 10 11 12 -14 14 22 23 -18 -19 -20 -21 -22 29 -24 -25 -26 -27 -28 28 -30 -31
leaf_value=0.069903194482853676 0.03698520757175823 -0.070174718597280764 -0.006676674928194396 0.011265324285272956 0.087360185520064318 -0.03306140487358656 0.19639122614043436 -0.069518529300515983 0.11481486988542945 0.0047498874528737103 0.2909590974039627 0.045000521616184931 -0.11350502681923103 -0.050787116607087325 0.15517503021871018 -0.00019260636434763952 -0.023514214365059093 -0.044882300474308919 0.22278890132556245 -0.067159687977482396 0.086857042934122691 -0.00027295123488341942 0.032245697411862326 0.016643604409703913 -0.092664666083900976 -0.012118476777062062 -0.054586209389140827 -0.032754484882129724 0.070667344711040164 -0.0085620354983462262
leaf_weight=20.042277602008202 48.512240614018083 11.280138738196909 5.4191114684072108 345.53165330463298 23.466597290532263 14.29839630806009 3.2925911265519971 19.088466813040213 1.3248142855254652 4.3993016732274537 3.1460023845393179 16.622337818109376 4.1407184916388351 3.7118921019427988 8.113340105628593 196.67999889791645 28.265144873468671 4.7654234305082346 3.987168658291921 15.257526612236687 4.4486427856463706 10088.164395845131 7.7584145769360449 83.747887838049792 8.7684680825859669 111.24243498301394 3.2813205157790426 104.0122570170206 5.3872126125497735 743.9316085753635
leaf_count=11397 139224 11333 5083 3587 293 590 1499 6626 235 70 76 469 363 255 14 4270 244 174 14 28003 151 1057197 36 768 581 114721 20127 611 19 21147
internal_value=-0.000264269 -0.000419301 0.00476249 0.0161207 0.0512207 0.0122608 0.0823922 -0.0020165 0.00269915 0.0253529 0.0391351 0.0683751 0.00962719 0.111322 0.070798 -0.00303554 0.00447508 0.0620388 0.121103 -0.0469179 0.195421 -0.000921559 0.100558 -0.0063089 -0.0124475 -0.0209907 0.0508651 -0.0098552 -0.0270677 -0.000842971
internal_weight=11942.1 11893.6 1050.2 392.008 46.4767 23.0101 8.7117 658.191 527.86 105.941 89.3584 47.9413 20.7631 27.1783 19.5836 421.919 41.417 13.1519 8.38647 16.5823 7.59465 10843.4 15.8718 398.596 314.848 130.331 23.3236 306.079 109.399 10832.1
internal_count=1429177 1289953 200276 11052 7465 7172 6582 189224 67877 30104 1866 1364 832 532 305 37773 502 258 84 28238 227 1089677 50 6249 5481 121347 31524 4900 630 1078344
is_linear=0
shrinkage=0.06


Tree=171
num_leaves=31
num_cat=0
split_feature=0 8 8 10 10 2 6 6 8 2 0 8 4 4 17 16 17 1 8 1 11 4 9 16 5 8 9 6 6 6
split_gain=20.3757 13.5216 20.1858 18.5119 26.6253 39.5721 22.7089 20.5067 19.4378 13.9073 12.0903 11.718 11.628 20.5739 11.547 11.4295 11.2349 11.5648 11.6969 10.6455 15.7591 16.0376 24.148 14.9576 19.3171 10.8281 12.3943 11.8703 13.3531 10.5656
threshold=0.9998583495616914 33.520599365234382 33.981132507324226 0.37797619402408605 0.41885964572429663 -0.99547943472862233 2.9931827783584599 3.9869384765625004 26.36544227600098 -0.06340844556689261 0.18442497402429583 31.139970779418949 -0.29875855147838587 -0.067475527524948106 27.681992530822757 19.201229095458988 19.201229095458988 6.5000000000000009 31.643132209777836 8.5000000000000018 1.0000000180025095e-35 -0.00089668072178028513 56.675579071044929 44.222221374511726 0.51504290103912365 34.178434371948249 52.954607009887702 5.7654123306274423 5.9977171421051034 8.1526007652282733
decision_type=2 2 2 2 2 2 2 2 2 2 2 2 2 2 2 2 2 2 2 2 2 2 2 2 2 2 2 2 2 2
left_child=1 3 9 6 5 8 10 16 -5 -3 -1 14 -6 15 -10 -14 -8 18 -18 29 21 22 -21 -22 -25 -23 27 -27 -29 -4
right_child=-2 2 19 4 12 -7 7 -9 11 -11 -12 -13 13 -15 -16 -17 17 -19 -20 20 23 25 -24 24 -26 26 -28 28 -30 -31
leaf_value=-0.083029672299163637 0.049916848252876012 -0.13239231161209461 -7.4481505188802094e-05 0.06307556748023932 -0.060642922925107375 0.0210928546169666 -0.066495749598720941 -0.038530528916827678 -0.015193697523798943 0.048151976432617122 0.022105924189896396 -0.017192770061997095 -0.015602839472135605 0.0058928379077570437 0.31516091616346242 0.071148034315921774 0.089462912771618275 -0.047921635662162107 -0.061604403690725937 -0.035645296576803605 -0.040247591760819115 0.085401283601907782 0.064480940691093128 0.086149503449033368 -0.046357083867951926 -0.059625005261692628 -0.05497374475071521 0.11732733108101734 -0.0043583009823835841 -0.063298557442898459
leaf_weight=22.079920933354064 28.744400993353338 5.7160163043217835 10697.719966512585 4.5922938584612876 8.0769849865141605 25.462369166358258 2.1480873361024377 20.075731014951089 0.32321500680200266 1.4253281655555827 4.3062112348052315 0.39105332015969896 6.4610627544752779 886.66000772000552 2.912308459072392 25.92320893543183 16.056782646109703 2.5411251979921863 1.3667848322957059 17.754945972263613 8.0482901360851447 1.6254751771721192 15.16915195346064 14.382249698865964 4.6168314529322734 9.407315635729903 63.558312662977187 3.0088194091158611 16.73029364813101 8.5239834123785823
leaf_count=66160 100401 6189 338706 726 10669 467 2583 64869 270 270 25 529 80 11341 647 464 2039 36288 569 432780 34614 1894 85097 5538 6480 145522 56681 4921 12527 269
internal_value=0.00031899 0.000194972 -0.000427801 0.00676396 0.00892012 0.0605483 -0.0231401 0.00437744 0.167236 -0.0948694 -0.0656909 0.25699 0.00698131 0.00764089 0.286364 0.0538912 0.0433143 0.0577375 0.0749119 -0.000356972 -0.0159532 -0.0247803 0.0110269 0.0249799 0.0532421 -0.0372627 -0.0403019 -0.00754538 0.0189531 -0.000130726
internal_weight=11925.8 11897.1 10867.7 1029.38 960.803 33.6812 68.5746 42.1885 8.21887 7.14134 26.3861 3.62658 927.121 919.044 3.23552 32.3843 22.1128 19.9647 17.4236 10860.5 154.302 127.254 32.9241 27.0474 18.9991 94.3302 92.7047 29.1464 19.7391 10706.2
internal_count=1429615 1329214 1131488 197726 25193 2639 172533 106348 2172 6459 66185 1446 22554 11885 917 544 41479 38896 2608 1125029 786054 739422 517877 46632 12018 221545 219651 162970 17448 338975
is_linear=0
shrinkage=0.06


Tree=172
num_leaves=31
num_cat=0
split_feature=0 6 2 6 0 11 14 14 14 0 1 6 4 17 2 14 6 7 8 9 8 8 9 9 0 9 2 8 2 0
split_gain=17.272 14.2223 11.9021 15.369 22.1278 19.4324 21.2067 19.2734 21.0451 16.2292 16.9977 13.4885 14.2629 13.6613 21.5155 15.302 17.0295 15.3612 13.4927 13.3929 26.745 30.5171 26.2499 23.4743 20.1124 20.2823 19.3235 17.2557 17.0303 15.8978
threshold=0.99716070294380199 0.27741253376007086 -0.99275383353233326 1.9774562120437624 0.0043597351759672174 1.0000000180025095e-35 5.5000000000000009 29.500000000000004 32.500000000000007 0.0026680384762585167 3.5000000000000004 2.0084811449050908 -0.049054281786084168 99.090908050537124 -0.99722847342491139 5.5000000000000009 4.8091132640838632 0.00034503590723034 80.217391967773452 83.893524169921889 32.583417892456062 29.459980010986332 84.650035858154311 92.762355804443374 0.0033698121551424269 87.401184082031264 -0.99605953693389881 39.819820404052741 -0.9985024333000182 0.0010632349294610324
decision_type=2 2 2 2 2 2 2 2 2 2 2 2 2 2 2 2 2 2 2 2 2 2 2 2 2 2 2 2 2 2
left_child=2 -2 3 5 11 6 -1 -6 -9 -7 -11 -5 -13 19 -15 18 -17 -18 -16 27 21 22 -21 24 25 -23 -22 -14 -27 -29
right_child=1 -3 -4 4 7 9 -8 8 -10 10 -12 12 13 14 15 16 17 -19 -20 20 26 23 -24 -25 -26 28 -28 29 -30 -31
leaf_value=-0.047177147687771391 -0.083532431079981095 0.024171798634164732 0.0003834342913924734 -0.059996080672542001 -0.047291663295847275 -0.043055764071499941 0.039352386202954191 0.16705308056820392 -0.044993015805462 0.015656996333808064 0.18885084569378238 -0.056477988170821551 -0.060122354666514846 -0.015129963269923715 0.13563587921943918 -0.026812977010109269 -0.035369731589061711 0.19151065838004674 -0.037509661543350337 0.1466283680103031 -0.058769151130467046 -0.02933614023547548 -0.037135354802900915 -0.040004435893351502 -0.034420249399575054 -0.022675061463532424 0.070254294190691693 0.034661812590014475 0.27845987428108826 -0.021834252400539572
leaf_weight=17.671344709821369 3.5963483372543115 139.93727739416863 11478.969925123398 14.105505295055989 85.631731720572134 2.1297874920765016 21.463869588042598 2.351033935789018 2.7267666980624199 3.4836671075399845 4.6931960339215948 14.564264422240283 24.496321419209835 18.881577582877981 10.713367194623062 8.7619345516741287 1.2467335707387968 2.0310457259693067 1.4433266266096314 2.6320596854839122 15.789029788355039 0.85945895138683948 11.207162495629744 1.7512393949436953 1.0716087855398653 0.59593277792009658 4.6410566729609846 25.694276956853173 5.3598381032061306 53.652224640041823
leaf_count=63767 2664 164679 189154 95695 6827 8055 20389 54 170 77 90 549805 107713 24466 192 430 61 100 103 152 4008 304 1224 217 31 300 141 184369 128 4067
internal_value=0.000297965 0.0209139 4.62685e-05 -0.0106863 -0.0156416 0.0200975 7.83871e-05 -0.0403975 0.0645171 0.0893819 0.12481 -0.00527412 -0.00124356 0.00324445 0.0325687 0.0689134 0.0183489 0.117119 0.11379 -0.00546678 0.0219949 0.064472 0.00534028 0.140895 0.181045 0.214993 -0.0275486 -0.0171773 0.2494 -0.00333578
internal_weight=11982.2 143.534 11838.6 359.649 310.207 49.4419 39.1352 90.7095 5.0778 10.3067 8.17686 219.498 205.392 190.828 43.078 24.1964 12.0397 3.27778 12.1567 147.75 43.9074 23.4773 13.8392 9.63808 7.88684 6.81523 20.4301 103.843 5.95577 79.3465
internal_count=1429432 167343 1262089 1072935 980557 92378 84156 7051 224 8222 167 973506 877811 328006 25352 886 591 161 295 302654 6505 2356 1376 980 763 732 4149 296149 428 188436
is_linear=0
shrinkage=0.06


Tree=173
num_leaves=31
num_cat=0
split_feature=2 7 9 10 10 2 9 6 16 12 16 6 14 16 17 4 14 8 8 6 6 6 10 7 16 8 9 10 3 6
split_gain=12.4221 19.9832 27.0862 15.3917 26.4731 26.3254 20.0126 20.4363 26.6446 32.5219 19.8679 16.4615 15.9553 30.2754 14.4096 21.6423 12.8954 12.8638 12.8139 19.7377 28.2264 21.4415 19.5766 18.9713 18.8106 20.2549 28.402 17.5322 17.4871 18.4181
threshold=-0.54595381021499623 0.44601628184318548 71.195312500000014 0.82480818033218395 0.78759399056434642 -0.87691086530685414 97.969490051269545 2.0137517452239995 30.151515007019047 1.0000000180025095e-35 36.939571380615241 3.0011165142059331 5.5000000000000009 38.956640243530281 96.662960052490249 -0.0069817721378058186 9.5000000000000018 93.40579986572267 87.112743377685561 2.9931827783584599 3.005993247032166 2.8900382518768315 0.65942031145095836 2.2212327166926119e-05 91.779277801513686 83.047893524169936 97.067424774169936 0.28869047760963445 6.5000000000000009 1.1471684575080874
decision_type=2 2 2 2 2 2 2 2 2 2 2 2 2 2 2 2 2 2 2 2 2 2 2 2 2 2 2 2 2 2
left_child=3 2 -2 4 18 10 -5 -8 9 11 -6 -9 13 -10 15 -3 -14 -17 24 21 -21 23 -22 -20 25 -1 27 -27 29 -26
right_child=1 14 -4 6 5 -7 7 8 12 -11 -12 -13 16 -15 -16 17 -18 -19 19 20 22 -23 -24 -25 28 26 -28 -29 -30 -31
leaf_value=-0.0028306260346759571 0.015742012450730612 -0.00035248215082771684 0.0016910581782019021 0.065368341437210986 0.037664610299258397 -0.10148201931964695 0.047056669244074062 0.041156014650292914 -0.11915656307515939 0.092527949202343779 -0.072716378513656088 -0.10050946260634812 0.026901998425249068 -0.0037710892928381804 -0.0019088978235873816 -0.049083561169384692 -0.056228303048816652 0.0045765330121763006 0.01640045601953084 -0.050694044811784807 -0.02079492631352501 0.02854073978035342 0.00089914370333648707 -0.012244821234275297 -0.029227628019934417 -0.016974084974627806 0.085505089426939004 -0.082108336252074685 0.10606145855179139 0.0094217365370715712
leaf_weight=1725.2281923695678 549.09111922099328 115.54918509280651 4838.8868785844661 23.659846663985263 13.805290966485702 18.822298178147321 30.875209443114727 4.4931063831663778 14.772170762197677 15.838505926192738 8.7360912539843394 5.7413164177714862 20.939836086795371 17.161458567953559 2469.3191881371863 79.654083477100812 8.6828845894324314 19.887310627265833 111.02671006624041 71.089621047491164 328.15107521079472 81.0279048226339 274.59383125510067 323.26871435588737 46.80540632732027 31.39785583226012 5.3419229164719573 28.458046265760458 5.4425360186673961 625.77211533368472
leaf_count=953555 30256 31503 201796 85 160 149 137 24 265 87 182 123 178 207 17199 608 81 104 467 5414 63387 3106 1743 26965 3703 6001 13 235 21099 60219
internal_value=-0.000317789 0.00101868 0.00312565 -0.003126 -0.00387217 -0.051033 0.0161799 0.00589441 -0.00897595 0.0408726 -0.00638611 -0.0401882 -0.0304058 -0.0591446 -0.00320989 -0.0180678 0.00149475 -0.038424 -0.00332502 -0.00843886 -0.015191 0.000402488 -0.0109266 -0.00490086 -0.000859046 -0.00408206 -0.0366539 -0.048782 0.00764535 0.00669269
internal_weight=11913.5 8072.39 5387.98 3841.13 3698.97 41.3637 142.164 118.504 87.6293 26.0729 22.5414 10.2344 61.5564 31.9336 2684.41 215.091 29.6227 99.5414 3657.6 1189.16 673.835 515.323 602.745 434.295 2468.45 1790.43 65.1978 59.8559 678.02 672.578
internal_count=1429051 281466 232052 1147585 1146398 491 1187 1102 965 234 342 147 731 472 49414 32215 259 712 1145907 101082 70544 30538 65130 27432 1044825 959804 6249 6236 85021 63922
is_linear=0
shrinkage=0.06


Tree=174
num_leaves=31
num_cat=0
split_feature=0 10 9 14 8 11 10 8 6 8 8 0 9 8 10 8 7 9 0 0 16 5 7 7 6 6 7 10 2 9
split_gain=18.1713 11.8714 19.5946 16.9847 19.7428 28.2249 31.8209 22.9403 21.3877 17.3475 22.156 15.1834 14.7575 18.828 27.634 14.6093 14.5028 14.2367 16.0512 14.141 14.0514 14.0173 20.0935 20.687 13.7691 13.2416 12.9577 41.6122 25.8922 20.0257
threshold=0.9998583495616914 0.43167701363563543 94.146202087402358 11.500000000000002 89.512962341308608 1.0000000180025095e-35 0.36602871119976049 93.127067565917983 2.0055125951766972 30.848532676696781 31.139970779418949 0.079893685877323165 41.56573677062989 86.240703582763686 0.11651583760976793 94.957626342773452 1.0160025954246523 99.82578277587892 0.63609617948532116 0.9990878999233247 27.429467201232914 0.94737157225608837 0.0079296678304672259 0.00038014528399799025 5.8254165649414071 0.00057576390099711727 0.0067095339763909587 0.27429467439651495 -0.54595381021499623 79.495143890380874
decision_type=2 2 2 2 2 2 2 2 2 2 2 2 2 2 2 2 2 2 2 2 2 2 2 2 2 2 2 2 2 2
left_child=1 2 3 9 5 6 12 21 -8 25 20 -9 -5 14 -14 -3 -16 -4 -19 -17 -11 22 23 24 -6 -1 28 29 -12 -28
right_child=-2 15 17 4 7 -7 8 11 -10 10 26 -13 13 -15 16 19 -18 18 -20 -21 -22 -23 -24 -25 -26 -27 27 -29 -30 -31
leaf_value=0.12507367239386868 0.049166267105047609 -0.00090962926722516465 0.033835206754436964 0.046194635845764456 -0.038360830778043108 -0.051092467297653134 -0.013185554780820072 -0.078042739637844638 0.034250231402603512 0.22246021367033578 0.0018914498929345908 0.0022692986566739287 -0.095333383706242808 -0.039822168377429745 0.0075058383000447867 -0.021967851188756781 -0.12126218445046903 -0.073706025322177932 0.023006143511220774 0.05365960323598256 -0.030081679261137233 0.03135654018174687 -0.10932559280668333 -0.0060686609178646688 -0.12329037726044549 -0.025883421533211579 0.001684393593263359 -0.036809178542526778 0.016801098489909218 0.030386897551150659
leaf_weight=1.1644064142660671 26.684701854177547 5583.040066090698 111.11268433921578 16.006826615807768 104.57472835644148 31.612858608770694 42.852419193588503 7.8236689247978566 160.27393641645722 1.6788898074273668 1078.5025806193944 213.19115705834429 9.5454077738763754 61.660333344949322 156.1869862231556 172.8568718800816 2.2146501416777928 9.4154232626715402 14.360092459130099 8.444737909594549 0.82218486520559952 12.704824312588697 10.483646567303365 92.201507780944667 6.6627532998099914 89.930486250368176 3031.936605374593 98.984917001873328 685.34307838259656 89.116581211358607
leaf_count=754 100359 107194 1796 671 415 671 281 1632 867 552 331967 4442 1668 1220 2693 6205 424 225 715 10608 4334 1457 235 328 35 118214 663475 34979 26661 3707
internal_value=0.000612789 0.000499834 0.00233543 0.00182531 -0.00563443 0.00281334 0.00671605 -0.0146856 0.0242274 0.00318955 0.00366543 -0.00091237 -0.0078056 -0.0117542 -0.00127451 -0.00145557 0.00495606 0.0248664 -0.0167223 -0.0181702 0.154562 -0.0280546 -0.0317125 -0.0271978 -0.044501 -0.0226167 0.00355872 0.00129358 0.00769084 0.00251342
internal_weight=11931.4 11904.7 6140.36 6005.48 927.996 480.353 448.741 447.642 203.126 5077.48 4986.38 221.015 245.614 229.607 167.947 5764.34 158.402 134.888 23.7755 181.302 2.50107 226.627 213.923 203.439 111.237 91.0949 4983.88 3220.04 1763.85 3121.05
internal_count=1428784 1328425 1204418 1201682 17039 8495 7824 8544 1148 1184643 1065675 6074 6676 6005 4785 124007 3117 2736 940 16813 4886 2470 1013 778 450 118968 1060789 702161 358628 667182
is_linear=0
shrinkage=0.06


Tree=175
num_leaves=31
num_cat=0
split_feature=3 5 4 3 14 6 14 14 9 8 4 6 16 4 2 14 10 14 9 2 2 10 14 6 6 9 2 8 14 6
split_gain=15.5551 12.5382 13.5672 11.1392 10.9162 9.84964 22.5045 12.4411 19.5274 16.197 12.2818 9.90278 9.74466 8.90527 8.8128 15.105 23.608 29.7061 26.2741 20.437 54.1982 36.3302 20.2959 44.4953 37.6391 25.3865 16.4475 15.3325 14.5679 38.5911
threshold=9.5000000000000018 0.99649950861930858 -0.0055938800796866408 8.5000000000000018 55.500000000000007 0.025757221505045894 7.5000000000000009 32.500000000000007 72.773891448974624 84.660633087158217 -0.009001229424029587 1.0000000180025095e-35 56.873315811157234 -0.0021237200126051898 -0.95418816804885853 8.5000000000000018 0.65942031145095836 24.500000000000004 94.55533599853517 -0.97587051987647999 -0.98205760121345509 0.74456521868705761 6.5000000000000009 5.7654123306274423 2.9494241476058964 61.916847229003913 -0.99690288305282582 15.484515190124513 1.5000000000000002 3.8733344078063969
decision_type=2 2 2 2 2 2 2 2 2 2 2 2 2 2 2 2 2 2 2 2 2 2 2 2 2 2 2 2 2 2
left_child=1 3 -3 4 5 6 -1 8 9 -8 -11 -10 -13 -12 15 22 -17 -18 19 20 21 26 27 24 -24 -25 -19 -7 29 -29
right_child=-2 2 -4 -5 -6 14 7 -9 11 10 13 12 -14 -15 -16 16 17 18 -20 -21 -22 -23 23 25 -26 -27 -28 28 -30 -31
leaf_value=0.010282871406206638 -0.077559296472080055 -0.054262580542350426 0.019891049796710119 0.051468234780957661 -0.081543407247668648 -0.068776535972826944 -0.091779839551971595 0.0044840672160936469 0.030937324037133063 -0.077642445387417311 0.101347243049244 0.011222632413186813 -0.060869000016252631 0.01505210942842183 0.0011498739157092366 -0.032096792955885439 -0.060140164086560803 0.12892837171876195 -0.0026850864552824642 -0.0087988907092661946 0.26880698455872987 0.23099892612727638 0.060128455906478896 0.25976892209362845 -0.052883905203977045 -0.036281006890751914 -0.055075640022469688 -0.033786305767766214 -0.0039694302568308139 0.080677329545716603
leaf_weight=107.61963324125827 8.1727075967555702 8.4109892012256733 173.63020349898215 14.333335390178034 4.8646764582372262 11.618454729773019 4.6887450967651594 39.082263490068726 4.5618984876200548 3.3386384895975416 4.3277312333848412 7.097882911346459 74.751262218123884 25.181909931641712 10334.316095869948 148.61834375478247 16.095289438148029 1.1932452249457117 34.869796938437503 6.4662332348525515 4.545196977443994 1.6232417258434004 25.799088595912963 3.5026525230614416 16.613402516710266 1.0665401670103163 7.9159790056291959 17.772760830638617 790.35673382151936 23.776136545684949
leaf_count=18706 85373 556266 169889 13218 59 2285 238 283 31 175 13 41 654 175 75236 19441 635 107 1121 107 49 16 2702 1474 5952 81 385 32220 415490 26655
internal_value=0.00054468 0.000604742 0.0161871 0.000361679 0.000294801 0.000335735 -0.0109561 -0.0249536 -0.0341973 0.00194798 0.0176429 -0.0497415 -0.0545573 0.0306147 0.000603671 -0.00446967 -0.0184598 0.00947171 0.0299627 0.0801348 0.116004 0.0338961 -0.000975746 0.0369848 0.0156619 0.196559 -0.0206031 -0.00313132 -0.00213304 0.0320716
internal_weight=11926.2 11918 182.041 11736 11721.7 11716.8 270.65 163.03 123.948 37.537 32.8483 86.411 81.8491 29.5096 11446.1 1111.83 221.327 72.709 56.6137 21.7439 15.2777 10.7325 890.506 46.9817 42.4125 4.56919 9.10922 843.524 831.906 41.5489
internal_count=1429077 1343704 726155 617549 604331 604272 20316 1610 1327 601 363 726 695 188 583956 508720 21861 2420 1785 664 557 508 486859 10209 8654 1555 492 476650 474365 58875
is_linear=0
shrinkage=0.06


Tree=176
num_leaves=31
num_cat=0
split_feature=4 0 6 6 14 6 1 1 17 9 17 7 2 6 14 2 6 7 6 10 9 7 7 8 9 0 7 2 3 4
split_gain=15.5695 14.4684 13.989 21.6151 57.6035 17.6649 21.2997 16.8723 14.4919 44.9041 21.7423 18.2067 16.0211 15.4887 13.9197 18.8614 14.116 16.0352 13.5362 18.5391 26.0225 15.3148 14.9353 13.3689 17.9152 11.8962 13.3674 11.257 11.1683 13.5085
threshold=-0.63829940557479847 0.99946531653404247 5.0907099246978769 4.9981007575988778 10.500000000000002 7.9086923599243173 9.5000000000000018 11.500000000000002 70.13513565063478 83.157192230224624 69.309261322021499 0.53634834289550792 -0.017557801678776738 5.0186154842376718 7.5000000000000009 -0.99934396147727955 5.0011937618255624 0.71118706464767467 5.011017084121705 0.44722221791744238 88.084316253662124 0.00012772751506417992 0.00010060308341053316 91.54584121704103 76.975051879882827 0.63609617948532116 0.00031283998396247631 -0.082499116659164415 3.5000000000000004 -0.43075647950172419
decision_type=2 2 2 2 2 2 2 2 2 2 2 2 2 2 2 2 2 2 2 2 2 2 2 2 2 2 2 2 2 2
left_child=23 2 3 -2 8 6 28 -7 10 14 -5 12 13 25 15 -10 17 -17 -6 27 -21 22 -22 -1 -25 -11 -27 -20 29 -4
right_child=1 -3 5 4 18 7 -8 -9 9 11 -12 -13 -14 -15 -16 16 -18 -19 19 20 21 -23 -24 24 -26 26 -28 -29 -30 -31
leaf_value=-0.049842672919086069 -0.00012064165959627856 0.034939509392402965 0.069812225478039003 0.013574865051078586 -0.055263850651251389 -0.030189019612386594 -0.051256787070504996 0.084196765901564594 0.11488292008223205 -0.06995749780708814 0.13553953204493877 0.051530791503905014 0.026392308972976671 -0.015005706608901314 0.018349425661802851 -0.015276373655643289 -0.007897990992259768 -0.13311713239571998 -0.11987422745027394 0.13024819111391589 -0.011253264492338632 -0.042640340655201996 0.14563668837040178 -0.046964187660593189 0.1363882962864206 -0.26291597117550003 -0.072776045384199892 0.010816037077676453 -0.017972264999732149 0.0080937567824624981
leaf_weight=35.759638615486438 9778.849355242799 42.065285904176562 11.902141814493005 89.018751551913738 106.85593876452185 70.508495938089254 21.476295140537331 4.0102433795482275 2.9380302746294538 5.6396936741366606 4.6215335007855165 2.4545426678814684 2.5508431745693079 3.8873151383777431 95.698408731789641 9.7335065511288139 74.24999415419552 6.6679885052144519 6.8845062627169682 4.3148101376136792 5.1578958858735886 19.393017157912254 2.6307867055293173 3.2939512450566317 2.6225875735599402 4.4203221490606666 3.1208411082625389 3.172240774962118 58.132081983864737 1424.3050463813524
leaf_count=653844 478738 139270 440 17787 1435 1161 51167 3376 4762 52 242 21 278 25 879 163 725 35 112 47 120 290 10 57451 51 41 14 76 1008 16036
internal_value=9.50924e-05 0.000225194 9.87347e-05 -0.000715087 -0.0135072 0.00533205 0.00673912 -0.0229999 0.0014398 -0.00726757 0.0209629 -0.0862932 -0.105199 -0.125238 0.00235296 -0.014025 -0.0194109 -0.0680809 -0.0440294 -0.0145198 0.00868273 -0.0145515 0.0522808 -0.0360806 0.0422779 -0.154397 -0.201962 -0.0814003 0.00760634 0.00865345
internal_weight=11906.3 11864.7 11822.6 10232.3 453.411 1590.33 1515.82 74.5187 305.002 211.361 93.6403 22.0736 19.619 17.0682 189.288 93.5895 90.6515 16.4015 148.409 41.5533 31.4965 27.1817 7.78868 41.6762 5.91654 13.1809 7.54116 10.0567 1494.34 1436.21
internal_count=1429656 718310 579040 505852 27114 73188 68651 4537 25024 6995 18029 431 410 132 6564 5685 923 198 2090 655 467 420 130 711346 57502 107 55 188 17484 16476
is_linear=0
shrinkage=0.06


Tree=177
num_leaves=31
num_cat=0
split_feature=6 6 1 7 6 8 14 10 0 7 1 6 14 7 7 8 2 9 6 7 10 8 10 9 6 8 8 6 14 5
split_gain=22.0635 22.7495 17.4588 14.0616 20.1932 17.0301 12.884 17.7786 14.5559 13.9356 14.0414 13.0567 39.8439 27.1778 17.0906 15.2544 12.9458 12.7861 12.65 12.5779 14.9894 22.8746 16.4089 14.1724 12.4665 11.5561 24.5564 23.1641 15.99 21.9539
threshold=0.96871358156204235 1.9991011023521426 2.5000000000000004 0.0096606519073247927 2.2690864801406865 84.660633087158217 40.500000000000007 0.56385868787765514 0.079893685877323165 0.0043362281285226354 5.5000000000000009 2.0055125951766972 7.5000000000000009 0.0016353903920389714 1.5619859695434573 94.360820770263686 -0.99389299750328053 92.017700195312514 2.003565907478333 1.0131974816322329 0.23205128312110904 74.849395751953139 0.21583850681781772 79.495143890380874 0.055739754810929305 90.054946899414077 88.047618865966811 1.0000000180025095e-35 30.500000000000004 0.28830029070377355
decision_type=2 2 2 2 2 2 2 2 2 2 2 2 2 2 2 2 2 2 2 2 2 2 2 2 2 2 2 2 2 2
left_child=19 -2 3 -3 -5 17 11 8 -8 -9 -11 12 16 15 -15 -14 -4 -6 -16 20 21 22 -1 -24 -23 26 28 -28 -22 -30
right_child=1 2 6 4 5 -7 7 9 -10 10 -12 -13 13 14 18 -17 -18 -19 -20 -21 25 24 23 -25 -26 -27 27 -29 29 -31
leaf_value=-0.048584567895934794 0.0066564444754028656 0.033420771148071599 -0.057547093957100275 -0.090745680510777041 -0.12045015779903223 0.030288239469462339 0.17786854489052781 -0.00060763256537315193 0.039166614257631134 0.067429896049967478 -0.042586646413179968 -0.00097335495501766993 -0.037880448984149981 0.023998409696853348 -0.0076589744090257627 0.010996164686446697 0.013512628093459636 0.016823061381814587 -0.1127698615026711 -0.035224163103576261 -0.019604255260872672 -0.00078886925038415361 -0.069290226164397159 0.10252482563291339 0.044019756988458433 -0.030908319748906805 0.19411461249199111 0.020359991823746693 0.10956500949649214 -0.0053498962296780967
leaf_weight=29.825001071532824 1698.2255584579889 93.557549503681003 8.7097184700514827 7.438288186400313 4.4776051863736921 33.306065553115332 2.1565884603187433 162.42195270328375 30.342090670252219 20.402434736402942 4.4606473612657274 8732.6667664842898 227.18929996999759 57.364979013804259 13.28262887382971 25.125237264666794 194.42069740888292 4.0183221838378813 5.0851893983108303 69.293001207956877 251.87751122908912 37.800077348510513 1.6928739471768484 4.5281674139750976 53.572784083098668 104.17172942888374 1.9721313097688824 45.655243727508605 7.3569544868660186 20.785735600045882
leaf_count=52180 167746 72468 62821 1257 126 4448 12 9822 580 898 63 1014063 3701 2795 49 962 1960 1343 27 4658 11517 4838 2299 39 4761 2987 8 468 128 408
internal_value=-0.000351792 0.000255935 -0.000873771 0.0198763 -0.00601157 0.010834 -0.00118827 0.0131365 0.0534057 0.00590229 0.0468085 -0.00152951 -0.0106538 -0.0235577 0.00788516 -0.0329892 0.0101988 -0.0605896 -0.0410793 -0.0112846 -0.00826078 0.00976677 -0.0301634 0.0526495 0.025675 -0.0135905 -0.00800725 0.0313987 -0.0147975 0.0274195
internal_weight=11953.2 11324.7 9626.43 142.798 49.2403 41.802 9483.63 219.784 32.4987 187.285 24.8631 9263.84 531.178 328.047 75.7328 252.315 203.13 8.49593 18.3678 628.531 559.238 127.419 36.046 6.22104 91.3729 431.819 327.648 47.6274 280.02 28.1427
internal_count=1429432 1345141 1177395 79642 7174 5917 1097753 11375 592 10783 961 1086378 72315 7534 2871 4663 64781 1469 76 84291 79633 64117 54518 2338 9599 15516 12529 476 12053 536
is_linear=0
shrinkage=0.06


Tree=178
num_leaves=31
num_cat=0
split_feature=0 2 7 8 9 6 9 11 17 6 9 8 6 8 8 6 1 1 7 6 5 17 1 14 7 7 2 8 8 8
split_gain=12.6528 11.2508 17.1106 13.3842 12.77 30.754 20.5759 19.8624 26.9027 45.2661 30.186 18.8907 16.8563 15.9683 16.662 32.3088 16.611 14.9302 16.3613 18.6101 14.3804 25.0852 19.3539 17.7128 16.7876 16.0022 15.476 13.9417 30.3298 18.7086
threshold=0.99987992644310009 -0.95418816804885853 2.2512538433074956 83.910789489746108 69.779552459716811 1.0021049380302431 94.146202087402358 1.0000000180025095e-35 28.831169128417972 4.3964679241180429 89.676071166992202 21.654184341430668 1.0013515353202822 41.897974014282234 32.757078170776374 5.0022437572479257 6.5000000000000009 5.5000000000000009 0.0038068061694502835 2.0707226991653447 0.010887036565691234 58.434959411621101 9.5000000000000018 4.5000000000000009 0.0033986198250204329 0.0038068061694502835 -0.99119699001312245 50.252525329589851 47.856706619262702 54.261501312255866
decision_type=2 2 2 2 2 2 2 2 2 2 2 2 2 2 2 2 2 2 2 2 2 2 2 2 2 2 2 2 2 2
left_child=1 2 4 -4 12 6 -6 11 9 10 17 -7 -1 14 15 -11 -16 18 -9 -20 21 23 26 24 -10 -26 -23 28 -14 -29
right_child=-2 -3 3 -5 5 7 -8 8 20 13 -12 -13 27 -15 16 -17 -18 -19 19 -21 -22 22 -24 -25 25 -27 -28 29 -30 -31
leaf_value=-0.081145516708332782 0.044543991250099155 0.00086507627812072903 -0.021604920210576469 0.30208675816882158 0.080981358536486719 -0.07198278410527631 -0.057493155313777362 0.033536171330077871 -0.046022644111541021 0.14740474130923512 -0.076520458628836635 -0.018395430273671378 0.0011848076124173757 -0.044177730371369739 -0.036526894947946975 -0.057205386470466704 0.22048443000106485 -0.056457416974911245 0.27544083741190106 -0.027872187903550488 -0.029109130034201288 -0.047646945708951373 0.25036891450173954 0.047221948230928304 0.2681746682979918 -0.029789537758784249 0.12264478981793553 -0.065813062729873972 0.075818457385224997 0.00049643835231751152
leaf_weight=7.7824546367201028 22.288504253134306 10801.006555600568 0.55941965787587733 0.15581754443201135 18.813933541257942 24.467390156425608 4.0355746314080525 16.302450437333398 26.270124827236035 5.7239400278713273 12.102531125098265 374.12356986171744 65.300562772248213 1.6983551262451317 0.73525106088345538 4.0140850228176532 6.4544159779711663 4.1407257206988097 1.3040253721605943 0.81814572178882361 76.322744947578485 3.0441007548179182 1.4630867708028743 13.592445176989711 0.27455454455866746 0.96622609928635939 2.8429833074915218 14.944570717455916 27.030309476413095 389.25412630982191
leaf_count=20248 94848 224930 1177 150 1404 3272 99 278 4091 273 792 73455 446377 324 14 726 430 2798 213 264 10450 259 69 516 85 753 40 75461 54137 411605
internal_value=0.000361527 0.000275079 -0.00548993 0.18392 -0.00577902 -0.0116905 0.0551394 -0.0144294 0.00222509 0.0375118 -0.00360657 -0.0218568 0.00125761 0.110328 0.127429 0.0655901 0.19295 0.0370872 0.0599345 0.187032 -0.0130248 0.0123871 0.107221 -0.00671513 -0.0340857 0.126398 0.0404573 0.00270968 0.0236124 -0.00211162
internal_weight=11927.8 11905.5 1104.54 0.715237 1103.82 599.511 22.8495 576.661 178.07 53.2939 34.6679 398.591 504.312 18.626 16.9277 9.73803 7.18967 22.5653 18.4246 2.12217 124.776 48.4535 7.35017 41.1034 27.5109 1.24078 5.88708 496.53 92.3309 404.199
internal_count=1429538 1334690 1109760 1327 1108433 100605 1503 99102 22375 6112 4345 76727 1007828 1767 1443 999 444 3553 755 477 16263 5813 368 5445 4929 838 299 987580 500514 487066
is_linear=0
shrinkage=0.06


Tree=179
num_leaves=31
num_cat=0
split_feature=0 5 6 6 10 8 10 8 0 1 6 14 8 6 7 6 13 6 7 5 0 8 14 5 14 8 1 9 14 9
split_gain=13.9507 9.849 6.38509 29.5951 36.9371 32.1881 25.8222 24.9744 23.2263 20.3122 19.2204 17.1189 16.9421 15.6929 23.8113 22.5838 18.7429 19.1236 22.5036 18.9417 18.4434 22.7882 28.5994 20.4757 19.7954 28.6347 18.2058 21.2717 17.9648 17.5627
threshold=0.99976190924644481 0.99969616532325756 2.9971268177032475 3.004915833473206 0.5419580638408662 77.849929809570327 0.094494048506021514 88.261791229248061 0.038541378453373916 3.5000000000000004 3.0004034042358403 34.500000000000007 99.462364196777358 2.1250880956649785 5.9965223044855527e-05 1.999687731266022 1.0000000180025095e-35 2.8195950984954838 0.00022387784702004868 0.050099568441510207 0.18442497402429583 45.923791885375984 4.5000000000000009 0.035162262618541724 34.500000000000007 89.512962341308608 4.5000000000000009 88.084316253662124 18.500000000000004 34.50328445434571
decision_type=2 2 2 2 2 2 2 2 2 2 2 2 2 2 2 2 2 2 2 2 2 2 2 2 2 2 2 2 2 2
left_child=1 2 13 4 5 8 -7 -6 -4 -5 -8 -11 -9 15 29 -1 17 18 -16 28 21 -19 23 -23 -24 -26 27 -17 -20 -15
right_child=-2 -3 3 9 7 6 10 12 -10 11 -12 -13 -14 14 16 26 -18 20 19 -21 -22 22 24 -25 25 -27 -28 -29 -30 -31
leaf_value=0.0031747883547779175 0.042913843576361861 -0.060224170927257764 -0.024539144201643687 0.019546035820922656 -0.017459644062107028 0.0041190629256078522 -0.0089418413997121131 -0.051930985729523177 0.0395449716328031 -0.00090474829690273615 -0.061020121676660405 0.010682105024507298 -0.18830415874996295 -0.03462525979393806 0.043901218122164576 0.0020300410754895077 -0.022008187812053041 -0.063914702833023807 -0.07104196307476858 0.011001888887576302 -0.0091026350928972086 0.018080441684455599 -0.0098945036613747525 0.13294477167426511 -0.052374208603073756 0.16086884640974178 -0.067736811591599694 -0.015663887521779163 0.050443036932536434 0.0204367974341376
leaf_weight=2363.5661961481092 27.089235085779364 8.5827719958451762 25.635412010588425 197.23828921449513 155.43524530625928 128.14008058518402 49.312931640594797 78.157815233978909 88.210061402518477 5666.5762663533042 52.764626964761192 498.49236176625709 2.6202999140950842 20.921036603735956 72.448558897383009 507.38929040159383 103.22756916837579 8.9285833176759279 18.048676933738538 373.60860963823188 392.62156682910427 9.7724375020879979 42.152327203998539 13.265518651529872 2.9374413299374265 5.2618428524583578 16.807925717072976 470.90603618362002 4.9061286409851155 477.79708733117695
leaf_count=155234 117603 472529 45415 11782 3122 3068 696 1171 508 436888 948 4907 394 1546 4557 8669 11035 14934 8763 14136 2912 5636 6054 5358 47 21 66712 7804 65 16754
internal_value=0.000679433 0.00057932 0.000628449 -0.000542309 -0.0135017 -0.000940347 -0.0138341 -0.0317173 0.0250267 0.000641596 -0.0361923 3.37168e-05 -0.0586032 0.00228547 0.00728595 -1.75871e-05 0.00214139 0.0048028 0.0133838 0.00771215 -0.00368142 0.0219743 0.0331423 0.0869998 0.00728593 0.0870845 -0.00759568 -0.00649429 -0.0440551 0.0180623
internal_weight=11882.8 11855.7 11847.2 6942.58 580.276 344.063 230.218 236.213 113.845 6362.31 102.078 6165.07 80.7781 4904.57 1545.9 3358.67 1047.18 943.952 469.012 396.563 474.94 82.3182 73.3896 23.038 50.3516 8.19928 995.103 978.295 22.9548 498.718
internal_count=1429268 1311665 839136 508899 55322 50635 4712 4687 45923 453577 1644 441795 1565 330237 91818 238419 73518 62483 27521 22964 34962 32050 17116 10994 6122 68 83185 16473 8828 18300
is_linear=0
shrinkage=0.06


Tree=180
num_leaves=31
num_cat=0
split_feature=0 7 2 4 16 9 4 4 2 8 4 5 8 10 1 4 7 4 6 3 9 14 3 4 9 17 8 10 7 9
split_gain=10.2524 7.40916 18.2767 21.6123 52.7125 17.7743 18.159 20.04 16.8077 16.6156 22.0038 21.3936 25.5608 19.6967 26.9842 19.1129 19.1034 18.107 17.2737 15.9988 15.6268 18.9667 16.4731 16.1556 15.3637 15.2056 15.0527 24.3689 26.1564 18.3424
threshold=0.99979946017265331 0.1463500112295151 -0.98909857869148243 -0.0069817721378058186 88.117645263671889 96.848724365234389 -0.29875855147838587 -0.12706227600574491 -0.65699636936187733 95.488464355468764 -0.23143005371093747 0.92418035864830028 94.360820770263686 0.30217391252517706 9.5000000000000018 -0.56932592391967762 1.5619859695434573 -0.049054281786084168 2.8679420948028569 4.5000000000000009 65.636928558349624 3.5000000000000004 3.5000000000000004 -0.091630481183528886 80.109889984130874 85.357143402099624 65.64831924438478 0.077935222536325469 0.0067095339763909587 49.890829086303718
decision_type=2 2 2 2 2 2 2 2 2 2 2 2 2 2 2 2 2 2 2 2 2 2 2 2 2 2 2 2 2 2
left_child=1 20 -3 5 -5 9 -7 -8 -6 11 -11 12 13 -4 -15 16 24 -12 -18 -10 21 23 -22 -1 -13 -17 29 -28 -29 -23
right_child=-2 2 3 4 8 6 7 -9 19 10 17 15 -14 14 -16 25 18 -19 -20 -21 22 26 -24 -25 -26 -27 27 28 -30 -31
leaf_value=0.11730470514499586 0.038869339525770666 -0.05776788716910105 0.010104541010173117 -0.03326407182544977 -0.069540082366887204 -0.059459350651525217 0.091721617362216651 0.0057008715899198245 -0.0004279850670275276 -0.047417332625681465 0.062739379424394739 -0.054788035450335178 -0.068184843769295025 -0.056233096192592646 0.10779701373632272 -0.080671683646836093 -0.03919353915971803 0.013368357210476044 0.15604744332378798 -0.046700454055634597 0.00068153078563241401 -0.00866565226612377 0.094188238481165976 -0.0025010322892466815 0.065162099554970751 -0.013007712430826476 0.024716672550644202 0.0061874984133154336 -0.046149518095036639 0.049564387519024831
leaf_weight=3.0909838034103805 24.552714514677064 19.77713311994421 719.51297136412995 215.2872181300695 12.062241517007349 4.8233928589424968 22.171566468779929 17.074405206469237 1601.8904199274257 13.04261393982233 42.889119319512247 7.7082659398852247 15.187247188474428 28.920795571670169 3.1708310950116347 11.527712232746124 1.6914035182467149 70.330874981475063 5.8075894523522038 26.359337791800499 7666.3470221062435 25.315887803708392 5.7886307130002015 425.76962199473837 5.8829243747072724 290.11468332137156 249.05638502626425 265.05161334446257 38.477691960261836 79.692252372756229
leaf_count=2943 111942 665075 7827 1224 53 1600 169 185 5140 4433 205 56953 84 723 118 564 1093 196 1049 77 152744 31323 10684 310104 4887 1731 22704 8611 2511 22644
internal_value=0.000904253 0.00082262 -0.00167999 -0.00130552 -0.00542209 0.00475712 0.0417605 0.0553689 -0.00174985 0.00338262 0.0238977 0.000985437 0.00643897 0.00803545 -0.0372582 -0.0119517 0.0420195 0.0324563 0.112581 -0.00120528 0.00171855 0.00844985 0.000764348 -0.00136666 -0.00196029 -0.0158516 0.0148442 0.0108472 -0.000576899 0.0355767
internal_weight=11918.4 11893.8 3135.23 3115.46 1855.6 1259.86 44.0694 39.246 1640.31 1215.79 126.263 1089.52 766.792 751.605 32.0916 322.733 21.0902 113.22 7.49899 1628.25 8758.59 1086.45 7672.14 428.861 13.5912 301.642 657.594 552.586 303.529 105.008
internal_count=1429596 1317654 753386 88311 6494 81817 1954 354 5270 79863 4834 75029 8752 8668 841 66277 63982 401 2142 5217 564268 400840 163428 313047 61840 2295 87793 33826 11122 53967
is_linear=0
shrinkage=0.06


Tree=181
num_leaves=31
num_cat=0
split_feature=0 5 2 0 8 8 8 13 9 5 7 9 5 14 10 10 0 14 7 9 6 7 5 14 10 8 16 7 8 9
split_gain=12.5269 11.8652 15.861 16.4452 19.9009 36.6242 13.7434 14.3324 27.9311 20.0533 19.6647 18.7535 22.2169 20.5171 20.0593 17.9853 21.83 16.1849 15.6478 13.6772 19.7869 15.1336 19.2555 13.566 30.5816 34.6373 35.2862 24.6898 23.4149 20.0043
threshold=0.99979946017265331 0.28830029070377355 -0.98205760121345509 0.038541378453373916 76.028167724609389 84.660633087158217 46.841754913330085 1.0000000180025095e-35 93.836658477783217 0.95847877860069286 0.0019175292691215875 98.994949340820327 0.99138492345809948 5.5000000000000009 0.35857143998146063 0.21807064861059192 0.38107465207576757 51.500000000000007 0.00017739352915668863 99.82578277587892 3.0218182802200322 0.00011604261453612709 0.86405959725379955 8.5000000000000018 0.64495798945426952 87.112743377685561 69.309261322021499 0.0013210475444793703 89.009658813476577 95.469207763671889
decision_type=2 2 2 2 2 2 2 2 2 2 2 2 2 2 2 2 2 2 2 2 2 2 2 2 2 2 2 2 2 2
left_child=1 23 -3 4 -4 -6 -5 17 9 10 -9 12 13 14 -10 -12 -17 19 -16 -8 21 22 -21 28 25 27 -27 29 -1 -25
right_child=-2 2 3 6 5 -7 7 8 11 -11 15 -13 -14 -15 18 16 -18 -19 -20 20 -22 -23 -24 24 -26 26 -28 -29 -30 -31
leaf_value=-0.0018662368782157884 0.043002368170800637 -0.056843899849532913 -0.017098347531931388 0.0090252458802909767 0.19058038949975664 -0.047157388715802863 0.0013454562296782732 0.0018742114403857537 0.023405685309208724 0.019529944967938775 -0.0049742170741285908 -0.0027761826147322337 0.014657320191282694 -0.043013933655638791 -0.2760829021884168 0.039218381743174907 -0.095680625121946625 0.052936288067308268 -0.068045311974718248 -0.13726268806072181 0.0030221529558163785 -0.094062941108923034 0.018857847570096672 0.0016346348693294219 0.0030074584463358144 0.068926181765785674 -0.038459156231740066 -0.035058231011612637 0.02528558608063191 0.094308297291814086
leaf_weight=1694.8661728649085 23.706359892326873 15.863160897893975 6.6455612629797534 756.89770065482844 6.0007920723842272 2.9962805373193078 7666.2205216919383 134.7404792830348 1.8758992049843062 135.54199143202459 27.224263584357686 76.843338789180052 21.586540262354902 98.172360912431031 2.6854552607983351 4.6570262428140294 23.646620260551572 20.738555689080385 3.3857888858765364 2.5705446228384963 43.333280053850103 17.864307418608405 13.146397368036558 231.30125361230603 451.33418723772047 10.626145786387495 251.77008231096443 71.020996577468395 121.60630778183713 7.7023040419444433
leaf_count=451620 112373 662127 48146 9529 3842 8248 56643 576 12 16067 133 14905 8080 671 56 26 108 281 24 13 4411 2397 2364 3972 4521 54 6651 4098 7306 48
internal_value=0.000322915 0.000234456 0.00129292 0.0014009 0.0609899 0.11461 0.00129118 0.000584403 -0.00894898 0.00197156 -0.0105733 -0.0262684 -0.0402728 -0.051479 -0.139554 -0.0402764 -0.0729037 0.00123671 -0.186095 0.00109142 -0.0239209 -0.0577702 -0.0133596 -0.00314963 -0.00866949 -0.0178656 -0.0338652 -0.00425851 -3.56075e-05 0.00500171
internal_weight=11946.6 11922.9 9082.64 9066.77 15.6426 8.99707 9051.13 8294.23 530.36 325.81 190.268 204.549 127.706 106.12 7.94714 55.5279 28.3036 7763.87 6.07124 7743.14 76.9145 33.5812 15.7169 2840.23 1023.75 572.421 262.396 310.025 1816.47 239.004
internal_count=1429302 1316929 838659 176532 60236 12090 116296 106767 40658 16910 843 23748 8843 763 92 267 134 66109 80 65828 9185 4774 2377 478270 19344 14823 6705 8118 458926 4020
is_linear=0
shrinkage=0.06


Tree=182
num_leaves=31
num_cat=0
split_feature=1 8 17 10 10 6 1 14 6 2 10 6 6 6 9 13 6 0 4 17 14 4 10 8 10 14 6 6 14 6
split_gain=11.1111 21.4921 11.2577 15.5652 12.7908 11.4009 11.907 11.3987 10.4461 17.4706 17.6747 16.3395 11.3532 10.7608 15.329 9.82576 10.5354 9.75823 9.50399 8.42808 25.0982 15.5244 17.7291 9.13294 15.8214 18.2989 15.2402 26.1899 23.8347 21.3512
threshold=10.500000000000002 21.654184341430668 20.256410598754886 0.37797619402408605 0.43167701363563543 4.4601030349731454 3.5000000000000004 1.5000000000000002 2.0227572917938237 -0.98205760121345509 0.60434782505035411 3.980337500572205 2.9697499275207524 2.390587687492371 95.922985076904311 1.0000000180025095e-35 3.0140999555587773 0.99987992644310009 -0.00013128468708600846 24.121212005615238 3.5000000000000004 -0.12706227600574491 0.82480818033218395 63.224515914916999 0.94281044602394115 11.500000000000002 5.0907099246978769 5.8254165649414071 3.5000000000000004 4.9981007575988778
decision_type=2 2 2 2 2 2 2 2 2 2 2 2 2 2 2 2 2 2 2 2 2 2 2 2 2 2 2 2 2 2
left_child=2 18 3 7 5 6 -5 -1 9 10 -6 12 13 14 -10 -3 -17 19 -2 20 21 -4 -23 -21 26 -26 29 28 -28 -25
right_child=1 15 17 4 8 -7 -8 -9 11 -11 -12 -13 -14 -15 -16 16 -18 -19 -20 23 -22 22 -24 24 25 -27 27 -29 -30 -31
leaf_value=0.053317958884144978 0.15021390274393503 -0.060022198103978547 0.058084185407302633 -0.022355998373849859 -0.036912677117764039 -0.055351927459050133 0.090397600361863409 -0.084538932758538105 -0.10843624604859732 0.021526928288881451 0.19591132597448405 0.0176021053558118 -0.037456655630154018 0.034238191985380008 0.032345114944990976 0.076509378295093938 -0.045733810992164947 0.041871567602741307 -0.032211348464911492 0.0035144110062362128 0.017894451863358949 -0.063845150219984423 0.019893071718299751 -0.0010628536193062624 0.030070292517599607 -0.1130443536047944 -0.026644949519726666 -0.00054735136940086825 0.022782687994733274 -0.016012574862667495
leaf_weight=2.0366072952688219 2.2486038652452862 29.494555457879642 4.4893040978377021 3.7127002776178477 1.2507285198198577 2.2039866627073925 17.1919624237471 8.6781110172282734 4.6120234856712177 61.986203587576711 3.1334592359226008 113.17202633198349 44.13285096872869 20.264772442193134 4.827639619078127 3.7739903827787185 4.4622858277493833 18.856234908053011 1.0620405575532452 2092.9661338399219 43.855435876752836 48.913832775424908 10.636149512429254 7761.2791795517787 4.3691162466129745 8.346475626658501 38.046447058890863 857.73284758129421 361.98143532317135 358.88054183393797
leaf_count=1365 7794 711356 2363 83 107 155 629 3348 151 596 36 1298 814 222 70 50869 65625 95038 3169 229545 509 2148 64 208949 2286 6065 1541 17257 5971 9857
internal_value=2.76422e-05 -0.0307635 0.000136435 0.0118503 0.014673 0.0564862 0.070266 -0.0560211 0.0106525 0.0309128 0.134971 0.00333579 -0.0184735 0.0100317 -0.0402361 -0.0442776 0.012499 -0.000154325 0.0977961 -0.000226296 -0.0168399 -0.040536 -0.0488072 -6.87499e-05 -0.000867647 -0.0652626 -0.000773384 0.00536978 0.0180269 -0.00172547
internal_weight=11938.6 41.0415 11897.6 287.203 276.488 23.1086 20.9047 10.7147 253.38 66.3704 4.38419 187.009 73.8373 29.7044 9.43966 37.7308 8.23628 11610.4 3.31064 11591.5 107.895 64.0393 59.55 11483.6 9390.64 12.7156 9377.92 1257.76 400.028 8120.16
internal_count=1429280 838813 590467 8874 4161 867 712 4713 3294 739 143 2555 1257 443 221 827850 116494 581593 10963 486555 5084 4575 2212 481471 251926 8351 243575 24769 7512 218806
is_linear=0
shrinkage=0.06


Tree=183
num_leaves=31
num_cat=0
split_feature=0 5 0 5 14 11 5 6 8 16 8 4 4 14 9 14 6 9 6 5 2 8 6 13 16 6 9 8 9 14
split_gain=10.0215 12.3014 7.88663 7.33056 15.5 15.4664 17.7895 19.3847 20.6047 22.172 18.6071 17.3238 14.4744 12.3239 13.4987 12.4795 13.1414 14.3209 9.91296 14.4034 19.5446 22.1061 16.7219 16.4712 12.9376 12.1755 11.227 9.83589 9.3625 9.07012
threshold=0.99971619248390209 0.99969616532325756 8.6773325165268047e-05 0.93222767114639293 51.500000000000007 1.0000000180025095e-35 0.94737157225608837 5.9977171421051034 70.064933776855483 84.73193740844728 88.633693695068374 -0.17632781714200971 -0.29875855147838587 49.500000000000007 94.956760406494155 46.500000000000007 3.4685746431350712 94.146202087402358 2.9954572916030888 0.94737157225608837 -0.06340844556689261 91.715686798095717 3.0033202171325688 1.0000000180025095e-35 84.924243927001967 6.2961447238922128 91.533855438232436 92.031745910644545 92.017700195312514 8.5000000000000018
decision_type=2 2 2 2 2 2 2 2 2 2 2 2 2 2 2 2 2 2 2 2 2 2 2 2 2 2 2 2 2 2
left_child=1 2 -1 4 13 18 7 8 -7 -10 -11 12 -8 15 -15 -4 -17 -18 -5 25 21 26 -22 24 -23 -20 -21 -26 -28 -13
right_child=-2 -3 3 5 -6 6 11 -9 9 10 -12 29 -14 14 -16 16 17 -19 19 20 22 23 -24 -25 27 -27 28 -29 -30 -31
leaf_value=-0.053982606370648362 0.036773712009237389 -0.075094170038476252 -0.0013120470570417559 0.014436599437961448 0.043418885027689591 0.011929672047540462 -0.045388608200274114 -0.14105211872097906 -0.13615343320266365 0.020287324741310543 -0.095104706552682702 0.0089702981905824247 0.10980166792143699 -0.099588411859085263 -0.006079359834663573 -0.0055142376017607011 0.11497432061305542 0.022520799323658539 0.023418822504342317 -0.076921609134416813 -0.037917413300217438 0.056516625955760784 0.0054805506526559916 0.13371386219896753 0.059856683120977042 -0.054287474981025235 0.076142862830091793 -0.070727362921436179 -0.061658569496711939 -0.0085683582262875233
leaf_weight=8.9507495771522354 24.830592071852152 6.9833691880285178 10035.375115991705 431.1775592351255 27.02418707072502 28.441190271560117 2.2599610513188964 4.698771574350757 8.3091911022929725 12.999312166124584 6.9413898643106213 157.31726714828983 7.6752899687853624 8.5708409204380605 13.589469358033964 21.61809485591948 8.8542188685387391 17.240164804272354 135.4619228388483 30.222740244160377 33.7204693678068 6.013249909943629 401.83464626336354 2.5059545014028108 1.7931533676533042 6.7358240533121707 2.9257720889891052 9.1833418138685357 2.2767726085448885 321.38504803097749
leaf_count=521001 122896 467475 169614 41575 74 281 6245 38 64 61 50 8278 37 63 61 82 24 53 1417 36630 1909 537 16343 170 308 110 90 6799 829 26968
internal_value=-0.000557891 -0.00063982 -0.000589205 -0.000543926 -0.0011422 0.00321054 -0.00495238 -0.0351232 -0.0240507 -0.0594441 -0.0225043 -0.00109788 0.0735782 -0.00126565 -0.0449838 -0.00116512 0.029131 0.0569773 0.00743157 0.00264229 -0.00224115 -0.0356345 0.00204154 0.015228 -0.00870978 0.0193845 -0.0632754 -0.0461781 0.0156191 -0.0027979
internal_weight=11786.9 11762.1 11755.1 11746.2 10132.3 1613.88 550.027 61.3899 56.6911 28.2499 19.9407 488.638 9.93525 10105.2 22.1603 10083.1 47.7125 26.0944 1063.85 632.674 490.476 54.921 435.555 19.4957 16.9897 142.198 35.4253 10.9765 5.20254 478.702
internal_count=1430082 1307186 839711 318710 169971 148739 42022 494 456 175 111 41528 6282 169897 124 169773 159 77 106717 65142 63615 45363 18252 7814 7644 1527 37549 7107 919 35246
is_linear=0
shrinkage=0.06


Tree=184
num_leaves=31
num_cat=0
split_feature=0 5 7 9 9 16 10 10 16 4 0 6 6 6 6 6 1 17 6 7 6 16 16 9 10 9 17 10 14 7
split_gain=11.3443 8.86428 24.8732 29.0791 35.6056 14.0169 16.4788 19.3798 17.6133 15.9089 14.2758 12.9119 22.0777 16.0156 16.1509 17.7932 11.9741 11.5149 17.7224 26.3485 24.8169 23.7341 21.3741 18.6852 17.2387 16.1849 28.3232 26.5916 20.0043 18.3742
threshold=0.99987992644310009 0.15060451626777652 0.05272681079804898 75.701915740966811 93.836658477783217 27.681992530822757 0.39009661972522741 0.51086956262588512 76.533164978027358 -0.067475527524948106 0.079893685877323165 1.8372327685356142 1.8831276297569277 2.6645809412002568 3.8933389186859135 8.1526007652282733 4.5000000000000009 30.940170288085941 3.9717557430267338 0.022729906253516678 4.0002286434173593 30.602005958557132 49.56140327453614 93.116607666015639 0.39009661972522741 97.067424774169936 42.264753341674812 0.81534090638160717 41.500000000000007 7.0574158598901718e-05
decision_type=2 2 2 2 2 2 2 2 2 2 2 2 2 2 2 2 2 2 2 2 2 2 2 2 2 2 2 2 2 2
left_child=1 2 17 11 5 -5 8 9 -7 -8 -10 -4 -13 -14 16 -16 -15 18 19 22 23 -21 -1 -20 -22 28 27 -27 -19 -30
right_child=-2 -3 3 4 -6 6 7 -9 10 -11 -12 12 13 14 15 -17 -18 25 20 21 24 -23 -24 -25 -26 26 -28 -29 29 -31
leaf_value=-0.015362009091169224 0.04695239173590398 0.00053694058703207136 -0.070535148811581003 -0.040134040313916083 -0.057267213986255748 -0.049140892499106657 -0.021588574433558043 0.065951199771040053 0.14661427097437454 0.28448082751238424 -0.00083065950537349748 0.16284930384457563 -0.071936669569840003 -0.018131312750668566 -0.061065892182945718 0.12999434894713352 0.076989540347373708 -0.0063121516217890172 0.11933485664305563 -0.043074723444620405 -0.067918289160833326 0.19467802570950729 0.10963502866619224 -0.051955345552255679 0.020755158322310594 -0.05872464289707028 -0.058566494024166117 0.037128007792489578 -0.056736959099527445 0.082646959721042676
leaf_weight=148.80290175148775 17.39171616553358 9805.0758055397964 6.8029315674057207 1.7432261779704337 5.3417644141591145 3.0212059529767457 0.5397078728492487 4.5503863509657094 6.7946040208516916 4.2398449925985897 3.3769125789403915 2.2845618375858967 7.6339731307589309 6.2758193565096034 10.827292797633159 1.1028405719307564 15.247875760423083 1541.8675296894985 13.067202143266512 1.8628451772683536 7.7031684901221515 3.2739644168459563 4.1009381052435847 2.1488105132011688 86.199503062545773 14.656196629221084 55.496466395095922 30.17530170455575 3.5537152807228294 15.12051623186562
leaf_count=23732 94836 867209 1777 201 158 429 177 139 49 106 11 56 2157 122 5377 64 3338 411192 1873 391 11362 168 511 30 1882 193 762 95 47 120
internal_value=-0.000133627 -0.000206919 -0.00383799 0.028784 0.0748746 0.105079 0.117547 0.176521 0.066341 0.252164 0.10197 0.000654963 0.0131591 0.00116448 0.0194495 -0.0347163 0.0496809 -0.00520212 0.00634154 -0.00649709 0.0248264 0.115488 -0.011319 0.093433 0.0128419 -0.00706168 -0.0303048 0.00519451 -0.00554892 0.0545865
internal_weight=11830.3 11812.9 2007.81 79.7829 29.6077 24.2659 22.5227 9.32994 13.1927 4.77955 10.1715 50.1753 43.3724 41.0878 33.4538 11.9301 21.5237 1928.03 267.159 158.041 109.119 5.13681 152.904 15.216 93.9027 1660.87 100.328 44.8315 1560.54 18.6742
internal_count=1428564 1333728 466519 14161 1270 1112 911 422 489 283 60 12891 11114 11058 8901 5441 3460 452358 39949 24802 15147 559 24243 1903 13244 412409 1050 288 411359 167
is_linear=0
shrinkage=0.06


Tree=185
num_leaves=31
num_cat=0
split_feature=0 7 1 0 7 5 0 7 0 8 16 10 16 17 14 6 9 9 11 16 1 7 8 16 5 6 8 9 10 11
split_gain=12.9029 11.7491 9.26181 8.36407 10.8442 11.2084 14.0061 12.9985 12.3649 14.593 8.40855 7.39941 7.34695 19.1899 6.78139 12.567 7.30854 12.0369 10.3386 9.75267 8.3781 11.4575 14.3198 13.2695 8.45932 7.2748 6.69747 6.76054 6.43018 6.19705
threshold=0.99817061424255382 0.0096606519073247927 14.500000000000002 0.0021914592944085602 0.1030123718082905 0.0027410968905314807 0.00086811895016580831 0.00023445983970304954 0.00095630198484286677 50.252525329589851 43.360752105712898 0.43167701363563543 79.622642517089858 80.476188659667983 2.5000000000000004 5.9891998767852792 76.230831146240249 38.903903961181648 1.0000000180025095e-35 57.460317611694343 12.500000000000002 0.00012772751506417992 21.654184341430668 87.068004608154311 0.0014202909078449013 3.9869384765625004 66.333332061767592 47.281684875488288 0.12060606107115747 1.0000000180025095e-35
decision_type=2 2 2 2 2 2 2 2 2 2 2 2 2 2 2 2 2 2 2 2 2 2 2 2 2 2 2 2 2 2
left_child=2 -2 3 4 5 7 -7 11 26 10 -10 14 -9 -14 15 -1 17 -16 19 25 21 22 -19 -24 -23 -18 -8 -28 -25 -3
right_child=1 29 -4 -5 -6 6 8 12 9 -11 -12 -13 13 -15 16 -17 18 20 -20 -21 -22 24 23 28 -26 -27 27 -29 -30 -31
leaf_value=-0.053379215233314771 0.029294765886552707 0.017864837762099767 -0.055060320538003214 -0.00056336887047370935 -0.052765990182409593 -0.042946801420994336 -0.013802797159238914 -0.055791925450280992 -0.029533963697713408 -0.044596321227245175 0.13791733895099839 -0.025665645715505662 0.11846875355712191 -0.051020746241682194 0.07965429293236484 0.10088894209033217 0.13343739427275902 0.080161678927071281 0.0029135780348448722 -0.036081233598140083 0.08506997001742346 -0.039467080824503745 -0.059267821997891108 -0.044609800293408657 0.086534555439910898 -0.027023470886196822 -0.01206555777858217 0.27852630731670391 0.063071415946529014 -0.081152979354835078
leaf_weight=7.2256338230520196 81.020323820412159 3.263448733428957 10.168321218803611 11625.751608346231 7.0898845392591729 2.5143212393504646 0.29714935095398587 12.752618826007167 0.96467316424241101 2.8463669524353463 4.3326243723277003 9.3284161012143141 2.8739445869177853 5.3869107099835674 9.8552861349580763 1.4963373798436803 9.0196096093786764 3.663996584579766 5.8970281070396586 1.221902297967971 3.6110478413575029 1.9072259132435627 19.264620747544544 2.0728160401695268 6.6218772401916794 0.79441603579925946 0.23804979931446713 1.2709230562613809 5.3619287257079122 4.7466867682869633
leaf_count=26703 149805 2782 632730 118089 330989 23045 211 59623 582 1308 418 2075 639 9301 6733 1484 750 605 678 297 10613 9294 29372 729 135 405 74 61 115 9570
internal_value=-0.000273672 0.0223543 -0.00044681 -0.000394883 0.0148045 0.0191702 0.0709029 0.0126255 0.100968 0.0553283 0.107576 0.0228076 -0.02881 0.0143698 0.0288552 -0.0192579 0.0350992 0.0232157 0.068501 0.100394 0.00859907 -0.000455524 -0.0179505 -0.0338225 0.0571739 0.119151 0.213701 0.246146 0.0313202 -0.0433062
internal_weight=11852.9 89.0305 11763.8 11753.7 127.91 120.82 12.4641 108.356 9.94979 8.14366 5.2973 87.3421 21.0135 8.26086 78.0137 8.72197 69.2918 52.3588 16.933 11.0359 42.5035 38.8925 30.3634 26.6994 8.5291 9.81403 1.80612 1.50897 7.43474 8.01014
internal_count=1429215 162157 1267058 634328 516239 185250 25699 159551 2654 2308 1000 89988 69563 9940 87913 28187 59726 57596 2130 1452 50863 40250 30821 30216 9429 1155 346 135 844 12352
is_linear=0
shrinkage=0.06


Tree=186
num_leaves=31
num_cat=0
split_feature=6 3 4 14 0 5 8 10 14 16 14 16 0 0 1 14 8 17 10 6 7 10 6 17 6 16 8 10 7 5
split_gain=10.193 19.5944 23.6109 13.5516 15.5406 23.6538 27.0949 20.5638 19.2962 30.5534 15.0663 17.3965 13.3602 12.8678 11.8448 13.9751 11.5492 11.201 11.0849 19.2262 29.9477 11.5502 11.2893 10.6114 10.3297 26.3161 24.6133 13.2434 12.8063 11.1151
threshold=0.89733102917671215 2.5000000000000004 -0.29875855147838587 7.5000000000000009 0.81188002228736889 0.36131460964679724 90.054946899414077 0.90692642331123363 19.500000000000004 71.611721038818374 3.5000000000000004 90.399383544921889 0.63609617948532116 0.99218639731407177 4.5000000000000009 15.500000000000002 84.273937225341811 34.891304016113288 0.65942031145095836 0.0029671947704628114 0.00060257071163505327 0.77097901701927196 1.0000000180025095e-35 36.549165725708015 0.055739754810929305 38.956640243530281 93.957649230957045 0.71008405089378368 1.8193481564521792 0.025714718736708168
decision_type=2 2 2 2 2 2 2 2 2 2 2 2 2 2 2 2 2 2 2 2 2 2 2 2 2 2 2 2 2 2
left_child=1 2 16 10 5 18 8 -6 9 -7 11 12 -4 -2 -15 23 -1 -9 -5 20 22 -21 -20 -16 26 27 29 -26 -27 -12
right_child=13 -3 3 4 7 6 -8 17 -10 -11 24 -13 -14 14 15 -17 -18 -19 19 21 -22 -23 -24 -25 25 28 -28 -29 -30 -31
leaf_value=-0.037743864084724306 0.00051740398021456701 -0.06194933250043768 -0.043444807926088673 -0.056293827094535565 -0.024802150402896104 0.06054221355593422 -0.029356088478111525 0.026195773611980094 0.055104973667196459 -0.050390045798030962 -0.054538779959244922 0.035058982348291683 0.0081869874731496529 0.019407081259785602 -0.087420076124593141 -0.030073189854447815 0.1244588248022882 -0.20202105918946073 0.088774025172950868 -0.070383945274255386 0.17177738957992975 0.057714560014787343 -0.057070808259089764 0.035434289196090846 0.00020300861395386799 0.024480396554213555 -0.061787098809679336 -0.17036878251371523 -0.08702336076147825 0.048480316650397849
leaf_weight=1.5152852428886934 10966.773956115836 21.696313578024046 51.191691589451921 32.640927468441078 142.40191406599479 14.611352404637726 37.47855447063921 0.71771783177973647 49.30221489071846 19.913964258026681 3.1847404686695873 20.672573816753356 27.148059996281518 235.2014495379226 1.8462283275584948 42.119119753187988 6.309536509125337 2.6168892944369873 1.6600564662367121 12.419807190308346 3.6921051393728703 2.3252370087429872 5.9725855915457942 25.351171727161272 2.533355100249536 38.55609915209061 8.1849853188541584 3.6276207949704258 3.1112239360809317 67.313602928465116
leaf_count=7613 1176899 50593 10051 620 2747 25 186 5 128 79 1163 266 221 159839 188 8392 1541 1352 8 224 19 27 134 6025 58 888 72 33 13 351
internal_value=0.000456134 -0.00728834 -0.00506037 -0.00660741 -0.0144174 -0.00258859 0.0125391 -0.0289115 0.0313954 -0.00306007 0.00468745 -0.0127703 -0.0256745 0.00085581 0.0130014 -0.00870083 0.0923304 -0.15819 -0.0335315 -0.00400498 0.0522697 -0.0478007 -0.0187413 0.0242901 0.0183435 -0.00362717 0.0315765 -0.109997 0.0143102 0.0431288
internal_weight=11852.1 580.798 559.102 551.277 325.753 180.017 121.306 145.737 83.8275 34.5253 225.524 99.0123 78.3398 11271.3 304.518 69.3165 7.82482 3.33461 58.7107 26.0698 11.3247 14.745 7.63264 27.1974 126.512 47.8283 78.6833 6.16098 41.6673 70.4983
internal_count=1429760 78417 27824 18670 5554 1450 418 4104 232 104 13116 10538 10272 1351343 174444 14605 9154 1357 1032 412 161 251 142 6213 2578 992 1586 91 901 1514
is_linear=0
shrinkage=0.06


Tree=187
num_leaves=31
num_cat=0
split_feature=3 0 16 16 15 8 8 2 2 8 14 14 2 6 3 9 14 14 5 0 14 8 6 16 16 8 9 9 6 1
split_gain=14.4741 9.42426 8.10488 16.6158 16.2496 17.4744 20.0073 16.2044 19.5796 19.4008 17.765 38.9819 27.6861 27.0075 32.1176 27.0113 24.1198 26.6087 32.5902 27.5566 23.1928 21.8189 19.6743 15.8527 17.254 16.2047 15.6933 34.8781 15.4895 16.7195
threshold=9.5000000000000018 0.9998583495616914 53.001201629638679 91.106716156005874 1.0000000180025095e-35 85.86789703369142 94.474967956542983 -0.87691086530685414 -0.91239327192306507 78.979854583740249 30.500000000000004 31.500000000000004 -0.93216282129287709 3.9623235464096074 6.5000000000000009 93.836658477783217 19.500000000000004 26.500000000000004 0.018878152593970302 0.0059790529776364574 19.500000000000004 81.120250701904311 2.1250880956649785 48.566747665405281 47.722568511962898 76.50690078735353 44.497102737426765 43.763412475585945 0.99637636542320263 5.5000000000000009
decision_type=2 2 2 2 2 2 2 2 2 2 2 2 2 2 2 2 2 2 2 2 2 2 2 2 2 2 2 2 2 2
left_child=1 2 23 -4 5 -5 -7 8 9 -6 13 -12 28 15 26 20 -17 18 -18 -19 21 -11 -14 24 25 -1 27 -15 -13 -30
right_child=-2 -3 3 4 7 6 -8 -9 -10 10 11 12 22 14 -16 16 17 19 -20 -21 -22 -23 -24 -25 -26 -27 -28 -29 29 -31
leaf_value=0.0031473005587555774 -0.074986670926459914 0.043431302897409971 -0.0044828202186909536 0.020455784513260199 -0.034253061328019398 -0.017070243543708723 0.018888742867882051 0.00098943546566237356 -0.034088903491699213 0.079352534454086243 0.14849738418943348 0.16218348015839529 -0.054342111992468842 -0.049552298282661562 0.25816978927289386 -0.056759770780015886 -0.044726005838857018 0.13925373544238953 0.17880318987985755 -0.059951365345786177 -0.065301268068278087 -0.0031688003293422694 0.099941864965317539 0.01935060951069183 -0.054709043849014684 -0.059548588534280932 -0.056874321274770101 0.14362184441086293 -0.03676449837766111 0.031869248600167016
leaf_weight=1440.6130326619643 8.230790558836814 17.104653033402428 2778.8889426445294 303.60405134289908 63.641201292651886 128.26542107962223 96.887374876736658 6309.09632783489 98.703018181908647 11.832266672778131 7.364160686149261 0.8460322692990293 2.9596734549850252 9.2978094286349897 0.31479850591972436 4.5568782655755085 2.4984963324386653 2.7160207755514403 10.766205033345612 6.6460381543729454 18.38549972879764 113.44646991616901 15.469306023791431 209.85095013521891 18.227782187558205 13.997070380939929 55.306078452579186 4.0096410466649095 38.137356340768747 18.068763098228374
leaf_count=433659 85325 100335 445574 34837 21434 8096 4634 64246 1391 2080 86 3 28 27974 5822 88 116 40 96 118 439 51415 80 102902 21198 1516 13204 1059 941 497
internal_value=0.000116555 0.000175284 0.000108819 -0.000533502 0.000965606 0.0110868 -0.00158133 0.000176398 -0.010381 -0.00425043 0.00175552 0.0255362 0.011755 -0.00653289 -0.0379491 0.006289 0.0600005 0.0849224 0.136516 0.00570151 -0.00421862 0.00519181 0.0736424 0.0039629 0.00175881 0.00250351 -0.0429968 0.0146227 -0.00916008 -0.0145292
internal_weight=11809.7 11801.5 11784.4 10101.7 7322.82 528.757 225.153 6794.06 484.966 386.263 322.621 82.8453 75.4811 239.776 68.9283 170.848 27.1836 22.6268 13.2647 9.36206 143.664 125.279 18.429 1682.69 1472.84 1454.61 68.6135 13.3075 57.0522 56.2061
internal_count=1429233 1343908 1243573 684298 238724 47567 12730 191157 126911 125520 104086 1635 1549 102451 48059 54392 458 370 212 158 53934 53495 108 559275 456373 435175 42237 29033 1441 1438
is_linear=0
shrinkage=0.06


Tree=188
num_leaves=31
num_cat=0
split_feature=0 4 8 8 4 4 7 16 5 9 14 11 2 9 8 9 14 14 17 9 9 9 2 16 14 10 10 17 8 5
split_gain=12.285 10.6479 14.678 22.6001 18.8514 14.4491 13.1282 16.2079 22.3195 13.3951 31.8107 27.4765 23.8106 21.861 19.0973 20.5436 15.6621 33.1695 28.0765 19.8692 26.761 13.8213 13.2581 15.5633 20.7837 17.4847 20.5526 28.8713 18.6151 17.172
threshold=0.99946531653404247 -0.0069817721378058186 95.488464355468764 94.360820770263686 -0.23143005371093747 -0.091630481183528886 0.072131048887968077 97.05627822875978 0.36131460964679724 60.622179031372077 3.5000000000000004 1.0000000180025095e-35 -0.87691086530685414 60.349927902221687 65.64831924438478 38.022348403930671 5.5000000000000009 6.5000000000000009 72.902095794677749 53.579973220825202 58.851016998291023 48.536550521850593 -0.95418816804885853 83.484848022460952 32.500000000000007 0.5419580638408662 0.79057019948959362 38.196554183959968 69.631092071533217 0.018878152593970302
decision_type=2 2 2 2 2 2 2 2 2 2 2 2 2 2 2 2 2 2 2 2 2 2 2 2 2 2 2 2 2 2
left_child=1 2 3 -1 -4 -5 9 -8 -9 10 11 13 14 -3 15 -12 18 -18 21 -19 -21 -16 23 24 25 28 -27 -28 -11 -25
right_child=-2 6 4 5 -6 -7 7 8 -10 22 12 -13 -14 -15 16 -17 17 19 -20 20 -22 -23 -24 29 -26 26 27 -29 -30 -31
leaf_value=0.0041245037543214992 0.036450420035617132 -0.01332998549565695 -0.043924224603509442 -0.096468767898218288 0.031422590810242845 -0.012988504941441301 -0.017384786269917941 -0.053847784106486891 -0.0018052365431509376 0.0058691151492073516 -0.074819087192193295 0.071718053541541094 0.028140208061675213 0.09583573878509985 0.00030651844811678384 0.046120355730587308 -0.070996909403667485 0.014854190893684517 -0.018691833430906205 -0.081377620177373433 0.049619903242873978 0.19137420765655999 0.00022930314077566509 -0.046098687920259465 0.13699135221585954 -0.035883216698251987 0.0549497488832488 -0.074445069784452672 -0.037758770488783081 -0.0068028780939583351
leaf_weight=1194.6446997384489 32.097037104438641 301.12709563857243 12.418935165918809 11.824079475933333 117.53111564434676 18.749649352826964 328.17578511394095 29.233424745500088 1589.8706956899259 367.52659138840863 4.7797528019746087 14.186183631220045 289.27119568812668 5.7620023936997304 1.8828436324938582 44.648961062124727 29.670289322566532 79.268482865097212 9.5335910668227353 18.670677108872045 7.0793960213304663 3.9665583153337138 7003.0679546177089 72.77331854332715 2.7644857028499237 103.07150374456251 21.886218008818108 7.5635090249124906 37.928698493565207 88.439794532489032
leaf_count=744739 139323 240976 37836 3336 1323 156 1632 117 4967 73177 5409 23914 8250 1365 98 36383 8853 8753 2432 430 70 55 76060 2928 20 3427 92 75 1429 1209
internal_value=-5.32992e-05 -0.000155523 0.0048467 0.00280358 0.0239415 -0.0473065 -0.000803865 -0.00524696 -0.00277754 0.000212732 0.00754822 -0.00711071 0.0171726 -0.0109757 0.00120871 0.0331738 -0.00946943 -0.0161032 0.0460516 -7.10317e-05 -0.0448542 0.138896 -0.000559155 -0.00841437 -0.00351757 -0.00449243 -0.0233247 0.0203641 0.00170505 -0.0247163
internal_weight=11849.4 11817.3 1355.17 1225.22 129.95 30.5737 10462.1 1947.28 1619.1 8514.87 809.847 321.075 488.772 306.889 199.501 49.4287 150.072 134.689 15.383 105.019 25.7501 5.8494 7705.02 701.954 540.741 537.977 132.521 29.4497 405.455 161.213
internal_count=1428834 1289511 787390 748231 39159 3492 502121 6716 5084 495405 336988 266255 70733 242341 62483 41792 20691 18106 2585 9253 500 153 158417 82357 78220 78200 3594 167 74606 4137
is_linear=0
shrinkage=0.06


Tree=189
num_leaves=31
num_cat=0
split_feature=17 8 7 0 1 10 8 14 7 5 8 8 5 1 10 8 5 7 14 7 7 14 5 17 16 7 7 16 7 14
split_gain=9.13566 11.7028 9.66556 9.00667 8.83472 7.75934 26.1273 20.1299 22.9561 27.6983 46.8989 43.6553 26.224 24.8759 23.4952 20.5346 22.5854 20.2504 23.7333 18.6416 24.8938 16.942 22.8657 15.8739 16.9558 17.7587 16.6902 22.609 18.9306 22.7146
threshold=1.0000000180025095e-35 15.484515190124513 0.014160122256726028 0.99946531653404247 14.500000000000002 0.58578431606292736 95.488464355468764 11.500000000000002 0.0012359732063487174 0.025714718736708168 86.616912841796889 80.901721954345717 0.014309358317404987 4.5000000000000009 0.94281044602394115 47.673160552978523 0.9741620421409608 0.00063661113381385814 26.500000000000004 0.05272681079804898 0.9904141128063203 26.500000000000004 0.018878152593970302 71.039428710937514 37.617923736572273 0.00051558198174461733 4.9984273573500111e-05 69.309261322021499 0.0024886085884645586 3.5000000000000004
decision_type=2 2 2 2 2 2 2 2 2 2 2 2 2 2 2 2 2 2 2 2 2 2 2 2 2 2 2 2 2 2
left_child=1 2 -1 4 5 23 7 15 9 10 11 -9 13 -13 -10 19 -17 -11 -19 -7 -21 22 -12 26 25 -25 -2 -28 29 -29
right_child=3 -3 -4 -5 -6 6 -8 8 14 17 21 12 -14 -15 -16 16 -18 18 -20 20 -22 -23 -24 24 -26 -27 27 28 -30 -31
leaf_value=-0.052728705289314663 0.015757694931635226 0.043973649317887137 0.065354275805359796 0.031916352919864992 -0.054748992457155331 0.0015645573042433209 -0.034727317801894204 -0.017556826825025906 0.013304412252017152 -0.00010066656419783187 -0.046677920674349775 -0.04859856302264691 0.22263594328062347 0.13373261620119314 -0.12883636736580509 -0.021829297597538311 0.011614587770000861 -0.047309453523765921 -0.0057872205480101746 -0.046768324440951407 0.024492246113441408 -0.058525486243572102 0.16911706747733746 0.095046572058306023 -3.54275205507765e-05 -0.049001857904409529 -0.0037634027870041245 -0.012233244385668821 -0.01660520332424438 0.075290383191728788
leaf_weight=8.9479931695600481 513.91879483742468 34.215837499390545 2.4022581779868224 31.019463753478703 9.5813460188765003 779.99802470846089 85.303414099558722 8.2766006131132617 581.45108733513734 1580.9660911426181 3.0673403015825924 3.5711459610902256 7.9174907272681585 6.4245673669502139 3.2243254264758425 443.74790432899317 86.238937705018088 72.500595240009716 153.16155755840009 63.822343812582403 23.529350883311054 14.280271906929555 2.3298274837434292 11.678661560932595 6755.6119186349188 3.3770034852368545 494.29530385039106 14.465153545726933 20.218825085415119 37.196994243813606
leaf_count=361 37051 1785 371 139409 632151 7464 5208 462 5384 16230 169 204 130 214 214 2081 8717 958 1197 953 5304 657 32 425 279855 1001 271074 1731 7777 807
internal_value=0.000242174 0.0267657 -0.0244685 0.000137592 5.12103e-05 0.000100465 -0.00207938 -0.00134422 0.00194755 -0.00132531 0.0442149 0.0953755 0.145724 0.070096 0.0123019 -0.00708286 -0.0163757 -0.00250532 -0.0192773 -0.00139222 -0.0275134 -0.025197 0.0583501 0.00118897 0.000110935 0.0616967 0.00794035 0.000829264 0.0320294 0.0510172
internal_weight=11856.7 45.5661 11.3503 11811.2 11780.2 11770.6 3919.81 3834.51 2437.17 1852.5 45.8672 26.1898 17.9132 9.99571 584.675 1397.34 529.987 1806.63 225.662 867.35 87.3517 19.6774 5.39717 7850.76 6770.67 15.0557 1080.1 566.176 71.881 51.6621
internal_count=1429376 2517 732 1426859 1287450 655299 55578 50370 25851 20253 1868 1010 548 418 5598 24519 10798 18385 2155 13721 6257 858 201 599721 281281 1426 318440 281389 10315 2538
is_linear=0
shrinkage=0.06


Tree=190
num_leaves=31
num_cat=0
split_feature=5 16 8 7 10 6 7 7 6 17 7 14 4 7 6 6 7 0 16 7 9 17 4 9 17 14 0 5 5 8
split_gain=8.10482 12.8084 12.8612 28.1831 25.2056 22.261 13.2832 12.6686 17.6546 16.894 12.5662 13.717 12.2929 16.9445 18.2463 17.6409 12.2689 11.977 11.6195 11.2282 27.2152 28.0385 49.3969 12.5238 12.3929 12.0744 12.0088 11.0638 13.7934 28.126
threshold=0.51504290103912365 55.086206436157234 74.322341918945327 0.1030123718082905 0.60434782505035411 3.0272414684295659 0.0067095339763909587 0.0017692523542791607 1.0013515353202822 55.646631240844734 0.00016155056073330345 7.5000000000000009 -0.011501078959554432 0.072131048887968077 1.766802251338959 1.9991011023521426 0.00051558198174461733 0.92937996983528148 70.429252624511733 0.00019450535910436886 99.82578277587892 69.028213500976577 -0.63829940557479847 91.533855438232436 73.879142761230483 2.5000000000000004 0.98484668135643016 0.79439738392829906 0.83430194854736339 68.614070892333999
decision_type=2 2 2 2 2 2 2 2 2 2 2 2 2 2 2 2 2 2 2 2 2 2 2 2 2 2 2 2 2 2
left_child=12 19 3 4 6 18 -3 8 10 -9 11 -6 -1 -14 -15 -16 -10 -13 -5 23 21 -21 25 -2 -24 -23 -22 -7 29 -29
right_child=1 2 -4 5 7 27 -8 9 16 -11 -12 17 13 14 15 -17 -18 -19 -20 20 26 22 24 -25 -26 -27 -28 28 -30 -31
leaf_value=0.013950947162978403 0.037120127147483174 0.013633705798517106 0.0017752240907412764 -0.064758263584956954 0.013070526877209861 -0.080711031001216738 -0.02516342987889934 -0.14769774774467503 -0.0068915457170038198 0.020293741567804082 -0.11609661847473728 -0.15149982182241942 -0.0018160884688939519 -0.1043103355805495 0.084492312717106083 -0.025058224710687801 -0.046839804804109493 -0.027180489570096774 0.0013884540562939082 -0.039140056288074855 0.020986930398172184 0.26301899543209928 0.055622836653332418 0.010500507947514788 -0.020624779918613331 -0.020015118937477257 -0.03503304347825905 0.052380245773377188 -0.047181028947323005 -0.1118509686903334
leaf_weight=171.15116156509248 79.958135374753283 356.45302575805886 6004.7422161839831 9.6677031335518659 11.800139657862021 23.660327875199528 33.951147560306708 1.2481725301768154 241.05533647174889 55.397620892952546 8.6948279138014168 3.7859068363904944 3968.4980194658847 8.9828098490834218 4.6865067034959784 81.28777876868844 30.355370004355791 8.0690519666968594 91.733346716996039 87.634576030241533 157.78097360497259 2.449133661970563 9.4391809593803355 304.35460025795328 27.971952159079137 0.48456614291626454 14.184172140187 14.046497700151578 60.005884892429549 4.0109451242083187
leaf_count=55687 684 5522 316613 68731 334 2777 477 303 18862 3155 381 22 438972 50 6 346 2843 790 45791 314069 2306 4973 127 6070 441 19381 1764 558 116163 124
internal_value=0.000351177 0.00151775 0.000746906 -0.00572113 -0.000346131 -0.0254897 0.0102041 -0.0117711 -0.0166249 0.0140942 -0.0578651 -0.0326205 -0.0017542 -0.00241897 -0.0273334 -0.0181838 -0.011515 -0.075579 -0.00548887 0.00934446 0.000637346 -0.0202247 0.0208149 0.0161208 -0.000439541 0.223066 0.0161904 -0.0451797 -0.0335258 0.011946
internal_weight=11877.5 7642.93 6958.68 953.935 750.811 203.125 390.404 360.406 303.761 56.6458 32.3499 23.6551 4234.61 4063.46 94.9571 85.9743 271.411 11.855 101.401 684.257 299.945 127.979 40.3448 384.313 37.4111 2.9337 171.965 101.724 78.0633 18.0574
internal_count=1428322 933261 583446 266833 32689 234144 5999 26690 23232 3458 1527 1146 495061 439374 402 352 21705 812 114522 349815 343061 338991 24922 6754 568 24354 4070 119622 116845 682
is_linear=0
shrinkage=0.06


Tree=191
num_leaves=31
num_cat=0
split_feature=6 6 7 6 2 6 8 17 8 9 9 9 5 9 7 4 4 5 6 16 17 2 17 6 9 7 5 5 6 7
split_gain=9.56428 24.0721 25.5051 32.2981 27.612 20.0369 23.0191 25.0523 22.707 19.2719 19.0454 18.8802 17.6246 63.0426 27.455 22.9834 28.4044 21.695 36.769 23.7899 24.8787 20.7153 23.503 24.7964 18.2615 18.9439 23.8973 19.6 17.3063 27.133
threshold=3.4685746431350712 2.9990785121917729 0.00039894957444630569 3.0443066358566289 -0.54595381021499623 3.2685205936431889 31.139970779418949 35.805860519409187 32.757078170776374 94.956760406494155 95.469207763671889 83.893524169921889 0.072016023099422469 94.146202087402358 0.0012359732063487174 -1.0000000180025095e-35 -0.019918964244425293 0.025714718736708168 3.3672220706939702 71.039428710937514 77.913280487060561 -0.91239327192306507 87.652439117431655 3.0006066560745244 94.55533599853517 1.5619859695434573 0.43902739882469183 0.28830029070377355 3.7710171937942509 0.0016353903920389714
decision_type=2 2 2 2 2 2 2 2 2 2 2 2 2 2 2 2 2 2 2 2 2 2 2 2 2 2 2 2 2 2
left_child=1 -1 3 -3 5 8 7 -7 -5 11 12 -10 13 17 -15 16 -14 18 -4 -19 -21 -17 23 -23 25 26 27 -24 29 -2
right_child=28 2 10 4 -6 6 -8 -9 9 -11 -12 -13 15 14 -16 21 -18 19 -20 20 -22 22 24 -25 -26 -27 -28 -29 -30 -31
leaf_value=-0.00018316884342375276 0.029200374361716686 -0.028588094853198395 -0.064201272219460731 -0.11877031964079844 0.021134477215170033 -0.012591041444449636 -0.01501180900453598 0.16827658240641083 -0.019549452983453137 0.035052694217839332 0.017584023565815475 -0.10727627914121107 -0.013376904925573019 0.36841803159833048 -0.025360178642335782 0.083849406440540453 0.026761654528425348 -0.057086337240944571 0.10294977908954069 0.18461305365192493 0.035207392804785784 0.0520811953212015 -0.01480779737829244 -0.075484901052182862 -0.098676318504343691 -0.037785154323448804 0.0033312371237733313 -0.10403528800467804 0.00035296825833582138 -0.0048095122415237768
leaf_weight=4908.0526953195404 191.46162187973255 391.73799235114825 20.684649617982817 10.321788109548377 110.68384859936486 4.8020385735562723 28.091672715969253 5.0873075676354347 32.564996445935321 13.788878593128173 143.82342042099799 11.448257965690571 137.12328551205724 1.6359667832148255 0.67977977816190094 6.1028724871575823 116.48467311309651 5.3501671581307191 5.1080748835629484 4.7311076387477451 15.674049958688556 5.5935955678287419 24.826215475797653 40.935656188914436 8.0135796574177203 77.902236120775342 223.35053621191764 13.146015696227549 5075.6566745435348 150.03169344769708
leaf_count=565425 11732 41950 22255 1316 5025 320 3580 304 6462 47 9992 164 110213 29 56 32 210 1430 1259 93 530 31 116 338 225 201 2879 61 622364 21851
internal_value=-0.000619178 -0.00219557 -0.00895728 -0.0183266 0.000262072 -0.0215051 0.0132008 0.0873604 -0.0407657 -0.0250533 -0.0022452 -0.0442443 -0.00629619 0.0263883 0.280039 -0.00902645 0.00509184 0.0098809 -0.0284912 0.0479373 0.0768547 -0.017971 -0.0197575 -0.0593762 -0.0142934 -0.0120158 -0.00421904 -0.0475753 0.0012339 0.0142881
internal_weight=11784.9 6367.75 1459.69 608.527 216.789 106.105 37.981 9.88935 68.1239 57.8021 851.166 44.0133 707.342 53.8638 2.31575 653.479 253.608 51.548 25.7927 25.7553 20.4052 399.871 393.768 46.5293 347.239 339.225 261.323 37.9722 5417.15 341.493
internal_count=1430490 774543 209118 59168 17218 12193 4204 624 7989 6673 149950 6626 139958 25652 85 114306 110423 25567 23514 2053 623 3883 3851 369 3482 3257 3056 177 655947 33583
is_linear=0
shrinkage=0.06


Tree=192
num_leaves=31
num_cat=0
split_feature=4 5 8 14 14 7 9 2 5 10 10 7 7 2 0 9 17 8 17 14 8 8 14 1 8 5 6 6 14 0
split_gain=17.3674 19.6377 16.1169 18.6366 13.2985 10.1282 14.0601 12.1178 13.6223 18.9254 19.6262 22.7334 40.7304 17.8874 16.4723 13.1267 12.8859 12.8852 16.9692 11.6059 13.3007 13.183 16.4949 13.7318 21.0701 17.4274 14.5521 13.0431 12.7527 30.807
threshold=-0.49817265570163721 0.67355951666831981 76.028167724609389 4.5000000000000009 25.500000000000004 2.2512538433074956 63.499586105346687 -0.99475938081741322 0.006450420245528222 0.094494048506021514 0.74456521868705761 1.6159158803930044e-05 1.0000000180025095e-35 -0.99119699001312245 0.0033698121551424269 69.252254486083999 13.563218116760256 42.462121963500984 49.56140327453614 7.5000000000000009 64.326763153076186 87.112743377685561 5.5000000000000009 8.5000000000000018 67.006801605224624 0.025714718736708168 3.0140999555587773 1.0007451772689822 8.5000000000000018 0.021605790592730049
decision_type=2 2 2 2 2 2 2 2 2 2 2 2 2 2 2 2 2 2 2 2 2 2 2 2 2 2 2 2 2 2
left_child=1 2 -1 -4 -3 6 19 -8 9 -9 11 12 17 16 -14 -13 -10 18 -11 20 -2 22 -22 25 -25 -24 -27 -23 -21 -30
right_child=5 4 3 -5 -6 -7 7 8 13 10 -12 15 14 -15 -16 -17 -18 -19 -20 28 21 27 23 24 -26 26 -28 -29 29 -31
leaf_value=-0.050295973896191538 0.014445367065623393 -0.042093784542784486 0.13779921288765987 -0.044217108271387993 0.06622975136665038 -0.0051227620817701734 -0.017957253350800322 0.16564883908001274 0.090576663805993426 -0.030542865980763837 0.12566549594215315 0.032679485412389471 -0.047201312160725171 -0.00026579877625416525 0.11905610795637032 -0.049987646908495414 -0.047810567719256243 -0.069976536068982353 0.100597041142066 0.035283425287758748 -0.0031851938614116727 0.034888123436602213 -0.080462035750888311 0.16514282473344327 -0.039566191541604206 0.0035883853857549418 -0.046388295148119943 0.0016406543909284026 -0.040643198281194615 0.0097120766387326935
leaf_weight=3.8053132594998251 215.70572457893422 76.642781965805398 5.8816962734781537 2.3048703347740229 3.4327073774311421 1207.1079639591771 140.13252627360907 2.283789415746468 1.6736177475277134 8.4903306485121011 4.6683180969557716 8.7989855806981705 1.8957630567729236 7826.5894435782748 17.096337294206023 23.769097734295428 38.397649010154055 8.6279840761562792 4.7337397877090543 62.409061315272083 394.48705274551185 44.972256767817271 22.219987037536157 2.2750197519935673 3.3775244878388548 42.145108830532081 40.494198301452343 560.61453001743757 44.719270910552041 1020.5683292935501
leaf_count=7498 331941 710575 594 1462 26 3087 66792 61 29 271 65 1883 260 220738 63 3820 1445 241 51 1084 33379 698 3143 2877 8558 430 347 11107 11549 5574
internal_value=-0.000123649 -0.0259407 0.0431402 0.0873189 -0.0366905 8.08619e-05 0.000677179 -0.000530038 -0.000220517 0.024204 0.0180245 0.00958276 0.0389779 -0.000473078 0.10093 -0.0273451 -0.0399661 -0.0169262 0.0201725 0.00465418 0.000847805 -0.00180383 -0.0089534 -0.0293306 0.0552637 -0.0343697 -0.0211626 0.00416313 0.00912616 0.0075621
internal_weight=11840.3 92.0674 11.9919 8.18657 80.0755 11748.3 10541.1 8087.16 7947.03 80.3643 78.0806 73.4122 40.8442 7866.66 18.9921 32.5681 40.0713 21.8521 13.2241 2453.99 1326.29 1110.59 504.999 110.512 5.65254 104.859 82.6393 605.587 1127.7 1065.29
internal_count=1429648 720155 9554 2056 710601 709493 706406 295719 228927 6715 6654 6589 886 222212 323 5703 1474 563 322 410687 392480 60539 48734 15355 11435 3920 777 11805 18207 17123
is_linear=0
shrinkage=0.06


Tree=193
num_leaves=31
num_cat=0
split_feature=5 14 10 17 7 2 2 17 7 16 16 8 10 1 10 10 6 8 8 6 6 17 8 17 8 1 10 8 16 17
split_gain=9.09574 12.8265 18.7249 16.8254 35.0267 28.3517 30.8585 23.3568 23.172 22.573 18.9625 18.9575 18.7823 16.9614 16.8729 17.1876 15.8009 15.7239 31.3616 20.3267 24.2663 14.2565 16.2889 15.8938 15.8621 13.9095 17.5635 13.7111 18.6969 17.1229
threshold=0.0084759872406721132 8.5000000000000018 0.74456521868705761 58.434959411621101 1.6159158803930044e-05 -0.99275383353233326 -0.082499116659164415 63.286264419555671 3.1044690331327736e-05 58.957218170166023 49.56140327453614 47.856706619262702 0.3390804678201676 6.5000000000000009 0.092329546809196486 0.0745370388031006 3.8933389186859135 32.583417892456062 30.341388702392582 3.0218182802200322 3.4685746431350712 70.710784912109389 83.424911499023452 70.429252624511733 53.889368057250984 5.5000000000000009 0.19292803853750232 29.818989753723148 47.213621139526374 53.001201629638679
decision_type=2 2 2 2 2 2 2 2 2 2 2 2 2 2 2 2 2 2 2 2 2 2 2 2 2 2 2 2 2 2
left_child=1 3 -3 4 25 7 8 9 -7 10 -5 -10 14 -12 15 -13 -15 18 -6 -20 -21 23 -23 24 -16 26 -1 -27 29 -29
right_child=-2 2 -4 5 17 6 -8 -9 11 -11 13 12 -14 16 21 -17 -18 -19 19 20 -22 22 -24 -25 -26 27 -28 28 -30 -31
leaf_value=-0.063039692684956405 6.7160180986654849e-05 -0.033997289710252385 0.090175562305577869 -0.044415351794907083 -0.042725179026817758 0.011249318182850698 -0.059931967777678216 -0.0018683470301903155 -0.048100997982954093 -0.020871591073652863 0.055880361874004338 0.055025809951387117 0.21620028042454048 0.23098019140044759 0.10823046166326629 0.19663104745197255 -0.026825806555941745 -0.060840363415274858 -0.044270702032747029 0.20525382444215259 -0.037954662891913328 -0.058936187111061446 0.073662709070279858 0.22924620662699063 -0.051693785959712794 -0.05955323554844625 0.046103963095621661 0.013951064207851806 -0.061151628114999051 0.13336550592960067
leaf_weight=4.9484381268207462 11368.325368138925 40.49699234342097 3.9226698014535932 2.2110821544010859 19.911671633243717 17.329789354119384 6.585110931536291 120.07702122662022 2.5859850418555643 7.4844414576932641 7.3978324978397705 6.7858043698588499 4.2562413951854969 5.0923240122506286 4.6367337722076645 6.9782865446113647 0.76986980290621421 37.146601131046282 2.4562179962385908 4.3347839831994861 1.6611524525537786 6.3502106586411156 5.1057908892871637 1.6187719930312594 2.9199927854970156 11.533434106532694 60.125352817605744 24.368057618092283 8.4443496071917235 4.3381600483662615
leaf_count=1134 1012711 8607 153 9423 35204 1090 7376 117793 1688 12579 1106 2200 69 5734 330 705 5344 153019 7434 779 6840 899 79 41 496 6624 1664 17297 9339 1759
internal_value=0.000392208 0.00892861 -0.0212877 0.0124387 -0.0010446 0.0239986 0.0564915 0.00890828 0.070368 0.0630041 0.102384 0.0943575 0.104861 0.128261 0.085365 0.135274 0.198148 -0.0356837 -0.00178732 0.0889715 0.14208 0.0473544 0.00133074 0.0990389 0.0476148 0.0190403 0.0369758 -0.00519495 0.0127993 0.0358793
internal_weight=11800.2 431.873 44.4197 387.454 179.268 208.185 65.1527 143.033 58.5676 22.9555 15.4711 41.2378 38.6518 13.26 34.3956 13.7641 5.86219 65.5104 28.3638 8.45215 5.99594 20.6315 11.456 9.1755 7.55673 113.758 65.0738 48.684 37.1506 28.7062
internal_count=1429516 416805 8760 408045 241093 166952 14973 151979 7597 34186 21607 6507 4819 12184 4750 2905 11078 203276 50257 15053 7619 1845 978 867 826 37817 2798 35019 28395 19056
is_linear=0
shrinkage=0.06


Tree=194
num_leaves=31
num_cat=0
split_feature=5 10 17 1 5 16 10 17 16 16 8 16 8 10 8 7 16 8 14 8 8 1 16 16 7 8 17 16 16 8
split_gain=10.9487 13.4616 27.8277 13.3474 14.3326 18.9557 11.516 14.786 24.2775 36.1126 23.8772 15.159 13.8626 30.1531 24.4818 21.5959 15.825 19.7319 15.3147 19.2077 23.3004 18.3988 16.1277 15.9928 13.8913 16.5544 15.1935 14.8643 13.7897 13.6086
threshold=0.018878152593970302 0.18019481003284457 87.068004608154311 7.5000000000000009 0.0084759872406721132 91.779277801513686 0.25403225421905523 54.110361099243171 72.111110687255874 90.399383544921889 72.821968078613295 70.429252624511733 36.451047897338874 0.3717105239629746 35.859165191650398 5.4101096793601764e-06 49.56140327453614 31.139970779418949 26.500000000000004 86.616912841796889 82.712642669677749 3.5000000000000004 99.090908050537124 70.710784912109389 4.1093673644354574e-05 30.341388702392582 36.549165725708015 12.70161294937134 51.925926208496101 39.819820404052741
decision_type=2 2 2 2 2 2 2 2 2 2 2 2 2 2 2 2 2 2 2 2 2 2 2 2 2 2 2 2 2 2
left_child=1 2 -1 4 5 -4 7 -3 10 -10 11 -9 13 -8 16 -16 17 24 23 20 -20 -22 -21 29 26 27 -15 -26 -18 -14
right_child=-2 6 3 -5 -6 -7 12 8 9 -11 -12 -13 18 14 15 -17 28 -19 19 22 21 -23 -24 -25 25 -27 -28 -29 -30 -31
leaf_value=-0.041593992161092941 0.00046417024125171757 -0.035393395375091001 0.060181892864009275 -0.059416348872904624 -0.018765968567711417 -0.0058001699733938048 -0.066868855217556963 0.045288556166378675 -0.069811067431809384 0.032996355685209144 -0.064976741435097879 0.14257449643450093 -0.06598218655430993 0.040466329408218815 0.15071641886604509 -0.044311717020583404 0.12597867076812178 -0.042310162339016938 -0.020107958840579129 0.11792072715084362 -0.042064112526936995 0.13666480225508368 -0.057435693529309141 -0.066395038324435787 0.092243683481209565 0.076706591615030642 -0.037213469830899168 -0.059566473886881882 -0.0050816982185697725 -0.0085548625208720849
leaf_weight=105.57060709365214 11158.77617668251 18.138863700395177 29.312717363091906 10.839993564498398 42.440278987002785 32.127507832478841 17.322406743475312 51.790169350633732 20.10581843863838 28.535638210511024 5.5197376667192648 5.9092398839775333 16.461386000951279 57.822062759554683 7.0514709858689439 2.2273369495860607 6.2164327144773761 27.561853199360485 8.855560735100882 1.2345385719090671 2.0738326937425873 9.7549701406387594 12.97320497961482 28.804472540017741 1.7162867511606297 4.065311075637509 9.9047714251173584 19.746741752357593 4.6959382521972657 102.55809580819823
leaf_count=291028 996286 42668 2640 24746 692 4189 9045 21072 1903 554 444 550 4382 968 59 561 262 3915 527 6 97 266 742 1490 208 564 323 3821 389 14944
internal_value=9.95146e-06 -0.00731161 -0.0195184 0.000980323 0.00778918 0.0261391 -0.00157367 0.0135573 0.0217382 -0.0100491 0.0459713 0.0575112 -0.00736404 0.00561598 0.0149287 0.104144 0.00790719 0.00139016 -0.0185811 0.0168084 0.0526809 0.104494 -0.0354466 -0.0269912 0.0146178 -0.0224932 0.0287298 -0.043861 0.0738872 -0.0169811
internal_weight=11850.1 691.337 220.291 114.72 103.881 61.4402 471.046 129.999 111.861 48.6415 63.2191 57.6994 341.047 158.331 141.008 9.27881 131.729 120.817 182.716 34.8921 20.6844 11.8288 14.2077 147.824 93.2552 25.5283 67.7268 21.463 10.9124 119.019
internal_count=1429341 433055 323295 32267 7521 6829 109760 67191 24523 2457 22066 21622 42569 20115 11070 620 10450 9799 22454 1638 890 363 748 20816 5884 4593 1291 4029 651 19326
is_linear=0
shrinkage=0.06


Tree=195
num_leaves=31
num_cat=0
split_feature=5 2 5 6 6 8 2 16 5 6 5 11 4 5 14 4 7 6 2 6 6 6 6 8 6 8 2 16 1 8
split_gain=8.25254 11.5282 23.8876 13.1166 14.6191 13.7543 19.2873 14.0345 13.5204 12.1018 17.5897 17.8045 17.5764 22.1928 16.503 16.9324 15.5447 14.4049 13.3675 13.1682 12.2909 11.7116 23.9973 28.8577 15.9084 23.0892 34.3038 15.3015 15.0591 16.2177
threshold=0.00077619118383154284 -0.99475938081741322 0.006450420245528222 6.4903745651245126 6.8400766849517831 25.15822792053223 -0.31834602355957026 33.030302047729499 0.0040726084262132653 3.4685746431350712 0.0033133701654151086 1.0000000180025095e-35 -0.019918964244425293 0.28830029070377355 34.500000000000007 -0.0021237200126051898 1.0000000180025095e-35 3.3185745477676396 -0.99605953693389881 1.766802251338959 2.9118672609329228 3.4685746431350712 3.7710171937942509 84.660633087158217 2.9971268177032475 25.15822792053223 -0.54595381021499623 20.256410598754886 4.5000000000000009 93.582702636718764
decision_type=2 2 2 2 2 2 2 2 2 2 2 2 2 2 2 2 2 2 2 2 2 2 2 2 2 2 2 2 2 2
left_child=-1 9 3 5 -5 8 7 -7 -3 12 11 14 13 19 15 -11 -13 -14 -17 -2 -21 24 23 -23 28 26 -26 -28 -4 -30
right_child=1 2 21 4 -6 6 -8 -9 -10 10 -12 16 17 -15 -16 18 -18 -19 -20 20 -22 22 -24 -25 25 -27 27 -29 29 -31
leaf_value=0.02382079548448085 0.22563457731551417 -0.045248495673039922 0.00053917103018339882 0.20725363599867166 -0.031829343703524228 -0.059144076365615653 -0.061171757970514842 0.028993860275229301 0.1138736694668044 0.12586688683837879 -0.061415107411730001 0.088740779933139072 -0.016067568257297504 -0.048436306697807845 0.1346779256336777 -0.060175148040482435 -0.047422120713765892 0.069421396472438598 0.085825485595594123 -0.043201160320294682 0.10249001761279895 -0.0052517099229316012 0.0011612850579082101 0.031575032544980272 -0.10205877733963321 -0.0055110313010443652 -0.060182431721127361 0.020632194786528713 -0.036435650193925542 0.043777130443459711
leaf_weight=52.364739386714064 1.6952860197802673 1.815944241577198 4559.5763971668857 1.8243971145711833 1.016043533105403 6.0271457815606473 9.6720122494434673 101.07463577759972 8.7482257434749027 1.1625551819565796 37.342299321523114 9.4303373515140247 100.44820958547871 4.1483942914755962 1.1134238552185696 28.366125123557598 3.5117963882671566 6.645502407670846 1.5792056524423959 2.3902990909127766 5.5128490834581498 121.38908192673557 4954.5067912242994 205.45124231453406 21.519372263965352 1452.5925830739325 11.825489553840951 23.701076810109953 67.548040878452866 9.5969210113621539
leaf_count=337698 1930 275 108477 13 48 434 3599 3561 114 3814 357608 102 39727 316389 57 18794 3175 1102 55 6446 6356 3054 111091 3676 481 40523 177 264 57992 2745
internal_value=0.00027925 0.00017242 0.000422149 0.0258804 0.135713 0.022392 0.016057 0.0235327 0.0849736 -0.0139544 -0.0315198 -0.00600662 -0.0018011 0.0596615 -0.0297678 -0.0396649 0.0510422 -0.0101696 -0.049951 0.106543 0.0585228 0.000129903 0.00220181 0.0179232 -0.00165048 -0.00699792 -0.0441122 -0.00717921 9.16918e-05 -0.0260246
internal_weight=11813.6 11761.2 11557.9 130.178 2.84044 127.338 116.774 107.102 10.5642 203.346 82.5057 45.1634 120.841 13.7468 32.2213 31.1079 12.9421 107.094 29.9453 9.59843 7.90315 11427.7 5281.35 326.84 6146.36 1509.64 57.0459 35.5266 4636.72 77.145
internal_count=1429777 1092079 336524 8044 61 7983 7594 3995 389 755555 383605 25997 371950 331121 22720 22663 3277 40829 18849 14732 12802 328480 117821 6730 210659 41445 922 441 169214 60737
is_linear=0
shrinkage=0.06


Tree=196
num_leaves=31
num_cat=0
split_feature=4 14 5 7 7 6 5 6 1 5 7 16 17 7 8 10 0 6 8 6 1 8 9 17 14 7 7 6 8 7
split_gain=8.85876 9.0432 8.9657 11.8462 14.3117 15.9751 25.3669 10.3877 9.71451 13.3953 9.36623 9.3647 13.5884 11.1526 8.85493 8.26134 7.24574 5.98929 5.81504 7.07726 5.80488 5.4006 17.0459 14.9875 19.4279 46.0797 32.1059 18.1502 15.0551 14.7686
threshold=-0.79962387681007374 1.5000000000000002 0.93222767114639293 0.91780313849449169 0.0033986198250204329 4.3412482738494882 0.025714718736708168 3.6368670463562016 7.5000000000000009 0.072016023099422469 8.2553626270964755e-05 63.007518768310554 73.879142761230483 0.072131048887968077 85.86789703369142 0.46862745285034185 0.99979946017265331 2.9494241476058964 64.660633087158217 3.0008486509323125 12.500000000000002 50.252525329589851 98.253242492675795 61.324785232543952 2.5000000000000004 0.0014154935488477351 0.072131048887968077 5.0004386901855478 52.223320007324226 5.4101096793601764e-06
decision_type=2 2 2 2 2 2 2 2 2 2 2 2 2 2 2 2 2 2 2 2 2 2 2 2 2 2 2 2 2 2
left_child=-1 2 3 4 5 6 -2 -5 9 10 -7 -6 13 -13 -4 18 20 -16 -8 -20 21 -3 23 24 26 27 -23 -26 29 -25
right_child=1 16 14 7 11 8 15 -9 -10 -11 -12 12 -14 -15 17 -17 -18 -19 19 -21 -22 22 -24 28 25 -27 -28 -29 -30 -31
leaf_value=-0.05445496395846907 -0.052654434820014605 0.0032446935934895621 -0.066338334628563075 0.11844861714563049 -0.060545944424169121 0.12739111545789825 0.061040999887729548 0.0023683513092237845 -0.028918449778258901 0.0097468655888062732 -0.034234154477228509 -0.07730512811125817 -0.061525725147673654 0.07121772241030537 -0.044328069483123608 -0.020372708345538521 0.03745118279046316 0.06173978269822844 0.03927837040118165 -0.034374456059911393 -0.036995653662853067 -0.0070706187710762496 -0.014623311291539579 0.019573479205158915 -0.0020095546930930189 -0.08700407389091136 0.12695939334909931 -0.063106540139009362 0.00046055129503965586 -0.071074796228192114
leaf_weight=9.6687378315509687 16.294650960668605 1632.2906451129002 8.1790942780862661 6.7479656161945041 12.03287431843137 12.62046794378694 23.810022148303688 4.3888059677024103 2.7916353813884589 6.6827446781098834 1.014818455482781 1.3597104365421753 5.5872445008662899 9.0553464301974582 2.2017003220244069 8.7427455596625787 17.624997731354597 4.0495431008166634 13.702613196335735 6.0021330574527374 14.250288574306976 24.820951800649709 296.508687071444 8.9650784118703104 147.65110280895988 31.947705997960838 7.6410910243894241 18.870023107248016 9425.3239820127674 19.302445275142418
leaf_count=698533 37540 88895 221 25 7244 320 42 44 11300 21 263 239 192 234 31 28 111895 35 41 24 279956 2154 28926 322 10742 5223 198 1356 139546 2966
internal_value=0.000194404 0.000243833 0.0150701 0.0200504 0.014191 0.0256145 0.0106697 0.0766677 0.0676652 0.0816695 0.113845 -0.0227542 0.00755287 0.0467541 -0.0284565 0.031033 5.7609e-05 0.0234212 0.0415868 0.0162668 -2.28765e-06 4.6287e-05 -0.000477051 -4.2473e-05 -0.0151111 -0.022155 0.0273294 -0.00926839 0.000327181 -0.0426391
internal_weight=11800.1 11790.5 145.264 130.834 119.697 91.6618 68.5522 11.1368 23.1097 20.318 13.6353 28.0352 16.0023 10.4151 14.4303 52.2575 11645.2 6.25124 43.5148 19.7047 11627.6 11613.3 9981.03 9684.52 230.931 198.469 32.462 166.521 9453.59 28.2675
internal_count=1428556 730023 57844 57557 57488 49579 37675 69 11904 604 583 7909 665 473 287 135 672179 66 107 65 560284 280328 191433 162507 19673 17321 2352 12098 142834 3288
is_linear=0
shrinkage=0.06


Tree=197
num_leaves=31
num_cat=0
split_feature=2 2 10 10 6 6 6 0 2 1 5 17 11 1 5 12 16 4 4 9 6 6 6 6 2 1 10 17 4 15
split_gain=9.99266 8.03839 9.87426 17.973 16.006 12.2421 10.6086 7.57207 7.05093 6.98204 7.6101 6.09183 6.60445 6.58057 6.31336 6.26077 6.23896 14.2558 15.7174 12.943 16.3628 12.6354 24.6335 19.2398 22.0829 11.5817 12.5488 16.3481 12.1275 11.5008
threshold=-0.99973884224891651 -0.99839478731155384 0.061553031206130988 0.14495798945426944 3.3672220706939702 3.9987739324569707 5.5816881656646737 0.99971619248390209 -0.99957481026649464 7.5000000000000009 0.00011414033724577167 1.0000000180025095e-35 1.0000000180025095e-35 5.5000000000000009 0.95847877860069286 1.0000000180025095e-35 94.28104400634767 -0.026286931708455082 -0.43075647950172419 99.82578277587892 3.0091346502304082 5.6809058189392099 6.8400766849517831 3.6869239807128911 -0.99475938081741322 9.5000000000000018 0.20344828069210055 36.549165725708015 -0.12706227600574491 1.0000000180025095e-35
decision_type=2 2 2 2 2 2 2 2 2 2 2 2 2 2 2 2 2 2 2 2 2 2 2 2 2 2 2 2 2 2
left_child=-1 2 -2 9 -5 -6 -7 11 -8 -4 -11 12 13 -3 -14 -16 17 18 -13 29 -21 23 -23 24 -20 26 -25 28 -28 -18
right_child=1 7 3 4 5 6 8 -9 -10 10 -12 16 14 -15 15 -17 19 -19 21 20 -22 22 -24 25 -26 -27 27 -29 -30 -31
leaf_value=-0.055083977290078537 -0.050659707742342491 0.014487947246053588 0.086243831994510217 -0.04805481516613503 0.076008778516018921 -0.053400837303331825 0.093355482921080521 0.036600226305444343 -0.03707673991409572 0.085289487888805249 -0.045965021725895519 -0.02267757324875648 0.048816062594234336 -0.069861041555659545 -0.08038746359985105 0.041096204874148279 0.011294874385778973 -0.0026133448100674203 0.11652202690543251 -0.066873116213943748 0.0012813560379992459 -0.081728761617008774 0.041615774586629593 0.047296786259272076 -0.00064868705916275012 0.14882175303310841 0.083025270870574749 -0.065964371394378649 -0.035384958544454961 0.00075390058522237745
leaf_weight=10.742364852489116 5.3297034146596607 10.283090516420542 17.616983693153319 13.340257171452775 10.69675457188646 7.1233839627739126 3.3596292727568198 19.511639296411886 1.6001435472774117 1.5519199299014861 3.22564537043786 40.996860710169358 25.569738022732967 3.7572108382678371 2.2120749996847726 2.0467346680452465 393.29692590689774 4189.0470775723015 5.0959601162576282 21.75040090722905 28.570391684086644 11.69856593404984 9.918781409573965 77.133073340050032 115.37655899215656 2.5601427603978655 7.1521069901064038 8.2858954088296723 4.3098292967479228 6782.9689415005596
leaf_count=744907 90869 120 19720 43843 9294 20451 2705 122813 5023 8423 59612 91217 184 263 189 74 14901 106476 975 3399 3402 338 219 361 3707 215 145 478 117 74740
internal_value=0.000238171 0.00029308 0.0213602 0.028661 0.00206714 0.0322058 -0.00941707 0.000176916 0.0521145 0.0696325 0.00405362 0.00011328 0.0221792 -0.0112282 0.0377581 -0.0252911 2.8643e-05 -0.00173264 0.0112887 0.00111856 -0.0289064 0.0171238 -0.0257963 0.0214405 0.00522605 0.0408366 0.0364918 -0.00595703 0.0392349 0.00133309
internal_weight=11836.1 11825.4 63.8444 58.5147 36.1202 22.7799 12.0832 11761.5 4.95977 22.3945 4.77757 11742 43.8688 14.0403 29.8285 4.25881 11698.2 4471.57 282.528 7226.59 50.3208 241.531 21.6173 219.914 120.473 99.441 96.8809 19.7478 11.4619 7176.27
internal_count=1429180 684273 259940 169071 81316 37473 28179 424333 7728 87755 68035 301520 830 383 447 263 300690 204248 97772 96442 6801 6555 557 5998 4682 1316 1101 740 262 89641
is_linear=0
shrinkage=0.06


Tree=198
num_leaves=31
num_cat=0
split_feature=7 4 3 16 7 6 7 4 6 16 5 8 14 14 10 8 5 8 5 3 7 14 6 14 14 6 8 2 2 3
split_gain=8.72156 17.8109 21.777 19.8347 18.5847 16.6916 16.5495 15.708 22.3571 22.5045 15.1524 15.0446 14.8274 14.4564 19.5195 13.4745 21.7925 19.999 16.3973 17.7415 15.363 13.5403 13.51 16.222 12.9899 12.562 12.5301 12.2801 12.1573 16.2866
threshold=0.0057269202079623946 -0.0069817721378058186 4.5000000000000009 97.05627822875978 2.2512538433074956 0.0078648007474839705 0.0030492285732179884 -0.026286931708455082 3.005993247032166 94.868419647216811 0.99649950861930858 64.051280975341811 16.500000000000004 5.5000000000000009 0.64495798945426952 80.901721954345717 0.73536700010299694 94.474967956542983 0.10457579419016839 3.5000000000000004 0.78521895408630382 3.5000000000000004 5.6809058189392099 11.500000000000002 33.500000000000007 6.9923374652862558 93.127067565917983 -0.11860138177871703 -0.99877220392227162 2.5000000000000004
decision_type=2 2 2 2 2 2 2 2 2 2 2 2 2 2 2 2 2 2 2 2 2 2 2 2 2 2 2 2 2 2
left_child=6 7 3 4 12 -4 10 -2 9 -9 -1 -10 13 -3 -15 18 17 26 19 -5 -18 27 -19 -24 -13 -16 -17 -22 -11 -30
right_child=1 2 5 15 -6 -7 -8 8 11 28 -12 24 -14 14 25 16 20 22 -20 -21 21 -23 23 -25 -26 -27 -28 -29 29 -31
leaf_value=-3.9127634605478417e-05 -0.00015575990797417813 -0.0071202241628668516 0.094350377998058538 -0.077323051630068418 -0.055333016805733312 -0.07429301599124187 0.01340223704776052 -0.07974901893499857 -0.039966585935033168 0.15282183954114595 0.020667645206235642 0.029718376711768076 0.030030815378137964 -0.042591108472446633 0.0079434556853641945 -0.018629301492804465 0.014839558228093696 -0.072253803928284038 0.019573204871453961 0.10839922101681516 -0.11819051836454991 -0.0023851681224470798 0.099468380850195937 -0.063393137865221827 0.14945778836374532 -0.096095308510699667 0.017688566980075163 -0.0069404022695239952 0.024623397643732677 -0.034252548612809866
leaf_weight=7411.5504023264257 1042.2709047788594 363.52540821761568 1.469192771372948 10.748846027192482 36.568837465514662 22.887226945690145 363.75205571677543 12.783800973282267 10.218222378533481 0.92721764005091145 128.44298578638882 167.81053061799639 28.195552220000536 113.61599229653621 54.513183670424041 188.38361249142781 198.58877440872129 34.223829277843834 155.4905771962658 1.2958064544845918 5.9601690769195557 1285.8433277415606 3.2950450454045486 3.5613228841684759 2.4010150572285047 3.5180718429910476 40.900579276368262 7.6117723833303881 39.426135106694346 28.082637222522862
leaf_count=432221 766386 5486 136 250 112 5313 26865 8071 8318 801 146375 3366 2837 2103 2049 1049 11509 287 2004 54 24 3430 32 22 9 101 119 25 175 342
internal_value=-0.000221936 -0.00255766 -0.00546403 -0.00490877 -0.0144314 -0.0608006 0.000920174 0.00314868 0.0162623 -0.00979629 0.000316304 0.0279818 -0.0116831 -0.0139327 -0.0282357 -0.00195178 -0.00349494 -0.01914 0.0142607 -0.0505642 -0.000660388 -0.00303882 -0.0572001 0.0175736 0.0322705 0.00011521 -0.0121021 -0.0605544 0.00423117 -1.0592e-05
internal_weight=11767.9 3864.12 2560.2 2535.84 599.937 24.3564 7903.75 1303.92 261.65 81.2198 7539.99 180.43 563.368 535.173 171.647 1935.9 1768.37 270.364 167.535 12.0447 1498 1299.42 41.0802 6.85637 170.212 58.0313 229.284 13.5719 68.436 67.5088
internal_count=1429871 824410 36942 31493 12688 5449 605461 787468 21082 9389 578596 11693 12576 9739 4253 18805 16497 1509 2308 304 14988 3479 341 54 3375 2150 1168 49 1318 517
is_linear=0
shrinkage=0.06


Tree=199
num_leaves=31
num_cat=0
split_feature=0 9 6 6 14 6 6 17 6 6 17 6 6 9 9 9 1 9 17 6 0 8 6 7 4 5 2 6 14 6
split_gain=7.16676 6.22395 17.9271 23.01 19.261 15.1821 45.2595 43.6844 32.393 46.7918 28.3703 24.6936 37.0814 38.823 20.8534 20.2334 19.8496 18.6988 26.9705 18.5674 26.2819 20.5934 20.1275 22.4848 17.9941 17.4805 17.1634 15.7529 15.3226 30.5013
threshold=0.99994799494743358 65.636928558349624 6.4903745651245126 6.8400766849517831 10.500000000000002 5.1386919021606454 4.9981007575988778 70.429252624511733 4.1150696277618417 3.9993827342987065 56.125000000000007 5.9977171421051034 6.0522854328155526 98.994949340820327 67.704421997070327 89.676071166992202 4.5000000000000009 87.401184082031264 56.904762268066413 3.9717557430267338 0.0129409097135067 48.52813911437989 3.9941577911376958 0.038724163547158248 -0.049054281786084168 0.51504290103912365 -0.75785845518112172 5.0038316249847421 30.500000000000004 4.4601030349731454
decision_type=2 2 2 2 2 2 2 2 2 2 2 2 2 2 2 2 2 2 2 2 2 2 2 2 2 2 2 2 2 2
left_child=1 2 -1 -4 -5 6 8 15 9 14 -11 -7 13 -13 25 17 -12 18 -8 -16 21 -21 -22 -24 26 -3 -14 -9 -10 -30
right_child=-2 5 3 4 -6 11 7 27 28 10 16 12 24 -15 19 -17 -18 -19 -20 20 22 -23 23 -25 -26 -27 -28 -29 29 -31
leaf_value=0.003739922596851067 0.053564489220775585 -0.053374672486090777 -0.063334267240898218 -0.00015372636473009216 -0.11128071124395866 0.016385437614347131 -0.042024007769295116 -0.057348422287846361 0.0066495041996623167 0.0076187799061260206 0.031283000360440232 -0.050937749634405456 -0.048691948557459161 0.042990563046738303 -0.00045746514284320281 -0.012651787205013804 -0.031615588143141242 0.10321596624449138 0.075898554429700879 0.12535497004233401 0.024613251730807452 -0.046075426578030806 -0.014558903215919761 0.090932660909394461 0.0033068868577219523 0.0080547919156509391 0.09759199402117251 -0.023136966962320177 0.065670239154563922 0.011136127343008098
leaf_weight=3709.0137317385179 8.3214844401081773 46.539236138265323 30.033998600736595 117.82903484239455 4.8959965366609586 494.44042865864367 14.048531124091825 97.038739713404539 673.86210889461563 102.25711228702653 18.326091722919955 86.291329813110679 3.0189621177942163 18.548814264010161 5004.4190149061342 61.370905520117503 331.09923113952141 11.460299821572788 12.068795985151835 11.390151070154159 161.00400491428809 2.6097210775026261 112.16308392339852 6.7796097756672671 363.97838953771134 25.324467183138268 12.347457956333526 100.31165641229222 50.00506807876809 135.75537561767487
leaf_count=1020621 60840 6034 8260 33452 504 16809 5119 3286 25339 10466 6440 4318 5246 1216 176236 1553 7917 208 1176 2294 2750 616 2658 73 9630 7764 512 3934 981 3213
internal_value=0.000974102 0.000932543 0.0029086 -0.017169 -0.00545062 -2.68091e-05 -0.00100865 -0.023915 1.05833e-05 -0.00159529 -0.0201206 0.00696782 -0.00266322 -0.0340703 -3.36933e-05 0.00856943 -0.0282369 0.042657 0.0132573 0.000404648 0.0150339 0.0924573 0.0108467 -0.00783799 0.00608358 -0.0319137 0.0676332 -0.0401633 0.0108758 0.0260893
internal_weight=11826.6 11818.2 3861.77 152.759 122.725 7956.46 6977.83 296.299 6681.53 5821.91 451.682 978.625 484.185 104.84 5370.23 98.9485 349.425 37.5776 26.1173 5298.37 293.947 13.9999 279.947 118.943 379.345 71.8637 15.3664 197.35 859.623 185.76
internal_count=1429465 1368625 1062837 42216 33956 305788 268057 15276 252781 223248 24823 37731 20922 5534 198425 8056 14357 6503 6295 184627 8391 2910 5481 2731 15388 13798 5758 7220 29533 4194
is_linear=0
shrinkage=0.06


end of trees

feature_importances:
sum_s1=918
sum_o=816
p1=636
max_o_other=585
aset=442
ajac=438
nsort=434
w=396
gap_s1=301
gap_o=235
sk_r=227
sk_set=202
rk_s1=178
rk_o=97
anum_first_eq=37
akey_eq=32
ncore_eq=22
a_exact=4

parameters:
[boosting: gbdt]
[objective: binary]
[metric: auc]
[tree_learner: serial]
[device_type: cpu]
[data_sample_strategy: bagging]
[data: ]
[valid: ]
[num_iterations: 200]
[learning_rate: 0.06]
[num_leaves: 31]
[num_threads: 8]
[seed: 0]
[deterministic: 0]
[force_col_wise: 0]
[force_row_wise: 0]
[histogram_pool_size: -1]
[max_depth: -1]
[min_data_in_leaf: 20]
[min_sum_hessian_in_leaf: 0.001]
[bagging_fraction: 0.8]
[pos_bagging_fraction: 1]
[neg_bagging_fraction: 1]
[bagging_freq: 1]
[bagging_seed: 3]
[bagging_by_query: 0]
[feature_fraction: 0.9]
[feature_fraction_bynode: 1]
[feature_fraction_seed: 2]
[extra_trees: 0]
[extra_seed: 6]
[early_stopping_round: 0]
[early_stopping_min_delta: 0]
[first_metric_only: 0]
[max_delta_step: 0]
[lambda_l1: 0]
[lambda_l2: 1]
[linear_lambda: 0]
[min_gain_to_split: 0]
[drop_rate: 0.1]
[max_drop: 50]
[skip_drop: 0.5]
[xgboost_dart_mode: 0]
[uniform_drop: 0]
[drop_seed: 4]
[top_rate: 0.2]
[other_rate: 0.1]
[min_data_per_group: 100]
[max_cat_threshold: 32]
[cat_l2: 10]
[cat_smooth: 10]
[max_cat_to_onehot: 4]
[top_k: 20]
[monotone_constraints: ]
[monotone_constraints_method: basic]
[monotone_penalty: 0]
[feature_contri: ]
[forcedsplits_filename: ]
[refit_decay_rate: 0.9]
[cegb_tradeoff: 1]
[cegb_penalty_split: 0]
[cegb_penalty_feature_lazy: ]
[cegb_penalty_feature_coupled: ]
[path_smooth: 0]
[interaction_constraints: ]
[verbosity: -1]
[saved_feature_importance_type: 0]
[use_quantized_grad: 0]
[num_grad_quant_bins: 4]
[quant_train_renew_leaf: 0]
[stochastic_rounding: 1]
[linear_tree: 0]
[max_bin: 255]
[max_bin_by_feature: ]
[min_data_in_bin: 3]
[bin_construct_sample_cnt: 200000]
[data_random_seed: 1]
[is_enable_sparse: 1]
[enable_bundle: 1]
[use_missing: 1]
[zero_as_missing: 0]
[feature_pre_filter: 1]
[pre_partition: 0]
[two_round: 0]
[header: 0]
[label_column: ]
[weight_column: ]
[group_column: ]
[ignore_column: ]
[categorical_feature: ]
[forcedbins_filename: ]
[precise_float_parser: 0]
[parser_config_file: ]
[objective_seed: 5]
[num_class: 1]
[is_unbalance: 1]
[scale_pos_weight: 1]
[sigmoid: 1]
[boost_from_average: 1]
[reg_sqrt: 0]
[alpha: 0.9]
[fair_c: 1]
[poisson_max_delta_step: 0.7]
[tweedie_variance_power: 1.5]
[lambdarank_truncation_level: 30]
[lambdarank_norm: 1]
[label_gain: ]
[lambdarank_position_bias_regularization: 0]
[eval_at: ]
[multi_error_top_k: 1]
[auc_mu_weights: ]
[num_machines: 1]
[local_listen_port: 12400]
[time_out: 120]
[machine_list_filename: ]
[machines: ]
[gpu_platform_id: -1]
[gpu_device_id: -1]
[gpu_device_id_list: ]
[gpu_use_dp: 0]
[num_gpu: 1]

end of parameters

pandas_categorical:[]
