s1_id	matched_id	matched_source	failure_type	reason	rank
S1-277072715	S3-61206591	S3	B		
S1-192327811	S2-622284434	S2	B		
S1-97581850	S3-256916098	S3	B		
S1-98065022	S3-698900166	S3	A		
S1-222806068	S3-661189176	S3	B		
S1-222806068	S3-546864144	S3	B		
S1-932827505	S2-204169449	S2	B		
S1-335576235	S3-42549227	S3	A		
S1-335576235	S2-976123764	S2	A		
S1-335576235	S2-735770697	S2	B		
S1-335576235	S2-757956582	S2	A		
S1-909842346	S3-575390278	S3	A		
S1-682477366	S3-156753004	S3	B		
S1-455541032	S2-165687574	S2	B		
S1-862223871	S3-456643170	S3	D		50.0
S1-195381333	S2-321392297	S2	B		
S1-627160847	S3-662731386	S3	D		33.0
S1-355821652	S2-78121805	S2	A		
S1-817622790	S3-541918624	S3	D		34.0
S1-248501128	S3-701568976	S3	B		
S1-248501128	S3-904930199	S3	B		
S1-809836476	S3-544265653	S3	B		
S1-87088260	S2-824937840	S2	B		
S1-964198931	S2-138068664	S2	B		
S1-260429958	S3-446594103	S3	B		
S1-597479687	S3-328161746	S3	B		
S1-151030770	S2-45498808	S2	B		
S1-151030770	S3-557438551	S3	A		
S1-151030770	S2-706525903	S2	B		
S1-630083865	S3-134686792	S3	A		
S1-607648222	S3-653625273	S3	B		
S1-2161902	S3-524745369	S3	D		52.0
S1-2161902	S2-492935261	S2	B		
S1-688943895	S2-92760952	S2	A		
S1-688943895	S3-504629243	S3	E	rank 18 <= topk but missing from candidates	
S1-508360624	S3-8052928	S3	B		
S1-581017555	S3-941305634	S3	D		152.0
S1-876013063	S3-944092175	S3	B		
S1-101477220	S3-410073146	S3	B		
S1-90745883	S2-970138346	S2	A		
S1-4769263	S3-900839647	S3	A		
S1-42531464	S3-629479987	S3	D		94.0
S1-580405723	S3-564542574	S3	A		
S1-442792652	S3-580430729	S3	A		
S1-463572456	S3-943778652	S3	A		
S1-982121857	S2-94795319	S2	B		
S1-982121857	S2-280577478	S2	B		
S1-525309212	S3-370224665	S3	A		
S1-765129496	S2-673872584	S2	D		58.0
S1-305925767	S2-73505552	S2	D		79.0
S1-392640139	S2-790762504	S2	E	rank 4 <= topk but missing from candidates	
S1-232656923	S3-230110839	S3	D		64.0
S1-785155914	S3-151235432	S3	B		
S1-785155914	S3-155806681	S3	B		
S1-785155914	S2-782493053	S2	B		
S1-145857496	S3-660950716	S3	B		
S1-707083509	S3-978233618	S3	B		
S1-618966370	S3-568667043	S3	B		
S1-623976560	S3-176901907	S3	D		41.0
S1-422209265	S3-949823145	S3	D		70.0
S1-584058135	S3-874977504	S3	B		
S1-200683717	S2-99763158	S2	B		
S1-200683717	S3-773541483	S3	A		
S1-155238307	S3-518163580	S3	A		
S1-216798356	S3-464541130	S3	B		
S1-216798356	S3-743163748	S3	B		
S1-216798356	S3-922261913	S3	B		
S1-216798356	S3-841957583	S3	A		
S1-85454984	S3-740907279	S3	B		
S1-401093027	S3-759024059	S3	E	rank 17 <= topk but missing from candidates	
S1-401093027	S2-77667328	S2	A		
S1-552668445	S3-730610667	S3	A		
S1-438304732	S3-118763687	S3	A		
S1-438304732	S2-273823681	S2	D		66.0
S1-400049287	S2-689333918	S2	A		
S1-166360088	S2-395402575	S2	A		
S1-322946032	S2-532609847	S2	D		91.0
S1-322946032	S2-518582086	S2	D		80.0
S1-252772715	S3-373451599	S3	D		59.0
S1-197186281	S2-159760480	S2	B		
S1-572802778	S2-154724842	S2	B		
S1-871627985	S2-595944232	S2	B		
S1-30758585	S3-44916947	S3	D		120.0
S1-30758585	S3-42558387	S3	D		115.0
S1-30758585	S3-222188068	S3	D		114.0
S1-761271025	S3-631636405	S3	B		
S1-488681298	S3-112588662	S3	E	rank 30 <= topk but missing from candidates	
S1-196267878	S2-931952423	S2	A		
S1-974183597	S2-391118716	S2	B		
S1-993694723	S3-660913195	S3	A		
S1-33380400	S3-40657838	S3	B		
S1-984322635	S2-551916503	S2	B		
S1-984322635	S2-840666736	S2	B		
S1-984322635	S2-422657060	S2	B		
S1-984322635	S3-633749098	S3	A		
S1-882583433	S3-840881922	S3	B		
S1-882583433	S3-253486702	S3	D		49.0
S1-446034797	S3-428022846	S3	E	rank 29 <= topk but missing from candidates	
S1-315247770	S2-550562932	S2	D		119.0
S1-904812775	S3-762107102	S3	A		
S1-21024399	S3-480201986	S3	B		
S1-113616197	S3-481765984	S3	D		48.0
S1-800089605	S2-687214279	S2	B		
S1-418371092	S2-644967437	S2	D		69.0
S1-418371092	S3-406453138	S3	D		58.0
S1-411801793	S3-473212793	S3	D		57.0
S1-448581573	S2-297727422	S2	B		
S1-448581573	S3-624478136	S3	B		
S1-428280455	S3-960288804	S3	D		91.0
S1-180474121	S3-154814390	S3	B		
S1-898755387	S3-633326876	S3	D		44.0
S1-476370040	S3-464674414	S3	D		34.0
S1-476370040	S3-832026292	S3	D		79.0
S1-661809031	S2-200991258	S2	B		
S1-88826818	S3-466048010	S3	D		48.0
S1-408767430	S2-64460617	S2	E	rank 23 <= topk but missing from candidates	
S1-408767430	S2-585637598	S2	D		43.0
S1-777508980	S3-320325674	S3	B		
S1-570741552	S3-922321173	S3	D		33.0
S1-293591459	S3-386513307	S3	B		
S1-227628354	S2-252635769	S2	B		
S1-334830381	S3-544257913	S3	D		45.0
S1-949267241	S2-867380926	S2	D		63.0
S1-363034612	S3-263087458	S3	D		33.0
S1-363034612	S3-7305487	S3	D		40.0
S1-132733362	S2-173852650	S2	B		
S1-798713386	S3-43963579	S3	A		
S1-208080517	S3-700526398	S3	D		53.0
S1-297406221	S3-679206006	S3	A		
S1-720178053	S3-41426737	S3	D		64.0
S1-234974591	S3-735092769	S3	D		69.0
S1-657355603	S2-822499306	S2	A		
S1-186152435	S3-514528193	S3	B		
S1-586568552	S3-585635550	S3	D		73.0
S1-586568552	S2-657718232	S2	B		
S1-98181079	S2-371007934	S2	B		
S1-31432701	S3-681413287	S3	D		72.0
S1-650508441	S3-951944463	S3	D		47.0
S1-756817485	S3-886461202	S3	B		
S1-449222391	S3-129243759	S3	B		
S1-489058984	S2-385129451	S2	D		33.0
S1-407153514	S2-633006336	S2	B		
S1-860785961	S3-645851268	S3	B		
S1-847684	S3-197447044	S3	A		
S1-847684	S3-464488474	S3	A		
S1-847684	S2-34718662	S2	B		
S1-770713363	S2-964599304	S2	B		
S1-770713363	S3-227773937	S3	D		130.0
S1-822894629	S2-576243420	S2	B		
S1-822894629	S2-231629782	S2	B		
S1-277497027	S2-106526734	S2	B		
S1-277497027	S2-19554327	S2	B		
S1-775951971	S2-143532720	S2	A		
S1-554717502	S3-587101769	S3	D		47.0
S1-554717502	S2-461096213	S2	E	rank 18 <= topk but missing from candidates	
S1-554717502	S3-791550876	S3	D		114.0
S1-561693137	S2-636074446	S2	B		
S1-561693137	S3-111819299	S3	A		
S1-705159227	S3-846668404	S3	B		
S1-705159227	S2-346410027	S2	D		63.0
S1-705159227	S3-554988965	S3	D		49.0
S1-705159227	S3-295469596	S3	E	rank 22 <= topk but missing from candidates	
S1-531017345	S3-388581110	S3	B		
S1-510955377	S2-730188985	S2	B		
S1-510955377	S3-204229792	S3	B		
S1-510955377	S2-797075787	S2	B		
S1-110126750	S2-323235185	S2	D		52.0
S1-200635660	S2-370309653	S2	B		
S1-914472973	S2-118460436	S2	B		
S1-761268485	S2-318178939	S2	B		
S1-397160140	S2-398419623	S2	B		
S1-204420965	S3-281390260	S3	D		54.0
S1-51826459	S3-931911345	S3	E	rank 8 <= topk but missing from candidates	
S1-106617798	S3-446100920	S3	A		
S1-106617798	S2-648506602	S2	D		104.0
S1-801436330	S2-818632375	S2	D		68.0
S1-774324228	S3-61818357	S3	A		
S1-178517993	S2-99847550	S2	B		
S1-463259002	S2-888091994	S2	D		117.0
S1-418515873	S2-528171898	S2	A		
S1-912818025	S2-959108417	S2	B		
S1-78268768	S3-938038217	S3	B		
S1-78268768	S3-82785977	S3	B		
S1-108869480	S2-766743206	S2	B		
S1-390908211	S2-668347013	S2	D		46.0
S1-948824631	S3-196909329	S3	B		
S1-739107554	S2-837566025	S2	D		63.0
S1-23931487	S2-822819804	S2	D		56.0
S1-23931487	S2-498177908	S2	D		59.0
S1-23931487	S3-526943983	S3	D		81.0
S1-417309932	S3-323733172	S3	A		
S1-85424667	S2-915553690	S2	A		
S1-393046356	S3-426298837	S3	B		
S1-102032988	S2-302097195	S2	B		
S1-208404037	S3-926102032	S3	B		
S1-787556730	S2-67464090	S2	B		
S1-694261382	S2-760357032	S2	D		163.0
S1-978459422	S3-417452538	S3	D		33.0
S1-505031454	S3-865183032	S3	A		
S1-107252561	S3-668553476	S3	A		
S1-945898564	S3-415014700	S3	A		
S1-747779393	S3-157331372	S3	A		
S1-491859251	S3-706849358	S3	B		
S1-360747356	S2-607408305	S2	B		
S1-228344705	S2-816796411	S2	B		
S1-920743098	S3-766734897	S3	D		33.0
S1-920743098	S2-139499075	S2	E	rank 29 <= topk but missing from candidates	
S1-637974831	S3-467373119	S3	B		
S1-637974831	S2-942568027	S2	B		
S1-352253227	S3-640333119	S3	B		
S1-7202035	S2-33081993	S2	D		52.0
S1-372744839	S3-810886288	S3	D		84.0
S1-530566954	S3-204600400	S3	D		78.0
S1-300848407	S2-320626507	S2	B		
S1-68681195	S2-229461094	S2	D		39.0
S1-101822419	S2-995642336	S2	D		52.0
S1-279399254	S2-826906135	S2	A		
S1-279399254	S2-587493985	S2	D		71.0
S1-279399254	S2-728237727	S2	D		54.0
S1-331775081	S3-638017097	S3	D		56.0
S1-368412739	S3-171140277	S3	E	rank 16 <= topk but missing from candidates	
S1-233664668	S2-605794931	S2	B		
S1-853074116	S2-302445507	S2	B		
S1-568388680	S2-906569218	S2	D		110.0
S1-876227143	S3-857988025	S3	D		39.0
S1-134089661	S3-433709945	S3	D		109.0
S1-583456389	S3-762417410	S3	D		53.0
S1-525657480	S2-376266251	S2	D		115.0
S1-687989792	S3-668261335	S3	D		84.0
S1-687989792	S3-366821	S3	D		68.0
S1-541519435	S3-375646440	S3	D		68.0
S1-944166374	S3-190047444	S3	B		
S1-728612447	S3-797637080	S3	B		
S1-728612447	S3-212999530	S3	D		33.0
S1-728612447	S3-896863622	S3	D		32.0
S1-728612447	S2-261396169	S2	B		
S1-728612447	S2-868759077	S2	B		
S1-672008695	S3-434831835	S3	B		
S1-926426301	S3-102215447	S3	B		
S1-944676391	S2-496645061	S2	A		
S1-44982621	S3-294106297	S3	B		
S1-694387463	S2-319348324	S2	B		
S1-588290605	S3-710377266	S3	B		
S1-588290605	S3-80987706	S3	B		
S1-588290605	S3-252771713	S3	B		
S1-853249228	S3-454507467	S3	D		43.0
S1-691003493	S3-603762936	S3	D		57.0
S1-475255040	S2-495593238	S2	A		
S1-958856882	S3-438427716	S3	B		
S1-673659751	S3-743331176	S3	B		
S1-673659751	S3-979053728	S3	A		
S1-214222793	S2-88795464	S2	A		
S1-214222793	S2-724007511	S2	D		67.0
S1-214222793	S2-660090220	S2	D		71.0
S1-459633615	S2-252105401	S2	A		
S1-11747500	S3-784275797	S3	D		37.0
S1-4353789	S3-788698547	S3	D		51.0
S1-693802647	S2-506349704	S2	D		53.0
S1-120325045	S3-280398812	S3	A		
S1-120325045	S3-270725116	S3	A		
S1-120325045	S2-798602061	S2	A		
S1-541127838	S3-795281947	S3	E	rank 19 <= topk but missing from candidates	
S1-541127838	S3-472258914	S3	D		138.0
S1-570433237	S3-706835916	S3	D		39.0
S1-570433237	S3-986682933	S3	B		
S1-404709175	S2-633246373	S2	A		
S1-701275378	S3-360368132	S3	A		
S1-701275378	S3-731065759	S3	B		
S1-369083660	S3-292933888	S3	B		
S1-47415452	S3-578277935	S3	E	rank 8 <= topk but missing from candidates	
S1-247905597	S2-423448326	S2	D		107.0
S1-247905597	S2-34250983	S2	D		117.0
S1-247905597	S3-358018783	S3	D		155.0
S1-669879363	S3-297796217	S3	D		171.0
S1-669879363	S2-727719749	S2	D		192.0
S1-813697766	S2-339349587	S2	D		69.0
S1-813697766	S2-140151347	S2	D		64.0
S1-813697766	S3-284103996	S3	D		65.0
S1-633991035	S3-159513312	S3	D		37.0
S1-813289405	S2-755745587	S2	B		
S1-301438683	S3-92584235	S3	A		
S1-911895308	S2-307931487	S2	A		
S1-911895308	S3-689827252	S3	A		
S1-574617459	S3-588910105	S3	A		
S1-574617459	S3-832278433	S3	B		
S1-627903843	S3-403710310	S3	B		
S1-627903843	S3-165994420	S3	B		
S1-639969440	S3-482706139	S3	B		
S1-622131351	S3-418117731	S3	D		97.0
S1-622131351	S2-814894860	S2	A		
S1-812612446	S3-94789080	S3	B		
S1-359023377	S3-878636809	S3	D		117.0
S1-260254532	S2-270757076	S2	B		
S1-997707003	S2-183076710	S2	B		
S1-998699453	S2-765072010	S2	E	rank 28 <= topk but missing from candidates	
S1-998699453	S2-674874695	S2	D		35.0
S1-577116832	S3-587584189	S3	B		
S1-718255933	S3-489268634	S3	D		65.0
S1-441867489	S2-790893745	S2	A		
S1-328497309	S3-432934676	S3	D		75.0
S1-569818859	S2-228207512	S2	B		
S1-569818859	S2-704558198	S2	B		
S1-848340018	S3-307270097	S3	D		67.0
S1-635053526	S2-145142473	S2	B		
S1-91012706	S2-154306216	S2	B		
S1-91012706	S3-915964262	S3	B		
S1-91012706	S2-311192625	S2	B		
S1-91012706	S3-358601784	S3	B		
S1-284492858	S2-28429582	S2	A		
S1-972358494	S3-873903750	S3	B		
S1-253346661	S3-397631072	S3	D		130.0
S1-955657516	S2-462987434	S2	B		
S1-445735841	S3-253277877	S3	D		42.0
S1-445735841	S2-848114570	S2	D		41.0
S1-445735841	S3-564688997	S3	B		
S1-838245974	S3-975107632	S3	B		
S1-91442985	S2-681927235	S2	B		
S1-359793330	S3-735012881	S3	B		
S1-862032456	S3-478963251	S3	A		
S1-763687564	S3-740815333	S3	B		
S1-616676161	S2-376729962	S2	B		
S1-616676161	S2-913705737	S2	B		
S1-616676161	S3-614332353	S3	B		
S1-963150936	S2-41119124	S2	D		106.0
S1-154505353	S3-561016901	S3	D		78.0
S1-154505353	S3-680865384	S3	D		79.0
S1-154505353	S2-520316082	S2	D		65.0
S1-437904017	S3-683287364	S3	A		
S1-937200748	S2-303292683	S2	B		
S1-154542633	S2-464575697	S2	D		89.0
S1-154542633	S3-744445600	S3	A		
S1-82157285	S3-429062845	S3	D		93.0
S1-779158799	S3-905470436	S3	B		
S1-93573874	S3-581416971	S3	D		62.0
S1-66615292	S3-285504149	S3	D		49.0
S1-411474538	S3-706564739	S3	D		39.0
S1-417506386	S3-129261715	S3	B		
S1-622940998	S2-849888404	S2	D		45.0
S1-622940998	S3-146204761	S3	A		
S1-622940998	S2-203686272	S2	D		43.0
S1-413362830	S3-105441970	S3	B		
S1-666111684	S2-266599720	S2	D		31.0
S1-71674221	S3-105581123	S3	B		
S1-588527054	S2-309532481	S2	D		171.0
S1-588527054	S2-998098109	S2	D		97.0
S1-14580867	S3-17964268	S3	D		97.0
S1-679354978	S3-440693892	S3	D		59.0
S1-408170803	S2-234424590	S2	B		
S1-243437666	S3-315427716	S3	D		62.0
S1-925729971	S3-786453488	S3	B		
S1-887812525	S2-380422740	S2	D		75.0
S1-528997966	S2-295469674	S2	D		52.0
S1-528997966	S3-134122888	S3	D		60.0
S1-266989391	S3-2086537	S3	B		
S1-266989391	S3-724254949	S3	E	rank 26 <= topk but missing from candidates	
S1-640702963	S3-42933722	S3	D		125.0
S1-640702963	S2-753909759	S2	B		
S1-991999607	S2-858762607	S2	B		
S1-419186603	S3-764633354	S3	D		55.0
S1-860833569	S2-88160184	S2	E	rank 29 <= topk but missing from candidates	
S1-625225344	S3-111406014	S3	D		45.0
S1-762985890	S3-439167098	S3	D		41.0
S1-762985890	S2-545969278	S2	D		43.0
S1-762985890	S3-562409900	S3	D		32.0
S1-762985890	S3-153038155	S3	A		
S1-648028809	S3-57367804	S3	D		59.0
S1-513939932	S2-967020588	S2	A		
S1-252968531	S2-17629671	S2	B		
S1-877790732	S2-237096839	S2	B		
S1-909198310	S2-301619931	S2	B		
S1-909198310	S3-423359008	S3	D		49.0
S1-873938758	S3-471364854	S3	A		
S1-873938758	S3-110221187	S3	A		
S1-509131580	S2-76098199	S2	D		38.0
S1-167412926	S3-108400002	S3	A		
S1-33747232	S2-891671274	S2	A		
S1-33747232	S2-888110492	S2	A		
S1-425796227	S3-470068965	S3	B		
S1-595831074	S3-889472979	S3	B		
S1-595831074	S2-499838571	S2	B		
S1-569462650	S3-896801859	S3	D		97.0
S1-902029151	S3-358028089	S3	D		66.0
S1-860358582	S3-630743152	S3	B		
S1-862453523	S2-222267164	S2	D		44.0
S1-799147445	S3-874461525	S3	B		
S1-6557487	S3-996481707	S3	B		
S1-6557487	S2-909249338	S2	E	rank 13 <= topk but missing from candidates	
S1-290845381	S3-853195703	S3	A		
S1-58901695	S3-179402733	S3	D		60.0
S1-276781738	S2-985384369	S2	B		
S1-276781738	S3-315094318	S3	A		
S1-275741770	S2-274866400	S2	A		
S1-861579067	S3-869129349	S3	B		
S1-532703206	S3-458663553	S3	D		131.0
S1-482540165	S3-526411524	S3	D		116.0
S1-560757725	S3-527932187	S3	D		68.0
S1-560757725	S3-379878439	S3	D		81.0
S1-1537778	S3-335755527	S3	A		
S1-376773984	S3-784740939	S3	A		
S1-480997820	S3-57238681	S3	B		
S1-306262162	S3-608541387	S3	E	rank 21 <= topk but missing from candidates	
S1-9466611	S2-931891560	S2	B		
S1-979461119	S2-419744684	S2	B		
S1-606727841	S2-460744622	S2	D		37.0
S1-383786647	S3-524232205	S3	B		
S1-530420810	S2-678476626	S2	B		
S1-530420810	S2-870271296	S2	B		
S1-530420810	S3-137246909	S3	B		
S1-526527200	S2-217182957	S2	B		
S1-556888384	S2-203294003	S2	B		
S1-556888384	S2-723623045	S2	D		168.0
S1-556888384	S2-585134426	S2	B		
S1-370693914	S2-613517791	S2	B		
S1-370693914	S3-369323647	S3	D		79.0
S1-370693914	S2-702046539	S2	D		100.0
S1-275702212	S2-266279936	S2	E	rank 13 <= topk but missing from candidates	
S1-722347990	S3-43013901	S3	D		175.0
S1-676352164	S3-180577507	S3	B		
S1-681422528	S2-558876020	S2	D		101.0
S1-307418892	S2-216196456	S2	B		
S1-26033182	S2-675119321	S2	D		31.0
S1-26033182	S2-283460134	S2	D		32.0
S1-494160993	S3-812263341	S3	B		
S1-737122612	S2-809812563	S2	D		59.0
S1-737122612	S3-487189936	S3	D		61.0
S1-55076422	S3-940971485	S3	A		
S1-55076422	S3-634191677	S3	B		
S1-991564337	S2-659774394	S2	D		60.0
S1-696140635	S3-848869723	S3	A		
S1-408569266	S3-345365840	S3	B		
S1-408569266	S3-923642328	S3	B		
S1-408569266	S2-662489288	S2	B		
S1-568874245	S2-545599715	S2	B		
S1-568874245	S2-886352021	S2	B		
S1-568874245	S3-803885568	S3	D		54.0
S1-961880767	S3-813082950	S3	B		
S1-961880767	S3-920939917	S3	B		
S1-912331710	S3-654298311	S3	B		
S1-495746351	S2-641956709	S2	D		57.0
S1-392366893	S3-405720772	S3	B		
S1-204197081	S2-322649943	S2	D		122.0
S1-431685762	S2-165054732	S2	B		
S1-136618360	S3-381212373	S3	A		
S1-511629176	S3-152578611	S3	D		59.0
S1-708595805	S3-892698735	S3	B		
S1-516740442	S2-652369292	S2	D		54.0
S1-516740442	S2-543287379	S2	B		
S1-416833152	S3-536378148	S3	B		
S1-514883577	S3-505240822	S3	A		
S1-514883577	S3-799811409	S3	D		71.0
S1-759620172	S3-339395854	S3	B		
S1-153572559	S2-412300660	S2	B		
S1-957903347	S3-602436615	S3	D		71.0
S1-577287269	S3-160510402	S3	A		
S1-789493166	S3-922838274	S3	E	rank 18 <= topk but missing from candidates	
S1-273453959	S2-11889768	S2	D		91.0
S1-273453959	S2-955560999	S2	D		114.0
S1-119811850	S2-901656683	S2	B		
S1-657691015	S3-556723695	S3	E	rank 26 <= topk but missing from candidates	
S1-657691015	S3-473892876	S3	D		31.0
S1-444226150	S3-727888433	S3	D		60.0
S1-185886828	S3-943451768	S3	A		
S1-496308507	S3-74248880	S3	B		
S1-793354754	S3-105013613	S3	B		
S1-793354754	S3-368934573	S3	A		
S1-345287161	S3-16871632	S3	D		54.0
S1-345287161	S2-836256742	S2	D		64.0
S1-345287161	S3-895923637	S3	D		53.0
S1-788607236	S3-664621406	S3	D		42.0
S1-26434716	S3-123813427	S3	B		
S1-892502559	S3-163042687	S3	B		
S1-679522557	S3-745390653	S3	E	rank 29 <= topk but missing from candidates	
S1-679522557	S3-780692486	S3	D		49.0
S1-160391390	S2-705387445	S2	D		49.0
S1-946262004	S3-594225613	S3	A		
S1-946262004	S3-931990802	S3	D		81.0
S1-388064667	S2-550297217	S2	B		
S1-346512581	S2-91865722	S2	B		
S1-574177433	S3-484609854	S3	D		91.0
S1-522402857	S3-70054654	S3	D		57.0
S1-522402857	S2-368387859	S2	D		63.0
S1-522402857	S3-530604999	S3	D		64.0
S1-484310187	S2-320433318	S2	B		
S1-590533341	S2-912461786	S2	D		61.0
S1-551077043	S3-390827390	S3	E	rank 17 <= topk but missing from candidates	
S1-551077043	S3-645415991	S3	D		45.0
S1-940381729	S2-627680752	S2	D		65.0
S1-162053901	S2-559630644	S2	D		101.0
S1-930393071	S3-876812277	S3	A		
S1-609355534	S2-885511095	S2	B		
S1-888447475	S3-295032010	S3	D		36.0
S1-888447475	S2-417135344	S2	B		
S1-861071639	S3-880804485	S3	B		
S1-825613428	S3-659641659	S3	A		
S1-476650532	S3-907608884	S3	D		34.0
S1-287782595	S3-73174148	S3	B		
S1-200480147	S3-673159971	S3	B		
S1-606239671	S3-227743325	S3	D		36.0
S1-304386669	S2-20148025	S2	D		57.0
S1-304386669	S3-211008335	S3	D		58.0
S1-304386669	S3-672668037	S3	D		60.0
S1-93069974	S2-277475283	S2	B		
S1-61965480	S3-648289503	S3	B		
S1-46300825	S2-967227542	S2	B		
S1-471976270	S3-951590464	S3	B		
S1-471976270	S3-3459864	S3	B		
S1-471976270	S2-282718281	S2	B		
S1-980966284	S2-329821153	S2	B		
S1-980966284	S2-717162826	S2	D		59.0
S1-980966284	S3-197591635	S3	B		
S1-602146683	S3-612730842	S3	D		42.0
S1-602146683	S3-474857773	S3	B		
S1-602146683	S2-527983948	S2	E	rank 29 <= topk but missing from candidates	
S1-851944834	S3-716058616	S3	A		
S1-17342982	S3-123069673	S3	B		
S1-252242244	S3-162158252	S3	A		
S1-333884086	S3-852415643	S3	B		
S1-187053662	S3-5520706	S3	B		
S1-975495814	S2-806408361	S2	D		76.0
S1-975495814	S3-459985005	S3	D		71.0
S1-975495814	S3-44594564	S3	E	rank 17 <= topk but missing from candidates	
S1-337559519	S3-324823701	S3	B		
S1-413949316	S3-578615448	S3	A		
S1-413949316	S3-335218952	S3	B		
S1-800256508	S2-876816956	S2	B		
S1-343064958	S3-206032534	S3	B		
S1-115631585	S3-737714092	S3	B		
S1-478312812	S2-581290369	S2	B		
S1-176065166	S3-122244439	S3	A		
S1-393482744	S2-373609148	S2	D		52.0
S1-393482744	S2-884550756	S2	B		
S1-393482744	S2-211143929	S2	A		
S1-393482744	S3-958971778	S3	B		
S1-69422238	S2-301682356	S2	E	rank 16 <= topk but missing from candidates	
S1-697586218	S2-359075421	S2	B		
S1-613922229	S3-304095813	S3	B		
S1-71214563	S2-503621734	S2	D		41.0
S1-623811124	S3-487402105	S3	E	rank 20 <= topk but missing from candidates	
S1-623811124	S3-889204256	S3	D		191.0
S1-360417355	S3-275269262	S3	B		
S1-360417355	S3-352032808	S3	B		
S1-347489744	S2-946927972	S2	D		35.0
S1-347489744	S2-156082023	S2	D		33.0
S1-667037839	S2-322246620	S2	D		42.0
S1-20662858	S3-814126880	S3	B		
S1-20662858	S2-510257284	S2	B		
S1-467423947	S3-17512930	S3	A		
S1-786764864	S2-353524658	S2	B		
S1-430140225	S3-477569241	S3	A		
S1-430140225	S2-668855241	S2	D		93.0
S1-82709618	S3-133474327	S3	B		
S1-520037075	S2-406757778	S2	B		
S1-49292853	S3-454835568	S3	A		
S1-254852325	S2-232558652	S2	D		86.0
S1-825569844	S2-314976425	S2	B		
S1-825569844	S3-573822104	S3	B		
S1-675125955	S2-185474206	S2	B		
S1-675125955	S2-977340454	S2	B		
S1-607426693	S2-480917692	S2	D		34.0
S1-753756425	S3-617460616	S3	D		36.0
S1-323980550	S3-20578363	S3	A		
S1-818428276	S2-923161758	S2	A		
S1-845645496	S2-360211801	S2	D		56.0
S1-845645496	S2-853063026	S2	D		59.0
S1-459572641	S3-724946650	S3	B		
S1-547561252	S3-215769592	S3	B		
S1-672142678	S2-500066108	S2	D		89.0
S1-800909574	S3-308749917	S3	D		78.0
S1-102278833	S3-837727798	S3	B		
S1-102278833	S3-690826019	S3	B		
S1-171943598	S3-395570439	S3	D		92.0
S1-833620566	S2-369226205	S2	B		
S1-162933987	S3-112371314	S3	B		
S1-354120278	S3-912127273	S3	B		
S1-175978600	S3-998810699	S3	D		41.0
S1-155903179	S3-517010761	S3	D		46.0
S1-75650908	S2-116977051	S2	D		46.0
S1-441724388	S3-480392392	S3	A		
S1-441724388	S3-935168526	S3	D		82.0
S1-441724388	S3-450634599	S3	E	rank 13 <= topk but missing from candidates	
S1-433962836	S2-685792280	S2	D		84.0
S1-612724629	S2-402556951	S2	A		
S1-612724629	S2-23441044	S2	B		
S1-612724629	S2-401940142	S2	A		
S1-322555570	S3-731078063	S3	D		148.0
S1-690540112	S3-25254754	S3	A		
S1-104595456	S3-932269756	S3	E	rank 25 <= topk but missing from candidates	
S1-104595456	S3-843373132	S3	D		77.0
S1-285235026	S3-310673978	S3	B		
S1-948839299	S3-402237976	S3	D		117.0
S1-948839299	S3-86173737	S3	D		44.0
S1-948839299	S2-498325344	S2	D		57.0
S1-14270480	S3-520211567	S3	B		
S1-598697485	S3-169902187	S3	B		
S1-615252210	S3-824949064	S3	D		38.0
S1-334905266	S3-234373192	S3	A		
S1-334905266	S2-95753882	S2	D		49.0
S1-358839693	S2-103307402	S2	D		72.0
S1-173998523	S3-579732528	S3	A		
S1-86930490	S2-857711060	S2	D		64.0
S1-727162595	S3-997334407	S3	D		136.0
S1-1470613	S3-570995408	S3	B		
S1-364153544	S3-328672017	S3	D		70.0
S1-62353814	S3-233307678	S3	D		40.0
S1-829389771	S2-415877743	S2	E	rank 12 <= topk but missing from candidates	
S1-160439996	S3-294707743	S3	B		
S1-904915698	S3-29143539	S3	D		59.0
S1-543416315	S3-601117595	S3	D		54.0
S1-778616817	S2-991798430	S2	B		
S1-778616817	S3-415983561	S3	B		
S1-861162865	S3-16469133	S3	B		
S1-861162865	S2-674201123	S2	A		
S1-861162865	S3-29857109	S3	D		68.0
S1-922193160	S3-378198405	S3	D		70.0
S1-638983521	S2-887373878	S2	B		
S1-842509253	S3-362092853	S3	D		74.0
S1-799674946	S2-973620058	S2	D		34.0
S1-400432240	S3-530074835	S3	E	rank 19 <= topk but missing from candidates	
S1-946611554	S2-862263371	S2	B		
S1-946611554	S2-955621803	S2	D		36.0
S1-858008718	S3-823438957	S3	D		31.0
S1-925689520	S3-325834048	S3	D		85.0
S1-925689520	S2-675982224	S2	D		80.0
S1-880386367	S2-250719836	S2	D		63.0
S1-586925414	S3-935208895	S3	D		64.0
S1-586925414	S3-618979875	S3	D		123.0
S1-714716045	S3-979272458	S3	D		48.0
S1-714716045	S2-588957159	S2	E	rank 29 <= topk but missing from candidates	
S1-66860143	S3-606519548	S3	D		36.0
S1-869876458	S2-436233416	S2	D		33.0
S1-430276966	S3-701737441	S3	B		
S1-887287559	S3-671207793	S3	E	rank 30 <= topk but missing from candidates	
S1-224006620	S2-747504446	S2	A		
S1-202603373	S2-814316219	S2	E	rank 30 <= topk but missing from candidates	
S1-340160443	S2-227074262	S2	D		110.0
S1-832874553	S2-212030185	S2	A		
S1-208701407	S3-705467177	S3	D		103.0
S1-208701407	S2-228191961	S2	B		
S1-889216257	S3-168089555	S3	B		
S1-889216257	S2-214365461	S2	D		95.0
S1-889216257	S3-383832020	S3	D		91.0
S1-889216257	S2-450998693	S2	B		
S1-191763913	S3-360515761	S3	B		
S1-191763913	S3-813040665	S3	B		
S1-191763913	S2-553498252	S2	D		102.0
S1-218344670	S3-697895420	S3	B		
S1-933360214	S3-118867864	S3	B		
S1-529714745	S3-685817502	S3	E	rank 9 <= topk but missing from candidates	
S1-859026116	S3-431184777	S3	D		51.0
S1-650938281	S3-494148503	S3	B		
S1-985122866	S3-742974853	S3	D		38.0
S1-240773405	S3-616903802	S3	D		102.0
S1-240773405	S3-46233512	S3	D		70.0
S1-358316359	S3-436893058	S3	B		
S1-936560579	S3-986418640	S3	B		
S1-936560579	S2-768551778	S2	D		74.0
S1-945043798	S3-748834342	S3	B		
S1-391940927	S3-201872050	S3	D		51.0
S1-653811708	S3-757597215	S3	E	rank 11 <= topk but missing from candidates	
S1-653811708	S3-213463583	S3	B		
S1-964014836	S3-381127881	S3	A		
S1-964014836	S3-213677199	S3	B		
S1-936724457	S2-910886126	S2	D		66.0
S1-725871252	S3-470736865	S3	E	rank 29 <= topk but missing from candidates	
S1-725871252	S3-431810001	S3	D		31.0
S1-725871252	S2-619881024	S2	D		37.0
S1-580694464	S3-44004981	S3	D		101.0
S1-875323964	S3-489345628	S3	B		
S1-875323964	S2-287223729	S2	B		
S1-875323964	S3-215479820	S3	B		
S1-846611175	S3-838490806	S3	B		
S1-791960655	S3-198019176	S3	B		
S1-791960655	S2-536734673	S2	B		
S1-946007771	S2-121504195	S2	D		58.0
S1-414474788	S2-189851199	S2	B		
S1-30429076	S3-154895378	S3	B		
S1-335832066	S3-582347252	S3	D		79.0
S1-319950263	S3-536412252	S3	D		62.0
S1-533511849	S3-679261255	S3	A		
S1-533511849	S3-913676051	S3	A		
S1-614770672	S3-883591661	S3	D		45.0
S1-40960851	S3-713057963	S3	D		47.0
S1-40960851	S3-769306897	S3	D		32.0
S1-40960851	S3-422000753	S3	B		
S1-40960851	S3-737841745	S3	D		44.0
S1-399765250	S3-946171804	S3	E	rank 28 <= topk but missing from candidates	
S1-399765250	S3-498476581	S3	D		96.0
S1-548709350	S3-781440718	S3	D		39.0
S1-434167244	S3-74846568	S3	B		
S1-548174744	S2-315069459	S2	E	rank 22 <= topk but missing from candidates	
S1-804311589	S2-1826511	S2	A		
S1-804311589	S2-97137567	S2	A		
S1-804311589	S3-942613726	S3	E	rank 19 <= topk but missing from candidates	
S1-360410585	S3-575088357	S3	B		
S1-375972928	S2-567994018	S2	D		70.0
S1-375972928	S3-745208472	S3	B		
S1-714536999	S3-4444136	S3	B		
S1-835488060	S2-561858674	S2	D		38.0
S1-547675441	S2-246687468	S2	B		
S1-483125170	S3-768617361	S3	D		86.0
S1-308812965	S3-181780590	S3	B		
S1-308812965	S3-315596595	S3	B		
S1-38463716	S3-658644086	S3	D		35.0
S1-657081941	S2-949298202	S2	B		
S1-423515054	S3-460536794	S3	D		70.0
S1-544528137	S3-821915182	S3	B		
S1-240851996	S3-928245438	S3	D		50.0
S1-443063290	S3-896852248	S3	A		
S1-712574042	S2-850302041	S2	D		33.0
S1-712574042	S2-832900332	S2	B		
S1-242158298	S3-225461304	S3	A		
S1-976099467	S3-909596615	S3	D		64.0
S1-617166153	S2-946281053	S2	A		
S1-184533930	S2-419656080	S2	D		53.0
S1-39548589	S2-113639423	S2	A		
S1-574289604	S2-827913177	S2	D		110.0
S1-434416920	S2-313164428	S2	D		84.0
S1-821651474	S3-754364384	S3	A		
S1-276029132	S3-193393025	S3	A		
S1-431578704	S3-962141095	S3	A		
S1-431578704	S3-377900940	S3	A		
S1-413519405	S3-451678136	S3	B		
S1-413519405	S3-527099734	S3	B		
S1-540632904	S3-205696297	S3	D		119.0
S1-600133298	S3-475311104	S3	B		
S1-600133298	S3-663681298	S3	A		
S1-206824747	S2-489261458	S2	A		
S1-451197654	S2-491023632	S2	B		
S1-298716342	S2-506506092	S2	D		91.0
S1-250853844	S3-884254653	S3	D		63.0
S1-181665148	S3-199402727	S3	D		51.0
S1-181665148	S3-760878438	S3	B		
S1-934581380	S2-977840456	S2	B		
S1-956914912	S3-428874086	S3	A		
S1-956914912	S3-534663297	S3	A		
S1-839754078	S2-652776002	S2	D		46.0
S1-524550215	S3-567902036	S3	B		
S1-2552454	S3-65906170	S3	B		
S1-305039781	S3-372180827	S3	B		
S1-720621790	S3-173703006	S3	A		
S1-10103713	S3-801989077	S3	B		
S1-425742744	S3-184006002	S3	B		
S1-324575694	S2-669911285	S2	D		89.0
S1-848591680	S2-438447154	S2	D		90.0
S1-607880253	S3-580813770	S3	D		36.0
S1-373998309	S3-174161066	S3	B		
S1-45323589	S2-711877389	S2	B		
S1-468656840	S3-338581348	S3	B		
S1-300635008	S3-913133095	S3	D		66.0
S1-258133359	S3-442310072	S3	D		51.0
S1-627881006	S3-262313879	S3	B		
S1-349543825	S3-238818319	S3	D		31.0
S1-565499653	S2-788315205	S2	B		
S1-168910860	S3-987534290	S3	B		
S1-113490840	S3-824473816	S3	B		
S1-739924486	S3-517597639	S3	D		81.0
S1-234633793	S3-103715202	S3	B		
S1-728864252	S3-165539256	S3	E	rank 28 <= topk but missing from candidates	
S1-350197195	S2-688404234	S2	D		104.0
S1-643571911	S3-674600733	S3	A		
S1-300665457	S3-299949348	S3	D		45.0
S1-300665457	S2-723717881	S2	D		58.0
S1-776157761	S2-557567627	S2	A		
S1-29071594	S2-918510323	S2	D		59.0
S1-872647549	S3-940534751	S3	B		
S1-363331783	S2-334961107	S2	B		
S1-403123575	S3-200654690	S3	D		110.0
S1-737065354	S3-475870784	S3	E	rank 26 <= topk but missing from candidates	
S1-689723268	S3-93563488	S3	B		
S1-135302577	S3-294816576	S3	B		
S1-135302577	S3-555081307	S3	B		
S1-174180032	S3-748960822	S3	B		
S1-174180032	S2-244023194	S2	B		
S1-57930369	S2-745709582	S2	B		
S1-427404812	S3-670204784	S3	D		73.0
S1-500941121	S3-983899715	S3	B		
S1-383048226	S3-848848514	S3	A		
S1-126916005	S3-140326007	S3	D		34.0
S1-836802372	S2-796529905	S2	A		
S1-923394210	S3-643110293	S3	B		
S1-118005303	S3-372306951	S3	D		49.0
S1-266746229	S3-304479272	S3	D		60.0
S1-266746229	S2-396457124	S2	D		59.0
S1-266746229	S3-278227562	S3	D		58.0
S1-228909771	S2-663528600	S2	E	rank 14 <= topk but missing from candidates	
S1-36489829	S2-313411245	S2	D		71.0
S1-36489829	S3-791190811	S3	B		
S1-36489829	S2-995352156	S2	D		67.0
S1-385246263	S2-451182100	S2	D		60.0
S1-385246263	S2-309448615	S2	D		62.0
S1-555898897	S2-219742313	S2	A		
S1-498898585	S2-635378145	S2	A		
S1-172130154	S3-767876712	S3	B		
S1-135082767	S3-52484369	S3	D		39.0
S1-529733637	S2-112030758	S2	D		44.0
S1-432646856	S2-44036881	S2	B		
S1-636160469	S2-955416304	S2	A		
S1-60810915	S3-712450018	S3	A		
S1-886712262	S2-504080175	S2	D		52.0
S1-1151596	S3-905934689	S3	D		35.0
S1-318831478	S3-787552977	S3	D		54.0
S1-155411179	S3-837214744	S3	B		
S1-155411179	S3-970315037	S3	B		
S1-313152306	S2-979979988	S2	D		37.0
S1-724756768	S2-213234406	S2	D		194.0
S1-821936622	S3-363286066	S3	B		
S1-233856897	S2-841075106	S2	B		
S1-609996550	S2-826351066	S2	D		44.0
S1-151467530	S3-418077555	S3	D		46.0
S1-442040898	S2-468736548	S2	B		
S1-492750213	S2-614475770	S2	B		
S1-300808207	S3-929368421	S3	D		36.0
S1-300808207	S2-655152905	S2	B		
S1-557655615	S3-801447301	S3	A		
S1-557655615	S2-597478796	S2	B		
S1-557655615	S3-839512418	S3	B		
S1-525926881	S3-96975253	S3	D		67.0
S1-525926881	S2-912972350	S2	B		
S1-541158286	S2-360023070	S2	B		
S1-541158286	S2-373839503	S2	B		
S1-138234089	S2-89226358	S2	B		
S1-327776416	S3-454585267	S3	A		
S1-358494574	S3-159532098	S3	B		
S1-761919426	S3-346509854	S3	B		
S1-6372835	S3-748482040	S3	B		
S1-715765107	S2-616171810	S2	B		
S1-19114382	S2-894431846	S2	B		
S1-511046849	S3-439246226	S3	A		
S1-491546140	S3-385149248	S3	B		
S1-210452959	S2-771054178	S2	B		
S1-658438796	S3-352051535	S3	B		
S1-630384348	S3-417821250	S3	D		83.0
S1-30540447	S2-167942672	S2	D		40.0
S1-509240778	S3-502984705	S3	B		
S1-884730968	S3-395297422	S3	B		
S1-876505512	S3-651592162	S3	D		60.0
S1-25585155	S3-661985426	S3	E	rank 18 <= topk but missing from candidates	
S1-161220881	S3-622829827	S3	D		102.0
S1-918044233	S2-632161092	S2	A		
S1-918044233	S3-924259612	S3	D		100.0
S1-596243181	S3-897837041	S3	B		
S1-585881791	S3-866724244	S3	B		
S1-145705124	S2-555831894	S2	B		
S1-917446068	S3-678866215	S3	B		
S1-467585888	S3-29562624	S3	D		62.0
S1-467776893	S3-151550765	S3	E	rank 12 <= topk but missing from candidates	
S1-606335271	S2-356095221	S2	B		
S1-819837059	S2-341457658	S2	B		
S1-819837059	S3-822429704	S3	A		
S1-648847082	S3-820205259	S3	D		75.0
S1-967688296	S3-812069954	S3	B		
S1-31478358	S3-735106250	S3	B		
S1-31478358	S3-988868629	S3	D		44.0
S1-746996694	S3-26242870	S3	D		39.0
S1-464241079	S3-40256341	S3	B		
S1-77640990	S3-260855695	S3	D		58.0
S1-349016477	S2-561891999	S2	D		49.0
S1-906280082	S3-12375014	S3	B		
S1-238807698	S2-997922777	S2	D		50.0
S1-238807698	S3-762527910	S3	B		
S1-238807698	S2-230649543	S2	E	rank 27 <= topk but missing from candidates	
S1-238807698	S2-518636856	S2	B		
S1-217020072	S3-243764775	S3	D		41.0
S1-153695079	S2-311858041	S2	D		120.0
S1-153695079	S2-510896854	S2	A		
S1-685656233	S3-644178507	S3	B		
S1-584356295	S3-537059781	S3	B		
S1-584356295	S3-945781623	S3	B		
S1-584356295	S2-931374383	S2	B		
S1-106187342	S3-385213156	S3	A		
S1-106187342	S3-851439790	S3	B		
S1-106187342	S3-253092552	S3	B		
S1-195480495	S3-917076885	S3	A		
S1-313596008	S3-556830851	S3	D		79.0
S1-333216545	S3-923038616	S3	B		
S1-786562766	S3-668778971	S3	E	rank 17 <= topk but missing from candidates	
S1-786562766	S3-443428086	S3	B		
S1-548203432	S3-469548644	S3	D		118.0
S1-548203432	S3-221789666	S3	D		93.0
S1-548203432	S3-746173805	S3	D		125.0
S1-183147574	S2-608957548	S2	D		142.0
S1-755114671	S3-228940906	S3	B		
S1-511640544	S2-304777042	S2	B		
S1-482400156	S2-511271984	S2	D		88.0
S1-309615307	S3-592095142	S3	B		
S1-902715563	S2-829827127	S2	D		58.0
S1-566716338	S2-598300569	S2	B		
S1-521716482	S3-925791301	S3	D		101.0
S1-561726150	S2-694102317	S2	D		57.0
S1-561726150	S3-177973381	S3	D		41.0
S1-898823259	S3-432598440	S3	D		37.0
S1-898823259	S2-100773534	S2	D		62.0
S1-149882892	S3-30505633	S3	A		
S1-918101076	S3-268214274	S3	E	rank 6 <= topk but missing from candidates	
S1-36616290	S3-992383701	S3	A		
S1-244442679	S3-6749158	S3	A		
S1-156820357	S3-803991212	S3	D		57.0
S1-227113580	S2-822435671	S2	B		
S1-227113580	S3-52526855	S3	B		
S1-231970332	S2-785734606	S2	D		50.0
S1-716021400	S3-481111400	S3	B		
S1-716021400	S2-977898919	S2	B		
S1-461933636	S2-134972610	S2	B		
S1-871559059	S2-534892803	S2	D		48.0
S1-88267514	S3-321968426	S3	D		60.0
S1-356066339	S3-74016961	S3	A		
S1-735977273	S3-379706462	S3	B		
S1-735977273	S2-993612518	S2	B		
S1-649859328	S3-952774386	S3	B		
S1-649859328	S2-308757428	S2	B		
S1-570742692	S3-714731768	S3	B		
S1-268430905	S2-369325391	S2	B		
S1-268430905	S3-362430235	S3	D		97.0
S1-914603488	S2-369494262	S2	D		59.0
S1-914603488	S3-940110249	S3	D		42.0
S1-947086518	S3-460995280	S3	D		45.0
S1-947086518	S2-5018778	S2	D		68.0
S1-159407455	S2-249677068	S2	A		
S1-568858097	S2-37350531	S2	E	rank 7 <= topk but missing from candidates	
S1-568858097	S3-123301271	S3	D		41.0
S1-198705355	S3-433048154	S3	B		
S1-198705355	S2-684116183	S2	A		
S1-964414485	S2-97596026	S2	A		
S1-964414485	S3-577781816	S3	A		
S1-607863452	S3-855584864	S3	B		
S1-332246170	S3-686203043	S3	A		
S1-251126640	S2-791074039	S2	D		41.0
S1-775177966	S3-98361087	S3	D		74.0
S1-456688178	S2-975497320	S2	D		74.0
S1-456688178	S3-878337443	S3	D		72.0
S1-793055252	S2-695867417	S2	B		
S1-793055252	S2-637963713	S2	B		
S1-831345177	S2-600225318	S2	B		
S1-831345177	S2-165756823	S2	B		
S1-831345177	S2-817151506	S2	B		
S1-646911925	S2-947477272	S2	D		168.0
S1-828156828	S3-784635589	S3	D		128.0
S1-943578857	S3-229440832	S3	D		36.0
S1-339504452	S3-246602101	S3	B		
S1-611278863	S3-429903631	S3	D		39.0
S1-496784446	S3-210801576	S3	B		
S1-610984348	S3-714548538	S3	B		
S1-364074594	S3-758391966	S3	D		89.0
S1-716360841	S3-929697822	S3	B		
S1-542258162	S3-773123594	S3	A		
S1-641780074	S2-684269438	S2	D		132.0
S1-87548157	S3-24553330	S3	D		51.0
S1-769665569	S3-356179836	S3	B		
S1-414352845	S2-689113100	S2	B		
S1-781888952	S2-598281531	S2	D		35.0
S1-499768623	S3-151873967	S3	D		31.0
S1-499768623	S3-533277915	S3	D		76.0
S1-99814179	S2-484439476	S2	D		68.0
S1-869351957	S3-523807493	S3	D		41.0
S1-154305944	S3-618599690	S3	E	rank 16 <= topk but missing from candidates	
S1-63678047	S3-235253731	S3	D		52.0
S1-70790813	S2-682166781	S2	B		
S1-390206829	S2-741474960	S2	D		47.0
S1-144673111	S2-139270278	S2	B		
S1-481354913	S3-190899713	S3	D		64.0
S1-848555225	S3-318584964	S3	B		
S1-5535182	S3-151263473	S3	A		
S1-848191051	S2-427851292	S2	B		
S1-439705127	S3-498795459	S3	B		
S1-786529424	S3-957097491	S3	A		
S1-786529424	S2-101894955	S2	B		
S1-786529424	S2-226398806	S2	B		
S1-387093460	S3-31319251	S3	B		
S1-956625174	S2-408757372	S2	A		
S1-956625174	S3-199991392	S3	A		
S1-404647399	S3-137485683	S3	D		64.0
S1-351633070	S2-893258540	S2	B		
S1-625867403	S3-599750861	S3	B		
S1-249194301	S2-771259154	S2	D		72.0
S1-249194301	S2-46644806	S2	B		
S1-557108984	S3-77746796	S3	B		
S1-628065207	S2-675737073	S2	B		
S1-812051239	S3-593376124	S3	D		68.0
S1-812051239	S2-874317839	S2	D		89.0
S1-8953749	S3-409741100	S3	B		
S1-882515382	S2-920522926	S2	D		53.0
S1-52722132	S3-870375898	S3	B		
S1-173348312	S3-991010063	S3	D		67.0
S1-37586546	S3-604534673	S3	D		60.0
S1-389484590	S3-652019243	S3	D		90.0
S1-373775312	S3-498037523	S3	B		
S1-931472673	S3-841344494	S3	D		45.0
S1-388645867	S3-87293374	S3	D		117.0
S1-327474290	S2-879214037	S2	B		
S1-883575372	S3-166094934	S3	D		73.0
S1-177001519	S3-480946422	S3	D		64.0
S1-177001519	S3-885786733	S3	D		63.0
S1-902776970	S3-346223926	S3	D		35.0
S1-902776970	S2-716706280	S2	E	rank 29 <= topk but missing from candidates	
S1-773064050	S2-530863061	S2	B		
S1-41111998	S2-893499266	S2	A		
S1-726764125	S3-796460593	S3	B		
S1-340507328	S2-899479303	S2	A		
S1-811846950	S2-11225846	S2	A		
S1-676582010	S2-776257992	S2	A		
S1-195655555	S3-118178991	S3	B		
S1-195655555	S3-262372983	S3	E	rank 24 <= topk but missing from candidates	
S1-459086827	S2-175190160	S2	D		45.0
S1-666223329	S2-339145470	S2	D		52.0
S1-966730372	S3-962664048	S3	D		60.0
S1-87139805	S3-165642920	S3	B		
S1-87139805	S3-802388979	S3	B		
S1-883952747	S2-542225276	S2	B		
S1-611256686	S3-834042210	S3	B		
S1-782518914	S3-323668809	S3	D		49.0
S1-782518914	S3-988071263	S3	B		
S1-916412824	S2-595413050	S2	D		53.0
S1-858028095	S2-910373180	S2	D		64.0
S1-720790777	S3-861930160	S3	B		
S1-136842512	S3-407475735	S3	B		
S1-136842512	S3-744570335	S3	A		
S1-778626178	S3-680063636	S3	B		
S1-599779642	S2-437967797	S2	D		149.0
S1-99606022	S2-253881854	S2	D		66.0
S1-308455771	S2-80192425	S2	D		73.0
S1-308455771	S3-841390919	S3	D		75.0
S1-689683816	S2-325032658	S2	B		
S1-689683816	S3-837755718	S3	B		
S1-689683816	S3-507696994	S3	B		
S1-165750524	S2-797685802	S2	B		
S1-425032440	S2-271567192	S2	B		
S1-481313538	S3-781614612	S3	D		49.0
S1-469756757	S3-927115067	S3	D		46.0
S1-469756757	S2-28232764	S2	E	rank 29 <= topk but missing from candidates	
S1-460570408	S2-148704233	S2	D		62.0
S1-831698541	S3-507117511	S3	D		62.0
S1-764293777	S3-854657740	S3	D		45.0
S1-780667929	S3-845488728	S3	A		
S1-373590288	S3-942111412	S3	A		
S1-373590288	S2-520864421	S2	D		56.0
S1-505101447	S3-359596624	S3	D		54.0
S1-505101447	S3-774013626	S3	D		62.0
S1-612168140	S3-878245805	S3	D		76.0
S1-612168140	S3-290702538	S3	B		
S1-612168140	S2-934230932	S2	D		117.0
S1-522973557	S2-429238817	S2	B		
S1-50954973	S3-444204356	S3	D		99.0
S1-743670981	S3-665984205	S3	B		
S1-434896611	S3-69813270	S3	A		
S1-456057756	S2-56681952	S2	D		57.0
S1-59615453	S2-345720094	S2	B		
S1-776796726	S3-423734868	S3	D		60.0
S1-502706445	S2-973601350	S2	D		144.0
S1-222455014	S3-624420631	S3	B		
S1-222455014	S3-797221751	S3	D		58.0
S1-222455014	S3-699036371	S3	D		86.0
S1-706188570	S2-197854716	S2	D		39.0
S1-383548698	S2-499690877	S2	B		
S1-383548698	S3-949999560	S3	B		
S1-910964691	S2-368839213	S2	D		109.0
S1-910964691	S3-859654461	S3	D		57.0
S1-910964691	S3-812590943	S3	B		
S1-817725309	S2-296338948	S2	D		83.0
S1-865433964	S3-607504832	S3	A		
S1-47669593	S3-787500835	S3	B		
S1-541400546	S3-657566433	S3	A		
S1-813750612	S2-729278258	S2	A		
S1-813750612	S3-952758380	S3	B		
S1-813750612	S2-612157915	S2	B		
S1-383919699	S3-372387122	S3	B		
S1-383919699	S3-961647210	S3	B		
S1-738973187	S3-421235911	S3	B		
S1-738973187	S2-735158403	S2	D		110.0
S1-738973187	S3-598709418	S3	D		117.0
S1-487343858	S2-427162093	S2	D		79.0
S1-645621156	S3-452223950	S3	D		61.0
S1-771368084	S3-197572203	S3	B		
S1-424006918	S2-160928571	S2	B		
S1-131988486	S2-436184490	S2	B		
S1-844015143	S2-32098107	S2	B		
S1-844015143	S3-387691026	S3	A		
S1-548343549	S2-405956934	S2	D		70.0
S1-681407868	S3-536922527	S3	D		74.0
S1-35562662	S3-647797577	S3	B		
S1-999558136	S3-347317957	S3	D		78.0
S1-697481126	S3-296008969	S3	E	rank 7 <= topk but missing from candidates	
S1-624645672	S2-695439014	S2	B		
S1-399113955	S2-268301976	S2	D		61.0
S1-479391619	S3-29523761	S3	B		
S1-479391619	S2-202417621	S2	B		
S1-479391619	S3-281053832	S3	B		
S1-777722003	S3-186993249	S3	D		71.0
S1-632238678	S3-296628538	S3	B		
S1-632238678	S2-28656616	S2	B		
S1-955091522	S2-580482582	S2	A		
S1-188501271	S3-58377939	S3	D		42.0
S1-520587411	S2-886388812	S2	E	rank 29 <= topk but missing from candidates	
S1-232649412	S2-8425798	S2	A		
S1-229861539	S2-197877604	S2	D		56.0
S1-229861539	S2-359663449	S2	D		55.0
S1-248742330	S2-500512953	S2	A		
S1-248742330	S2-924006070	S2	A		
S1-884166908	S2-15833904	S2	B		
S1-884166908	S3-701649003	S3	B		
S1-965594777	S2-500150206	S2	B		
S1-550128242	S2-476337144	S2	B		
S1-622764153	S3-507176357	S3	D		60.0
S1-948530068	S3-555069247	S3	D		45.0
S1-948530068	S3-388324393	S3	D		167.0
S1-985896765	S2-696646138	S2	D		53.0
S1-961236773	S3-666658691	S3	A		
S1-961236773	S2-732549164	S2	B		
S1-618364893	S3-820817783	S3	B		
S1-618364893	S2-905368410	S2	B		
S1-162004961	S3-513623440	S3	B		
S1-960923060	S3-174365396	S3	D		57.0
S1-429602506	S3-652693815	S3	D		31.0
S1-396493805	S2-343244154	S2	B		
S1-3666299	S2-841263043	S2	A		
S1-3666299	S3-896851696	S3	D		46.0
S1-310687637	S2-756659827	S2	B		
S1-359584713	S3-787197175	S3	D		89.0
S1-331037399	S3-820231122	S3	A		
S1-848128127	S3-146820550	S3	A		
S1-540685924	S3-820391033	S3	D		41.0
S1-870107248	S2-738155478	S2	A		
S1-870107248	S2-265919881	S2	A		
S1-395243455	S2-634441512	S2	A		
S1-395243455	S3-903798369	S3	A		
S1-357987338	S3-199298272	S3	B		
S1-673869802	S2-602633478	S2	B		
S1-647599074	S2-645572223	S2	B		
S1-67007761	S2-785718554	S2	A		
S1-67007761	S2-39234319	S2	D		46.0
S1-290788775	S3-404756038	S3	B		
S1-290788775	S3-519303869	S3	B		
S1-596480571	S2-946030193	S2	D		152.0
S1-72694176	S3-35979729	S3	B		
S1-20717539	S3-234510396	S3	E	rank 8 <= topk but missing from candidates	
S1-127560289	S2-545148843	S2	B		
S1-661415836	S2-933676522	S2	B		
S1-865630572	S3-587479964	S3	B		
S1-714206291	S2-374504521	S2	D		69.0
S1-714206291	S3-7573089	S3	B		
S1-674146444	S2-739361795	S2	D		92.0
S1-619248202	S2-904459042	S2	E	rank 9 <= topk but missing from candidates	
S1-834358458	S2-45322374	S2	D		57.0
S1-456405168	S3-356593298	S3	D		53.0
S1-456405168	S3-778099502	S3	D		66.0
S1-737204396	S2-142724869	S2	A		
S1-737204396	S3-353542982	S3	E	rank 10 <= topk but missing from candidates	
S1-735787626	S2-272837759	S2	D		39.0
S1-227025438	S3-826105749	S3	D		63.0
S1-815823722	S3-723416688	S3	B		
S1-273816202	S3-287722174	S3	B		
S1-68281048	S3-455681575	S3	B		
S1-68281048	S2-266392618	S2	B		
S1-169477521	S2-884204978	S2	D		84.0
S1-169477521	S3-946456796	S3	B		
S1-109132862	S3-347454125	S3	D		36.0
S1-677315725	S3-50078924	S3	B		
S1-677315725	S2-166451501	S2	B		
S1-677315725	S2-271330565	S2	B		
S1-733308019	S3-916772756	S3	D		131.0
S1-733308019	S3-46193886	S3	D		93.0
S1-699477229	S3-307032351	S3	D		34.0
S1-385249867	S2-625368261	S2	D		42.0
S1-452552318	S3-818980430	S3	B		
S1-127137902	S3-69859453	S3	D		62.0
S1-127137902	S3-214927923	S3	D		71.0
S1-58178926	S2-65067038	S2	A		
S1-570512258	S3-620205495	S3	B		
S1-844928314	S2-158748070	S2	B		
S1-27477003	S3-398141256	S3	D		85.0
S1-735838759	S2-826289830	S2	B		
S1-735838759	S3-251224960	S3	A		
S1-535063302	S2-542127038	S2	B		
S1-248051972	S3-375925080	S3	B		
S1-320692339	S2-806880125	S2	B		
S1-212495632	S3-904988178	S3	D		66.0
S1-212495632	S2-138221954	S2	D		63.0
S1-212495632	S3-318132890	S3	D		68.0
S1-497118761	S2-802580892	S2	B		
S1-497118761	S3-153902585	S3	A		
S1-78021087	S2-6658794	S2	B		
S1-246516005	S3-185384154	S3	B		
S1-630873947	S3-495942847	S3	D		40.0
S1-615103684	S3-89604702	S3	D		63.0
S1-626991792	S3-109670926	S3	B		
S1-463449616	S2-447445110	S2	D		74.0
S1-228574779	S2-965863657	S2	E	rank 25 <= topk but missing from candidates	
S1-228574779	S2-972388598	S2	E	rank 18 <= topk but missing from candidates	
S1-228574779	S3-678448934	S3	D		57.0
S1-787174529	S3-562442368	S3	A		
S1-787174529	S3-256706361	S3	A		
S1-848689221	S2-932059659	S2	D		53.0
S1-225947778	S3-997518758	S3	B		
S1-586983787	S2-800245272	S2	B		
S1-578202251	S3-493619309	S3	A		
S1-350927190	S3-807995167	S3	D		82.0
S1-331674883	S2-280372850	S2	A		
S1-213101540	S3-751813235	S3	D		64.0
S1-19968973	S3-549628812	S3	B		
S1-19968973	S2-247304545	S2	E	rank 18 <= topk but missing from candidates	
S1-19968973	S2-323216826	S2	E	rank 24 <= topk but missing from candidates	
S1-42302754	S3-185875442	S3	B		
S1-732531377	S3-428384803	S3	D		39.0
S1-732531377	S3-606128412	S3	D		40.0
S1-900320192	S2-883906217	S2	E	rank 29 <= topk but missing from candidates	
S1-324445265	S3-772804439	S3	D		57.0
S1-8611585	S3-313469450	S3	B		
S1-8611585	S3-555995536	S3	B		
S1-8611585	S2-684511926	S2	B		
S1-799769864	S3-422639525	S3	A		
S1-726898814	S3-538601384	S3	E	rank 29 <= topk but missing from candidates	
S1-882479158	S2-879250035	S2	D		51.0
S1-929446437	S3-696949869	S3	E	rank 15 <= topk but missing from candidates	
S1-929446437	S2-437278861	S2	B		
S1-572541601	S2-422471140	S2	D		54.0
S1-625206520	S3-116747071	S3	A		
S1-282465782	S3-455152801	S3	A		
S1-51769716	S2-201300228	S2	A		
S1-51769716	S3-81260025	S3	D		42.0
S1-51769716	S2-586354413	S2	D		58.0
S1-673627578	S3-728054511	S3	B		
S1-673627578	S2-854414921	S2	B		
S1-673627578	S2-168276965	S2	B		
S1-816421027	S3-805156	S3	B		
S1-340852628	S3-969461992	S3	B		
S1-286726468	S2-456141205	S2	D		46.0
S1-575129475	S3-851124861	S3	E	rank 30 <= topk but missing from candidates	
S1-698305102	S2-212818430	S2	A		
S1-873792172	S3-219367369	S3	B		
S1-873792172	S2-384726830	S2	A		
S1-626817694	S2-464117667	S2	A		
S1-626817694	S3-938134720	S3	A		
S1-648597246	S3-828233431	S3	B		
S1-934958002	S3-193568158	S3	A		
S1-791714671	S3-979234237	S3	E	rank 29 <= topk but missing from candidates	
S1-55361331	S3-503274136	S3	A		
S1-55361331	S3-386392376	S3	A		
S1-564255411	S3-310604808	S3	B		
S1-423303241	S3-308753548	S3	A		
S1-423303241	S3-865688585	S3	A		
S1-97478319	S3-716208245	S3	B		
S1-76956621	S3-299818340	S3	B		
S1-172900925	S3-500695415	S3	D		103.0
S1-321273058	S3-446505108	S3	B		
S1-548461817	S3-350205661	S3	D		171.0
S1-957191439	S3-231101416	S3	D		31.0
S1-888413815	S3-722797801	S3	B		
S1-696765747	S2-952509769	S2	D		49.0
S1-696765747	S3-689200880	S3	D		33.0
S1-599018591	S3-758838216	S3	D		138.0
S1-599018591	S2-929168317	S2	D		112.0
S1-173182903	S2-367809863	S2	A		
S1-551512329	S2-573520279	S2	B		
S1-74909375	S3-518571708	S3	D		71.0
S1-74909375	S3-324271125	S3	D		37.0
S1-752927366	S3-616048279	S3	A		
S1-779292517	S3-401424187	S3	B		
S1-974994700	S3-99131491	S3	B		
S1-596811577	S3-858257752	S3	D		114.0
S1-596811577	S3-805982800	S3	D		80.0
S1-766401993	S3-958878048	S3	A		
S1-89536496	S3-538181706	S3	A		
S1-875309321	S2-426029460	S2	D		49.0
S1-875309321	S3-528193315	S3	B		
S1-393015953	S3-775183559	S3	E	rank 23 <= topk but missing from candidates	
S1-393015953	S3-699442114	S3	E	rank 17 <= topk but missing from candidates	
S1-493394882	S3-306235287	S3	B		
S1-960297912	S2-419770558	S2	B		
S1-569713962	S3-504299892	S3	D		51.0
S1-40397024	S3-568098573	S3	A		
S1-40397024	S3-368399205	S3	D		47.0
S1-316399013	S3-75946174	S3	B		
S1-162779995	S3-587689496	S3	A		
S1-162779995	S3-742413982	S3	A		
S1-909845621	S2-699760992	S2	B		
S1-170381591	S3-962328227	S3	D		38.0
S1-997030543	S2-915863369	S2	D		78.0
S1-997030543	S3-954787777	S3	B		
S1-859073271	S3-357291729	S3	D		38.0
S1-947127618	S3-927848275	S3	D		49.0
S1-947127618	S3-409856417	S3	D		151.0
S1-947127618	S2-522458941	S2	E	rank 30 <= topk but missing from candidates	
S1-904465512	S3-329344949	S3	B		
S1-781298468	S3-273129485	S3	B		
S1-788859534	S3-792824712	S3	B		
S1-318554910	S3-377261358	S3	D		62.0
S1-318554910	S3-387813384	S3	D		56.0
S1-193210915	S3-102640743	S3	B		
S1-780964886	S2-300397587	S2	B		
S1-229950491	S2-335164420	S2	D		72.0
S1-644504102	S3-528939315	S3	A		
S1-648471799	S3-670770834	S3	D		39.0
S1-383595829	S3-531205651	S3	D		40.0
S1-813340603	S2-14461133	S2	A		
S1-813340603	S3-581267231	S3	A		
S1-996652234	S3-220757843	S3	A		
S1-50976931	S3-933393128	S3	D		66.0
S1-670542083	S3-858619525	S3	B		
S1-112680172	S2-348874987	S2	D		102.0
S1-112680172	S3-699975244	S3	D		59.0
S1-788156340	S3-469634202	S3	B		
S1-788156340	S3-363956541	S3	D		133.0
S1-788156340	S2-368566278	S2	D		104.0
S1-442426455	S3-838619393	S3	A		
S1-205038288	S2-837312344	S2	D		126.0
S1-387621267	S3-822338316	S3	B		
S1-567192455	S3-566569657	S3	D		58.0
S1-567192455	S2-468467175	S2	D		60.0
S1-567192455	S3-740877048	S3	D		70.0
S1-432266291	S3-969673856	S3	B		
S1-599442598	S3-594556310	S3	D		49.0
S1-270416858	S3-282268249	S3	E	rank 21 <= topk but missing from candidates	
S1-270416858	S2-91246381	S2	D		48.0
S1-270416858	S3-938163298	S3	B		
S1-785095994	S3-394557730	S3	A		
S1-61408748	S3-260355236	S3	B		
S1-896556879	S3-112387774	S3	D		38.0
S1-755855184	S2-949641553	S2	E	rank 30 <= topk but missing from candidates	
S1-953552792	S2-375350245	S2	D		49.0
S1-505863289	S3-811088989	S3	B		
S1-423806037	S3-818389337	S3	B		
S1-423806037	S3-888610220	S3	B		
S1-173652586	S3-84095991	S3	D		78.0
S1-397382194	S3-442161298	S3	E	rank 15 <= topk but missing from candidates	
S1-983354099	S3-954608052	S3	A		
S1-190353035	S3-507318006	S3	A		
S1-190353035	S2-581555160	S2	B		
S1-190353035	S3-743169066	S3	A		
S1-901522048	S3-86149753	S3	D		58.0
S1-901522048	S3-866230556	S3	A		
S1-631691816	S3-589621314	S3	B		
S1-324078694	S2-916740639	S2	A		
S1-324078694	S3-126658763	S3	A		
S1-79310794	S3-527574832	S3	A		
S1-79310794	S3-177209082	S3	A		
S1-79310794	S3-522713657	S3	A		
S1-79310794	S3-13803264	S3	A		
S1-686686150	S3-227629215	S3	D		69.0
S1-336835728	S3-434558491	S3	A		
S1-153520716	S3-956543486	S3	E	rank 19 <= topk but missing from candidates	
S1-855871302	S2-939347132	S2	E	rank 26 <= topk but missing from candidates	
S1-978265756	S2-916810990	S2	B		
S1-347535612	S3-131739360	S3	B		
S1-819096773	S2-662338166	S2	B		
S1-819096773	S3-32879227	S3	B		
S1-507414642	S3-290244661	S3	A		
S1-653194888	S3-966318572	S3	D		38.0
S1-19119466	S2-888845563	S2	A		
S1-19119466	S3-743790318	S3	B		
S1-173947870	S2-288295747	S2	A		
S1-173947870	S3-161395868	S3	A		
S1-173947870	S2-13199254	S2	A		
S1-423111575	S2-927082748	S2	E	rank 24 <= topk but missing from candidates	
S1-210120834	S2-408027797	S2	B		
S1-67011729	S3-40690309	S3	E	rank 27 <= topk but missing from candidates	
S1-561542016	S2-188131570	S2	B		
S1-9772596	S2-259261317	S2	B		
S1-173466478	S2-344551470	S2	B		
S1-774163080	S2-915563310	S2	D		48.0
S1-42161546	S2-770811842	S2	A		
S1-194228861	S3-63793186	S3	D		44.0
S1-815896093	S2-501316016	S2	A		
S1-619236537	S3-436667023	S3	B		
S1-619236537	S2-904168146	S2	B		
S1-60788662	S3-876961609	S3	D		66.0
S1-489580542	S3-151777719	S3	D		68.0
S1-726362456	S2-961328107	S2	D		50.0
S1-726362456	S2-604895168	S2	D		51.0
S1-352523894	S3-532714010	S3	A		
S1-288854020	S3-993364224	S3	D		60.0
S1-507049447	S3-480560853	S3	B		
S1-794799916	S3-404386395	S3	A		
S1-382821581	S2-174467656	S2	B		
S1-411716279	S2-326892458	S2	B		
S1-411716279	S3-540603380	S3	B		
S1-411716279	S3-546990253	S3	D		38.0
S1-365465121	S2-118938182	S2	A		
S1-209872111	S3-192797361	S3	E	rank 7 <= topk but missing from candidates	
S1-548339401	S3-737245851	S3	B		
S1-124091503	S3-121873376	S3	A		
S1-12681960	S2-823905437	S2	D		89.0
S1-463626965	S2-266704107	S2	B		
S1-463626965	S3-698419103	S3	B		
S1-463626965	S3-16023996	S3	D		70.0
S1-80244168	S2-520915462	S2	B		
S1-80244168	S3-907278589	S3	B		
S1-779272914	S2-145453344	S2	B		
S1-157607916	S3-231264207	S3	A		
S1-157607916	S3-267558435	S3	A		
S1-148474447	S3-959595738	S3	D		35.0
S1-381210451	S3-557198718	S3	B		
S1-341410128	S2-892270259	S2	D		92.0
S1-57517828	S3-566908884	S3	D		54.0
S1-662862752	S3-214148249	S3	D		87.0
S1-158125984	S2-835479293	S2	B		
S1-158125984	S3-471056162	S3	B		
S1-158125984	S2-486701699	S2	B		
S1-158125984	S3-983041672	S3	B		
S1-295741161	S2-306170088	S2	B		
S1-295741161	S3-474117737	S3	B		
S1-756373873	S3-657286365	S3	B		
S1-80714594	S2-48491584	S2	B		
S1-746589227	S2-767894399	S2	D		36.0
S1-950156908	S2-591310709	S2	D		60.0
S1-950156908	S3-934639195	S3	D		61.0
S1-304340183	S3-968683276	S3	D		71.0
S1-294561903	S3-122390030	S3	B		
S1-570092347	S3-473424507	S3	D		58.0
S1-393348802	S2-628032655	S2	B		
S1-393348802	S3-681521948	S3	A		
S1-393348802	S3-197715709	S3	A		
S1-393348802	S3-889774655	S3	D		78.0
S1-668227572	S2-457291835	S2	B		
S1-93897927	S3-410356409	S3	D		95.0
S1-93897927	S3-959309875	S3	B		
S1-93897927	S3-26964755	S3	D		66.0
S1-457467691	S2-730137794	S2	D		72.0
S1-624415150	S3-57911217	S3	D		57.0
S1-624415150	S2-228666474	S2	B		
S1-624415150	S3-614352757	S3	D		58.0
S1-252899426	S3-93808958	S3	B		
S1-252899426	S3-319262229	S3	B		
S1-408244410	S2-932729147	S2	B		
S1-408244410	S2-441112795	S2	A		
S1-948649147	S2-477999579	S2	B		
S1-874232373	S3-65412300	S3	A		
S1-874232373	S2-966746625	S2	B		
S1-261190099	S2-896735043	S2	A		
S1-545362040	S3-497086016	S3	D		57.0
S1-859989682	S2-465012187	S2	A		
S1-859989682	S3-240187525	S3	A		
S1-598252774	S2-630163407	S2	B		
S1-337719921	S2-548780951	S2	A		
S1-551557980	S3-619062947	S3	B		
S1-246360586	S2-370068971	S2	D		33.0
S1-750147694	S3-624078932	S3	B		
S1-750147694	S3-130460371	S3	B		
S1-566683319	S3-190271442	S3	B		
S1-361264471	S2-106742723	S2	B		
S1-528656727	S3-886330190	S3	A		
S1-989841971	S2-385667350	S2	B		
S1-205750063	S3-91843694	S3	A		
S1-205750063	S2-843875570	S2	D		74.0
S1-807263802	S3-695244788	S3	D		31.0
S1-610377690	S3-267150491	S3	D		88.0
S1-498727227	S3-82360888	S3	D		35.0
S1-924111529	S3-703753902	S3	D		92.0
S1-431302369	S2-643672583	S2	D		39.0
S1-586948666	S2-202495181	S2	B		
S1-456164731	S2-915971597	S2	B		
S1-924141270	S3-60941463	S3	D		97.0
S1-815423960	S3-171765028	S3	B		
S1-606876418	S2-386012130	S2	B		
S1-799872116	S3-963183793	S3	D		87.0
S1-5247348	S3-854308740	S3	D		104.0
S1-5247348	S2-102803166	S2	D		108.0
S1-787464203	S2-728336107	S2	D		120.0
S1-576042115	S3-697444321	S3	B		
S1-91291859	S3-622187726	S3	A		
S1-943495846	S3-68825079	S3	D		84.0
S1-943495846	S3-574523120	S3	D		79.0
S1-943495846	S2-607163647	S2	D		83.0
S1-231000472	S3-14726444	S3	B		
S1-863875648	S3-571529633	S3	E	rank 24 <= topk but missing from candidates	
S1-863875648	S2-429246076	S2	D		56.0
S1-826885790	S2-598263421	S2	B		
S1-466983042	S2-648248225	S2	D		49.0
S1-813101021	S2-543575199	S2	D		96.0
S1-813101021	S2-496771263	S2	D		99.0
S1-813101021	S3-878943203	S3	B		
S1-813101021	S3-614820403	S3	B		
S1-739940169	S3-643976499	S3	B		
S1-826756983	S3-274047389	S3	B		
S1-385071649	S3-545951483	S3	B		
S1-610878333	S3-352400036	S3	B		
S1-755652142	S3-61176658	S3	D		55.0
S1-352793212	S2-328979903	S2	D		53.0
S1-352793212	S3-442629337	S3	D		67.0
S1-14706684	S3-594192909	S3	B		
S1-595756983	S3-242886476	S3	D		59.0
S1-904732930	S3-354135864	S3	D		37.0
S1-55802052	S3-711549510	S3	D		78.0
S1-909019851	S2-613094262	S2	D		36.0
S1-909019851	S3-469841598	S3	D		65.0
S1-909019851	S3-265527835	S3	D		72.0
S1-430708540	S2-150111449	S2	A		
S1-680735403	S2-447992539	S2	D		66.0
S1-680735403	S3-47333657	S3	B		
S1-680735403	S2-815777238	S2	D		64.0
S1-570777696	S3-362377984	S3	D		65.0
S1-570777696	S3-314715477	S3	D		66.0
S1-206139819	S3-19825127	S3	D		90.0
S1-616720093	S3-597577010	S3	D		100.0
S1-496607078	S3-511831591	S3	B		
S1-398690405	S3-482477206	S3	D		107.0
S1-745372740	S3-798725697	S3	D		53.0
S1-280241565	S3-317101277	S3	B		
S1-280241565	S2-11871597	S2	D		74.0
S1-935354176	S2-281783777	S2	A		
S1-954540301	S3-647075807	S3	A		
S1-239361204	S3-761037715	S3	D		60.0
S1-399153917	S3-356663647	S3	B		
S1-779307151	S3-755928118	S3	B		
S1-779307151	S3-113883302	S3	B		
S1-235018303	S3-876895189	S3	A		
S1-438350711	S3-159770815	S3	B		
S1-730699474	S2-916485585	S2	D		78.0
S1-329249580	S3-539988104	S3	B		
S1-450852457	S2-322408186	S2	D		63.0
S1-450852457	S3-984667372	S3	D		104.0
S1-105747824	S3-579307216	S3	D		71.0
S1-996770125	S3-812965576	S3	A		
S1-996770125	S2-276360770	S2	A		
S1-996770125	S2-317552421	S2	A		
S1-246388684	S3-355616206	S3	A		
S1-382620929	S2-87716473	S2	B		
S1-382620929	S2-593774522	S2	B		
S1-919801129	S3-565289209	S3	B		
S1-988822584	S3-189464523	S3	D		68.0
S1-305297580	S2-4143323	S2	D		66.0
S1-141975336	S3-677349121	S3	D		153.0
S1-78748880	S3-953535819	S3	B		
S1-643736659	S3-544193543	S3	A		
S1-146763310	S3-119606532	S3	B		
S1-687360887	S2-725887678	S2	A		
S1-284787001	S3-317585979	S3	D		50.0
S1-768584238	S3-857022585	S3	D		106.0
S1-768584238	S3-188314621	S3	A		
S1-340554893	S3-573123571	S3	D		58.0
S1-222584453	S3-147956745	S3	B		
S1-97973950	S3-450477486	S3	D		44.0
S1-5487287	S2-965655918	S2	B		
S1-851051953	S3-668762338	S3	D		62.0
S1-387203834	S3-213139627	S3	B		
S1-387203834	S3-723305934	S3	D		32.0
S1-322978755	S2-304151060	S2	B		
S1-707788945	S3-553234360	S3	B		
S1-882020676	S3-872691551	S3	A		
S1-311510194	S3-912195294	S3	D		37.0
S1-311510194	S3-764408565	S3	D		33.0
S1-310940659	S3-869027604	S3	E	rank 18 <= topk but missing from candidates	
S1-417733842	S3-833274434	S3	A		
S1-417733842	S3-366718875	S3	A		
S1-417733842	S3-334266012	S3	E	rank 11 <= topk but missing from candidates	
S1-473799484	S3-875663151	S3	B		
S1-318652722	S2-552180738	S2	D		48.0
S1-514487778	S3-106815773	S3	E	rank 13 <= topk but missing from candidates	
S1-328683942	S2-832878607	S2	D		106.0
S1-328683942	S2-31065547	S2	D		33.0
S1-69150629	S3-59893271	S3	D		39.0
S1-69150629	S3-62105204	S3	B		
S1-839754085	S3-750211016	S3	A		
S1-435108837	S2-53958529	S2	D		41.0
S1-998176115	S2-485487562	S2	B		
S1-369654666	S3-310719152	S3	B		
S1-893762258	S3-758927730	S3	A		
S1-504309825	S2-578400017	S2	A		
S1-504309825	S3-148927587	S3	A		
S1-504309825	S2-135177718	S2	A		
S1-368885431	S3-61041275	S3	B		
S1-428597950	S2-142952023	S2	B		
S1-428597950	S3-217078706	S3	B		
S1-9116695	S3-807977206	S3	B		
S1-760615976	S2-629522722	S2	A		
S1-760615976	S3-879022026	S3	A		
S1-155631720	S3-979046911	S3	B		
S1-280015605	S3-129554877	S3	B		
S1-870380915	S3-49816973	S3	B		
S1-411547531	S3-240219096	S3	D		51.0
S1-89519672	S2-192529599	S2	D		94.0
S1-89519672	S3-162941708	S3	D		57.0
S1-635529459	S2-534586933	S2	A		
S1-926973873	S2-352829207	S2	D		75.0
S1-756912977	S3-743932289	S3	D		54.0
S1-112038649	S2-331452705	S2	E	rank 29 <= topk but missing from candidates	
S1-67712842	S2-715760588	S2	E	rank 25 <= topk but missing from candidates	
S1-67712842	S3-194638403	S3	D		33.0
S1-535805954	S3-588215021	S3	B		
S1-732146446	S2-664395279	S2	D		65.0
S1-732146446	S3-551306969	S3	E	rank 29 <= topk but missing from candidates	
S1-732146446	S3-520261804	S3	B		
S1-240697693	S3-961766586	S3	A		
S1-605298321	S3-769039321	S3	D		135.0
S1-398506102	S2-46333025	S2	A		
S1-676086461	S3-600046560	S3	D		50.0
S1-865030185	S2-695725294	S2	D		47.0
S1-870891874	S3-936044343	S3	B		
S1-877920768	S2-878867020	S2	D		105.0
S1-418084721	S3-838845325	S3	B		
S1-418084721	S2-517487042	S2	D		72.0
S1-507233928	S2-671968877	S2	B		
S1-995458054	S3-896221291	S3	A		
S1-995458054	S3-149249382	S3	B		
S1-506834593	S2-617520283	S2	A		
S1-530617975	S3-460010309	S3	D		34.0
S1-530617975	S3-872841094	S3	A		
S1-482991193	S2-322296533	S2	B		
S1-139877506	S2-486933650	S2	D		80.0
S1-592750067	S2-561120711	S2	D		31.0
S1-771679293	S2-747345145	S2	B		
S1-975940283	S3-399979768	S3	A		
S1-94023752	S3-697166027	S3	A		
S1-688033935	S3-133306121	S3	B		
S1-427369649	S3-705965102	S3	D		139.0
S1-418619797	S3-296351430	S3	A		
S1-986489995	S3-302502531	S3	A		
S1-125323523	S2-613507419	S2	B		
S1-125323523	S2-338990121	S2	A		
S1-125323523	S2-329511601	S2	A		
S1-125323523	S2-568121109	S2	B		
S1-125323523	S3-522190890	S3	B		
S1-298720294	S3-867562710	S3	B		
S1-298720294	S2-992252265	S2	B		
S1-324405302	S2-749735943	S2	B		
S1-602437013	S3-192770957	S3	D		51.0
S1-602437013	S3-290545009	S3	B		
S1-158431692	S3-23025864	S3	A		
S1-757939594	S3-865958980	S3	D		63.0
S1-757939594	S3-509993624	S3	B		
S1-164183840	S2-681436938	S2	B		
S1-873356458	S3-754370133	S3	D		60.0
S1-603404672	S2-977415030	S2	D		32.0
S1-825389897	S2-863213579	S2	D		80.0
S1-79648979	S3-412220675	S3	B		
S1-71748967	S2-851743575	S2	D		75.0
S1-655249506	S3-253062797	S3	A		
S1-915980737	S2-888202019	S2	B		
S1-679774901	S2-694844133	S2	E	rank 21 <= topk but missing from candidates	
S1-147960971	S3-390446859	S3	D		67.0
S1-147960971	S3-537791509	S3	D		76.0
S1-147960971	S2-761328568	S2	D		61.0
S1-705430361	S3-74434289	S3	A		
S1-705430361	S3-517655968	S3	B		
S1-851206697	S3-362072531	S3	B		
S1-851206697	S2-827096480	S2	B		
S1-556227207	S3-884213302	S3	A		
S1-508472739	S2-188769455	S2	D		150.0
S1-205412866	S2-488180005	S2	B		
S1-3417852	S3-642925109	S3	B		
S1-795992573	S3-918667777	S3	D		52.0
S1-336167350	S2-50944559	S2	D		61.0
S1-336167350	S3-975596082	S3	D		98.0
S1-96467222	S2-32124757	S2	A		
S1-432804448	S3-944290624	S3	B		
S1-358598059	S3-849242199	S3	B		
S1-613471703	S3-731688695	S3	B		
S1-538263864	S3-187342786	S3	B		
S1-538263864	S3-943065290	S3	E	rank 25 <= topk but missing from candidates	
S1-504205763	S2-101496802	S2	B		
S1-544645120	S3-953007978	S3	B		
S1-544645120	S3-878598408	S3	D		77.0
S1-11913862	S3-724098851	S3	D		49.0
S1-54927581	S3-73638207	S3	D		60.0
S1-54927581	S3-291124230	S3	D		61.0
S1-462714802	S3-505781502	S3	E	rank 11 <= topk but missing from candidates	
S1-247736053	S3-26734954	S3	B		
S1-247736053	S3-833599788	S3	D		42.0
S1-159694826	S3-861897239	S3	B		
S1-392894376	S2-519652922	S2	D		32.0
S1-587304677	S3-863247639	S3	E	rank 30 <= topk but missing from candidates	
S1-10779021	S3-691037263	S3	D		91.0
S1-795362534	S2-193500764	S2	B		
S1-622523168	S2-529964329	S2	B		
S1-111405699	S3-992950358	S3	B		
S1-541724360	S3-129644428	S3	D		35.0
S1-415265547	S2-85130585	S2	B		
S1-415265547	S2-618849818	S2	B		
S1-215316598	S3-109223818	S3	B		
S1-221088636	S3-427048037	S3	B		
S1-221088636	S3-632787555	S3	B		
S1-221088636	S2-952812729	S2	B		
S1-963007341	S2-171434359	S2	A		
S1-593557402	S2-5199669	S2	D		47.0
S1-593557402	S2-405192694	S2	D		43.0
S1-898302618	S3-997877811	S3	D		53.0
S1-206175422	S3-538171188	S3	B		
S1-670372936	S2-109212252	S2	A		
S1-670372936	S2-200561639	S2	D		66.0
S1-950015742	S3-249628179	S3	B		
S1-950015742	S3-689011337	S3	B		
S1-28845797	S2-465603096	S2	D		85.0
S1-28845797	S3-539534023	S3	B		
S1-28845797	S3-740972838	S3	B		
S1-28845797	S3-989956089	S3	D		102.0
S1-640721983	S3-173945825	S3	D		32.0
S1-640721983	S3-230344894	S3	D		33.0
S1-703524066	S3-633374740	S3	B		
S1-668371487	S3-955812078	S3	B		
S1-297679646	S2-171877073	S2	A		
S1-518649642	S3-365034224	S3	B		
S1-86109562	S3-113076480	S3	D		40.0
S1-84593442	S3-801526186	S3	B		
S1-115829324	S3-391987311	S3	B		
S1-115829324	S3-433363119	S3	D		66.0
S1-619450467	S3-726099212	S3	D		35.0
S1-619450467	S3-210786824	S3	E	rank 21 <= topk but missing from candidates	
S1-619450467	S3-766993135	S3	A		
S1-197235781	S2-647234855	S2	D		58.0
S1-356775227	S2-723029686	S2	A		
S1-111441228	S3-23032224	S3	D		42.0
S1-21372167	S2-285708478	S2	B		
S1-21372167	S3-735078096	S3	D		56.0
S1-429250834	S3-653177739	S3	B		
S1-429250834	S2-696493643	S2	D		98.0
S1-935398466	S2-542967233	S2	A		
S1-935398466	S2-427155310	S2	B		
S1-223705444	S3-12028140	S3	D		34.0
S1-223705444	S2-618140656	S2	B		
S1-223705444	S2-670747414	S2	B		
S1-907603406	S3-655922463	S3	D		48.0
S1-787863637	S3-829350524	S3	B		
S1-854526409	S2-968733800	S2	D		126.0
S1-421011816	S3-850059190	S3	D		54.0
S1-590726658	S3-165875690	S3	D		48.0
S1-590726658	S3-552173253	S3	B		
S1-764932632	S2-649333555	S2	D		96.0
S1-370056787	S2-280931520	S2	D		46.0
S1-370056787	S3-179915337	S3	D		39.0
S1-531487274	S3-926542085	S3	D		96.0
S1-531487274	S2-4568895	S2	D		47.0
S1-207694140	S3-811737570	S3	D		62.0
S1-658599331	S2-801579371	S2	A		
S1-464862053	S3-849162193	S3	D		46.0
S1-774733333	S2-561141187	S2	D		97.0
S1-774733333	S3-875225016	S3	A		
S1-332273229	S2-643551142	S2	D		53.0
S1-101478026	S2-937892992	S2	D		60.0
S1-912448853	S3-4339741	S3	B		
S1-387121277	S3-19654763	S3	D		60.0
S1-95641363	S2-905522736	S2	A		
S1-312407774	S3-654279239	S3	B		
S1-312407774	S2-57677223	S2	B		
S1-414708522	S2-491197817	S2	B		
S1-411821759	S3-786316884	S3	B		
S1-164958272	S3-573162738	S3	D		74.0
S1-402475592	S2-315381862	S2	B		
S1-402475592	S2-23436755	S2	B		
S1-265601451	S2-525596837	S2	D		64.0
S1-265601451	S3-664895661	S3	D		49.0
S1-265601451	S2-806118452	S2	D		63.0
S1-519289566	S3-401791741	S3	B		
S1-426168660	S3-836569414	S3	B		
S1-426168660	S2-953550156	S2	B		
S1-51081039	S3-672168616	S3	D		52.0
S1-51081039	S3-371372468	S3	D		53.0
S1-51081039	S3-454413596	S3	D		54.0
S1-88853025	S3-366349975	S3	D		33.0
S1-88853025	S3-110279998	S3	D		49.0
S1-74487025	S3-980261726	S3	D		59.0
S1-917170215	S3-91441918	S3	B		
S1-486096468	S3-315472109	S3	D		35.0
S1-717223466	S2-217547702	S2	D		34.0
S1-60713783	S2-758252484	S2	D		105.0
S1-347030940	S3-154974406	S3	D		49.0
S1-347030940	S3-796970176	S3	D		63.0
S1-802389493	S2-615091658	S2	A		
S1-518455384	S3-311874486	S3	A		
S1-678617261	S3-375480024	S3	B		
S1-528929601	S2-735782972	S2	D		56.0
S1-528929601	S2-854795781	S2	B		
S1-528929601	S3-976800400	S3	D		67.0
S1-614255074	S2-92487695	S2	B		
S1-121834495	S2-822048815	S2	D		60.0
S1-121834495	S2-330463188	S2	D		59.0
S1-130359793	S2-951819109	S2	D		107.0
S1-601099463	S2-925360381	S2	B		
S1-601099463	S2-74976272	S2	B		
S1-266668411	S2-339908027	S2	B		
S1-196699821	S2-350660125	S2	B		
S1-19502597	S3-412581347	S3	B		
S1-610626199	S2-325280467	S2	D		51.0
S1-390549184	S3-849823112	S3	B		
S1-674917841	S3-87511232	S3	D		44.0
S1-857800884	S3-705986372	S3	A		
S1-466507361	S2-288488908	S2	B		
S1-233399644	S2-849315208	S2	B		
S1-764623719	S3-344253467	S3	E	rank 22 <= topk but missing from candidates	
S1-804336919	S3-262620916	S3	A		
S1-81980859	S3-613233299	S3	D		54.0
S1-81980859	S3-491328566	S3	D		56.0
S1-305306872	S2-364453192	S2	B		
S1-950805505	S3-939461610	S3	B		
S1-491233928	S3-691671209	S3	E	rank 28 <= topk but missing from candidates	
S1-627770741	S2-78840530	S2	D		34.0
S1-627770741	S2-773956380	S2	D		38.0
S1-627770741	S2-282049522	S2	B		
S1-529495433	S3-54379512	S3	D		53.0
S1-520722573	S3-805470021	S3	D		35.0
S1-972597477	S2-998425042	S2	D		62.0
S1-444021546	S3-60498928	S3	B		
S1-722690822	S2-891110547	S2	A		
S1-53966850	S2-637944170	S2	B		
S1-660357373	S3-585584516	S3	A		
S1-660357373	S3-486284393	S3	D		60.0
S1-480164754	S2-246514776	S2	D		56.0
S1-782660595	S3-64503673	S3	B		
S1-145923505	S3-523240739	S3	B		
S1-117271090	S2-794688035	S2	D		75.0
S1-430662868	S3-866199474	S3	D		101.0
S1-304881286	S3-124102221	S3	A		
S1-936682197	S2-906699947	S2	B		
S1-222093194	S3-223382366	S3	A		
S1-834307496	S3-671937301	S3	E	rank 29 <= topk but missing from candidates	
S1-784295877	S2-12170922	S2	D		89.0
S1-495159574	S3-908078413	S3	A		
S1-157862961	S3-53247957	S3	A		
S1-231457645	S3-185450890	S3	D		75.0
S1-818248175	S2-89521512	S2	D		127.0
S1-818248175	S2-273219981	S2	D		131.0
S1-501021468	S3-759340626	S3	A		
S1-501021468	S3-536266567	S3	A		
S1-625449932	S2-442900526	S2	D		42.0
S1-625449932	S2-994312710	S2	B		
S1-713516747	S2-515469002	S2	A		
S1-44667328	S2-551094041	S2	D		63.0
S1-913340417	S3-17542931	S3	A		
S1-920773803	S3-245631444	S3	D		42.0
S1-317780845	S3-751512286	S3	B		
S1-911108366	S2-130231211	S2	D		57.0
S1-79461496	S3-888746732	S3	D		155.0
S1-79461496	S3-831348520	S3	B		
S1-79461496	S3-600192849	S3	D		32.0
S1-369235884	S3-527574109	S3	D		49.0
S1-369235884	S3-904735269	S3	D		50.0
S1-758822323	S3-669651892	S3	B		
S1-758822323	S3-851041846	S3	B		
S1-758822323	S2-822967274	S2	B		
S1-104840968	S3-505601143	S3	B		
S1-684299704	S3-870383240	S3	D		59.0
S1-283939943	S3-728776648	S3	D		63.0
S1-702297855	S3-626397667	S3	B		
S1-636794318	S3-848228355	S3	D		33.0
S1-636794318	S3-747864766	S3	A		
S1-652686562	S3-149792156	S3	D		63.0
S1-81648135	S3-100051187	S3	B		
S1-383622687	S3-308429442	S3	A		
S1-838134306	S3-888001021	S3	D		69.0
S1-330739594	S2-347108947	S2	D		67.0
S1-491062350	S2-972758971	S2	D		63.0
S1-491062350	S3-440220431	S3	A		
S1-491062350	S3-609363856	S3	B		
S1-605293285	S3-505215119	S3	B		
S1-935682336	S3-131526953	S3	D		78.0
S1-935682336	S2-147150202	S2	D		73.0
S1-935682336	S3-467184472	S3	D		74.0
S1-935682336	S3-353344075	S3	B		
S1-327722868	S3-565564509	S3	B		
S1-354371958	S2-968661047	S2	B		
S1-293325105	S3-23351851	S3	D		48.0
S1-601591641	S3-698585089	S3	A		
S1-927892546	S3-593844634	S3	D		62.0
S1-749278886	S3-17750851	S3	B		
S1-749278886	S3-15460793	S3	B		
S1-404887593	S2-504450323	S2	A		
S1-404887593	S3-627668753	S3	A		
S1-774677401	S3-865386624	S3	D		49.0
S1-774677401	S3-783942257	S3	D		44.0
S1-226486764	S3-956039965	S3	D		42.0
S1-226486764	S3-463446970	S3	D		41.0
S1-226486764	S2-138812275	S2	D		43.0
S1-226486764	S3-400263469	S3	B		
S1-226486764	S2-545642522	S2	D		40.0
S1-226486764	S2-567596576	S2	A		
S1-940221906	S2-149002886	S2	A		
S1-940221906	S2-214656575	S2	B		
S1-422119740	S3-213646409	S3	A		
S1-633069988	S3-715158023	S3	A		
S1-892371126	S3-256067028	S3	D		42.0
S1-150443014	S2-28631362	S2	B		
S1-223832997	S3-254479824	S3	B		
S1-118475723	S2-775553989	S2	E	rank 26 <= topk but missing from candidates	
S1-895368994	S3-68197216	S3	A		
S1-895368994	S3-697533029	S3	D		46.0
S1-515705623	S3-969600415	S3	B		
S1-362796854	S2-214413248	S2	B		
S1-362796854	S3-596687380	S3	A		
S1-299567493	S2-803553560	S2	A		
S1-861587263	S3-814076014	S3	B		
S1-861587263	S3-996196266	S3	A		
S1-861587263	S3-551885807	S3	D		82.0
S1-310463948	S3-994699018	S3	B		
S1-955142533	S2-434839326	S2	B		
S1-647498853	S2-270718432	S2	D		127.0
S1-647498853	S3-692007636	S3	D		138.0
S1-918585065	S2-60733823	S2	D		153.0
S1-962162015	S3-194910965	S3	B		
S1-358713047	S2-626400795	S2	D		38.0
S1-358713047	S2-322966598	S2	D		31.0
S1-72849925	S2-845048242	S2	D		36.0
S1-577962237	S2-731387654	S2	B		
S1-928958525	S2-465808191	S2	D		90.0
S1-450258605	S3-112086587	S3	D		66.0
S1-191096299	S3-470804166	S3	B		
S1-520797330	S3-287912325	S3	D		88.0
S1-445347284	S2-597702859	S2	B		
S1-445347284	S2-470871664	S2	B		
S1-218532412	S3-272209557	S3	D		52.0
S1-85859742	S3-469087935	S3	E	rank 18 <= topk but missing from candidates	
S1-116261206	S3-832522221	S3	D		117.0
S1-120672682	S3-576722457	S3	B		
S1-848822885	S2-709143420	S2	B		
S1-947939067	S2-477785107	S2	D		65.0
S1-741210184	S2-770331940	S2	D		87.0
S1-741210184	S3-527552798	S3	D		64.0
S1-79848351	S3-920117568	S3	A		
S1-992485948	S2-657236995	S2	E	rank 30 <= topk but missing from candidates	
S1-258754904	S3-541022432	S3	D		51.0
S1-166347010	S3-26816978	S3	B		
S1-166347010	S3-923197672	S3	B		
S1-818335472	S2-913217670	S2	D		212.0
S1-818335472	S2-761587353	S2	D		205.0
S1-818335472	S2-779470243	S2	D		124.0
S1-426252201	S2-303703833	S2	B		
S1-426252201	S2-969664376	S2	B		
S1-426252201	S3-546384095	S3	B		
S1-426252201	S3-487666431	S3	B		
S1-592490370	S3-451388063	S3	B		
S1-33177250	S2-827904145	S2	B		
S1-33177250	S3-556339440	S3	A		
S1-33177250	S3-438517931	S3	B		
S1-33177250	S2-555721779	S2	B		
S1-302563071	S2-374020934	S2	D		50.0
S1-119284168	S3-582232275	S3	A		
S1-758676904	S2-726761958	S2	B		
S1-795579425	S3-547629660	S3	D		78.0
S1-938591401	S2-792517635	S2	D		75.0
S1-161054789	S2-307188737	S2	A		
S1-898705679	S2-663106464	S2	D		40.0
S1-907287192	S2-866976725	S2	D		104.0
S1-907287192	S3-344826496	S3	B		
S1-907287192	S3-339768242	S3	B		
S1-907287192	S3-958435760	S3	A		
S1-278483230	S2-130245383	S2	D		47.0
S1-278483230	S3-688919712	S3	B		
S1-510928016	S3-650126996	S3	D		66.0
S1-510928016	S2-654120035	S2	D		61.0
S1-510928016	S2-19700727	S2	D		81.0
S1-834552856	S3-871545636	S3	D		38.0
S1-531419556	S3-858440424	S3	D		44.0
S1-193157105	S3-580985309	S3	D		84.0
S1-453023241	S3-298895212	S3	E	rank 28 <= topk but missing from candidates	
S1-453023241	S2-827081513	S2	B		
S1-192523955	S3-395600259	S3	B		
S1-456678743	S3-174170454	S3	B		
S1-975599304	S3-267681094	S3	B		
S1-271589621	S3-307504032	S3	B		
S1-107766203	S2-601254966	S2	E	rank 30 <= topk but missing from candidates	
S1-992238198	S2-834046080	S2	B		
S1-992238198	S3-569101302	S3	B		
S1-877901528	S3-489496669	S3	D		50.0
S1-344919987	S3-652958295	S3	D		115.0
S1-881955385	S3-419069244	S3	D		51.0
S1-202767124	S3-746935579	S3	A		
S1-514507260	S2-542896062	S2	D		36.0
S1-126466711	S3-481814367	S3	A		
S1-113388587	S3-580669630	S3	B		
S1-331104371	S3-438239560	S3	D		75.0
S1-617755313	S3-407695039	S3	D		70.0
S1-243728611	S3-925849574	S3	B		
S1-243728611	S3-793294411	S3	B		
S1-205776787	S2-967033188	S2	A		
S1-205776787	S3-911776976	S3	A		
S1-494095448	S3-87146485	S3	D		104.0
S1-394475253	S3-890701681	S3	D		31.0
S1-687352015	S2-392857884	S2	D		34.0
S1-185894712	S3-314871951	S3	D		84.0
S1-761795245	S2-232311177	S2	D		56.0
S1-761795245	S2-900381075	S2	E	rank 29 <= topk but missing from candidates	
S1-215862677	S2-224154352	S2	B		
S1-954961235	S3-437333070	S3	A		
S1-500365234	S3-711732977	S3	D		91.0
S1-500365234	S2-969587210	S2	D		111.0
S1-478170207	S3-898845410	S3	D		93.0
S1-156583122	S3-687629962	S3	B		
S1-805858485	S3-483293331	S3	D		63.0
S1-186077186	S3-151113647	S3	E	rank 12 <= topk but missing from candidates	
S1-623015296	S3-144638791	S3	B		
S1-10421554	S2-443785957	S2	D		50.0
S1-797545137	S3-321461493	S3	D		79.0
S1-282843992	S2-61398496	S2	B		
S1-570555594	S3-43511239	S3	B		
S1-967410601	S3-535788439	S3	B		
S1-967410601	S2-449201882	S2	A		
S1-967410601	S3-325364683	S3	A		
S1-967410601	S3-753127764	S3	A		
S1-973378597	S2-225645013	S2	B		
S1-973378597	S2-828540454	S2	B		
S1-973378597	S2-687567420	S2	B		
S1-973378597	S2-729145069	S2	B		
S1-434472423	S2-515335975	S2	D		102.0
S1-990982693	S2-62887644	S2	B		
S1-990982693	S3-353091568	S3	D		45.0
S1-116269496	S3-406144214	S3	D		43.0
S1-277999525	S2-354064648	S2	B		
S1-277999525	S2-655839250	S2	B		
S1-79318999	S2-805466431	S2	A		
S1-812410611	S3-83593191	S3	A		
S1-835996373	S2-35543133	S2	B		
S1-294420987	S3-463655383	S3	D		162.0
S1-904688241	S2-604123492	S2	B		
S1-441459587	S3-675172179	S3	B		
S1-391722993	S3-878696566	S3	D		130.0
S1-607038863	S3-994484428	S3	D		88.0
S1-956135040	S3-92045372	S3	D		52.0
S1-633888779	S3-46963033	S3	D		127.0
S1-29105197	S3-301884395	S3	D		32.0
S1-29105197	S3-723399314	S3	A		
S1-851306683	S3-460233713	S3	A		
S1-288372547	S3-869458870	S3	D		75.0
S1-556914650	S3-786604130	S3	D		63.0
S1-557718858	S3-896661915	S3	B		
S1-428086521	S3-317506279	S3	A		
S1-862432291	S3-602019205	S3	D		138.0
S1-862432291	S3-692790986	S3	B		
S1-393306348	S3-399723439	S3	D		37.0
S1-238918183	S2-73306650	S2	A		
S1-646679209	S3-20172173	S3	D		105.0
S1-144234982	S2-502053348	S2	D		75.0
S1-760302422	S2-787979309	S2	D		66.0
S1-760302422	S3-871616041	S3	D		38.0
S1-131548115	S3-90832531	S3	B		
S1-492666976	S3-823486669	S3	B		
S1-492666976	S3-617390306	S3	B		
S1-970522702	S3-63137921	S3	D		57.0
S1-970522702	S3-419329528	S3	D		58.0
S1-970522702	S3-546793846	S3	D		59.0
S1-430044321	S2-394266939	S2	E	rank 13 <= topk but missing from candidates	
S1-276466395	S3-474161227	S3	B		
S1-276466395	S3-953059440	S3	B		
S1-426020869	S3-7010683	S3	B		
S1-426020869	S2-654979338	S2	D		65.0
S1-426020869	S3-874161618	S3	B		
S1-730932052	S2-293901743	S2	B		
S1-169022093	S3-358569528	S3	B		
S1-117702464	S2-978473049	S2	D		51.0
S1-424509935	S3-963501276	S3	A		
S1-689188083	S3-352896327	S3	A		
S1-810498200	S2-747107030	S2	B		
S1-210136403	S3-970251545	S3	A		
S1-210136403	S3-694086892	S3	A		
S1-464748817	S3-425044335	S3	D		249.0
S1-464748817	S3-444944405	S3	D		55.0
S1-725840464	S3-137280142	S3	B		
S1-304064122	S2-541703545	S2	A		
S1-903869941	S3-621261221	S3	D		31.0
S1-495682317	S2-150772105	S2	B		
S1-495682317	S2-676210434	S2	B		
S1-623820134	S3-480295275	S3	B		
S1-892191103	S3-785117513	S3	A		
S1-37291685	S2-618634132	S2	B		
S1-359469511	S3-427727438	S3	A		
S1-762519932	S3-861861158	S3	D		61.0
S1-762519932	S2-445238971	S2	D		128.0
S1-949178137	S3-406235638	S3	D		50.0
S1-177806510	S2-655240074	S2	D		74.0
S1-766768461	S3-696462803	S3	D		43.0
S1-35649342	S2-484593399	S2	A		
S1-189448502	S3-606984846	S3	B		
S1-125184495	S3-97158087	S3	B		
S1-443332615	S3-12921152	S3	B		
S1-415139526	S3-26327244	S3	B		
S1-415139526	S3-956305199	S3	B		
S1-415139526	S3-730903257	S3	D		51.0
S1-370351733	S3-966050279	S3	B		
S1-372006728	S3-314574266	S3	D		101.0
S1-629011126	S2-539225625	S2	A		
S1-605871560	S3-652367504	S3	B		
S1-849516334	S3-263845252	S3	A		
S1-471472596	S3-108888332	S3	B		
S1-31745951	S3-458809371	S3	D		37.0
S1-334297270	S2-829752486	S2	B		
S1-334297270	S3-481259120	S3	D		103.0
S1-985901339	S3-63475918	S3	A		
S1-985901339	S2-934528900	S2	A		
S1-962473778	S3-341147090	S3	D		50.0
S1-962473778	S2-123807910	S2	D		51.0
S1-476869749	S3-906841554	S3	D		208.0
S1-971568023	S2-369136808	S2	B		
S1-827584766	S3-353596663	S3	B		
S1-428143523	S2-120340879	S2	B		
S1-50396506	S3-610573612	S3	D		60.0
S1-308142800	S3-825657814	S3	A		
S1-985622081	S3-100685988	S3	D		190.0
S1-242275794	S2-714638529	S2	B		
S1-886930701	S2-711119821	S2	B		
S1-140575799	S3-891832509	S3	D		48.0
S1-146510855	S3-537070992	S3	B		
S1-311626580	S3-567791723	S3	D		37.0
S1-724610157	S2-301075260	S2	B		
S1-724610157	S2-74469176	S2	B		
S1-523696904	S3-318492575	S3	D		51.0
S1-523696904	S3-782002945	S3	E	rank 14 <= topk but missing from candidates	
S1-374082117	S3-84454236	S3	B		
S1-374082117	S3-494116777	S3	B		
S1-638912663	S3-902197516	S3	A		
S1-336717483	S2-287234079	S2	D		40.0
S1-603199987	S3-541499199	S3	D		52.0
S1-95583234	S3-259011119	S3	B		
S1-756678179	S3-882371383	S3	D		57.0
S1-756678179	S3-469253845	S3	B		
S1-597970550	S3-324326948	S3	D		35.0
S1-691861132	S2-671101781	S2	A		
S1-643883322	S3-156037641	S3	D		66.0
S1-607395612	S3-351631766	S3	B		
S1-607395612	S2-325806254	S2	D		161.0
S1-701096666	S2-696843601	S2	B		
S1-701096666	S3-248368619	S3	B		
S1-757343087	S3-723434963	S3	B		
S1-427567852	S2-228152000	S2	B		
S1-982002928	S3-140969814	S3	E	rank 25 <= topk but missing from candidates	
S1-112439408	S3-753381710	S3	B		
S1-264098829	S3-251924790	S3	B		
S1-281719514	S3-878945972	S3	D		62.0
S1-106483775	S2-18394209	S2	B		
S1-461096258	S3-645375232	S3	B		
S1-345591583	S3-423769892	S3	D		89.0
S1-881302921	S3-108537852	S3	D		32.0
S1-465996109	S2-467360460	S2	D		82.0
S1-358039993	S3-570291131	S3	B		
S1-643948878	S2-343037410	S2	D		185.0
S1-253963469	S3-472302589	S3	A		
S1-665008957	S2-262193569	S2	B		
S1-92938693	S2-725543520	S2	B		
S1-964932759	S3-52152974	S3	B		
S1-596473619	S3-888523723	S3	B		
S1-702625884	S2-79836386	S2	D		59.0
S1-702625884	S3-305528940	S3	D		71.0
S1-702625884	S2-294403664	S2	D		66.0
S1-702625884	S3-500060897	S3	D		51.0
S1-889499154	S2-89245902	S2	D		97.0
S1-889499154	S3-479640852	S3	D		76.0
S1-510086580	S3-218615365	S3	B		
S1-896207554	S3-309274761	S3	B		
S1-53725192	S3-744290382	S3	B		
S1-698786385	S3-575862426	S3	B		
S1-937416502	S3-76448318	S3	B		
S1-937416502	S3-485406131	S3	D		55.0
S1-616924638	S3-702177049	S3	B		
S1-729845323	S3-304096736	S3	A		
S1-975822476	S3-462877282	S3	D		113.0
S1-892738001	S3-654897173	S3	B		
S1-892738001	S3-90292978	S3	B		
S1-191198307	S3-528910178	S3	A		
S1-191198307	S2-848181922	S2	A		
S1-904320767	S3-320631454	S3	A		
S1-553565117	S3-708245328	S3	A		
S1-465203915	S2-545326503	S2	D		46.0
S1-344958158	S3-795354050	S3	B		
S1-779336123	S3-78827696	S3	D		37.0
S1-489770247	S3-757190366	S3	D		43.0
S1-489770247	S2-481114065	S2	D		47.0
S1-570244052	S3-714632117	S3	B		
S1-815821244	S2-176301323	S2	B		
S1-528971472	S3-18575481	S3	B		
S1-528971472	S3-147810335	S3	A		
S1-80715052	S3-332971928	S3	D		45.0
S1-58575572	S3-288746221	S3	E	rank 17 <= topk but missing from candidates	
S1-309623941	S3-999241348	S3	B		
S1-804018568	S2-561945822	S2	B		
S1-67084946	S3-349816962	S3	D		144.0
S1-716364923	S2-646085673	S2	D		74.0
S1-834967619	S2-111738426	S2	D		95.0
S1-373069803	S3-551451549	S3	E	rank 22 <= topk but missing from candidates	
S1-373069803	S3-650523141	S3	D		68.0
S1-620898500	S2-523171012	S2	B		
S1-620898500	S2-895665048	S2	A		
S1-412528889	S2-642763318	S2	B		
S1-130210658	S3-529671265	S3	B		
S1-789258419	S2-419344229	S2	D		55.0
S1-789258419	S2-30899977	S2	D		64.0
S1-133813332	S3-342512610	S3	A		
S1-133813332	S3-884228777	S3	D		74.0
S1-133813332	S3-293054875	S3	E	rank 21 <= topk but missing from candidates	
S1-797520132	S3-211706516	S3	D		73.0
S1-819355035	S3-132646519	S3	A		
S1-292923805	S3-893035823	S3	A		
S1-727718434	S3-76852366	S3	B		
S1-498103175	S3-819577350	S3	D		64.0
S1-737911323	S3-317968004	S3	A		
S1-737911323	S2-549823459	S2	A		
S1-570125855	S3-657526937	S3	D		31.0
S1-70731837	S3-38347343	S3	B		
S1-638042314	S2-956733580	S2	B		
S1-769257593	S2-780957109	S2	D		58.0
S1-173775877	S3-132072256	S3	B		
S1-420446755	S3-275709499	S3	B		
S1-528384445	S2-310981423	S2	B		
S1-919174768	S3-228733331	S3	B		
S1-467867757	S3-788053832	S3	B		
S1-467867757	S3-417302064	S3	D		40.0
S1-655454081	S2-38196188	S2	D		72.0
S1-226767602	S3-334796602	S3	B		
S1-422648644	S3-568703447	S3	D		57.0
S1-724069031	S3-902719425	S3	D		55.0
S1-35319727	S2-995066394	S2	B		
S1-289463611	S2-268500689	S2	B		
S1-30008069	S2-569823843	S2	A		
S1-422724165	S3-918337179	S3	B		
S1-422724165	S2-607432666	S2	D		52.0
S1-422724165	S3-888741553	S3	A		
S1-260033109	S3-445244598	S3	A		
S1-814774506	S2-648762587	S2	B		
S1-814774506	S3-31298093	S3	D		52.0
S1-388032846	S3-287561094	S3	D		46.0
S1-377066218	S3-514227357	S3	B		
S1-312468982	S3-63963558	S3	D		49.0
S1-70785178	S3-897519947	S3	A		
S1-780659170	S3-449522188	S3	B		
S1-880518375	S3-982443039	S3	B		
S1-950706882	S3-531133862	S3	A		
S1-280765081	S2-370243472	S2	D		31.0
S1-885007233	S3-850665845	S3	B		
S1-742032987	S2-503472897	S2	B		
S1-601121059	S2-585159367	S2	B		
S1-683174089	S3-303264746	S3	B		
S1-683174089	S3-228470607	S3	D		85.0
S1-389721339	S3-961253926	S3	B		
S1-819705056	S3-507291899	S3	B		
S1-819705056	S2-661548673	S2	E	rank 23 <= topk but missing from candidates	
S1-819705056	S3-679569422	S3	E	rank 18 <= topk but missing from candidates	
S1-659707948	S2-379871255	S2	B		
S1-260528873	S2-962772237	S2	B		
S1-770067609	S2-918688050	S2	B		
S1-770067609	S2-239079751	S2	A		
S1-770067609	S2-138311142	S2	A		
S1-770067609	S3-758389589	S3	A		
S1-17376846	S3-440596030	S3	B		
S1-790756127	S3-921321649	S3	D		118.0
S1-790756127	S2-127396402	S2	D		133.0
S1-598731230	S3-248989182	S3	E	rank 23 <= topk but missing from candidates	
S1-598731230	S3-115244029	S3	B		
S1-598731230	S2-203234946	S2	D		45.0
S1-598731230	S3-96945354	S3	B		
S1-798115804	S3-275707372	S3	A		
S1-798115804	S3-800273028	S3	B		
S1-399802508	S3-331782779	S3	E	rank 26 <= topk but missing from candidates	
S1-399802508	S3-16941577	S3	B		
S1-425179529	S3-252088294	S3	B		
S1-425179529	S2-315904038	S2	D		76.0
S1-451731570	S3-330201065	S3	D		60.0
S1-451731570	S3-882069510	S3	D		58.0
S1-451731570	S3-896641674	S3	D		57.0
S1-451731570	S2-294221614	S2	D		59.0
S1-450202868	S2-901097974	S2	B		
S1-510696214	S3-554968027	S3	D		67.0
S1-175643002	S2-617811085	S2	D		34.0
S1-208080991	S2-660657300	S2	A		
S1-138327645	S3-493179247	S3	D		112.0
S1-138327645	S3-7870394	S3	B		
S1-800599969	S3-462245391	S3	A		
S1-752330643	S2-535324351	S2	D		101.0
S1-306434080	S3-284810823	S3	B		
S1-295244442	S3-11186460	S3	B		
S1-866166503	S3-911502538	S3	D		60.0
S1-519293296	S3-421193250	S3	B		
S1-530924844	S3-178430628	S3	B		
S1-138273383	S3-409212123	S3	E	rank 22 <= topk but missing from candidates	
S1-286972460	S3-360391679	S3	B		
S1-536711469	S2-914426084	S2	D		35.0
S1-536711469	S3-397046097	S3	D		135.0
S1-643279772	S3-99744725	S3	B		
S1-105475472	S2-879369210	S2	B		
S1-890672497	S2-356463753	S2	D		41.0
S1-890672497	S2-97198119	S2	D		42.0
S1-257254753	S3-445719267	S3	B		
S1-790947403	S3-577154552	S3	B		
S1-790947403	S2-586763612	S2	A		
S1-939128133	S3-189591878	S3	A		
S1-939128133	S2-554214271	S2	D		82.0
S1-1832084	S3-189197899	S3	D		56.0
S1-1832084	S3-218655422	S3	D		60.0
S1-663893392	S2-663913053	S2	B		
S1-663893392	S2-864444466	S2	B		
S1-663893392	S2-978904707	S2	B		
S1-663893392	S3-201322231	S3	B		
S1-818820775	S2-497669644	S2	D		86.0
S1-818820775	S3-888364330	S3	D		130.0
S1-833417706	S2-998495050	S2	A		
S1-833417706	S2-496068808	S2	A		
S1-769584595	S3-516311590	S3	D		36.0
S1-875468454	S3-34554780	S3	B		
S1-875468454	S3-228598745	S3	B		
S1-50056344	S3-276976954	S3	D		31.0
S1-50056344	S2-819893886	S2	A		
S1-117440471	S3-669991696	S3	D		40.0
S1-117440471	S3-642827286	S3	D		43.0
S1-687851699	S3-153435991	S3	D		33.0
S1-195554892	S3-506175454	S3	B		
S1-37662768	S3-362528217	S3	B		
S1-242191230	S2-566309724	S2	D		47.0
S1-242191230	S3-559972353	S3	D		55.0
S1-620064055	S3-814963007	S3	D		40.0
S1-883309660	S3-612182026	S3	B		
S1-965025082	S3-143500842	S3	B		
S1-630993494	S3-996470058	S3	B		
S1-140391337	S3-727839412	S3	D		56.0
S1-140391337	S3-138862695	S3	D		43.0
S1-639909217	S3-476059739	S3	D		36.0
S1-835281976	S3-824757904	S3	E	rank 16 <= topk but missing from candidates	
S1-810205552	S2-234132975	S2	B		
S1-810205552	S2-702054747	S2	B		
S1-379863675	S3-906953839	S3	D		38.0
S1-358366427	S3-971698665	S3	D		115.0
S1-82412551	S2-530776489	S2	B		
S1-82412551	S2-850225016	S2	B		
S1-727742506	S2-17261851	S2	B		
S1-727742506	S3-352664975	S3	D		31.0
S1-727742506	S2-301157993	S2	B		
S1-130293371	S3-122298144	S3	B		
S1-169346072	S3-254775474	S3	A		
S1-379417190	S2-278405002	S2	E	rank 18 <= topk but missing from candidates	
S1-379417190	S2-894092283	S2	E	rank 19 <= topk but missing from candidates	
S1-472650340	S3-592226080	S3	A		
S1-706026098	S2-668165595	S2	B		
S1-706026098	S3-422610486	S3	B		
S1-647727147	S3-511415763	S3	B		
S1-647727147	S3-363340094	S3	B		
S1-647727147	S3-453975761	S3	E	rank 14 <= topk but missing from candidates	
S1-229321862	S2-342244246	S2	B		
S1-82094513	S3-968662727	S3	B		
S1-597692079	S3-893712451	S3	B		
S1-109245803	S3-16430461	S3	B		
S1-109245803	S3-523761236	S3	D		131.0
S1-109245803	S2-991349928	S2	B		
S1-239760425	S3-822543592	S3	B		
S1-371876927	S3-600052502	S3	E	rank 26 <= topk but missing from candidates	
S1-230740766	S3-114064791	S3	D		65.0
S1-230740766	S3-356922152	S3	D		84.0
S1-230740766	S3-106631328	S3	D		87.0
S1-247733893	S3-696733668	S3	D		93.0
S1-247733893	S2-91493500	S2	D		33.0
S1-83014731	S3-204643062	S3	D		70.0
S1-985261334	S3-911719078	S3	B		
S1-298053431	S2-644749266	S2	D		72.0
S1-298053431	S2-128933970	S2	D		117.0
S1-678098932	S3-35844130	S3	B		
S1-429770351	S3-822287920	S3	A		
S1-699991451	S3-985614276	S3	B		
S1-500746074	S3-598328113	S3	A		
S1-318559699	S3-448257581	S3	A		
S1-589548920	S3-669701224	S3	D		85.0
S1-915231449	S3-749978798	S3	D		116.0
S1-85601173	S2-622645071	S2	A		
S1-95388676	S3-212125787	S3	A		
S1-95388676	S3-998195949	S3	B		
S1-714288926	S3-554668874	S3	A		
S1-143067157	S3-272726720	S3	B		
S1-383818300	S2-372461639	S2	D		71.0
S1-711664961	S3-291810675	S3	B		
S1-310705699	S3-23410005	S3	A		
S1-244635763	S2-24823224	S2	D		67.0
S1-803234206	S3-143878659	S3	D		83.0
S1-828686814	S2-242448598	S2	D		39.0
S1-828686814	S3-240496478	S3	D		40.0
S1-507144623	S3-226509530	S3	A		
S1-430150222	S3-9755981	S3	A		
S1-430150222	S2-915142492	S2	A		
S1-310894524	S3-891731860	S3	B		
S1-310894524	S2-561344595	S2	B		
S1-286085512	S2-101061396	S2	B		
S1-286085512	S3-197440389	S3	D		102.0
S1-80830353	S3-15531882	S3	B		
S1-80830353	S3-435150605	S3	B		
S1-487728805	S3-140667359	S3	D		54.0
S1-440375089	S3-214935711	S3	A		
S1-462483104	S2-476192781	S2	D		35.0
S1-696374744	S3-977016703	S3	B		
S1-406570024	S3-159945742	S3	B		
S1-269447005	S3-914442179	S3	D		73.0
S1-269447005	S2-792914406	S2	D		44.0
S1-269447005	S2-48028622	S2	B		
S1-993541335	S3-294853186	S3	E	rank 21 <= topk but missing from candidates	
S1-670941294	S3-305760056	S3	A		
S1-670941294	S2-723831723	S2	B		
S1-639873483	S2-999471048	S2	A		
S1-352395491	S3-373390277	S3	D		49.0
S1-380953288	S3-358719950	S3	B		
S1-320769576	S2-557405013	S2	D		61.0
S1-74765860	S2-727980440	S2	B		
S1-74765860	S3-567933137	S3	B		
S1-74765860	S3-419024625	S3	B		
S1-137099427	S3-186220219	S3	D		110.0
S1-104988699	S2-764411148	S2	B		
S1-104988699	S3-237938246	S3	A		
S1-104988699	S3-226320867	S3	A		
S1-644084341	S3-499448658	S3	D		31.0
S1-500168670	S3-593232951	S3	D		38.0
S1-81603297	S2-433834332	S2	B		
S1-81603297	S3-850530823	S3	D		40.0
S1-81603297	S2-409601462	S2	D		39.0
S1-285663845	S3-937332652	S3	B		
S1-668076067	S2-704400431	S2	A		
S1-679302281	S3-110843728	S3	A		
S1-337969786	S3-522272821	S3	A		
S1-869335728	S3-970519796	S3	B		
S1-502838127	S3-116134859	S3	B		
S1-959850215	S2-269817494	S2	D		43.0
S1-252757889	S2-700910207	S2	A		
S1-311670261	S3-157510536	S3	A		
S1-368818840	S2-872671339	S2	B		
S1-677283382	S3-309183846	S3	B		
S1-660977444	S3-417130089	S3	D		62.0
S1-145908971	S2-556204970	S2	D		97.0
S1-701506605	S2-346382028	S2	B		
S1-293820463	S3-498722909	S3	D		98.0
S1-293820463	S2-397685938	S2	B		
S1-973547611	S3-199390103	S3	A		
S1-206529777	S3-658239748	S3	B		
S1-260295929	S2-80232261	S2	B		
S1-260295929	S3-994485766	S3	B		
S1-254956029	S3-922588893	S3	A		
S1-153872245	S2-840520332	S2	D		77.0
S1-467688999	S2-424898802	S2	B		
S1-467688999	S2-31954799	S2	D		126.0
S1-556904003	S3-303729497	S3	D		43.0
S1-2762303	S2-304983936	S2	D		63.0
S1-981073964	S3-507969158	S3	E	rank 30 <= topk but missing from candidates	
S1-247235917	S3-359617422	S3	B		
S1-632705127	S3-731763557	S3	A		
S1-607164691	S3-948929424	S3	B		
S1-463518210	S2-371940841	S2	B		
S1-463518210	S3-566957887	S3	E	rank 24 <= topk but missing from candidates	
S1-269737692	S2-875758121	S2	B		
S1-859939153	S3-988563642	S3	B		
S1-421123638	S3-971012842	S3	D		72.0
S1-421123638	S2-312252079	S2	D		33.0
S1-421123638	S3-357574802	S3	E	rank 30 <= topk but missing from candidates	
S1-497352949	S3-754459246	S3	A		
S1-350286754	S2-179354003	S2	D		102.0
S1-940206656	S3-16911299	S3	A		
S1-860645045	S3-109975311	S3	D		80.0
S1-973919105	S3-157689440	S3	D		32.0
S1-973919105	S2-737753239	S2	B		
S1-759089000	S2-635603170	S2	B		
S1-759089000	S2-350366228	S2	B		
S1-759089000	S3-275403557	S3	B		
S1-245996797	S3-732550203	S3	A		
S1-245996797	S3-90296956	S3	A		
S1-643386899	S2-112532808	S2	B		
S1-884047282	S2-964130749	S2	D		61.0
S1-884047282	S2-476199836	S2	D		60.0
S1-884047282	S2-949552558	S2	D		62.0
S1-874226717	S2-302958557	S2	A		
S1-155774630	S3-640758900	S3	B		
S1-457020208	S2-233668312	S2	D		44.0
S1-136992433	S2-433975249	S2	B		
S1-136992433	S3-86753570	S3	A		
S1-104600851	S2-741056825	S2	D		40.0
S1-104600851	S3-260305433	S3	D		79.0
S1-647865713	S3-440289690	S3	D		64.0
S1-902290395	S3-695482666	S3	D		83.0
S1-985611673	S3-348074151	S3	A		
S1-308943874	S2-554427541	S2	B		
S1-308943874	S2-812097585	S2	B		
S1-349633965	S3-284042371	S3	A		
S1-813046623	S2-245850943	S2	A		
S1-989593865	S3-466556900	S3	B		
S1-487584512	S3-473083469	S3	D		138.0
S1-438826531	S3-282880217	S3	D		42.0
S1-438826531	S2-340423085	S2	B		
S1-949554607	S2-527851677	S2	B		
S1-949554607	S3-717877281	S3	B		
S1-631797640	S3-219577177	S3	D		102.0
S1-809203665	S3-78657405	S3	A		
S1-809203665	S2-156658611	S2	A		
S1-140414511	S3-368889208	S3	D		52.0
S1-628145466	S2-773445779	S2	D		106.0
S1-755438562	S3-938211954	S3	B		
S1-832953464	S2-391991348	S2	D		92.0
S1-832953464	S3-405109541	S3	D		94.0
S1-785773658	S3-369592890	S3	B		
S1-90690091	S3-10029273	S3	D		95.0
S1-608697832	S2-883958436	S2	B		
S1-774728886	S2-878241853	S2	D		47.0
S1-774728886	S2-603188063	S2	D		46.0
S1-774728886	S3-791851339	S3	D		48.0
S1-774728886	S2-12345428	S2	D		49.0
S1-265874898	S3-661156905	S3	B		
S1-217743992	S3-466059465	S3	D		42.0
S1-638516856	S3-360845415	S3	B		
S1-344479367	S3-441660186	S3	A		
S1-469078719	S3-846994555	S3	D		92.0
S1-540260836	S3-676452211	S3	A		
S1-283499893	S3-383251021	S3	B		
S1-219942503	S2-537049530	S2	B		
S1-877902480	S3-572477458	S3	B		
S1-229615143	S3-220180923	S3	A		
S1-634826886	S3-883428602	S3	D		55.0
S1-634826886	S3-811207577	S3	D		78.0
S1-206123743	S3-548336985	S3	D		32.0
S1-478563461	S3-648283549	S3	D		75.0
S1-170417442	S3-472609669	S3	D		121.0
S1-50261964	S3-749767163	S3	B		
S1-645613244	S3-691813686	S3	B		
S1-528742730	S3-992852527	S3	D		125.0
S1-833319738	S2-914135782	S2	A		
S1-414919653	S2-235217962	S2	B		
S1-280480796	S2-419851169	S2	D		139.0
S1-296262219	S3-94337860	S3	D		72.0
S1-296262219	S3-884754050	S3	B		
S1-919919787	S2-272713164	S2	B		
S1-71535268	S3-129923354	S3	D		47.0
S1-432632951	S2-308702730	S2	D		54.0
S1-5357997	S3-45980750	S3	B		
S1-5357997	S3-114585448	S3	A		
S1-665264481	S3-7367494	S3	B		
S1-682382300	S2-901208626	S2	A		
S1-695795317	S2-872206960	S2	D		44.0
S1-695795317	S2-902959475	S2	D		41.0
S1-695795317	S3-967127363	S3	D		42.0
S1-410983934	S3-752267128	S3	A		
S1-351202182	S3-721571614	S3	D		101.0
S1-884032792	S3-357671370	S3	B		
S1-816629822	S3-41630868	S3	D		50.0
S1-244639960	S3-268210674	S3	B		
S1-700479011	S3-602042952	S3	A		
S1-469979638	S3-524501209	S3	D		124.0
S1-469979638	S3-871201329	S3	D		54.0
S1-282039817	S2-711710979	S2	B		
S1-364196697	S2-445410298	S2	D		59.0
S1-364196697	S2-698602708	S2	D		60.0
S1-364196697	S3-542500310	S3	D		61.0
S1-613153965	S3-473523991	S3	D		59.0
S1-613153965	S3-794106760	S3	D		58.0
S1-613153965	S2-811058843	S2	A		
S1-613153965	S2-420079106	S2	D		56.0
S1-613153965	S3-966230556	S3	D		57.0
S1-613153965	S3-359031811	S3	A		
S1-345111075	S3-711868660	S3	B		
S1-345111075	S3-409781103	S3	B		
S1-417812420	S2-861559493	S2	D		32.0
S1-927204606	S3-447541363	S3	A		
S1-347246534	S3-675089778	S3	D		107.0
S1-347246534	S2-682749690	S2	A		
S1-56706398	S3-61550708	S3	D		31.0
S1-145883934	S3-854597082	S3	D		127.0
S1-145883934	S3-651790149	S3	D		126.0
S1-541564423	S3-217972967	S3	B		
S1-45836880	S3-403476788	S3	B		
S1-45836880	S3-852636640	S3	B		
S1-838851491	S3-948517492	S3	E	rank 25 <= topk but missing from candidates	
S1-656553268	S2-920920386	S2	B		
S1-546313262	S3-462088547	S3	B		
S1-933117027	S3-951362138	S3	D		52.0
S1-933117027	S3-330526708	S3	D		45.0
S1-933117027	S3-68919094	S3	D		64.0
S1-264700234	S2-732371739	S2	B		
S1-970504328	S3-232331214	S3	D		56.0
S1-770832027	S2-80457332	S2	B		
S1-710079873	S3-70537673	S3	A		
S1-919541499	S3-447207700	S3	B		
S1-755025483	S3-726977986	S3	A		
S1-755025483	S2-901486014	S2	B		
S1-755025483	S2-817837132	S2	D		71.0
S1-755025483	S2-478748475	S2	D		44.0
S1-717046247	S2-266519068	S2	B		
S1-274957746	S3-102792382	S3	D		79.0
S1-274957746	S2-449386724	S2	D		80.0
S1-909913687	S3-235734356	S3	A		
S1-972292254	S2-701418009	S2	B		
S1-954946498	S3-688829729	S3	A		
S1-954946498	S2-632240094	S2	B		
S1-662891249	S2-917934383	S2	B		
S1-576351111	S2-481503676	S2	D		39.0
S1-633381049	S3-110869813	S3	D		41.0
S1-633381049	S3-684235101	S3	D		40.0
S1-612146459	S2-375582488	S2	B		
S1-393986460	S2-138971536	S2	B		
S1-562302359	S3-902956120	S3	D		45.0
S1-479241300	S2-508939869	S2	A		
S1-421071739	S3-89752007	S3	D		85.0
S1-421071739	S3-312774681	S3	D		40.0
S1-421071739	S3-581822077	S3	D		104.0
S1-434014477	S2-675072000	S2	B		
S1-434014477	S2-327491119	S2	B		
S1-914414240	S3-580570923	S3	E	rank 16 <= topk but missing from candidates	
S1-69293658	S3-622659711	S3	A		
S1-51391197	S2-417761876	S2	B		
S1-77705840	S2-129342793	S2	B		
S1-470670260	S2-455087020	S2	D		92.0
S1-454404145	S2-813968149	S2	B		
S1-597950033	S3-613348061	S3	B		
S1-161332621	S3-357798798	S3	D		45.0
S1-267985792	S3-141573555	S3	A		
S1-550237018	S3-699137064	S3	E	rank 30 <= topk but missing from candidates	
S1-550237018	S3-48934341	S3	D		70.0
S1-99419979	S3-209994364	S3	B		
S1-174261615	S3-373850247	S3	E	rank 28 <= topk but missing from candidates	
S1-680847571	S2-121449614	S2	B		
S1-680847571	S3-825614134	S3	B		
S1-337883067	S3-587793720	S3	D		69.0
S1-337883067	S3-513274832	S3	A		
S1-337883067	S3-21694629	S3	D		52.0
S1-947443204	S2-958656981	S2	B		
S1-558427942	S2-14595976	S2	B		
S1-535700777	S2-963524605	S2	A		
S1-270530489	S3-536923691	S3	D		46.0
S1-479571288	S3-485256943	S3	B		
S1-468439764	S3-856203162	S3	D		31.0
S1-305090286	S3-608742017	S3	B		
S1-527642652	S2-341582831	S2	D		68.0
S1-527642652	S2-527601356	S2	D		101.0
S1-527642652	S3-79805207	S3	D		78.0
S1-760730082	S2-984017239	S2	D		71.0
S1-324665654	S3-729224087	S3	D		145.0
S1-535818273	S3-143867162	S3	A		
S1-418828253	S3-104046230	S3	B		
S1-418828253	S3-850771871	S3	D		176.0
S1-126061521	S3-346455311	S3	D		89.0
S1-98257318	S3-362948610	S3	B		
S1-98257318	S3-823595006	S3	B		
S1-681006617	S2-877743213	S2	E	rank 19 <= topk but missing from candidates	
S1-738300154	S3-792281536	S3	A		
S1-895029402	S2-937626453	S2	D		89.0
S1-895029402	S2-849867925	S2	D		118.0
S1-359237839	S2-646760537	S2	B		
S1-141821685	S2-241472046	S2	B		
S1-141821685	S2-237553687	S2	B		
S1-249284670	S3-402739598	S3	D		40.0
S1-828601464	S3-402297456	S3	D		94.0
S1-828601464	S2-292263047	S2	D		121.0
S1-174109870	S3-857415380	S3	B		
S1-666234456	S3-20544951	S3	B		
S1-666234456	S3-118969472	S3	B		
S1-684772187	S2-493809783	S2	D		76.0
S1-684772187	S2-554954748	S2	B		
S1-806040305	S2-255994609	S2	D		36.0
S1-806040305	S3-746612375	S3	B		
S1-806040305	S3-316951984	S3	D		35.0
S1-861512649	S3-76063694	S3	D		42.0
S1-997480096	S3-110617075	S3	D		60.0
S1-466469332	S3-120998773	S3	E	rank 30 <= topk but missing from candidates	
S1-466469332	S3-679450449	S3	D		46.0
S1-529044754	S3-204959449	S3	A		
S1-881569133	S3-225311486	S3	A		
S1-195910841	S3-374044218	S3	D		50.0
S1-195910841	S2-739569130	S2	D		64.0
S1-377339061	S3-218859612	S3	B		
S1-71329271	S3-510839289	S3	E	rank 25 <= topk but missing from candidates	
S1-573035346	S2-625805611	S2	B		
S1-973744665	S3-225084022	S3	D		55.0
S1-973744665	S3-291186895	S3	D		89.0
S1-175288009	S3-967503026	S3	A		
S1-711343204	S3-249724679	S3	B		
S1-711343204	S3-537868329	S3	A		
S1-156678783	S3-956879239	S3	A		
S1-63387503	S2-319490105	S2	A		
S1-510865080	S3-100630730	S3	A		
S1-556457034	S2-333048541	S2	D		49.0
S1-939932711	S2-23729186	S2	A		
S1-939932711	S3-795769961	S3	A		
S1-977741659	S3-216069347	S3	D		63.0
S1-977741659	S3-622228808	S3	D		60.0
S1-434201469	S2-879810092	S2	D		60.0
S1-434201469	S3-556727613	S3	B		
S1-434201469	S2-690955220	S2	D		39.0
S1-898451104	S3-451927231	S3	B		
S1-76210407	S2-998783585	S2	B		
S1-916154889	S3-883227912	S3	B		
S1-223552139	S2-561600397	S2	B		
S1-209983917	S3-71991318	S3	A		
S1-209983917	S3-222803034	S3	A		
S1-357765545	S2-716508307	S2	D		37.0
S1-647029558	S3-568946585	S3	B		
S1-926156783	S3-584728890	S3	B		
S1-108593437	S3-369574240	S3	A		
S1-108593437	S2-835389721	S2	E	rank 26 <= topk but missing from candidates	
S1-85359624	S3-328945437	S3	B		
S1-637746988	S2-515121475	S2	D		37.0
S1-637746988	S3-607591628	S3	A		
S1-162031607	S3-36401008	S3	D		88.0
S1-377553178	S3-482334132	S3	B		
S1-999446692	S3-36338912	S3	A		
S1-141189436	S3-992702380	S3	D		50.0
S1-141189436	S3-970169267	S3	D		44.0
S1-177245592	S2-733930483	S2	B		
S1-260581545	S3-427507041	S3	A		
S1-650290429	S3-213947096	S3	D		87.0
S1-5238595	S2-399189370	S2	B		
S1-30005785	S3-840681366	S3	A		
S1-782788278	S3-365075251	S3	B		
S1-15717224	S2-260269095	S2	B		
S1-251278796	S3-823327555	S3	A		
S1-957572267	S2-223573678	S2	B		
S1-641828743	S3-585652886	S3	D		84.0
S1-653797567	S2-314229002	S2	D		80.0
S1-128921912	S3-677017468	S3	D		70.0
S1-128921912	S2-702588286	S2	B		
S1-128921912	S3-185420101	S3	D		105.0
S1-708857789	S3-548000157	S3	B		
S1-927884087	S2-805043332	S2	B		
S1-927884087	S3-16568716	S3	B		
S1-927884087	S3-393422930	S3	B		
S1-927884087	S3-769205672	S3	B		
S1-45843729	S2-210362264	S2	B		
S1-135180512	S3-708794351	S3	A		
S1-965336883	S2-397270323	S2	A		
S1-505733754	S2-112809432	S2	D		69.0
S1-505733754	S3-686892069	S3	B		
S1-817094459	S3-784735210	S3	A		
S1-136195553	S2-10117437	S2	D		52.0
S1-63639384	S2-723990300	S2	B		
S1-613897038	S2-272678328	S2	A		
S1-999126676	S3-629839168	S3	D		44.0
S1-777411711	S2-696215185	S2	A		
S1-777411711	S2-619322233	S2	B		
S1-613520227	S3-81897290	S3	D		176.0
S1-441844958	S3-303725669	S3	D		94.0
S1-441844958	S3-310462236	S3	D		92.0
S1-665582821	S2-354928932	S2	A		
S1-815528620	S2-568823492	S2	A		
S1-815528620	S3-357419805	S3	B		
S1-937537460	S2-297340846	S2	D		47.0
S1-937537460	S3-518372726	S3	B		
S1-918996859	S2-823941865	S2	B		
S1-194718632	S3-907357373	S3	B		
S1-194718632	S3-315296989	S3	B		
S1-68673900	S2-2511555	S2	D		54.0
S1-286942955	S3-249323384	S3	D		41.0
S1-286942955	S2-447428544	S2	A		
S1-46574854	S3-467214456	S3	B		
S1-46574854	S2-995514304	S2	B		
S1-46574854	S2-129390275	S2	B		
S1-324250233	S3-555147237	S3	D		94.0
S1-906910241	S3-822317643	S3	D		36.0
S1-463828743	S2-567300796	S2	E	rank 29 <= topk but missing from candidates	
S1-463828743	S3-690424405	S3	D		54.0
S1-964433212	S2-909855554	S2	D		43.0
S1-964433212	S2-714407039	S2	D		40.0
S1-702773688	S2-528290809	S2	B		
S1-702773688	S3-116914177	S3	B		
S1-281633391	S3-674357199	S3	D		35.0
S1-777721379	S2-982277034	S2	D		49.0
S1-782518534	S2-635188046	S2	D		66.0
S1-90790167	S3-340025254	S3	D		126.0
S1-959038555	S3-325725896	S3	D		75.0
S1-66612124	S3-316628712	S3	B		
S1-618920745	S3-379037928	S3	B		
S1-584633455	S3-180870074	S3	E	rank 12 <= topk but missing from candidates	
S1-375509699	S2-591094514	S2	D		64.0
S1-294146970	S2-454175123	S2	B		
S1-83796468	S2-362444383	S2	A		
S1-83796468	S3-316830222	S3	D		73.0
S1-64167835	S2-195810262	S2	D		38.0
S1-540278683	S2-509503786	S2	B		
S1-951370359	S3-35751418	S3	A		
S1-272892487	S2-29276115	S2	B		
S1-909456894	S2-507126200	S2	E	rank 27 <= topk but missing from candidates	
S1-909456894	S3-742280357	S3	D		53.0
S1-407985054	S2-766644224	S2	D		50.0
S1-709648330	S3-99858684	S3	B		
S1-452408867	S2-68635561	S2	B		
S1-34833016	S3-628015118	S3	D		94.0
S1-523311057	S2-122917953	S2	E	rank 17 <= topk but missing from candidates	
S1-523311057	S3-355487835	S3	A		
S1-494294508	S2-67395179	S2	B		
S1-494294508	S3-864298160	S3	B		
S1-293959064	S3-785726407	S3	B		
S1-114356507	S3-288247674	S3	D		62.0
S1-712363034	S2-116845991	S2	D		105.0
S1-201195583	S3-380995503	S3	A		
S1-523105278	S3-766951563	S3	B		
S1-309053218	S2-349313856	S2	E	rank 20 <= topk but missing from candidates	
S1-309053218	S3-566680551	S3	E	rank 29 <= topk but missing from candidates	
S1-532862807	S3-80394672	S3	B		
S1-580542346	S2-378342124	S2	B		
S1-458813930	S2-628371806	S2	D		35.0
S1-458813930	S2-265491163	S2	D		33.0
S1-458813930	S3-86512145	S3	D		38.0
S1-265588012	S3-211510772	S3	B		
S1-265588012	S2-4500409	S2	A		
S1-35122688	S3-714376915	S3	D		39.0
S1-829342253	S3-831051744	S3	D		43.0
S1-829342253	S2-26267089	S2	D		40.0
S1-584403451	S2-49526051	S2	B		
S1-365664589	S3-381397899	S3	A		
S1-131524630	S2-459357202	S2	D		43.0
S1-945351388	S2-543895064	S2	B		
S1-646790182	S3-850205369	S3	D		54.0
S1-541547829	S2-769050215	S2	D		68.0
S1-612026200	S3-636825040	S3	D		64.0
S1-333858246	S2-411916071	S2	B		
S1-175023005	S2-267051470	S2	B		
S1-742179870	S2-877835240	S2	B		
S1-692472927	S2-14073043	S2	D		54.0
S1-696317578	S3-883245708	S3	B		
S1-754536871	S3-198388294	S3	D		76.0
S1-754536871	S2-265018669	S2	D		63.0
S1-591657211	S3-825954560	S3	B		
S1-675377697	S3-753995625	S3	A		
S1-8194775	S3-285145898	S3	D		52.0
S1-270909498	S2-27271172	S2	D		59.0
S1-57564258	S3-518808841	S3	B		
S1-3469216	S2-396218508	S2	B		
S1-457952708	S2-555025117	S2	D		73.0
S1-92657351	S2-961109619	S2	D		53.0
S1-191298776	S3-173837000	S3	A		
S1-534797404	S3-412068104	S3	B		
S1-198710471	S3-741911033	S3	D		153.0
S1-397391108	S2-20466393	S2	B		
S1-245641838	S3-766613457	S3	A		
S1-496664958	S2-20345810	S2	D		90.0
S1-496664958	S3-844487959	S3	D		94.0
S1-426130211	S2-173133427	S2	A		
S1-426130211	S2-189446216	S2	A		
S1-57548728	S2-108637060	S2	D		96.0
S1-57548728	S2-647908166	S2	D		85.0
S1-57548728	S3-426176921	S3	D		91.0
S1-926235812	S3-268890150	S3	B		
S1-926235812	S3-865437896	S3	B		
S1-11284745	S3-950727561	S3	D		98.0
S1-143319950	S2-477197144	S2	B		
S1-643700809	S3-87624518	S3	D		88.0
S1-821789688	S3-341516625	S3	B		
S1-705456093	S2-805147545	S2	B		
S1-513766263	S2-603967333	S2	B		
S1-241680900	S3-812775552	S3	B		
S1-260001847	S2-224504612	S2	D		55.0
S1-118133374	S3-896322760	S3	A		
S1-418849563	S3-133490383	S3	B		
S1-418849563	S3-375873579	S3	D		59.0
S1-454123393	S2-990808457	S2	B		
S1-160964504	S3-673066837	S3	E	rank 18 <= topk but missing from candidates	
S1-771609823	S2-522417167	S2	B		
S1-88005314	S3-320228060	S3	B		
S1-955886076	S3-77642671	S3	A		
S1-631602378	S3-609545959	S3	D		55.0
S1-631602378	S3-266794609	S3	D		57.0
S1-705032625	S3-698593273	S3	D		40.0
S1-345329211	S3-455736119	S3	A		
S1-882047169	S3-550598365	S3	B		
S1-51390169	S3-971332636	S3	E	rank 11 <= topk but missing from candidates	
S1-976453104	S3-866927713	S3	D		129.0
S1-164311154	S3-503541763	S3	B		
S1-850778530	S3-288834124	S3	B		
S1-213047820	S3-480771545	S3	D		36.0
S1-943607914	S2-150488047	S2	B		
S1-943607914	S2-903526024	S2	A		
S1-105376992	S2-279655262	S2	A		
S1-105376992	S2-720548862	S2	A		
S1-37401214	S3-501383360	S3	B		
S1-509481684	S3-400869668	S3	A		
S1-858510288	S3-128780552	S3	B		
S1-60187219	S3-49411834	S3	D		35.0
S1-60187219	S3-880939039	S3	E	rank 24 <= topk but missing from candidates	
S1-107451851	S2-26653431	S2	D		67.0
S1-954957180	S2-911795965	S2	B		
S1-954957180	S2-400293902	S2	D		58.0
S1-164398062	S3-600881584	S3	B		
S1-164398062	S3-649150128	S3	B		
S1-164398062	S3-3094391	S3	B		
S1-536392975	S3-477373802	S3	B		
S1-344405147	S3-584892040	S3	D		44.0
S1-876532954	S2-897080010	S2	D		76.0
S1-469485366	S3-409570464	S3	D		86.0
S1-994950680	S2-672028074	S2	B		
S1-665823865	S3-184403286	S3	A		
S1-665823865	S2-75486631	S2	E	rank 30 <= topk but missing from candidates	
S1-537876037	S2-878932366	S2	B		
S1-201850020	S2-365237634	S2	D		87.0
S1-684798305	S3-229208178	S3	B		
S1-83942260	S3-737991846	S3	D		39.0
S1-92472629	S2-43505158	S2	D		42.0
S1-92472629	S2-38646794	S2	D		43.0
S1-745362294	S3-575948895	S3	E	rank 19 <= topk but missing from candidates	
S1-745362294	S2-68905035	S2	D		98.0
S1-745362294	S2-345160883	S2	D		79.0
S1-948339327	S3-361488011	S3	D		107.0
S1-207218618	S3-168811854	S3	A		
S1-835542769	S2-330621497	S2	A		
S1-809654632	S3-846403908	S3	A		
S1-809654632	S3-675178631	S3	A		
S1-984659078	S3-907332179	S3	A		
S1-78934621	S3-496570300	S3	B		
S1-309693602	S2-414797414	S2	D		60.0
S1-309693602	S2-835335229	S2	A		
S1-406689430	S3-507771377	S3	D		38.0
S1-406689430	S3-247699880	S3	D		45.0
S1-406689430	S2-64942507	S2	D		66.0
S1-291621057	S3-210081726	S3	B		
S1-186778762	S2-184659648	S2	D		105.0
S1-237278667	S3-835711718	S3	B		
S1-974377396	S3-549503835	S3	B		
S1-626566751	S2-758596729	S2	B		
S1-323657530	S3-6391250	S3	A		
S1-323657530	S3-632180116	S3	A		
S1-669394271	S3-231254360	S3	A		
S1-669394271	S2-26601762	S2	A		
S1-151921763	S3-635341783	S3	A		
S1-376898749	S3-105349575	S3	D		59.0
S1-626829166	S3-319839588	S3	A		
S1-443890293	S2-843993823	S2	D		83.0
S1-313636608	S2-491733361	S2	E	rank 30 <= topk but missing from candidates	
S1-801525156	S3-767300176	S3	B		
S1-314737454	S3-703359252	S3	B		
S1-305283952	S3-668746838	S3	D		32.0
S1-187422637	S2-300085161	S2	B		
S1-187422637	S2-883994449	S2	B		
S1-686375141	S3-390038264	S3	D		37.0
S1-956891055	S2-717853495	S2	D		55.0
S1-499808728	S3-716462988	S3	B		
S1-857463152	S3-64468954	S3	B		
S1-424600367	S2-953845555	S2	B		
S1-973022449	S3-534631882	S3	D		57.0
S1-659283518	S2-379928674	S2	A		
S1-659283518	S3-627935467	S3	D		64.0
S1-299494169	S2-887659508	S2	B		
S1-299494169	S2-842810176	S2	D		46.0
S1-299494169	S3-108674659	S3	D		47.0
S1-529138338	S3-36595651	S3	A		
S1-910981529	S3-968794953	S3	D		37.0
S1-987916934	S3-60986510	S3	D		55.0
S1-289063526	S2-190635522	S2	B		
S1-744719373	S3-342021449	S3	B		
S1-744719373	S3-549944720	S3	B		
S1-543122047	S3-776152663	S3	D		51.0
S1-426618824	S2-265250427	S2	B		
S1-51215152	S3-356068372	S3	D		31.0
S1-51215152	S3-882698160	S3	D		49.0
S1-493699036	S2-955973582	S2	B		
S1-153397144	S3-213663011	S3	A		
S1-397257423	S2-217533081	S2	D		43.0
S1-371650754	S2-539349054	S2	B		
S1-896325360	S3-84599534	S3	D		52.0
S1-896325360	S2-397990769	S2	B		
S1-896325360	S3-732628634	S3	D		54.0
S1-896325360	S3-703271340	S3	D		53.0
S1-207326542	S3-127815237	S3	D		128.0
S1-763223440	S2-270476456	S2	D		61.0
S1-763223440	S3-210911469	S3	D		60.0
S1-404887985	S3-969047232	S3	D		58.0
S1-466268001	S2-756836359	S2	B		
S1-466268001	S3-774334639	S3	B		
S1-977508782	S2-503082350	S2	D		40.0
S1-905157884	S2-534235359	S2	D		73.0
S1-852772180	S2-736886889	S2	D		35.0
S1-679154022	S3-488459933	S3	B		
S1-717093244	S3-607813710	S3	B		
S1-717093244	S3-418274105	S3	B		
S1-315119302	S3-9051846	S3	A		
S1-94375860	S3-46628424	S3	A		
S1-236918263	S3-934977535	S3	A		
S1-970255778	S3-508755300	S3	D		47.0
S1-762638165	S2-256280688	S2	D		168.0
S1-289346511	S3-168657159	S3	B		
S1-177171809	S3-614056388	S3	D		85.0
S1-376372973	S3-399698841	S3	B		
S1-297134186	S3-297594921	S3	D		62.0
S1-638785190	S2-630866132	S2	D		172.0
S1-80942879	S3-763381454	S3	B		
S1-278194362	S3-66356809	S3	B		
S1-278194362	S2-872031327	S2	B		
S1-688367329	S2-825049963	S2	D		68.0
S1-545431818	S3-71747022	S3	D		35.0
S1-556520779	S3-845662253	S3	D		100.0
S1-750393057	S3-5082303	S3	A		
S1-377189481	S2-195832875	S2	D		85.0
S1-377189481	S3-911460129	S3	B		
S1-377189481	S2-782601315	S2	D		83.0
S1-377189481	S3-917959395	S3	D		84.0
S1-721906901	S3-639901501	S3	D		45.0
S1-721906901	S3-347960879	S3	D		69.0
S1-721906901	S2-541292950	S2	D		92.0
S1-729308537	S2-102974532	S2	B		
S1-746625602	S2-168286760	S2	B		
S1-291199576	S3-508864109	S3	D		116.0
S1-291199576	S2-313365648	S2	B		
S1-998100199	S2-976463364	S2	B		
S1-378089535	S3-531603363	S3	B		
S1-960578165	S3-409484591	S3	B		
S1-3925987	S3-570364955	S3	B		
S1-694977435	S2-615388021	S2	B		
S1-467004292	S3-502038327	S3	D		36.0
S1-467004292	S2-638483409	S2	D		131.0
S1-467004292	S2-809582158	S2	D		61.0
S1-969787604	S3-77035927	S3	D		94.0
S1-969787604	S3-168393053	S3	A		
S1-623465410	S2-294507615	S2	D		60.0
S1-229870563	S3-351020945	S3	D		40.0
S1-278549421	S3-21461950	S3	B		
S1-278549421	S2-835895935	S2	B		
S1-278549421	S3-666110895	S3	B		
S1-324520249	S2-321540156	S2	B		
S1-140161414	S3-828461293	S3	D		82.0
S1-538995033	S3-507776583	S3	B		
S1-538995033	S2-378979915	S2	B		
S1-305544991	S3-858771425	S3	D		67.0
S1-820828687	S2-990131351	S2	D		83.0
S1-125364475	S2-618627972	S2	D		74.0
S1-327915315	S3-825598466	S3	B		
S1-619139453	S2-588514713	S2	B		
S1-619139453	S2-86393383	S2	B		
S1-619139453	S2-850786300	S2	B		
S1-678912008	S3-400974635	S3	D		56.0
S1-555914835	S3-98634902	S3	D		60.0
S1-555914835	S3-103915935	S3	D		61.0
S1-328151659	S2-683955584	S2	D		61.0
S1-90876718	S3-412280291	S3	D		188.0
S1-136669649	S3-95171774	S3	A		
S1-136669649	S3-538227400	S3	B		
S1-562545316	S3-662027071	S3	B		
S1-80114233	S3-637506282	S3	B		
S1-80114233	S2-991490311	S2	D		48.0
S1-128601227	S3-521515208	S3	B		
S1-160680985	S3-894938338	S3	B		
S1-337280859	S2-27762329	S2	D		53.0
S1-337280859	S2-580586875	S2	D		52.0
S1-100372719	S3-585024602	S3	D		46.0
S1-700167210	S3-15621525	S3	B		
S1-827944801	S3-75102830	S3	A		
S1-213632247	S2-812523400	S2	B		
S1-213632247	S3-9553573	S3	B		
S1-637642172	S2-645422122	S2	D		49.0
S1-319966564	S3-953769823	S3	D		86.0
S1-595711020	S3-230298426	S3	A		
S1-407482915	S3-852899705	S3	A		
S1-4255217	S3-183488393	S3	D		44.0
S1-506390628	S2-748558194	S2	D		53.0
S1-622274780	S3-706021211	S3	B		
S1-622274780	S3-272006932	S3	B		
S1-622274780	S2-394473141	S2	D		68.0
S1-622274780	S2-432615942	S2	B		
S1-100312593	S3-55287902	S3	D		80.0
S1-100312593	S2-201630958	S2	B		
S1-559644853	S3-425073622	S3	B		
S1-445885827	S3-797156844	S3	D		63.0
S1-999693758	S3-482696871	S3	E	rank 27 <= topk but missing from candidates	
S1-558028523	S3-620045646	S3	A		
S1-982333193	S2-269280649	S2	E	rank 11 <= topk but missing from candidates	
S1-27249123	S3-953851106	S3	B		
S1-555978258	S3-23896521	S3	D		75.0
S1-609662353	S3-133758013	S3	A		
S1-591245627	S3-37864929	S3	B		
S1-254664395	S3-732987227	S3	D		32.0
S1-43949230	S3-596819095	S3	D		51.0
S1-43949230	S3-716511825	S3	D		63.0
S1-704221829	S2-838900100	S2	D		34.0
S1-704221829	S3-712680000	S3	D		31.0
S1-162516425	S2-229021221	S2	D		96.0
S1-344606293	S2-511216934	S2	B		
S1-863226745	S3-123955525	S3	A		
S1-280733563	S2-846712925	S2	B		
S1-237977223	S3-262303221	S3	B		
S1-237977223	S2-335322148	S2	B		
S1-397967211	S2-491466689	S2	A		
S1-397967211	S2-758087929	S2	A		
S1-683830297	S3-193971355	S3	B		
S1-492285282	S3-924662524	S3	B		
S1-492285282	S3-717349021	S3	B		
S1-492285282	S2-58526725	S2	B		
S1-492285282	S3-941036148	S3	D		52.0
S1-549758490	S3-754549411	S3	D		33.0
S1-871638951	S3-266632111	S3	A		
S1-922952336	S3-971130575	S3	D		69.0
S1-479958625	S3-937957906	S3	B		
S1-724731296	S3-501535812	S3	A		
S1-979071734	S2-686004860	S2	D		56.0
S1-227922150	S3-381280397	S3	E	rank 26 <= topk but missing from candidates	
S1-224404366	S3-634834325	S3	B		
S1-452096844	S2-583272574	S2	B		
S1-974990602	S3-138588404	S3	B		
S1-974990602	S3-586246503	S3	B		
S1-966139952	S3-78276113	S3	D		89.0
S1-441617337	S2-682953182	S2	D		65.0
S1-620187319	S3-957353267	S3	A		
S1-802332150	S3-563478365	S3	B		
S1-690911719	S2-313250920	S2	D		54.0
S1-690911719	S2-24558699	S2	D		66.0
S1-239026894	S2-160795474	S2	B		
S1-829037134	S2-694459607	S2	D		80.0
S1-797205304	S3-498694228	S3	B		
S1-240461771	S3-870065971	S3	D		109.0
S1-240461771	S2-161298171	S2	D		130.0
S1-240461771	S3-569114150	S3	B		
S1-425660601	S3-994286996	S3	B		
S1-425660601	S2-100797643	S2	B		
S1-425660601	S3-174796172	S3	B		
S1-854173507	S3-64896623	S3	D		48.0
S1-854173507	S3-57230522	S3	D		39.0
S1-854173507	S3-875282174	S3	D		42.0
S1-640375771	S2-729840748	S2	D		75.0
S1-640375771	S3-581604022	S3	D		49.0
S1-160274787	S3-311917336	S3	B		
S1-160274787	S3-798423078	S3	B		
S1-667446539	S2-389947706	S2	A		
S1-998925641	S3-383208408	S3	B		
S1-998925641	S2-480983690	S2	B		
S1-163341008	S2-76335317	S2	D		46.0
S1-75052797	S3-938310005	S3	D		41.0
S1-519448174	S3-768351065	S3	D		119.0
S1-272112591	S3-293481508	S3	B		
S1-412942786	S3-375163171	S3	D		34.0
S1-526640894	S2-663546835	S2	D		88.0
S1-526640894	S2-713072396	S2	B		
S1-526640894	S3-249208335	S3	D		77.0
S1-648257055	S2-257738701	S2	B		
S1-30306937	S3-193275411	S3	B		
S1-257164260	S3-633957901	S3	B		
S1-614039042	S2-853045013	S2	B		
S1-685660433	S3-469000135	S3	A		
S1-459776620	S3-645889950	S3	D		64.0
S1-585608920	S2-328592037	S2	B		
S1-232080553	S3-526848771	S3	B		
S1-742696751	S2-366448268	S2	D		63.0
S1-742696751	S3-505985577	S3	D		59.0
S1-134634564	S3-698296259	S3	B		
S1-134634564	S2-94709773	S2	B		
S1-576707220	S2-314276053	S2	B		
S1-329920579	S2-164770140	S2	D		92.0
S1-86150083	S3-565145720	S3	A		
S1-201210575	S3-519394730	S3	D		221.0
S1-345927058	S3-879425934	S3	A		
S1-345927058	S3-29494608	S3	A		
S1-576766184	S3-581233064	S3	D		113.0
S1-358862184	S3-425294434	S3	B		
S1-928595823	S3-349889150	S3	A		
S1-423233638	S3-305838782	S3	E	rank 25 <= topk but missing from candidates	
S1-777108314	S3-329568627	S3	B		
S1-483593457	S2-240091612	S2	B		
S1-701060237	S3-386824706	S3	B		
S1-77905900	S3-423488012	S3	A		
S1-77905900	S3-504159053	S3	A		
S1-999175822	S2-605425823	S2	D		132.0
S1-906653825	S3-466303095	S3	B		
S1-838566795	S3-924974401	S3	E	rank 7 <= topk but missing from candidates	
S1-445284313	S3-117922	S3	D		57.0
S1-445284313	S3-110091500	S3	B		
S1-193665325	S2-934589526	S2	D		58.0
S1-193665325	S3-119316668	S3	D		46.0
S1-104640575	S3-964957254	S3	B		
S1-108250345	S2-44627509	S2	D		89.0
S1-658387970	S3-866896823	S3	A		
S1-298176574	S3-118082564	S3	A		
S1-998586573	S2-129009129	S2	A		
S1-533123393	S2-605005022	S2	D		85.0
S1-533123393	S2-200634248	S2	D		78.0
S1-235082226	S3-774151720	S3	B		
S1-64424754	S2-194394745	S2	B		
S1-64424754	S2-149825278	S2	B		
S1-277239997	S3-350887571	S3	D		77.0
S1-687384393	S3-186532642	S3	A		
S1-549263822	S2-78518416	S2	A		
S1-136052126	S3-410659008	S3	D		58.0
S1-136052126	S2-33012152	S2	D		52.0
S1-68689017	S3-768262109	S3	D		95.0
S1-68689017	S2-666010499	S2	B		
S1-160514967	S2-318724955	S2	A		
S1-291492214	S2-719481954	S2	D		36.0
S1-120560457	S3-291599008	S3	B		
S1-711960453	S3-287522899	S3	D		61.0
S1-746625083	S3-546765739	S3	B		
S1-746625083	S2-808382635	S2	A		
S1-746625083	S2-108448610	S2	A		
S1-716258075	S3-21820918	S3	B		
S1-395146389	S2-572441256	S2	D		69.0
S1-66283728	S3-197886443	S3	D		68.0
S1-427910446	S2-232023399	S2	D		79.0
S1-859010386	S2-527148378	S2	D		75.0
S1-934745702	S2-691613854	S2	B		
S1-520318553	S2-429634068	S2	D		40.0
S1-198331322	S3-431152272	S3	D		39.0
S1-788987176	S2-399776063	S2	B		
S1-855292724	S3-756194384	S3	B		
S1-282972622	S3-344944343	S3	A		
S1-681973834	S3-651730624	S3	B		
S1-930748158	S3-862793483	S3	B		
S1-930748158	S3-802219314	S3	A		
S1-369353614	S3-272475654	S3	B		
S1-73608029	S2-250958450	S2	B		
S1-192256327	S2-357357049	S2	D		41.0
S1-192256327	S3-655641596	S3	D		32.0
S1-357549079	S3-238117572	S3	A		
S1-652169750	S2-597748206	S2	D		36.0
S1-652169750	S3-497134682	S3	E	rank 13 <= topk but missing from candidates	
S1-353550836	S2-376795825	S2	E	rank 29 <= topk but missing from candidates	
S1-353550836	S3-402900954	S3	B		
S1-337065813	S2-532395288	S2	D		73.0
S1-140773864	S3-475746600	S3	B		
S1-41707367	S2-871564564	S2	D		94.0
S1-907236606	S3-366729335	S3	B		
S1-88406701	S2-959777254	S2	D		42.0
S1-507188701	S3-512121963	S3	B		
S1-14072691	S3-986172347	S3	D		90.0
S1-977284679	S2-228518880	S2	A		
S1-977284679	S3-507927097	S3	D		52.0
S1-977284679	S2-529275508	S2	D		51.0
S1-977284679	S2-724001944	S2	D		50.0
S1-286215834	S3-299011147	S3	B		
S1-190643517	S2-896220295	S2	D		60.0
S1-573842078	S3-194991335	S3	E	rank 21 <= topk but missing from candidates	
S1-573842078	S3-71110886	S3	B		
S1-575833107	S3-482357416	S3	A		
S1-577480611	S3-623215765	S3	A		
S1-252694663	S2-549715019	S2	D		108.0
S1-702500612	S2-396038049	S2	D		63.0
S1-620906687	S3-754089750	S3	A		
S1-868139286	S3-802313324	S3	E	rank 14 <= topk but missing from candidates	
S1-961685519	S2-763117308	S2	B		
S1-380909315	S2-233548071	S2	B		
S1-388712353	S2-663958466	S2	B		
S1-38831250	S3-587343646	S3	D		54.0
S1-134493327	S3-125317453	S3	D		39.0
S1-650737256	S2-114335559	S2	D		79.0
S1-650737256	S3-637904059	S3	D		41.0
S1-271591318	S3-872616209	S3	D		49.0
S1-712338551	S2-19098328	S2	B		
S1-88821759	S3-165030117	S3	D		48.0
S1-518444550	S3-890433212	S3	D		64.0
S1-518444550	S3-147736154	S3	B		
S1-703559887	S2-165465100	S2	A		
S1-653445420	S3-522374534	S3	D		36.0
S1-927982334	S3-689513858	S3	B		
S1-225765800	S3-918156561	S3	D		108.0
S1-606875872	S3-172411486	S3	B		
S1-606875872	S3-528517579	S3	D		42.0
S1-606875872	S2-486102656	S2	D		39.0
S1-606875872	S3-557679677	S3	B		
S1-44194247	S2-285726108	S2	D		131.0
S1-44194247	S2-165689606	S2	D		120.0
S1-591927151	S3-855527016	S3	D		41.0
S1-591927151	S3-906303977	S3	D		43.0
S1-591927151	S3-780047852	S3	A		
S1-627425785	S2-628526666	S2	B		
S1-807544489	S3-635847335	S3	B		
S1-641515150	S2-235828673	S2	A		
S1-125991727	S3-207466615	S3	B		
S1-125991727	S3-137333375	S3	D		108.0
S1-125991727	S2-949362543	S2	B		
S1-130316414	S3-720151545	S3	A		
S1-35274124	S3-695175950	S3	D		111.0
S1-318417593	S2-64955741	S2	B		
S1-346690879	S3-258778727	S3	D		81.0
S1-127220143	S3-512473475	S3	B		
S1-767197743	S3-703002496	S3	B		
S1-767197743	S2-321484640	S2	B		
S1-923951905	S2-447348107	S2	D		75.0
S1-512815860	S2-336415190	S2	D		48.0
S1-512815860	S3-972624391	S3	D		60.0
S1-756373961	S3-345782141	S3	D		53.0
S1-468008639	S2-475919573	S2	D		104.0
S1-733542179	S3-769918600	S3	B		
S1-474348711	S3-857836903	S3	D		65.0
S1-474348711	S3-688750228	S3	E	rank 6 <= topk but missing from candidates	
S1-782234806	S3-286650395	S3	B		
S1-101689558	S3-934626016	S3	B		
S1-954874834	S2-345845315	S2	B		
S1-638444482	S3-501235408	S3	B		
S1-802533366	S3-724376670	S3	D		38.0
S1-766170033	S3-802325785	S3	B		
S1-766170033	S3-267120432	S3	B		
S1-766170033	S3-646455567	S3	D		46.0
S1-766170033	S3-804299676	S3	D		57.0
S1-591590954	S2-123301729	S2	A		
S1-915847088	S3-59789497	S3	D		42.0
S1-884129267	S3-395331254	S3	B		
S1-78804274	S3-828978661	S3	A		
S1-789256728	S3-75141094	S3	B		
S1-908595730	S2-948019	S2	B		
S1-908595730	S2-77606363	S2	A		
S1-456490882	S3-340286468	S3	A		
S1-51586637	S3-345996055	S3	B		
S1-899666764	S3-780943756	S3	D		134.0
S1-899666764	S2-663885927	S2	D		139.0
S1-324970700	S3-771539707	S3	B		
S1-324970700	S3-124464946	S3	D		49.0
S1-736129887	S3-976427149	S3	B		
S1-816466716	S3-463604899	S3	D		70.0
S1-469919598	S3-349778590	S3	B		
S1-245334795	S3-246298945	S3	B		
S1-300759669	S3-245310535	S3	D		39.0
S1-203151603	S2-794207898	S2	B		
S1-203151603	S3-319979691	S3	B		
S1-275298548	S3-762976629	S3	A		
S1-675253521	S2-31033206	S2	D		78.0
S1-675253521	S2-962876982	S2	D		43.0
S1-813227814	S2-247390766	S2	B		
S1-813227814	S3-420951933	S3	D		63.0
S1-813227814	S2-663726610	S2	B		
S1-618235833	S3-908695414	S3	D		105.0
S1-517452809	S3-276855778	S3	A		
S1-24805477	S3-34035173	S3	D		196.0
S1-315937341	S3-450242671	S3	D		150.0
S1-315937341	S3-159802675	S3	B		
S1-790654767	S3-565869771	S3	D		67.0
S1-265605536	S2-331416046	S2	B		
S1-160511514	S3-159183392	S3	A		
S1-160511514	S3-976065044	S3	B		
S1-428411568	S2-926875742	S2	B		
S1-248436996	S3-583560513	S3	D		34.0
S1-359808752	S3-949265194	S3	B		
S1-247105519	S2-697971511	S2	D		114.0
S1-389633014	S3-993005847	S3	B		
S1-248319655	S3-825014494	S3	E	rank 19 <= topk but missing from candidates	
S1-347986172	S3-728453754	S3	B		
S1-187450414	S3-3762357	S3	D		66.0
S1-780082310	S2-759482393	S2	B		
S1-183835486	S3-551153652	S3	E	rank 24 <= topk but missing from candidates	
S1-213553000	S3-925920013	S3	D		45.0
S1-660866786	S2-939385916	S2	D		37.0
S1-660866786	S2-771654071	S2	D		36.0
S1-228549891	S2-804639329	S2	B		
S1-50378807	S2-393550497	S2	D		51.0
S1-226098636	S2-918269051	S2	B		
S1-226098636	S2-622296680	S2	B		
S1-226098636	S2-724531632	S2	B		
S1-727780814	S3-96115701	S3	D		52.0
S1-284561818	S2-467702865	S2	D		43.0
S1-284561818	S2-116767685	S2	D		42.0
S1-420578557	S3-217842933	S3	D		48.0
S1-853809575	S2-186977905	S2	B		
S1-416479719	S2-339628903	S2	D		46.0
S1-728614252	S2-600527106	S2	D		57.0
S1-728614252	S2-31945094	S2	D		75.0
S1-793557486	S3-523492353	S3	D		150.0
S1-847771359	S2-802254082	S2	D		117.0
S1-847771359	S3-203656060	S3	D		99.0
S1-847771359	S3-323265847	S3	D		118.0
S1-405710469	S3-874815764	S3	B		
S1-554714924	S3-665289115	S3	E	rank 16 <= topk but missing from candidates	
S1-554714924	S2-742767276	S2	B		
S1-327289171	S3-405033251	S3	B		
S1-311914462	S3-965274485	S3	D		37.0
S1-813929313	S2-975483122	S2	D		51.0
S1-40764386	S2-349399964	S2	A		
S1-706005709	S3-708401111	S3	B		
S1-632591369	S3-903475838	S3	B		
S1-914286531	S3-675434320	S3	D		57.0
S1-914286531	S3-609264921	S3	B		
S1-326606138	S2-995942388	S2	B		
S1-278574151	S2-279103929	S2	A		
S1-647646803	S2-543735691	S2	D		95.0
S1-44788881	S3-94148924	S3	A		
S1-545403671	S3-542059999	S3	B		
S1-579849781	S3-237378513	S3	B		
S1-579849781	S3-731711670	S3	B		
S1-392591411	S2-103051468	S2	D		58.0
S1-392591411	S2-410940844	S2	D		57.0
S1-245332000	S3-794428718	S3	E	rank 25 <= topk but missing from candidates	
S1-523937152	S2-800796127	S2	D		91.0
S1-37437477	S3-660277378	S3	B		
S1-931907650	S2-374090132	S2	D		31.0
S1-931907650	S3-880749425	S3	E	rank 25 <= topk but missing from candidates	
S1-992410207	S3-790952158	S3	D		97.0
S1-532977194	S3-461730975	S3	B		
S1-162284699	S3-569930561	S3	D		55.0
S1-551504115	S2-541588171	S2	D		102.0
S1-297217919	S3-177851203	S3	B		
S1-385802889	S3-579594868	S3	D		88.0
S1-227998275	S3-626834540	S3	B		
S1-401920011	S2-904045997	S2	D		71.0
S1-567626904	S3-678387353	S3	B		
S1-144946357	S2-17108984	S2	D		36.0
S1-832554919	S3-32424996	S3	D		64.0
S1-832554919	S2-178002069	S2	D		69.0
S1-832554919	S3-914836939	S3	D		60.0
S1-766724740	S2-745585739	S2	B		
S1-821390434	S3-391449923	S3	D		83.0
S1-900143476	S3-303245840	S3	B		
S1-144888474	S2-393176335	S2	B		
S1-202570974	S3-533323236	S3	D		76.0
S1-202570974	S3-990276370	S3	B		
S1-329558057	S2-331051705	S2	B		
S1-914511900	S3-58552055	S3	B		
S1-914511900	S2-87564385	S2	B		
S1-914511900	S3-82569247	S3	B		
S1-864999767	S3-662915523	S3	D		75.0
S1-864999767	S2-551920706	S2	D		52.0
S1-864999767	S2-903685438	S2	D		129.0
S1-518178195	S3-557360382	S3	B		
S1-102160933	S3-667380481	S3	D		71.0
S1-863110963	S3-164051755	S3	D		77.0
S1-280197706	S3-697053530	S3	D		44.0
S1-772860639	S2-506630969	S2	B		
S1-402598835	S3-396797542	S3	B		
S1-527496392	S2-297400556	S2	B		
S1-479924184	S3-49909602	S3	D		76.0
S1-419691380	S3-644636966	S3	B		
S1-458697787	S2-97385667	S2	D		89.0
S1-729851014	S3-521104725	S3	B		
S1-636205101	S3-84836986	S3	A		
S1-581727848	S3-773789047	S3	B		
S1-581727848	S3-987628643	S3	B		
S1-299251678	S2-887109724	S2	D		155.0
S1-128041196	S2-992553437	S2	B		
S1-561876669	S3-84305817	S3	B		
S1-821174587	S2-474950432	S2	D		61.0
S1-869478099	S2-526345872	S2	D		35.0
S1-798583048	S2-303207104	S2	D		40.0
S1-544280633	S3-66344673	S3	D		47.0
S1-487739189	S3-515143993	S3	A		
S1-433023715	S2-918073579	S2	B		
S1-736413986	S3-457029732	S3	B		
S1-200756766	S3-325218184	S3	A		
S1-111799959	S2-256705585	S2	D		59.0
S1-111799959	S3-753561424	S3	D		61.0
S1-111799959	S2-280680310	S2	D		60.0
S1-547689431	S2-435880120	S2	B		
S1-547689431	S3-199633726	S3	B		
S1-572195937	S3-935070302	S3	E	rank 28 <= topk but missing from candidates	
S1-932462286	S3-266870239	S3	D		129.0
S1-590890916	S2-218580883	S2	A		
S1-590890916	S3-591424450	S3	A		
S1-330094549	S2-626257269	S2	A		
S1-916435218	S3-358258616	S3	B		
S1-261504752	S3-673884060	S3	A		
S1-672150061	S2-204312579	S2	A		
S1-94182416	S3-213454746	S3	D		59.0
S1-94182416	S3-635690537	S3	D		101.0
S1-644361871	S3-787894433	S3	D		45.0
S1-644361871	S3-551799491	S3	D		46.0
S1-644361871	S2-842934291	S2	D		44.0
S1-154182001	S2-253314738	S2	B		
S1-947690820	S3-353335477	S3	B		
S1-947690820	S3-632040921	S3	B		
S1-984207372	S3-919877097	S3	B		
S1-134675491	S3-38605074	S3	B		
S1-958346373	S2-813677925	S2	B		
S1-638899922	S3-61085876	S3	D		84.0
S1-450678737	S2-689904673	S2	B		
S1-462885670	S2-787373000	S2	D		34.0
S1-462885670	S2-8995587	S2	B		
S1-523162324	S3-95357464	S3	A		
S1-345291896	S2-876392786	S2	B		
S1-933468436	S3-870304669	S3	A		
S1-211755291	S2-315595396	S2	B		
S1-773991003	S2-759816325	S2	B		
S1-338550338	S2-855236542	S2	E	rank 28 <= topk but missing from candidates	
S1-831546264	S3-920212837	S3	B		
S1-831546264	S3-813587470	S3	D		50.0
S1-478989513	S3-187167790	S3	D		73.0
S1-529086623	S3-796624454	S3	B		
S1-529086623	S3-129183811	S3	B		
S1-389682361	S2-27055365	S2	D		117.0
S1-64898731	S3-367783001	S3	B		
S1-976988996	S3-658481623	S3	D		42.0
S1-914195377	S3-480786264	S3	A		
S1-693235891	S2-111326385	S2	B		
S1-693235891	S2-127424519	S2	D		76.0
S1-333600132	S3-732639647	S3	B		
S1-747981592	S3-663945397	S3	D		66.0
S1-832973784	S3-108975	S3	A		
S1-832973784	S3-913755664	S3	B		
S1-832973784	S3-872378685	S3	B		
S1-368146652	S2-816962000	S2	B		
S1-148464281	S3-156234029	S3	A		
S1-309359551	S3-237954415	S3	B		
S1-17146686	S3-324800360	S3	B		
S1-17146686	S2-391515247	S2	D		46.0
S1-779088146	S2-912435652	S2	B		
S1-440345177	S2-961705518	S2	A		
S1-735986333	S2-194075285	S2	D		32.0
S1-735986333	S3-554047111	S3	D		33.0
S1-289841442	S2-656523204	S2	D		100.0
S1-145534354	S2-992458136	S2	B		
S1-145534354	S3-412444761	S3	E	rank 28 <= topk but missing from candidates	
S1-249239394	S2-332105869	S2	B		
S1-558185942	S3-240692520	S3	D		34.0
S1-700576085	S2-208826309	S2	B		
S1-303434261	S2-535063715	S2	B		
S1-126750514	S3-242934039	S3	B		
S1-628509693	S3-344484223	S3	D		46.0
S1-263793253	S3-797292881	S3	A		
S1-154142582	S2-792885154	S2	A		
S1-292102947	S3-348368843	S3	A		
S1-979569148	S2-454051364	S2	B		
S1-161636477	S2-324165666	S2	B		
S1-902002217	S3-442421907	S3	D		37.0
S1-841336476	S3-586856231	S3	B		
S1-291073402	S3-802465558	S3	B		
S1-893698583	S3-755163167	S3	D		82.0
S1-700841286	S2-161900501	S2	B		
S1-962849131	S2-102080028	S2	D		112.0
S1-346982333	S2-902151609	S2	A		
S1-346982333	S2-129390137	S2	A		
S1-346982333	S2-336511084	S2	E	rank 19 <= topk but missing from candidates	
S1-63149956	S2-866382788	S2	A		
S1-63149956	S3-219515940	S3	D		105.0
S1-886798673	S3-266066385	S3	A		
S1-372172751	S3-707064744	S3	B		
S1-372172751	S3-799702264	S3	D		74.0
S1-675112142	S3-643583537	S3	A		
S1-516102636	S3-279426877	S3	A		
S1-267126884	S3-352664138	S3	D		78.0
S1-990279381	S3-396826841	S3	A		
S1-990279381	S3-18985052	S3	D		65.0
S1-125190237	S2-710162823	S2	D		55.0
S1-576279021	S2-3123475	S2	D		49.0
S1-751534370	S3-193339936	S3	B		
S1-303615606	S3-951952732	S3	D		42.0
S1-470283173	S3-219949872	S3	A		
S1-365209619	S2-456557229	S2	A		
S1-772908448	S2-897736626	S2	D		43.0
S1-772908448	S3-172170827	S3	D		59.0
S1-571354140	S3-649229712	S3	D		208.0
S1-899800240	S2-436421628	S2	D		36.0
S1-899800240	S2-466446929	S2	D		72.0
S1-52082472	S2-838344223	S2	B		
S1-52082472	S3-482657363	S3	B		
S1-193422007	S3-575752765	S3	D		58.0
S1-193422007	S3-305216144	S3	D		59.0
S1-180430735	S2-845556639	S2	D		44.0
S1-180430735	S3-393982169	S3	A		
S1-569876593	S3-442779202	S3	B		
S1-104562908	S3-873559549	S3	B		
S1-104562908	S3-688117519	S3	B		
S1-725248119	S3-479687050	S3	E	rank 10 <= topk but missing from candidates	
S1-41085745	S3-350527677	S3	B		
S1-41085745	S3-211372450	S3	E	rank 27 <= topk but missing from candidates	
S1-855919951	S3-628220491	S3	D		38.0
S1-997824139	S3-441099763	S3	E	rank 20 <= topk but missing from candidates	
S1-295381380	S2-808122334	S2	D		33.0
S1-829682882	S3-201639277	S3	B		
S1-829682882	S3-773013904	S3	A		
S1-829682882	S3-600753302	S3	A		
S1-647995371	S3-633016195	S3	B		
S1-647995371	S2-472904814	S2	A		
S1-731909271	S3-512622940	S3	B		
S1-731909271	S2-583617937	S2	B		
S1-731909271	S3-284181445	S3	B		
S1-955893400	S3-142072919	S3	B		
S1-796721037	S3-978014467	S3	E	rank 14 <= topk but missing from candidates	
S1-129432693	S3-635003523	S3	A		
S1-965542868	S2-878864760	S2	B		
S1-515203386	S3-671855334	S3	A		
S1-479553992	S2-220945790	S2	D		79.0
S1-228412846	S2-567626018	S2	D		79.0
S1-228412846	S3-966843013	S3	D		34.0
S1-570586987	S3-776992379	S3	A		
S1-804104024	S3-908454390	S3	B		
S1-923108953	S3-566411382	S3	D		54.0
S1-572410440	S3-267283385	S3	D		271.0
S1-572410440	S2-331175735	S2	B		
S1-20325812	S3-316217308	S3	B		
S1-394991307	S3-567674421	S3	B		
S1-394991307	S3-26293885	S3	B		
S1-922720481	S2-496429758	S2	D		80.0
S1-964805590	S2-649530494	S2	A		
S1-964805590	S2-707398879	S2	B		
S1-828989930	S2-947545123	S2	B		
S1-633677773	S3-790186948	S3	B		
S1-77494868	S3-541455713	S3	B		
S1-77494868	S2-470335978	S2	B		
S1-77494868	S2-717302655	S2	B		
S1-912346925	S2-556375599	S2	B		
S1-874708214	S3-244058524	S3	D		54.0
S1-874708214	S3-945015544	S3	A		
S1-5463752	S3-272109449	S3	D		42.0
S1-5463752	S2-406271688	S2	D		41.0
S1-773475650	S3-540404627	S3	D		46.0
S1-56833131	S3-728180428	S3	D		89.0
S1-11160993	S2-17091125	S2	B		
S1-819173304	S3-945748095	S3	B		
S1-444449417	S3-401438475	S3	A		
S1-444449417	S2-454905087	S2	A		
S1-20403489	S2-319864180	S2	B		
S1-20403489	S3-574667006	S3	B		
S1-58780795	S3-107479143	S3	B		
S1-338530942	S2-649687277	S2	B		
S1-483214991	S3-676536543	S3	D		46.0
S1-782747544	S3-3095384	S3	D		35.0
S1-508280756	S2-929438868	S2	B		
S1-266055910	S3-540012419	S3	B		
S1-266055910	S2-667478714	S2	B		
S1-300644104	S3-267716757	S3	B		
S1-300644104	S3-51385409	S3	B		
S1-300644104	S3-185673060	S3	B		
S1-300644104	S2-437130262	S2	B		
S1-300644104	S3-454921313	S3	B		
S1-166210363	S2-218866872	S2	A		
S1-166210363	S2-619991036	S2	A		
S1-859006994	S3-668957817	S3	B		
S1-859006994	S3-738245611	S3	D		85.0
S1-235514093	S3-711159324	S3	B		
S1-235514093	S3-90920727	S3	B		
S1-624824156	S3-697098061	S3	D		42.0
S1-624824156	S3-569696105	S3	D		43.0
S1-840804016	S3-815356766	S3	E	rank 30 <= topk but missing from candidates	
S1-840804016	S3-45579072	S3	B		
S1-786912795	S3-769001068	S3	A		
S1-786912795	S2-426680423	S2	D		33.0
S1-786912795	S3-582278354	S3	A		
S1-13740194	S3-99013245	S3	D		104.0
S1-858680957	S2-771756029	S2	B		
S1-226128307	S2-941168277	S2	A		
S1-226128307	S3-607113630	S3	A		
S1-226128307	S3-923819534	S3	A		
S1-467625434	S3-178303587	S3	A		
S1-526059384	S3-603562917	S3	A		
S1-416222559	S3-856773589	S3	A		
S1-584644108	S3-260355210	S3	D		169.0
S1-672001424	S2-213535920	S2	D		126.0
S1-116580719	S2-189690080	S2	D		32.0
S1-960395824	S2-525757536	S2	A		
S1-960395824	S2-655069647	S2	D		63.0
S1-960395824	S2-941686254	S2	B		
S1-318373630	S2-660036492	S2	D		73.0
S1-869735903	S3-492766796	S3	B		
S1-315156089	S3-580402060	S3	D		43.0
S1-627006038	S2-659504902	S2	B		
S1-627006038	S3-855054472	S3	A		
S1-481675727	S3-445008664	S3	B		
S1-636480195	S3-430129702	S3	D		49.0
S1-636480195	S3-153199965	S3	D		48.0
S1-525887467	S3-865117792	S3	B		
S1-515230113	S3-96208006	S3	D		46.0
S1-758318999	S2-840168931	S2	A		
S1-542678405	S2-421445310	S2	A		
S1-542678405	S3-224073575	S3	A		
S1-487065176	S3-776653181	S3	D		56.0
S1-17418759	S2-226383549	S2	B		
S1-216754078	S3-689093700	S3	B		
S1-216754078	S3-712138152	S3	B		
S1-766609145	S3-333910707	S3	A		
S1-357223471	S2-908641013	S2	A		
S1-409499597	S3-289186062	S3	B		
S1-204322433	S3-777433917	S3	B		
S1-864969687	S2-312867551	S2	A		
S1-864969687	S3-116655350	S3	A		
S1-864969687	S2-648598602	S2	A		
S1-935453977	S3-982415903	S3	D		59.0
S1-228275241	S2-15015598	S2	D		56.0
S1-77458859	S3-128495428	S3	B		
S1-529740823	S3-140023249	S3	B		
S1-828838512	S3-897785801	S3	B		
S1-276045933	S3-185051387	S3	B		
S1-53004458	S3-607776679	S3	D		59.0
S1-53004458	S2-622318507	S2	B		
S1-776885440	S3-858548543	S3	B		
S1-288555139	S2-354545150	S2	B		
S1-501090212	S3-281398787	S3	D		96.0
S1-501090212	S3-243796046	S3	B		
S1-405240708	S3-793409842	S3	B		
S1-379842999	S2-831168168	S2	B		
S1-55526392	S3-887988128	S3	E	rank 29 <= topk but missing from candidates	
S1-55526392	S2-120047553	S2	B		
S1-100488874	S3-178454660	S3	E	rank 15 <= topk but missing from candidates	
S1-669073535	S3-301738319	S3	B		
S1-562748099	S3-664715265	S3	D		76.0
S1-562748099	S3-469780263	S3	D		65.0
S1-136989179	S3-82564748	S3	A		
S1-571849358	S2-413206561	S2	B		
S1-571849358	S3-909471697	S3	B		
S1-571849358	S2-665149223	S2	B		
S1-129112137	S3-393433058	S3	D		60.0
S1-129112137	S2-21574245	S2	D		69.0
S1-339061762	S3-919728403	S3	D		57.0
S1-276749559	S2-355352418	S2	A		
S1-555777755	S3-728198606	S3	A		
S1-315009204	S3-707263101	S3	A		
S1-394153138	S2-128022512	S2	B		
S1-429349930	S3-287621832	S3	E	rank 28 <= topk but missing from candidates	
S1-191383584	S2-686668005	S2	D		59.0
S1-41695636	S3-667457563	S3	A		
S1-496260040	S3-988174434	S3	E	rank 24 <= topk but missing from candidates	
S1-496260040	S2-377944208	S2	B		
S1-775293544	S2-865079471	S2	B		
S1-775293544	S2-14445486	S2	B		
S1-69326275	S3-539035685	S3	B		
S1-427149263	S2-306795515	S2	D		166.0
S1-427149263	S3-945081143	S3	B		
S1-438314447	S3-80257764	S3	D		44.0
S1-815734276	S2-130936587	S2	B		
S1-710351955	S2-160466464	S2	D		97.0
S1-710351955	S2-264653722	S2	D		77.0
S1-208054473	S3-572662239	S3	D		37.0
S1-488685307	S3-816159556	S3	D		64.0
S1-160604911	S2-20714284	S2	B		
S1-160604911	S3-195477661	S3	B		
S1-160604911	S2-515848501	S2	B		
S1-160604911	S2-99649237	S2	B		
S1-146945345	S2-969700390	S2	B		
S1-947066952	S2-845167046	S2	B		
S1-539320674	S3-998742744	S3	D		89.0
S1-883647338	S2-195554803	S2	B		
S1-847205178	S2-718465453	S2	B		
S1-603944756	S3-163162632	S3	B		
S1-603944756	S3-673613324	S3	E	rank 27 <= topk but missing from candidates	
S1-248076999	S3-519487321	S3	B		
S1-248076999	S3-188246228	S3	B		
S1-248076999	S3-709040496	S3	B		
S1-742388744	S2-936662697	S2	D		32.0
S1-359244498	S2-315608251	S2	B		
S1-359244498	S2-474905308	S2	B		
S1-359244498	S2-554728926	S2	B		
S1-789764471	S3-53187564	S3	B		
S1-374789729	S3-56245923	S3	D		97.0
S1-374789729	S2-674143201	S2	D		65.0
S1-788523076	S3-915372496	S3	B		
S1-788523076	S2-240338712	S2	D		91.0
S1-389145529	S3-211842371	S3	B		
S1-215298396	S3-552396339	S3	B		
S1-311774370	S3-533503420	S3	E	rank 30 <= topk but missing from candidates	
S1-898930681	S3-330744689	S3	A		
S1-776022636	S3-550787704	S3	A		
S1-503233794	S2-815902291	S2	B		
S1-739128334	S2-578864347	S2	A		
S1-447794313	S2-191394353	S2	A		
S1-243760066	S3-901713234	S3	E	rank 29 <= topk but missing from candidates	
S1-496757610	S3-210696108	S3	B		
S1-682952455	S3-86351850	S3	D		41.0
S1-682952455	S3-230003452	S3	D		43.0
S1-481461187	S3-750343804	S3	D		40.0
S1-718905345	S3-361321962	S3	D		125.0
S1-226194834	S3-888940227	S3	A		
S1-471779286	S2-79042331	S2	B		
S1-471779286	S3-985122351	S3	B		
S1-953576464	S3-171046722	S3	E	rank 13 <= topk but missing from candidates	
S1-979038407	S3-411863723	S3	E	rank 27 <= topk but missing from candidates	
S1-789076724	S3-562523170	S3	D		38.0
S1-509784908	S2-690494992	S2	B		
S1-509784908	S3-705589979	S3	B		
S1-357521000	S3-922980560	S3	D		31.0
S1-746864177	S3-663884492	S3	B		
S1-746864177	S3-611663395	S3	B		
S1-702579754	S2-825150455	S2	E	rank 25 <= topk but missing from candidates	
S1-702579754	S3-503249212	S3	D		58.0
S1-970635228	S3-816546005	S3	A		
S1-96060357	S2-112343946	S2	A		
S1-836687139	S2-80548229	S2	D		104.0
S1-836687139	S3-981972110	S3	D		67.0
S1-836687139	S2-342288625	S2	A		
S1-878246720	S2-985202853	S2	D		37.0
S1-30958005	S3-33528284	S3	D		33.0
S1-30958005	S3-837340700	S3	A		
S1-807775712	S3-630199286	S3	A		
S1-807775712	S3-87188496	S3	A		
S1-56811850	S2-316338545	S2	B		
S1-493894385	S3-808658718	S3	A		
S1-568870	S2-435580164	S2	B		
S1-211029697	S3-556186645	S3	A		
S1-211029697	S2-971880898	S2	D		34.0
S1-211029697	S3-663250340	S3	A		
S1-211029697	S2-241904359	S2	D		33.0
S1-211029697	S3-874242912	S3	A		
S1-211029697	S2-588240637	S2	B		
S1-304874479	S3-132975313	S3	E	rank 22 <= topk but missing from candidates	
S1-776529553	S3-454595207	S3	A		
S1-776529553	S2-501029174	S2	A		
S1-776529553	S3-234836	S3	A		
S1-910742476	S3-669569083	S3	B		
S1-613345812	S3-255734939	S3	D		43.0
S1-613345812	S3-966177202	S3	B		
S1-79954763	S2-612363826	S2	B		
S1-69367325	S3-243892968	S3	B		
S1-69367325	S2-269347480	S2	B		
S1-228015091	S3-401801303	S3	D		59.0
S1-228015091	S3-258384738	S3	D		45.0
S1-294944668	S2-572108906	S2	B		
S1-585427757	S2-6167458	S2	B		
S1-585427757	S2-632553651	S2	B		
S1-324849937	S3-782298932	S3	B		
S1-66852084	S3-397194262	S3	D		74.0
S1-66852084	S2-215734821	S2	B		
S1-66852084	S3-72799444	S3	D		78.0
S1-988493541	S2-67482224	S2	B		
S1-782657502	S3-544376629	S3	B		
S1-782657502	S3-293809896	S3	D		63.0
S1-448806563	S3-873399333	S3	A		
S1-229142078	S2-112330447	S2	A		
S1-899766672	S3-222897554	S3	B		
S1-550952771	S2-398272423	S2	D		77.0
S1-55362793	S2-12742317	S2	D		50.0
S1-55362793	S2-318043137	S2	B		
S1-496512090	S2-340470991	S2	D		61.0
S1-496512090	S2-236859967	S2	D		66.0
S1-496512090	S3-990566199	S3	B		
S1-92820904	S2-902937502	S2	D		38.0
S1-92820904	S3-436424774	S3	D		111.0
S1-279004607	S2-747573279	S2	B		
S1-350796500	S3-4903193	S3	A		
S1-285728915	S3-574207838	S3	D		62.0
S1-285728915	S3-381083181	S3	D		84.0
S1-848095467	S3-134385235	S3	B		
S1-378654788	S3-604615589	S3	E	rank 28 <= topk but missing from candidates	
S1-378654788	S2-294298027	S2	D		86.0
S1-452428804	S3-994695883	S3	B		
S1-452428804	S2-92145375	S2	A		
S1-472560677	S2-962358841	S2	D		75.0
S1-472560677	S2-486765971	S2	D		86.0
S1-472560677	S3-564535875	S3	D		79.0
S1-191873918	S3-287806589	S3	A		
S1-673051280	S3-594650294	S3	D		52.0
S1-69270986	S2-4563111	S2	B		
S1-523429901	S2-683808362	S2	A		
S1-523429901	S2-577978871	S2	A		
S1-535554503	S3-965966964	S3	D		77.0
S1-361302152	S3-495928590	S3	B		
S1-962515036	S2-95589739	S2	B		
S1-560484370	S3-253347492	S3	D		36.0
S1-451800889	S3-52800044	S3	D		99.0
S1-451800889	S2-146962387	S2	D		35.0
S1-451800889	S2-503098334	S2	B		
S1-451800889	S2-377354590	S2	D		33.0
S1-451800889	S3-936394496	S3	D		34.0
S1-928841145	S3-543949646	S3	B		
S1-365375404	S2-814903930	S2	B		
S1-870605890	S2-584697245	S2	A		
S1-980229355	S3-740375676	S3	A		
S1-609710611	S2-36565676	S2	B		
S1-609710611	S3-20606858	S3	D		38.0
S1-746933487	S3-340381569	S3	B		
S1-965995780	S3-839617890	S3	D		99.0
S1-965995780	S3-948843348	S3	D		32.0
S1-471613887	S3-643958802	S3	D		38.0
S1-286199290	S3-809348611	S3	B		
S1-286199290	S3-474701870	S3	B		
S1-286199290	S3-509723211	S3	B		
S1-286199290	S3-75300294	S3	B		
S1-286199290	S3-764873822	S3	B		
S1-228024361	S3-422568000	S3	D		67.0
S1-56152194	S3-22320404	S3	B		
S1-271402397	S2-133574459	S2	D		59.0
S1-759891011	S2-109243970	S2	E	rank 23 <= topk but missing from candidates	
S1-150090096	S2-579978287	S2	B		
S1-411264928	S2-715710110	S2	B		
S1-86082913	S3-176402526	S3	B		
S1-270507422	S3-679255382	S3	B		
S1-947191012	S3-168781046	S3	D		36.0
S1-258752918	S3-31581234	S3	E	rank 15 <= topk but missing from candidates	
S1-813014697	S3-998457801	S3	B		
S1-870184611	S2-250635576	S2	B		
S1-870184611	S3-348180924	S3	A		
S1-778341443	S3-592436253	S3	B		
S1-480369952	S3-399243535	S3	D		130.0
S1-438450465	S3-379017894	S3	D		48.0
S1-52512927	S3-273099836	S3	A		
S1-393224157	S3-534609213	S3	A		
S1-200926224	S3-112212259	S3	B		
S1-19464712	S3-235012445	S3	D		66.0
S1-19464712	S2-593464325	S2	B		
S1-476414370	S2-727072132	S2	B		
S1-976867281	S3-184497291	S3	B		
S1-931870779	S3-926967877	S3	D		47.0
S1-609281477	S2-175657420	S2	D		119.0
S1-125699889	S2-672731142	S2	D		78.0
S1-718976780	S2-678172737	S2	B		
S1-957547528	S3-174592216	S3	B		
S1-957547528	S2-936195301	S2	A		
S1-747328600	S2-159617381	S2	E	rank 19 <= topk but missing from candidates	
S1-889300060	S3-360935031	S3	A		
S1-59147692	S2-730672586	S2	B		
S1-59147692	S2-333700842	S2	B		
S1-59147692	S3-981618643	S3	A		
S1-441585420	S2-442630084	S2	E	rank 22 <= topk but missing from candidates	
S1-240441778	S3-38015858	S3	A		
S1-240441778	S2-839115254	S2	E	rank 12 <= topk but missing from candidates	
S1-93194459	S2-676195587	S2	B		
S1-962903042	S2-285246456	S2	D		61.0
S1-911113192	S2-701155524	S2	B		
S1-911113192	S3-495263719	S3	B		
S1-911113192	S2-491422618	S2	B		
S1-911113192	S3-930057883	S3	A		
S1-134557232	S2-382721796	S2	B		
S1-298683668	S3-303686873	S3	B		
S1-275507427	S2-228144253	S2	B		
S1-239352264	S3-539688632	S3	B		
S1-239352264	S2-212457541	S2	B		
S1-735027167	S3-352241465	S3	A		
S1-735027167	S2-192221291	S2	A		
S1-375273376	S3-526731244	S3	B		
S1-547127785	S2-583710919	S2	B		
S1-959254787	S2-163080060	S2	B		
S1-959254787	S2-128171676	S2	B		
S1-794851042	S3-240864773	S3	B		
S1-103379132	S3-578653974	S3	B		
S1-103379132	S3-756199849	S3	B		
S1-823381791	S3-353235990	S3	D		64.0
S1-823381791	S2-110033532	S2	D		59.0
S1-823381791	S3-65156302	S3	B		
S1-22768586	S3-988590318	S3	B		
S1-843547531	S2-721000506	S2	B		
S1-843547531	S3-725447389	S3	D		64.0
S1-782319283	S3-614892902	S3	E	rank 29 <= topk but missing from candidates	
S1-12923248	S3-100137655	S3	A		
S1-685062308	S2-89923463	S2	B		
S1-685062308	S2-343196326	S2	D		129.0
S1-685062308	S3-271728642	S3	D		82.0
S1-982590164	S3-862531734	S3	A		
S1-997288395	S3-341591281	S3	A		
S1-299283095	S3-656311456	S3	A		
S1-299283095	S3-175285125	S3	B		
S1-76622070	S2-909447791	S2	B		
S1-308710832	S3-307706994	S3	B		
S1-563245569	S3-522112148	S3	D		36.0
S1-563245569	S3-822236989	S3	B		
S1-250390457	S2-345897050	S2	B		
S1-902621364	S3-114313842	S3	A		
S1-249306371	S3-840495827	S3	D		32.0
S1-682699017	S2-137446652	S2	D		49.0
S1-682699017	S3-356879898	S3	A		
S1-58080312	S2-558359505	S2	B		
S1-853685980	S2-952269151	S2	B		
S1-884685537	S2-99898241	S2	A		
S1-162578813	S3-527759968	S3	D		81.0
S1-303217741	S3-970530386	S3	D		124.0
S1-424344123	S2-135210832	S2	B		
S1-424344123	S2-680708214	S2	B		
S1-831205798	S2-484538979	S2	B		
S1-859212459	S2-705586535	S2	D		153.0
S1-385329495	S3-234981289	S3	A		
S1-390567824	S2-586129575	S2	D		49.0
S1-855840190	S3-740743712	S3	B		
S1-286414902	S3-382817316	S3	B		
S1-892274967	S3-177802231	S3	B		
S1-351808893	S2-999770464	S2	B		
S1-981086858	S3-696070510	S3	B		
S1-24424209	S3-412981254	S3	B		
S1-655362788	S2-448144999	S2	D		58.0
S1-553331222	S2-533595201	S2	B		
S1-874728733	S3-177651270	S3	D		55.0
S1-418797715	S3-911460968	S3	D		55.0
S1-573141642	S3-735692076	S3	B		
S1-192783599	S3-683782867	S3	B		
S1-192783599	S2-428759661	S2	B		
S1-724774750	S2-938801714	S2	B		
S1-631812925	S3-667609285	S3	D		84.0
S1-150895711	S3-602065003	S3	E	rank 26 <= topk but missing from candidates	
S1-767107648	S3-670098041	S3	D		94.0
S1-265489415	S2-448256384	S2	A		
S1-332361675	S2-188457666	S2	D		33.0
S1-114084048	S3-421499927	S3	D		137.0
S1-944009890	S2-903924791	S2	B		
S1-995735812	S2-661993787	S2	A		
S1-995735812	S2-580323917	S2	A		
S1-995735812	S3-447134449	S3	A		
S1-526368717	S3-928333545	S3	E	rank 15 <= topk but missing from candidates	
S1-850355233	S2-971379862	S2	D		59.0
S1-850355233	S3-221673595	S3	D		62.0
S1-108239401	S3-368473430	S3	B		
S1-140698309	S3-32857361	S3	B		
S1-961040124	S3-710058654	S3	A		
S1-847552852	S3-765663139	S3	A		
S1-56090049	S2-151401649	S2	B		
S1-617640256	S3-213607882	S3	D		47.0
S1-449092245	S3-173211706	S3	D		39.0
S1-449092245	S3-959544528	S3	E	rank 24 <= topk but missing from candidates	
S1-449092245	S3-95225422	S3	E	rank 26 <= topk but missing from candidates	
S1-719124359	S2-354767389	S2	B		
S1-402026433	S2-300482322	S2	B		
S1-52750637	S2-614019603	S2	B		
S1-898770824	S3-208432384	S3	D		35.0
S1-534453838	S3-837348691	S3	A		
S1-301730928	S3-871598584	S3	B		
S1-975231113	S2-12829534	S2	B		
S1-876384520	S3-705316428	S3	D		143.0
S1-520261697	S3-260404555	S3	D		38.0
S1-884655524	S2-807326650	S2	D		70.0
S1-884655524	S2-535933222	S2	D		72.0
S1-884655524	S3-280485483	S3	D		75.0
S1-164862658	S3-533964007	S3	D		119.0
S1-974307319	S3-899924568	S3	B		
S1-389047021	S3-807390483	S3	B		
S1-695131136	S3-436214876	S3	B		
S1-695131136	S3-54585128	S3	A		
S1-838910447	S3-661727898	S3	B		
S1-838910447	S3-597292174	S3	B		
S1-231478229	S2-384401854	S2	B		
S1-911264457	S2-599831853	S2	D		110.0
S1-301300919	S3-467286798	S3	D		71.0
S1-106338910	S2-251221944	S2	A		
S1-877975482	S2-758689194	S2	D		67.0
S1-300745528	S3-250147010	S3	A		
S1-619051621	S3-837523201	S3	B		
S1-544109065	S2-524768981	S2	D		45.0
S1-249857175	S2-362733973	S2	B		
S1-348021722	S3-169863444	S3	B		
S1-295801565	S2-213310031	S2	D		36.0
S1-145381210	S3-396394676	S3	B		
S1-466061323	S3-513238636	S3	B		
S1-234002322	S3-584964087	S3	B		
S1-953201808	S3-641360032	S3	E	rank 23 <= topk but missing from candidates	
S1-394185295	S3-317330487	S3	D		71.0
S1-394185295	S3-269759710	S3	D		88.0
S1-505051818	S3-512630059	S3	A		
S1-155974309	S2-641188658	S2	B		
S1-32456553	S3-622989842	S3	D		52.0
S1-518615388	S3-212527957	S3	D		64.0
S1-506050599	S3-590314452	S3	B		
S1-811107269	S3-147529554	S3	D		48.0
S1-869323125	S3-910330799	S3	D		38.0
S1-201818805	S3-176433643	S3	B		
S1-201818805	S2-397377153	S2	D		37.0
S1-201818805	S3-299917914	S3	D		36.0
S1-687439151	S3-131662934	S3	A		
S1-627549559	S2-765579726	S2	D		46.0
S1-627549559	S3-744178511	S3	D		36.0
S1-892359404	S3-99941920	S3	B		
S1-589036531	S3-985349208	S3	A		
S1-4400200	S2-499730621	S2	B		
S1-4400200	S3-347822136	S3	D		63.0
S1-761152715	S2-475441541	S2	B		
S1-827794143	S2-856549130	S2	A		
S1-412767836	S3-216130473	S3	B		
S1-243159210	S3-786080341	S3	D		191.0
S1-101806075	S3-60911659	S3	B		
S1-208618683	S3-891117943	S3	A		
S1-208618683	S3-811304248	S3	B		
S1-208618683	S2-877633271	S2	B		
S1-208618683	S2-449239265	S2	B		
S1-434692960	S3-77564542	S3	A		
S1-606464277	S2-224465819	S2	A		
S1-890987601	S3-247672908	S3	A		
S1-890987601	S2-398181867	S2	B		
S1-645113935	S3-479707720	S3	B		
S1-574973408	S2-302711120	S2	D		35.0
S1-106915467	S3-752431867	S3	B		
S1-967563154	S2-152064636	S2	B		
S1-967563154	S3-84798097	S3	A		
S1-134516351	S3-463097954	S3	A		
S1-478375274	S3-47397549	S3	A		
S1-977926559	S3-239876064	S3	B		
S1-423176313	S2-794974341	S2	D		89.0
S1-423176313	S3-897116438	S3	D		86.0
S1-561185868	S3-632918670	S3	B		
S1-26804845	S3-448329807	S3	B		
S1-201404487	S3-802218262	S3	B		
S1-765513737	S3-226539888	S3	B		
S1-765513737	S3-921810027	S3	B		
S1-592255399	S3-264263744	S3	D		98.0
S1-582584580	S3-966187119	S3	D		44.0
S1-582584580	S3-642748767	S3	E	rank 30 <= topk but missing from candidates	
S1-347815317	S3-111133003	S3	D		58.0
S1-10294953	S3-226950938	S3	D		45.0
S1-391996475	S3-983099989	S3	B		
S1-862289883	S3-511065874	S3	D		80.0
S1-224611209	S3-834940272	S3	B		
S1-491524395	S2-276674701	S2	B		
S1-168077826	S3-889219112	S3	E	rank 27 <= topk but missing from candidates	
S1-756063527	S2-914615005	S2	D		129.0
S1-20307368	S3-295533209	S3	B		
S1-96570542	S2-653656103	S2	D		37.0
S1-137316664	S2-751550007	S2	B		
S1-442233791	S3-253920971	S3	B		
S1-47889164	S3-928283721	S3	D		48.0
S1-762671537	S2-32943478	S2	B		
S1-83251161	S2-222746922	S2	B		
S1-168847817	S3-660814669	S3	D		43.0
S1-763995639	S3-443042600	S3	D		42.0
S1-486544122	S2-726454771	S2	A		
S1-486544122	S2-259901983	S2	B		
S1-524173287	S2-39346261	S2	B		
S1-497044897	S2-864697057	S2	D		39.0
S1-497044897	S2-439032739	S2	D		38.0
S1-255824936	S3-479649571	S3	B		
S1-391119075	S3-190923665	S3	D		57.0
S1-628720093	S3-440441201	S3	B		
S1-621262294	S3-936699320	S3	D		97.0
S1-983162871	S3-431786032	S3	E	rank 8 <= topk but missing from candidates	
S1-285962327	S3-507782112	S3	A		
S1-454539043	S3-98139168	S3	D		59.0
S1-849911985	S2-362390076	S2	B		
S1-343182476	S3-121618347	S3	D		63.0
S1-914301608	S2-509104457	S2	D		49.0
S1-719076814	S2-73992495	S2	B		
S1-325328154	S2-55358804	S2	B		
S1-936996786	S2-553865880	S2	D		149.0
S1-731782145	S3-900608708	S3	D		92.0
S1-438664976	S3-550834599	S3	D		184.0
S1-394922065	S3-387079041	S3	B		
S1-739407011	S2-167997999	S2	B		
S1-739407011	S3-10000878	S3	B		
S1-739407011	S3-243562483	S3	B		
S1-739407011	S3-113061144	S3	B		
S1-127323829	S2-406183825	S2	D		49.0
S1-172844739	S3-525083795	S3	D		50.0
S1-430497921	S3-112755789	S3	B		
S1-430497921	S3-966291872	S3	B		
S1-428815262	S2-934449932	S2	D		89.0
S1-902790641	S2-368530979	S2	A		
S1-497570111	S2-504645534	S2	B		
S1-497570111	S2-175259531	S2	B		
S1-497570111	S3-700635683	S3	B		
S1-870761189	S3-84582018	S3	A		
S1-631002025	S2-597073024	S2	B		
S1-761999752	S2-484292803	S2	E	rank 22 <= topk but missing from candidates	
S1-547916433	S3-186884442	S3	B		
S1-759128246	S2-111730873	S2	D		40.0
S1-948418770	S2-498510861	S2	B		
S1-60857245	S3-4710239	S3	B		
S1-957807264	S3-987082714	S3	D		63.0
S1-7580983	S3-664831290	S3	B		
S1-7580983	S3-994497463	S3	B		
S1-7580983	S3-744049322	S3	B		
S1-7580983	S3-724707352	S3	B		
S1-88732301	S3-477953321	S3	E	rank 24 <= topk but missing from candidates	
S1-488129064	S3-435611148	S3	B		
S1-649696102	S2-354142459	S2	B		
S1-826892920	S2-108354809	S2	B		
S1-758757821	S3-524153218	S3	B		
S1-221141859	S3-862283870	S3	B		
S1-94961120	S2-481906891	S2	A		
S1-223467813	S2-226316435	S2	A		
S1-705539327	S3-304186118	S3	B		
S1-705539327	S3-185454084	S3	E	rank 16 <= topk but missing from candidates	
S1-75229286	S3-818353954	S3	B		
S1-165105711	S3-841772730	S3	B		
S1-787825484	S3-731426198	S3	E	rank 10 <= topk but missing from candidates	
S1-787825484	S3-143209378	S3	B		
S1-475207104	S2-34920774	S2	B		
S1-23682127	S3-583269953	S3	B		
S1-303445555	S3-2546872	S3	D		119.0
S1-476666302	S3-799582051	S3	D		33.0
S1-476666302	S2-48658570	S2	D		34.0
S1-938057084	S2-166486728	S2	D		37.0
S1-791786071	S3-692509859	S3	D		31.0
S1-685211773	S2-851476488	S2	D		52.0
S1-685211773	S2-899616594	S2	D		73.0
S1-952410810	S2-230284496	S2	D		43.0
S1-952410810	S3-142566363	S3	D		85.0
S1-386592794	S3-713254187	S3	A		
S1-97881161	S3-119264446	S3	D		75.0
S1-885099620	S3-913418411	S3	D		54.0
S1-958333899	S2-348278765	S2	D		40.0
S1-430993810	S3-947838089	S3	A		
S1-312780498	S2-165827239	S2	D		65.0
S1-727886967	S2-577166639	S2	D		146.0
S1-94508929	S3-68718569	S3	A		
S1-843299804	S3-740101523	S3	D		52.0
S1-920247505	S3-588656320	S3	D		58.0
S1-487238160	S3-268326693	S3	B		
S1-921783241	S3-348181889	S3	A		
S1-921783241	S3-251843934	S3	A		
S1-539770183	S3-230778895	S3	B		
S1-539770183	S3-449917174	S3	B		
S1-637441610	S3-839291709	S3	A		
S1-912554661	S3-883963333	S3	B		
S1-975159586	S3-163468827	S3	D		96.0
S1-845674666	S2-301489764	S2	B		
S1-627964217	S3-487460882	S3	D		96.0
S1-599229157	S2-637897874	S2	B		
S1-216670893	S3-894317173	S3	D		114.0
S1-968541246	S2-492482862	S2	B		
S1-962115928	S3-473157242	S3	B		
S1-597946454	S3-694218279	S3	A		
S1-219243038	S2-81379609	S2	B		
S1-165188913	S3-884806644	S3	B		
S1-690559054	S3-457731843	S3	D		72.0
S1-739982066	S3-887615175	S3	B		
S1-739982066	S3-802968647	S3	B		
S1-564625615	S2-509534187	S2	E	rank 25 <= topk but missing from candidates	
S1-564625615	S3-243351564	S3	B		
S1-305992111	S3-70954899	S3	B		
S1-603521697	S3-534910183	S3	B		
S1-603132110	S3-951527271	S3	A		
S1-852210130	S3-747246679	S3	D		33.0
S1-852210130	S3-724792644	S3	D		32.0
S1-635725807	S3-981313717	S3	B		
S1-635725807	S3-681085223	S3	A		
S1-788135840	S3-885937198	S3	B		
S1-493861035	S3-174783611	S3	D		76.0
S1-739411021	S3-659032831	S3	B		
S1-134369994	S3-45950130	S3	D		79.0
S1-598391529	S2-966738605	S2	D		31.0
S1-598391529	S3-714184350	S3	B		
S1-443466952	S2-973981785	S2	E	rank 10 <= topk but missing from candidates	
S1-443466952	S2-359569283	S2	E	rank 12 <= topk but missing from candidates	
S1-472590765	S3-220048010	S3	A		
S1-703436755	S2-14834588	S2	D		80.0
S1-703436755	S2-997520363	S2	D		123.0
S1-103872789	S2-158682369	S2	D		188.0
S1-103872789	S2-227990972	S2	D		72.0
S1-103872789	S3-500784703	S3	D		191.0
S1-50293095	S3-928418374	S3	D		127.0
S1-662091888	S3-874899705	S3	B		
S1-884418175	S3-675365515	S3	D		58.0
S1-884418175	S2-537073102	S2	D		54.0
S1-988595657	S3-809688121	S3	D		61.0
S1-991157409	S2-160761911	S2	A		
S1-785694247	S3-780935842	S3	B		
S1-620252248	S2-286002132	S2	A		
S1-574769249	S3-959713631	S3	B		
S1-435482561	S3-572247084	S3	B		
S1-707721844	S2-426233733	S2	B		
S1-707721844	S2-454762718	S2	B		
S1-99867334	S2-160109789	S2	B		
S1-989640170	S2-638886666	S2	D		65.0
S1-428380245	S2-410890222	S2	B		
S1-651940418	S3-365385781	S3	D		36.0
S1-49146839	S3-213378789	S3	B		
S1-19707579	S3-225384535	S3	A		
S1-63413486	S3-698050720	S3	D		50.0
S1-2397628	S3-702253964	S3	D		55.0
S1-945549027	S2-332785810	S2	E	rank 16 <= topk but missing from candidates	
S1-124387080	S3-282979670	S3	B		
S1-793190132	S3-630776334	S3	D		49.0
S1-343313382	S3-36082141	S3	B		
S1-429337453	S3-596788174	S3	A		
S1-423901878	S2-304092377	S2	D		81.0
S1-438196346	S2-768263019	S2	B		
S1-727738741	S3-703362589	S3	D		39.0
S1-348282532	S3-341718391	S3	A		
S1-298615230	S3-35578648	S3	B		
S1-852459469	S3-810176720	S3	B		
S1-687102163	S3-136258406	S3	D		43.0
S1-605956399	S3-545377760	S3	D		101.0
S1-605956399	S2-474282383	S2	D		96.0
S1-605956399	S3-217143062	S3	D		38.0
S1-605956399	S3-751400182	S3	B		
S1-605956399	S2-940912822	S2	D		95.0
S1-968831199	S2-13259811	S2	B		
S1-223398836	S3-785029627	S3	B		
S1-281007229	S3-381141895	S3	B		
S1-144289849	S2-400906526	S2	D		65.0
S1-728761057	S3-641986090	S3	B		
S1-770635927	S3-355603175	S3	B		
S1-252083443	S2-311501604	S2	D		62.0
S1-252083443	S2-616159072	S2	B		
S1-129645749	S3-827817594	S3	D		122.0
S1-129645749	S3-569015224	S3	E	rank 13 <= topk but missing from candidates	
S1-683293283	S3-736990517	S3	D		42.0
S1-901338597	S3-548866332	S3	B		
S1-953348070	S2-830776590	S2	D		60.0
S1-342296161	S3-11869849	S3	B		
S1-470130311	S3-953886941	S3	B		
S1-891957787	S3-568105784	S3	D		125.0
S1-132314212	S3-377524682	S3	D		75.0
S1-90765570	S3-831338488	S3	D		68.0
S1-90765570	S3-778290262	S3	A		
S1-802144765	S3-82989195	S3	A		
S1-933419174	S2-137360428	S2	A		
S1-196260903	S2-77133523	S2	B		
S1-494865281	S3-819541447	S3	A		
S1-321017667	S2-308011824	S2	A		
S1-321017667	S3-130458349	S3	A		
S1-426744880	S3-79700699	S3	D		32.0
S1-426744880	S2-979933030	S2	D		41.0
S1-426744880	S2-145722192	S2	D		35.0
S1-426744880	S3-701504311	S3	E	rank 26 <= topk but missing from candidates	
S1-834897747	S3-781063028	S3	D		72.0
S1-170685387	S2-744990275	S2	E	rank 24 <= topk but missing from candidates	
S1-973865409	S3-601702463	S3	A		
S1-535135426	S3-137298834	S3	D		40.0
S1-535135426	S3-695962815	S3	E	rank 22 <= topk but missing from candidates	
S1-793043745	S3-208720589	S3	D		48.0
S1-793043745	S2-817966131	S2	D		47.0
S1-123305258	S3-238462080	S3	D		69.0
S1-123305258	S3-803041233	S3	D		60.0
S1-123305258	S2-342816950	S2	D		61.0
S1-123305258	S2-186303495	S2	D		62.0
S1-241362509	S3-818732494	S3	B		
S1-754299476	S2-768268436	S2	B		
S1-981003191	S2-618580192	S2	B		
S1-981003191	S3-855656018	S3	D		67.0
S1-165570161	S3-763771875	S3	D		112.0
S1-474554700	S2-872431728	S2	D		46.0
S1-474554700	S3-341874731	S3	D		45.0
S1-559298040	S3-958199893	S3	B		
S1-612490089	S3-186176004	S3	B		
S1-758192223	S3-888931554	S3	D		49.0
S1-743130630	S3-344807050	S3	D		55.0
S1-441313586	S3-893431320	S3	D		95.0
S1-750229347	S3-665093940	S3	B		
S1-351107226	S2-178745669	S2	B		
S1-351107226	S2-304240555	S2	B		
S1-714526607	S2-832366023	S2	B		
S1-627746471	S3-983389141	S3	D		122.0
S1-932102818	S2-726254289	S2	B		
S1-302924377	S2-338277338	S2	B		
S1-482277928	S2-892758136	S2	B		
S1-482277928	S3-752284923	S3	B		
S1-482277928	S2-903313844	S2	B		
S1-843275044	S2-288681425	S2	B		
S1-526274848	S3-807369810	S3	D		57.0
S1-526274848	S3-567284665	S3	D		48.0
S1-98971151	S2-754186715	S2	B		
S1-98971151	S2-860680704	S2	B		
S1-98971151	S3-367176574	S3	B		
S1-98971151	S2-527456475	S2	A		
S1-616503864	S2-559564681	S2	B		
S1-984804529	S2-24892447	S2	B		
S1-240733766	S3-305692388	S3	B		
S1-509518307	S3-319416870	S3	D		46.0
S1-719160637	S3-898907902	S3	B		
S1-833364779	S3-918960700	S3	A		
S1-833364779	S2-326783039	S2	B		
S1-833364779	S3-344282216	S3	A		
S1-75032472	S3-341254562	S3	D		50.0
S1-866484702	S2-335720653	S2	D		53.0
S1-866484702	S2-368295382	S2	B		
S1-944305688	S3-283001930	S3	D		76.0
S1-944305688	S2-547047471	S2	B		
S1-163855718	S2-277647103	S2	D		34.0
S1-163855718	S3-651784182	S3	D		44.0
S1-163855718	S3-160410395	S3	B		
S1-110262577	S2-830855862	S2	D		76.0
S1-392956974	S3-803364848	S3	B		
S1-463402828	S2-7017799	S2	A		
S1-278919318	S3-483061472	S3	B		
S1-345357147	S3-305493410	S3	D		49.0
S1-724690542	S2-46945374	S2	E	rank 23 <= topk but missing from candidates	
S1-969487061	S2-83679220	S2	B		
S1-969487061	S2-770563782	S2	B		
S1-969487061	S3-85678141	S3	B		
S1-509391540	S3-595179859	S3	D		36.0
S1-504879705	S3-471503029	S3	D		90.0
S1-544735973	S3-318579334	S3	A		
S1-659261489	S2-469967014	S2	B		
S1-544994559	S2-194348624	S2	B		
S1-140673250	S2-885293967	S2	A		
S1-478210526	S3-149658072	S3	B		
S1-17173568	S3-358251660	S3	E	rank 29 <= topk but missing from candidates	
S1-37052229	S2-358834183	S2	D		67.0
S1-918942100	S3-500675069	S3	D		98.0
S1-114030560	S3-22473695	S3	D		32.0
S1-874053775	S3-743459539	S3	D		55.0
S1-874053775	S3-505608459	S3	A		
S1-367114551	S2-491906880	S2	A		
S1-528122399	S3-709027256	S3	D		58.0
S1-528122399	S2-114658170	S2	B		
S1-528122399	S3-878621811	S3	B		
S1-926195985	S3-424086065	S3	A		
S1-926195985	S2-983623166	S2	B		
S1-692891302	S3-230051891	S3	A		
S1-394528371	S3-377263857	S3	D		50.0
S1-394528371	S3-104527837	S3	D		56.0
S1-548252696	S3-380216320	S3	B		
S1-476887768	S3-944277337	S3	D		57.0
S1-587916459	S3-847324486	S3	B		
S1-89563332	S3-381977424	S3	D		54.0
S1-591326728	S3-847010643	S3	B		
S1-751174007	S2-740895390	S2	D		39.0
S1-751174007	S3-69567094	S3	B		
S1-440011023	S3-39511216	S3	D		89.0
S1-415703651	S3-751288376	S3	A		
S1-331274096	S3-525004912	S3	B		
S1-194931683	S3-49959904	S3	B		
S1-925850132	S3-117631169	S3	A		
S1-925850132	S2-491675895	S2	B		
S1-632411282	S3-967143506	S3	D		44.0
S1-599170640	S3-557122677	S3	A		
S1-12307748	S2-533247701	S2	D		141.0
S1-12307748	S3-217920966	S3	D		131.0
S1-290297690	S3-195038168	S3	B		
S1-590702679	S3-929291549	S3	E	rank 12 <= topk but missing from candidates	
S1-827280885	S2-686794628	S2	B		
S1-22009687	S3-411446266	S3	D		88.0
S1-70138970	S2-409755587	S2	B		
S1-683671878	S2-95460604	S2	B		
S1-206317418	S2-901423849	S2	A		
S1-552069185	S3-793862297	S3	A		
S1-959929877	S2-758166451	S2	D		92.0
S1-959929877	S3-947843246	S3	A		
S1-444518814	S3-185082122	S3	D		62.0
S1-92526750	S3-54131978	S3	D		133.0
S1-323329549	S3-540744227	S3	D		97.0
S1-7791331	S3-898005455	S3	B		
S1-852690020	S2-365583254	S2	B		
S1-566660212	S3-149513869	S3	B		
S1-566660212	S3-288136393	S3	B		
S1-99217552	S3-932915170	S3	B		
S1-600495618	S3-135158159	S3	A		
S1-714141556	S3-791581824	S3	D		74.0
S1-635779548	S2-512520867	S2	B		
S1-635779548	S3-561108909	S3	B		
S1-305423485	S2-576127973	S2	B		
S1-311422218	S3-455364507	S3	A		
S1-986688347	S2-783200261	S2	B		
S1-492930293	S3-212159300	S3	D		86.0
S1-492930293	S3-506509136	S3	D		120.0
S1-137133318	S2-230588541	S2	D		31.0
S1-705005038	S3-771402550	S3	A		
S1-846410246	S3-552138243	S3	D		63.0
S1-651459039	S3-738119163	S3	E	rank 23 <= topk but missing from candidates	
S1-408806520	S3-795426954	S3	D		52.0
S1-127348423	S2-354404359	S2	B		
S1-408754448	S3-736752221	S3	B		
S1-15622959	S2-656729580	S2	D		47.0
S1-78242990	S2-428223893	S2	B		
S1-259709216	S3-808240648	S3	B		
S1-544762764	S2-130427004	S2	D		82.0
S1-544762764	S3-94090799	S3	D		46.0
S1-549216155	S3-928467596	S3	B		
S1-494440593	S3-436755672	S3	B		
S1-307478923	S3-663679954	S3	D		57.0
S1-657227918	S3-726561701	S3	D		90.0
S1-196752255	S3-325846350	S3	D		43.0
S1-144617263	S3-621432092	S3	B		
S1-144617263	S3-38541812	S3	B		
S1-786311096	S3-357194893	S3	B		
S1-327216025	S3-79142977	S3	B		
S1-25964993	S2-942224612	S2	B		
S1-932891390	S3-160889050	S3	A		
S1-932891390	S3-966186822	S3	A		
S1-639507026	S3-444746452	S3	B		
S1-76120634	S2-608836827	S2	B		
S1-76120634	S3-56742313	S3	A		
S1-457544449	S2-473593625	S2	D		88.0
S1-10016536	S2-72079018	S2	B		
S1-10016536	S3-63171103	S3	B		
S1-982524505	S2-973907181	S2	B		
S1-373261125	S3-195026645	S3	A		
S1-373261125	S3-861718059	S3	B		
S1-312654336	S3-414507252	S3	D		47.0
S1-105022637	S3-146755273	S3	B		
S1-174504579	S2-429047803	S2	D		55.0
S1-20519618	S3-406261386	S3	A		
S1-20519618	S3-889240639	S3	B		
S1-572018117	S3-366619675	S3	E	rank 29 <= topk but missing from candidates	
S1-457536635	S3-759570352	S3	A		
S1-457536635	S3-9464188	S3	D		250.0
S1-457536635	S3-699846586	S3	D		198.0
S1-118711157	S2-923100015	S2	D		54.0
S1-118711157	S2-11058246	S2	D		46.0
S1-235946699	S2-196539025	S2	B		
S1-235946699	S2-525115781	S2	B		
S1-235946699	S3-650473364	S3	B		
S1-130629712	S3-355906353	S3	E	rank 17 <= topk but missing from candidates	
S1-212468665	S3-381573409	S3	D		67.0
S1-268625343	S2-548012278	S2	A		
S1-693293173	S2-524512751	S2	D		69.0
S1-276802319	S3-890270094	S3	B		
S1-220005532	S2-375128329	S2	D		43.0
S1-168702885	S2-65929723	S2	D		96.0
S1-988769492	S3-259300810	S3	B		
S1-704613947	S2-310178148	S2	A		
S1-704613947	S3-837510339	S3	D		34.0
S1-704613947	S2-687918579	S2	A		
S1-797591759	S2-798105460	S2	B		
S1-797591759	S3-102315653	S3	D		73.0
S1-797591759	S3-681282374	S3	B		
S1-566687612	S3-131180491	S3	B		
S1-910571827	S2-651405652	S2	E	rank 25 <= topk but missing from candidates	
S1-636381808	S3-759871641	S3	D		55.0
S1-243481292	S3-901979163	S3	A		
S1-833553162	S3-821471303	S3	D		72.0
S1-982702600	S3-164957175	S3	D		39.0
S1-37807163	S3-29297878	S3	B		
S1-969929189	S3-598896377	S3	B		
S1-180214239	S3-928556419	S3	D		66.0
S1-272321793	S3-504380896	S3	D		82.0
S1-272321793	S3-95803136	S3	A		
S1-221228864	S3-137742911	S3	A		
S1-667373948	S3-739652749	S3	D		63.0
S1-67467775	S3-363556910	S3	B		
S1-67467775	S2-842142036	S2	B		
S1-835927905	S2-629497121	S2	D		108.0
S1-943710524	S2-244719632	S2	B		
S1-943710524	S3-682831932	S3	D		77.0
S1-603066177	S2-859922407	S2	E	rank 8 <= topk but missing from candidates	
S1-684545314	S3-738150806	S3	E	rank 13 <= topk but missing from candidates	
S1-368622632	S3-226012513	S3	B		
S1-984531376	S3-765487900	S3	B		
S1-984531376	S3-905062908	S3	D		83.0
S1-984531376	S2-973807355	S2	B		
S1-897266356	S3-101952631	S3	A		
S1-967235628	S3-75023376	S3	A		
S1-797769932	S3-815342311	S3	B		
S1-797769932	S3-510208119	S3	D		120.0
S1-614475298	S3-681229207	S3	A		
S1-614475298	S2-628985995	S2	A		
S1-99752454	S3-531185177	S3	A		
S1-670345822	S3-685611945	S3	D		49.0
S1-34310967	S3-340671640	S3	B		
S1-251269830	S2-758586537	S2	D		82.0
S1-707844729	S3-169568716	S3	A		
S1-707844729	S3-329069919	S3	A		
S1-71051982	S2-939140914	S2	D		189.0
S1-656934413	S3-412930418	S3	D		61.0
S1-656934413	S3-613633226	S3	D		62.0
S1-920133004	S3-758911993	S3	D		77.0
S1-920133004	S3-242739827	S3	B		
S1-933031547	S3-780194796	S3	B		
S1-674871452	S3-470018317	S3	A		
S1-504524810	S3-314220789	S3	B		
S1-548281781	S2-692731670	S2	B		
S1-203763690	S3-610914186	S3	A		
S1-293769862	S3-933465582	S3	B		
S1-907761046	S3-753993601	S3	D		51.0
S1-893280641	S2-828349553	S2	D		106.0
S1-676490316	S3-677735513	S3	E	rank 17 <= topk but missing from candidates	
S1-802802178	S3-578657515	S3	B		
S1-802802178	S3-865075584	S3	B		
S1-327216639	S3-988075354	S3	A		
S1-693305391	S3-811738994	S3	A		
S1-817960574	S2-696980232	S2	B		
S1-853356256	S3-843465861	S3	B		
S1-853356256	S3-827180651	S3	A		
S1-374640048	S3-880595735	S3	D		32.0
S1-24747136	S2-396994607	S2	D		39.0
S1-256727902	S2-614339936	S2	D		145.0
S1-716139405	S2-592471609	S2	D		80.0
S1-425450063	S3-30671225	S3	B		
S1-425450063	S2-631059400	S2	B		
S1-425450063	S3-527031479	S3	B		
S1-136900436	S2-626021768	S2	B		
S1-97537195	S3-129184303	S3	B		
S1-135125107	S3-275968527	S3	D		43.0
S1-299589837	S3-197054477	S3	D		36.0
S1-369221431	S3-127501618	S3	B		
S1-672482655	S2-834979451	S2	D		41.0
S1-672482655	S3-741495298	S3	B		
S1-834572906	S3-49108317	S3	A		
S1-531697575	S2-105985727	S2	A		
S1-531697575	S3-429012118	S3	A		
S1-168105504	S3-844571453	S3	D		46.0
S1-876416522	S3-825564481	S3	A		
S1-874232149	S3-44216496	S3	D		51.0
S1-153564500	S2-392319067	S2	D		59.0
S1-153564500	S3-871990641	S3	B		
S1-872815314	S3-524060469	S3	B		
S1-872815314	S3-54559148	S3	B		
S1-24228497	S3-677795572	S3	D		41.0
S1-24228497	S3-701624777	S3	D		43.0
S1-531563698	S2-773762304	S2	D		32.0
S1-462418385	S2-210475144	S2	B		
S1-502290804	S2-663648972	S2	D		41.0
S1-750784655	S3-296948579	S3	B		
S1-203526502	S2-184445675	S2	A		
S1-72662929	S2-622841214	S2	A		
S1-2487215	S2-953815626	S2	D		65.0
S1-258525591	S3-411965163	S3	A		
S1-801403946	S3-286210353	S3	B		
S1-801403946	S3-583177975	S3	D		48.0
S1-659094069	S2-598544821	S2	E	rank 25 <= topk but missing from candidates	
S1-53515654	S2-86459313	S2	B		
S1-53515654	S2-584074875	S2	B		
S1-850015665	S2-812364716	S2	D		38.0
S1-799868837	S3-867604705	S3	D		99.0
S1-973966136	S3-930425805	S3	D		58.0
S1-912357695	S2-869710949	S2	D		135.0
S1-912357695	S3-446211024	S3	D		51.0
S1-912357695	S2-954586958	S2	D		63.0
S1-384442393	S3-21297379	S3	D		104.0
S1-384442393	S2-706007658	S2	A		
S1-131746315	S3-309042895	S3	D		117.0
S1-131746315	S3-581204361	S3	A		
S1-73461782	S3-336451690	S3	D		60.0
S1-28794831	S3-303703234	S3	B		
S1-637095675	S2-570016230	S2	B		
S1-637095675	S3-810211538	S3	B		
S1-916898668	S3-702554368	S3	B		
S1-469482943	S2-304731524	S2	D		73.0
S1-266088364	S2-131542472	S2	D		63.0
S1-266088364	S2-750737125	S2	D		132.0
S1-22641673	S3-333880000	S3	B		
S1-32258992	S2-936670758	S2	B		
S1-32258992	S3-652946334	S3	B		
S1-32258992	S3-607680435	S3	D		56.0
S1-624222	S2-221911413	S2	D		75.0
S1-624222	S2-851126781	S2	B		
S1-624222	S2-351134666	S2	A		
S1-385843433	S3-811690613	S3	A		
S1-572822948	S3-135471	S3	B		
S1-233962231	S3-506215434	S3	D		44.0
S1-729492101	S2-550517562	S2	D		68.0
S1-729492101	S3-223755565	S3	B		
S1-323273607	S3-827842135	S3	A		
S1-323273607	S2-77286090	S2	B		
S1-323273607	S3-663925507	S3	B		
S1-323273607	S3-117675250	S3	A		
S1-8297390	S3-324525011	S3	D		130.0
S1-232207019	S3-215180085	S3	B		
S1-329723117	S3-14738902	S3	B		
S1-627943346	S2-884911978	S2	B		
S1-241493935	S3-572680312	S3	B		
S1-735156693	S3-749915010	S3	B		
S1-192029242	S2-608260576	S2	B		
S1-99163292	S3-766543720	S3	D		47.0
S1-682978523	S3-630323360	S3	D		63.0
S1-682978523	S3-963500184	S3	D		47.0
S1-272192181	S2-496449846	S2	A		
S1-927716410	S3-950916045	S3	D		85.0
S1-927716410	S2-443442063	S2	D		54.0
S1-309727141	S3-348916951	S3	A		
S1-238376586	S3-466530145	S3	D		54.0
S1-202373830	S2-98062811	S2	D		35.0
S1-964507565	S3-683183862	S3	D		82.0
S1-182363290	S2-525172198	S2	D		117.0
S1-944892789	S2-997942571	S2	A		
S1-402914819	S3-411584509	S3	D		217.0
S1-402914819	S3-809385287	S3	D		123.0
S1-378118652	S3-591568611	S3	D		51.0
S1-209827627	S3-86087678	S3	B		
S1-658894466	S3-983437360	S3	D		41.0
S1-658894466	S2-786187860	S2	D		45.0
S1-632678522	S2-22713052	S2	D		72.0
S1-795543620	S3-612834302	S3	B		
S1-795543620	S3-236617460	S3	B		
S1-240173254	S3-530762103	S3	D		103.0
S1-664303738	S2-411421976	S2	D		73.0
S1-549091257	S2-211413598	S2	D		32.0
S1-688520831	S2-454481621	S2	D		79.0
S1-688520831	S3-886383431	S3	D		127.0
S1-875552828	S2-195495547	S2	D		38.0
S1-565056663	S3-817561176	S3	D		53.0
S1-565056663	S2-328946679	S2	D		44.0
S1-447257411	S3-565296980	S3	B		
S1-824788046	S3-137884820	S3	B		
S1-321060414	S3-776628506	S3	D		59.0
S1-321060414	S2-955600846	S2	D		58.0
S1-742492047	S2-695439341	S2	D		91.0
S1-742492047	S2-577403192	S2	D		90.0
S1-521277780	S2-954554558	S2	D		46.0
S1-115065096	S2-775374658	S2	D		58.0
S1-719186423	S2-842226381	S2	A		
S1-386777836	S3-597887414	S3	D		65.0
S1-774607539	S3-309375782	S3	D		72.0
S1-774607539	S2-368390958	S2	D		67.0
S1-756341181	S3-496573646	S3	D		36.0
S1-731007895	S3-54822959	S3	B		
S1-498412866	S3-838412231	S3	B		
S1-366017281	S3-482491690	S3	D		63.0
S1-876355789	S3-744148215	S3	B		
S1-876355789	S3-216338342	S3	D		78.0
S1-876355789	S2-146008383	S2	D		94.0
S1-372549037	S2-235726325	S2	D		51.0
S1-372549037	S2-403762664	S2	B		
S1-845495233	S3-483405851	S3	E	rank 22 <= topk but missing from candidates	
S1-785599644	S3-923283375	S3	B		
S1-180092607	S3-140482488	S3	B		
S1-174143142	S2-141860991	S2	B		
S1-210991521	S3-49561525	S3	B		
S1-210991521	S2-49714243	S2	D		37.0
S1-210991521	S3-657088804	S3	B		
S1-94242104	S2-152404043	S2	D		57.0
S1-664898104	S3-314447998	S3	A		
S1-664898104	S3-469290076	S3	D		99.0
S1-773684761	S2-499246076	S2	D		117.0
S1-773684761	S3-482702804	S3	B		
S1-740653355	S2-498722815	S2	D		57.0
S1-740653355	S3-432789517	S3	D		45.0
S1-838408643	S3-176031294	S3	B		
S1-89585546	S3-266252410	S3	A		
S1-89585546	S3-149977138	S3	B		
S1-76095394	S3-170546844	S3	D		131.0
S1-502901158	S2-493810157	S2	B		
S1-502901158	S3-723400325	S3	A		
S1-178265782	S3-436978741	S3	A		
S1-178265782	S2-265644377	S2	B		
S1-759910291	S2-129198980	S2	A		
S1-298967003	S2-137424992	S2	A		
S1-842029261	S3-596087396	S3	B		
S1-254664075	S3-965925009	S3	B		
S1-5654728	S2-546665904	S2	B		
S1-5654728	S2-545347120	S2	B		
S1-436727456	S3-86731386	S3	D		61.0
S1-365884252	S3-852000609	S3	D		41.0
S1-596034137	S3-933586640	S3	B		
S1-596034137	S3-323541159	S3	B		
S1-695297824	S3-419448260	S3	D		36.0
S1-481312867	S2-54157110	S2	B		
S1-666210774	S2-717591443	S2	B		
S1-763283337	S3-449112230	S3	B		
S1-763283337	S2-897701770	S2	B		
S1-641329858	S3-902601963	S3	D		38.0
S1-227924739	S2-556990200	S2	D		107.0
S1-493852912	S3-669659766	S3	E	rank 25 <= topk but missing from candidates	
S1-54178082	S3-818876141	S3	D		39.0
S1-274223029	S3-801215669	S3	B		
S1-801658194	S3-530650271	S3	A		
S1-816954992	S2-869575589	S2	B		
S1-713966547	S3-881366175	S3	D		96.0
S1-713966547	S3-394748187	S3	D		95.0
S1-989647797	S2-841955330	S2	D		50.0
S1-862283451	S3-743287867	S3	B		
S1-476475395	S3-768432506	S3	A		
S1-476475395	S2-867848495	S2	A		
S1-786041682	S3-961949060	S3	B		
S1-566918223	S3-496487294	S3	B		
S1-671996701	S3-551664770	S3	D		82.0
S1-771953504	S3-865368686	S3	B		
S1-143368839	S3-242281673	S3	D		43.0
S1-575212832	S3-90202042	S3	A		
S1-651844197	S2-895702196	S2	B		
S1-561952244	S3-470539529	S3	B		
S1-856478074	S2-188539915	S2	D		77.0
S1-612207511	S3-520377852	S3	B		
S1-900404137	S2-630945021	S2	B		
S1-593357369	S3-822475989	S3	D		149.0
S1-946904483	S2-95688168	S2	B		
S1-292344135	S3-280261135	S3	D		39.0
S1-656863671	S2-479944769	S2	B		
S1-656863671	S3-2809299	S3	B		
S1-656863671	S3-339878912	S3	B		
S1-656863671	S3-545547187	S3	B		
S1-656863671	S3-138083022	S3	B		
S1-3808481	S2-739623512	S2	B		
S1-906284353	S3-548935768	S3	B		
S1-85731980	S3-41135249	S3	B		
S1-522006148	S2-630294073	S2	B		
S1-190704892	S2-753500062	S2	A		
S1-621881783	S3-27185185	S3	D		32.0
S1-43625425	S2-796684774	S2	B		
S1-669442524	S3-423038443	S3	B		
S1-816275983	S2-958735193	S2	B		
S1-963115624	S3-134699152	S3	D		64.0
S1-961065546	S3-630524893	S3	B		
S1-761321144	S2-15898998	S2	D		69.0
S1-48571234	S3-384170282	S3	B		
S1-48571234	S3-437922470	S3	B		
S1-543249787	S3-858165645	S3	E	rank 24 <= topk but missing from candidates	
S1-645277139	S2-486172315	S2	E	rank 28 <= topk but missing from candidates	
S1-874417613	S2-804508332	S2	A		
S1-976630526	S3-25294161	S3	B		
S1-747412824	S3-947125633	S3	D		97.0
S1-625473408	S3-837070843	S3	D		68.0
S1-625473408	S3-934924069	S3	D		55.0
S1-625473408	S2-214275484	S2	D		59.0
S1-625473408	S2-342462583	S2	D		81.0
S1-598794039	S3-970508318	S3	A		
S1-598794039	S2-88725366	S2	B		
S1-598794039	S2-731794021	S2	B		
S1-759965523	S3-816659729	S3	E	rank 30 <= topk but missing from candidates	
S1-490691941	S3-933428624	S3	B		
S1-11097718	S2-6789415	S2	B		
S1-11097718	S2-388805403	S2	D		80.0
S1-230634894	S2-92043791	S2	B		
S1-584226053	S2-673180510	S2	B		
S1-411859697	S3-714554995	S3	B		
S1-232884177	S2-288210078	S2	D		55.0
S1-232884177	S3-730934454	S3	E	rank 15 <= topk but missing from candidates	
S1-519352086	S3-667665461	S3	D		37.0
S1-4172819	S2-537208083	S2	B		
S1-4172819	S3-325754440	S3	A		
S1-481678091	S3-612297068	S3	B		
S1-481678091	S2-799331185	S2	A		
S1-350090139	S2-828230132	S2	D		57.0
S1-350090139	S2-276977320	S2	D		82.0
S1-350090139	S2-697438697	S2	D		68.0
S1-350090139	S3-16033090	S3	D		64.0
S1-199175059	S2-464158082	S2	A		
S1-678142900	S3-491316056	S3	B		
S1-814353977	S3-739665494	S3	B		
S1-179637561	S2-117382349	S2	B		
S1-179637561	S3-456831543	S3	E	rank 21 <= topk but missing from candidates	
S1-949314176	S3-328477783	S3	B		
S1-949314176	S3-356208057	S3	B		
S1-368661806	S2-839304602	S2	B		
S1-1299142	S2-820662473	S2	D		33.0
S1-206626620	S2-28639135	S2	B		
S1-206626620	S3-251222411	S3	D		103.0
S1-975226470	S2-292359605	S2	D		38.0
S1-975226470	S3-56247696	S3	B		
S1-712095002	S2-382074828	S2	B		
S1-225945515	S2-724290726	S2	B		
S1-873499880	S3-500128819	S3	A		
S1-283767559	S3-700252993	S3	D		56.0
S1-283767559	S2-284901027	S2	D		59.0
S1-211055650	S2-71854422	S2	D		73.0
S1-211055650	S3-413305473	S3	B		
S1-214366368	S3-211682939	S3	B		
S1-214366368	S3-739983755	S3	B		
S1-446621907	S2-57651201	S2	A		
S1-617480816	S2-674068028	S2	A		
S1-511036066	S3-267104781	S3	D		36.0
S1-852987594	S2-943712531	S2	B		
S1-852987594	S3-271218007	S3	A		
S1-479103619	S2-286739315	S2	B		
S1-397888505	S3-315749345	S3	D		45.0
S1-702827481	S3-825391859	S3	B		
S1-49868450	S3-62984604	S3	B		
S1-911401710	S3-923433503	S3	D		56.0
S1-675114084	S3-11742594	S3	D		73.0
S1-864217957	S3-692607923	S3	B		
S1-919069267	S3-724113027	S3	B		
S1-60114662	S3-67733921	S3	D		41.0
S1-625874531	S2-769217657	S2	D		107.0
S1-738442218	S3-950928174	S3	B		
S1-154200092	S3-197807328	S3	B		
S1-253620510	S3-369184751	S3	B		
S1-989342028	S3-340454634	S3	A		
S1-961200002	S3-58228266	S3	B		
S1-152330287	S3-367506173	S3	A		
S1-152330287	S3-823190358	S3	B		
S1-638442583	S3-80704466	S3	D		96.0
S1-177570286	S3-360629087	S3	A		
S1-164106816	S3-974049032	S3	B		
S1-164106816	S3-291407632	S3	B		
S1-418521650	S3-576180576	S3	A		
S1-483223431	S3-404050479	S3	A		
S1-382231539	S2-792828067	S2	D		43.0
S1-382231539	S2-147951377	S2	D		42.0
S1-407692847	S3-943455260	S3	A		
S1-478804382	S3-123682857	S3	D		47.0
S1-478804382	S3-838160083	S3	D		48.0
S1-478804382	S3-105647246	S3	A		
S1-478804382	S2-386167994	S2	D		45.0
S1-478804382	S2-949124193	S2	D		46.0
S1-701434501	S2-970065880	S2	D		34.0
S1-701434501	S3-289377529	S3	D		43.0
S1-479599514	S2-322921723	S2	B		
S1-479599514	S3-305054283	S3	B		
S1-206622555	S2-15311198	S2	A		
S1-155311623	S3-224863517	S3	A		
S1-674710803	S3-405402098	S3	B		
S1-405803646	S3-714279013	S3	D		56.0
S1-242332414	S3-890294032	S3	B		
S1-242332414	S2-751909198	S2	A		
S1-622995390	S3-329101465	S3	D		47.0
S1-795482325	S2-554849223	S2	B		
S1-795482325	S2-388170332	S2	B		
S1-795482325	S3-572355202	S3	D		42.0
S1-795482325	S2-433564831	S2	B		
S1-795482325	S3-661399194	S3	D		57.0
S1-595552353	S2-583952369	S2	B		
S1-924701457	S3-769680381	S3	B		
S1-714769421	S3-291419604	S3	D		65.0
S1-167834639	S2-366108040	S2	D		37.0
S1-167834639	S3-976430160	S3	D		35.0
S1-167834639	S3-213461065	S3	E	rank 20 <= topk but missing from candidates	
S1-578504859	S3-815676085	S3	D		50.0
S1-838832984	S2-342702653	S2	D		77.0
S1-608939385	S3-581710156	S3	B		
S1-657837012	S2-226319877	S2	E	rank 11 <= topk but missing from candidates	
S1-657837012	S2-383763817	S2	E	rank 13 <= topk but missing from candidates	
S1-657837012	S3-355292675	S3	D		33.0
S1-657837012	S2-582467810	S2	B		
S1-150884424	S3-749161817	S3	B		
S1-779865732	S3-44955372	S3	D		90.0
S1-95972311	S3-208045631	S3	B		
S1-959064873	S2-786467829	S2	B		
S1-880509313	S3-792313947	S3	D		69.0
S1-880509313	S3-991874487	S3	B		
S1-887034856	S3-767282239	S3	B		
S1-656477341	S2-920242527	S2	B		
S1-641400204	S2-287792179	S2	D		46.0
S1-641400204	S2-636236491	S2	E	rank 10 <= topk but missing from candidates	
S1-641400204	S2-836109662	S2	D		60.0
S1-731282333	S3-964319561	S3	A		
S1-711943389	S3-521976053	S3	D		36.0
S1-63912414	S3-982127116	S3	D		76.0
S1-660179262	S2-36760047	S2	D		69.0
S1-660179262	S2-443779315	S2	D		80.0
S1-660179262	S3-435754923	S3	D		87.0
S1-660179262	S3-757376102	S3	D		65.0
S1-94462074	S3-441150801	S3	A		
S1-784910972	S2-445022851	S2	D		52.0
S1-905363006	S3-953881602	S3	B		
S1-160575456	S2-279870191	S2	E	rank 27 <= topk but missing from candidates	
S1-160575456	S2-263724129	S2	D		41.0
S1-89735490	S2-647795033	S2	B		
S1-280061966	S3-930095182	S3	B		
S1-514833375	S2-206176579	S2	D		31.0
S1-387046947	S3-668499576	S3	B		
S1-912268126	S3-536422066	S3	D		56.0
S1-912268126	S2-903300298	S2	D		58.0
S1-912268126	S2-224316424	S2	D		55.0
S1-912268126	S3-792226355	S3	B		
S1-912268126	S3-189240346	S3	D		57.0
S1-865246132	S3-707526081	S3	B		
S1-865246132	S3-370227737	S3	B		
S1-829745023	S3-429776333	S3	D		138.0
S1-829745023	S3-36998771	S3	D		134.0
S1-272278470	S3-977574446	S3	B		
S1-514912257	S2-919199587	S2	B		
S1-409784174	S3-76883199	S3	B		
S1-684889222	S3-432254148	S3	B		
S1-432389940	S2-494345625	S2	D		33.0
S1-387663050	S3-902172917	S3	B		
S1-262084624	S3-153137520	S3	B		
S1-951355596	S3-346089936	S3	B		
S1-951355596	S3-766621088	S3	A		
S1-392822533	S2-648735669	S2	D		80.0
S1-722437171	S2-460923711	S2	B		
S1-722437171	S3-794030760	S3	B		
S1-73308096	S3-754908896	S3	B		
S1-993042405	S3-982768277	S3	B		
S1-479873477	S3-102709582	S3	A		
S1-749286160	S3-959186680	S3	B		
S1-403404662	S3-429181588	S3	D		63.0
S1-686402896	S3-464274527	S3	B		
S1-686402896	S2-66402224	S2	B		
S1-686402896	S2-109786076	S2	B		
S1-898654864	S3-513960843	S3	D		44.0
S1-351210940	S3-624479559	S3	A		
S1-65604299	S3-83577937	S3	B		
S1-65604299	S3-602147980	S3	B		
S1-65604299	S3-712002539	S3	B		
S1-553189273	S2-868320243	S2	A		
S1-580051267	S3-324731239	S3	B		
S1-849957500	S3-424546475	S3	B		
S1-5870732	S3-134978658	S3	D		47.0
S1-938307794	S3-722468522	S3	D		111.0
S1-142772326	S2-2600894	S2	D		60.0
S1-264200302	S3-520049152	S3	B		
S1-264200302	S3-509204361	S3	B		
S1-264200302	S2-500324042	S2	B		
S1-723261151	S3-159054844	S3	B		
S1-734678442	S2-380813784	S2	B		
S1-467949661	S2-507551011	S2	D		119.0
S1-467949661	S3-461333065	S3	D		69.0
S1-131464919	S2-392388392	S2	B		
S1-131464919	S3-321683823	S3	B		
S1-665896239	S3-228012120	S3	D		50.0
S1-665896239	S2-300874069	S2	D		34.0
S1-665896239	S3-773663464	S3	A		
S1-665896239	S2-895766406	S2	D		36.0
S1-665896239	S2-523855258	S2	D		35.0
S1-185964550	S2-373482826	S2	D		58.0
S1-185964550	S2-720486025	S2	D		57.0
S1-185964550	S2-802842610	S2	B		
S1-415153156	S3-482226673	S3	B		
S1-415153156	S2-402754060	S2	B		
S1-415153156	S2-4821788	S2	B		
S1-633445378	S2-997744107	S2	B		
S1-633445378	S2-384531090	S2	B		
S1-750087557	S2-503356978	S2	B		
S1-750087557	S3-162984372	S3	B		
S1-844153210	S3-949377274	S3	B		
S1-844153210	S2-429272798	S2	D		33.0
S1-734741072	S3-723404199	S3	A		
S1-734741072	S3-416920493	S3	B		
S1-734741072	S2-941834019	S2	D		93.0
S1-296124637	S2-317867685	S2	D		53.0
S1-742459279	S2-775056358	S2	B		
S1-742459279	S3-153381510	S3	D		55.0
S1-742459279	S3-485166518	S3	D		53.0
S1-661148246	S3-97377035	S3	B		
S1-477278645	S3-275003003	S3	B		
S1-793101822	S2-717487863	S2	D		62.0
S1-793101822	S3-136479777	S3	B		
S1-476933350	S3-568512803	S3	A		
S1-304772415	S2-639699235	S2	D		120.0
S1-661714388	S3-415620450	S3	D		57.0
S1-555352012	S2-985180068	S2	A		
S1-555352012	S3-749690373	S3	A		
S1-289320882	S2-885381159	S2	B		
S1-24663646	S3-490765222	S3	B		
S1-472007944	S3-781466558	S3	B		
S1-472007944	S2-266875916	S2	B		
S1-199724884	S2-505435189	S2	D		42.0
S1-895362554	S2-300542485	S2	B		
S1-452266128	S3-288418913	S3	B		
S1-254843215	S3-443449792	S3	B		
S1-681373337	S3-648660688	S3	A		
S1-360945738	S2-134663696	S2	D		60.0
S1-914470295	S3-783454748	S3	D		59.0
S1-523001571	S2-563929811	S2	D		67.0
S1-877912754	S2-799933897	S2	B		
S1-877912754	S3-38571507	S3	B		
S1-715916211	S3-722105456	S3	B		
S1-705447017	S3-423007802	S3	D		37.0
S1-854114973	S3-694566186	S3	D		66.0
S1-532211699	S3-470374288	S3	B		
S1-532211699	S3-330810977	S3	D		66.0
S1-11567798	S3-582854974	S3	B		
S1-11567798	S3-430747912	S3	D		95.0
S1-11567798	S3-489644282	S3	D		58.0
S1-610726723	S3-485071196	S3	A		
S1-610726723	S2-135210742	S2	A		
S1-418130994	S2-285965470	S2	D		80.0
S1-678003669	S3-901772591	S3	B		
S1-417204009	S2-435024987	S2	B		
S1-781526612	S3-149413489	S3	D		70.0
S1-499991416	S2-562575245	S2	D		120.0
S1-370946062	S2-220179033	S2	D		54.0
S1-932687281	S2-339734665	S2	D		54.0
S1-932687281	S2-277240306	S2	D		81.0
S1-304221761	S3-771471186	S3	A		
S1-581657750	S3-952598106	S3	D		51.0
S1-581657750	S2-544077932	S2	D		100.0
S1-702341133	S2-837947381	S2	B		
S1-433221942	S3-908392216	S3	D		84.0
S1-433221942	S2-401274310	S2	D		82.0
S1-433221942	S2-792714585	S2	D		70.0
S1-557548990	S3-873264417	S3	A		
S1-247716236	S3-433477555	S3	A		
S1-247716236	S3-222165040	S3	A		
S1-247716236	S2-964379145	S2	A		
S1-612903502	S3-31215090	S3	A		
S1-533310325	S2-474743066	S2	B		
S1-687746586	S2-63545422	S2	D		69.0
S1-216641400	S3-277810653	S3	B		
S1-395241139	S2-866435771	S2	D		70.0
S1-395241139	S3-227646230	S3	D		91.0
S1-395241139	S3-416112095	S3	B		
S1-594827763	S3-961600756	S3	B		
S1-594827763	S3-432946808	S3	B		
S1-594827763	S3-487690492	S3	A		
S1-150950923	S2-599592465	S2	B		
S1-125491279	S2-301309903	S2	D		208.0
S1-758313822	S3-451967064	S3	D		78.0
S1-735284244	S3-873731498	S3	A		
S1-374266054	S2-451274976	S2	D		32.0
S1-899650223	S2-584669918	S2	E	rank 15 <= topk but missing from candidates	
S1-899650223	S2-7578411	S2	D		52.0
S1-423571157	S2-397921776	S2	B		
S1-946803181	S3-936537882	S3	D		99.0
S1-385878322	S2-494805078	S2	D		45.0
S1-385878322	S2-421832708	S2	D		54.0
S1-641574073	S2-978298276	S2	D		42.0
S1-224521686	S3-884116282	S3	D		46.0
S1-247456949	S2-360268407	S2	D		91.0
S1-989602625	S2-903927862	S2	B		
S1-989602625	S3-982336507	S3	B		
S1-858950586	S3-85559319	S3	B		
S1-858950586	S2-325778055	S2	B		
S1-188732189	S3-589134206	S3	D		51.0
S1-188732189	S2-919503311	S2	D		50.0
S1-636532822	S2-157038361	S2	A		
S1-420496428	S2-178998844	S2	B		
S1-881553454	S3-100819147	S3	B		
S1-992100581	S3-148636596	S3	D		55.0
S1-225155227	S2-547090740	S2	B		
S1-780571797	S2-154621180	S2	A		
S1-789314887	S3-48172181	S3	B		
S1-236433657	S3-484560364	S3	D		62.0
S1-59718230	S2-575799959	S2	D		60.0
S1-385548577	S3-510992575	S3	D		45.0
S1-946651064	S3-248258627	S3	A		
S1-946651064	S2-396640643	S2	A		
S1-280275334	S2-253276473	S2	D		32.0
S1-280275334	S2-174570075	S2	B		
S1-930293828	S3-76113845	S3	B		
S1-870485867	S3-710386341	S3	A		
S1-870485867	S2-355352303	S2	B		
S1-870485867	S2-923157353	S2	B		
S1-319110004	S2-558585334	S2	B		
S1-319110004	S3-211434261	S3	B		
S1-319110004	S3-284509145	S3	A		
S1-423546163	S2-231273504	S2	D		59.0
S1-423546163	S3-227319462	S3	A		
S1-28086380	S3-356383260	S3	D		36.0
S1-28086380	S3-184753593	S3	D		37.0
S1-731537694	S2-773361618	S2	B		
S1-2607998	S3-54844727	S3	D		60.0
S1-2607998	S2-746982289	S2	D		58.0
S1-2607998	S3-868191150	S3	D		59.0
S1-2607998	S2-649043264	S2	D		57.0
S1-263291146	S3-87158607	S3	D		81.0
S1-427886140	S3-527790920	S3	B		
S1-729220556	S3-963532527	S3	A		
S1-729220556	S3-942631898	S3	A		
S1-729220556	S3-1110960	S3	D		137.0
S1-106874321	S2-156231604	S2	D		71.0
S1-948323195	S3-303864134	S3	B		
S1-285181167	S2-644686291	S2	D		68.0
S1-833105384	S3-349223736	S3	D		40.0
S1-440669006	S2-989566763	S2	B		
S1-388620426	S3-931473619	S3	D		70.0
S1-166066342	S3-709486700	S3	B		
S1-175312617	S3-879998567	S3	A		
S1-742540669	S2-387344315	S2	D		46.0
S1-742540669	S2-433711208	S2	D		43.0
S1-139116575	S3-289601207	S3	D		72.0
S1-335532163	S3-139065726	S3	D		36.0
S1-239681195	S2-630860	S2	D		62.0
S1-239681195	S2-339341571	S2	D		61.0
S1-51058587	S3-197670395	S3	D		44.0
S1-883381045	S3-749338358	S3	D		31.0
S1-161146207	S3-194700705	S3	B		
S1-161146207	S3-704726160	S3	D		55.0
S1-795462190	S3-187526769	S3	A		
S1-795462190	S2-886605702	S2	A		
S1-440034968	S3-194201485	S3	B		
S1-277158286	S2-714904204	S2	B		
S1-104836290	S3-850774381	S3	D		118.0
S1-709864508	S2-68121137	S2	D		76.0
S1-709864508	S3-651951643	S3	A		
S1-90020886	S2-434521125	S2	D		74.0
S1-404062522	S2-397568888	S2	B		
S1-328135688	S3-206539708	S3	A		
S1-328135688	S2-806552234	S2	A		
S1-328135688	S3-845561767	S3	D		179.0
S1-919518610	S3-218943336	S3	A		
S1-15628314	S3-85182310	S3	B		
S1-15628314	S2-366199954	S2	D		85.0
S1-156428994	S3-222398192	S3	D		87.0
S1-870531386	S3-498947744	S3	A		
S1-614252263	S3-895316545	S3	B		
S1-673215283	S3-541809876	S3	B		
S1-160403596	S3-726146332	S3	B		
S1-285435766	S3-380041711	S3	D		58.0
S1-285886098	S3-652564346	S3	B		
S1-720471405	S3-186632854	S3	E	rank 16 <= topk but missing from candidates	
S1-912834699	S2-470225686	S2	B		
S1-912834699	S2-600632104	S2	B		
S1-912834699	S3-935019825	S3	D		73.0
S1-965490903	S3-112067219	S3	E	rank 25 <= topk but missing from candidates	
S1-674380816	S3-85876616	S3	D		41.0
S1-211856622	S2-86297507	S2	A		
S1-129571928	S3-676955304	S3	B		
S1-21288512	S2-369652523	S2	B		
S1-21288512	S2-197000203	S2	B		
S1-443653699	S2-18430087	S2	A		
S1-188292435	S2-896185269	S2	D		58.0
S1-188292435	S3-455193599	S3	B		
S1-188292435	S3-104311300	S3	D		37.0
S1-188292435	S2-747981905	S2	D		59.0
S1-188292435	S3-493855929	S3	A		
S1-188292435	S3-968091071	S3	B		
S1-651702166	S3-357785532	S3	A		
S1-651702166	S2-736478976	S2	D		66.0
S1-427964341	S3-154231900	S3	B		
S1-411453533	S2-284939765	S2	B		
S1-355704417	S3-474925625	S3	B		
S1-653114095	S3-646334353	S3	D		66.0
S1-653114095	S3-275353464	S3	A		
S1-653114095	S3-515886247	S3	D		52.0
S1-331409409	S3-2630592	S3	A		
S1-296317927	S2-481635901	S2	D		62.0
S1-325364214	S3-787628789	S3	D		75.0
S1-427552006	S3-575664635	S3	A		
S1-403189729	S3-889830273	S3	B		
S1-403189729	S3-544945607	S3	B		
S1-403189729	S2-396248159	S2	E	rank 28 <= topk but missing from candidates	
S1-610882429	S3-479557959	S3	A		
S1-528641545	S3-129784150	S3	B		
S1-385680596	S3-693729521	S3	A		
S1-385680596	S3-472482173	S3	A		
S1-124571202	S3-561401505	S3	D		63.0
S1-398033672	S3-312976131	S3	D		34.0
S1-699991278	S3-527925912	S3	B		
S1-483942848	S2-660189779	S2	A		
S1-692073764	S3-172816522	S3	D		52.0
S1-692073764	S3-375046707	S3	B		
S1-692073764	S3-101004635	S3	E	rank 25 <= topk but missing from candidates	
S1-692073764	S3-957336510	S3	E	rank 24 <= topk but missing from candidates	
S1-789945583	S2-483955841	S2	B		
S1-457051305	S3-59655613	S3	A		
S1-863660422	S3-156629567	S3	B		
S1-499277130	S3-454631877	S3	B		
S1-982593575	S3-379852288	S3	D		55.0
S1-746136704	S3-414807061	S3	A		
S1-718942564	S2-750873680	S2	D		148.0
S1-643521037	S3-102937017	S3	D		63.0
S1-372396810	S2-32809306	S2	D		138.0
S1-169333621	S2-406355548	S2	D		61.0
S1-354888117	S3-961182981	S3	D		70.0
S1-349011922	S3-347706092	S3	A		
S1-184282301	S2-633285096	S2	D		40.0
S1-520426944	S2-755988439	S2	B		
S1-671121264	S3-358718405	S3	D		32.0
S1-735906026	S2-880143561	S2	D		45.0
S1-157948850	S3-120959980	S3	B		
S1-992973347	S2-920586226	S2	A		
S1-419880992	S2-279825502	S2	B		
S1-419880992	S2-298898378	S2	B		
S1-419880992	S3-622706276	S3	B		
S1-306663243	S3-197357687	S3	B		
S1-586329591	S3-313260096	S3	B		
S1-586329591	S2-356086518	S2	D		91.0
S1-435847687	S3-386616011	S3	B		
S1-741945141	S3-410958383	S3	D		34.0
S1-308282942	S2-379579914	S2	B		
S1-810040491	S3-55058371	S3	B		
S1-897667147	S2-33457795	S2	D		58.0
S1-897667147	S2-518742627	S2	A		
S1-897667147	S2-446331357	S2	A		
S1-949662375	S3-328600421	S3	D		68.0
S1-847689115	S3-505827660	S3	B		
S1-808058713	S2-745670487	S2	A		
S1-808058713	S2-630664804	S2	A		
S1-63837044	S2-574785974	S2	B		
S1-63837044	S2-191529798	S2	B		
S1-238028790	S3-298557524	S3	B		
S1-238028790	S2-98947045	S2	B		
S1-682668981	S3-212084815	S3	B		
S1-531772524	S3-469976805	S3	D		129.0
S1-421778181	S2-87637433	S2	B		
S1-647808814	S3-649003167	S3	D		75.0
S1-689338239	S3-725126879	S3	B		
S1-746286729	S2-997680705	S2	D		83.0
S1-746286729	S3-408787361	S3	B		
S1-264743517	S2-991045929	S2	B		
S1-193333650	S2-315451283	S2	D		119.0
S1-639432977	S3-180385475	S3	B		
S1-958629525	S3-456279172	S3	B		
S1-958629525	S3-293061815	S3	D		155.0
S1-958629525	S2-795846466	S2	D		153.0
S1-506674349	S3-81554297	S3	D		50.0
S1-506674349	S2-802398699	S2	D		53.0
S1-506674349	S3-260869957	S3	D		66.0
S1-475079076	S3-796491341	S3	B		
S1-426084046	S3-547522014	S3	B		
S1-478824954	S3-615616145	S3	A		
S1-478824954	S2-234128865	S2	A		
S1-478824954	S2-309278537	S2	A		
S1-973293280	S3-915343651	S3	B		
S1-415835181	S3-131890790	S3	A		
S1-203936845	S3-642946499	S3	E	rank 27 <= topk but missing from candidates	
S1-203936845	S3-297026451	S3	D		76.0
S1-92807193	S3-178009367	S3	D		57.0
S1-619053842	S3-311107477	S3	A		
S1-619053842	S3-131737148	S3	A		
S1-619053842	S2-433503382	S2	B		
S1-941896218	S2-271693492	S2	D		42.0
S1-150702712	S3-551104451	S3	A		
S1-784379444	S2-330584171	S2	B		
S1-92132738	S3-736410050	S3	D		89.0
S1-693113969	S3-235776212	S3	A		
S1-693113969	S2-573746689	S2	D		60.0
S1-161148177	S3-734003674	S3	D		38.0
S1-949721557	S3-927093324	S3	D		67.0
S1-157002263	S3-533749251	S3	A		
S1-90631894	S3-839768166	S3	D		80.0
S1-719107085	S3-419541894	S3	D		120.0
S1-719107085	S3-529392125	S3	B		
S1-416469045	S3-154119219	S3	D		34.0
S1-15480937	S2-684712219	S2	B		
S1-15480937	S2-771939103	S2	B		
S1-15480937	S3-173826879	S3	B		
S1-27317352	S2-423824580	S2	B		
S1-27317352	S3-107805580	S3	B		
S1-442309463	S2-889056800	S2	B		
S1-335420391	S3-992563045	S3	B		
S1-332698105	S3-203492279	S3	A		
S1-393575789	S2-874262655	S2	D		67.0
S1-393575789	S2-793330747	S2	D		60.0
S1-527964303	S2-652900350	S2	D		31.0
S1-10682758	S2-316067986	S2	D		121.0
S1-124395510	S3-531369771	S3	D		78.0
S1-124395510	S3-561107183	S3	D		35.0
S1-928680790	S2-782634465	S2	A		
S1-928680790	S2-295843745	S2	A		
S1-953198970	S3-666471773	S3	B		
S1-714752285	S3-7952689	S3	B		
S1-968131921	S3-966946744	S3	D		41.0
S1-968131921	S2-469441716	S2	D		42.0
S1-943950784	S2-995470873	S2	D		55.0
S1-221124971	S3-219773461	S3	D		43.0
S1-606173424	S2-271456593	S2	D		49.0
S1-911896772	S2-532716282	S2	B		
S1-340372795	S2-957911807	S2	B		
S1-340372795	S3-693785191	S3	B		
S1-847909796	S3-780644165	S3	A		
S1-847909796	S3-116050410	S3	A		
S1-832766138	S3-883240137	S3	D		66.0
S1-942664860	S3-762827440	S3	A		
S1-48247818	S3-124541645	S3	D		52.0
S1-488704085	S2-56659239	S2	B		
S1-214861076	S3-311856781	S3	D		44.0
S1-936042473	S3-587581722	S3	A		
S1-154642266	S2-717724809	S2	B		
S1-154642266	S3-825169417	S3	E	rank 8 <= topk but missing from candidates	
S1-424259706	S2-115081761	S2	D		47.0
S1-43756622	S3-374618354	S3	D		195.0
S1-697493006	S2-756650010	S2	D		40.0
S1-697493006	S3-417266431	S3	D		78.0
S1-956135922	S2-430875794	S2	A		
S1-60869702	S3-628847507	S3	D		49.0
S1-198677403	S2-542110921	S2	A		
S1-571355343	S3-462483873	S3	D		89.0
S1-497323873	S3-183292272	S3	A		
S1-246797544	S2-40466786	S2	A		
S1-165249495	S2-219089392	S2	B		
S1-58791203	S3-856406721	S3	B		
S1-599907353	S2-218857675	S2	B		
S1-847173787	S3-685452423	S3	B		
S1-952654880	S3-895114586	S3	D		31.0
S1-856240113	S2-85256668	S2	B		
S1-521949665	S3-769173593	S3	A		
S1-103010167	S3-746050367	S3	D		94.0
S1-434531744	S3-325383610	S3	D		41.0
S1-476273116	S3-991897341	S3	B		
S1-421939958	S2-145509439	S2	D		71.0
S1-42019833	S3-521113701	S3	A		
S1-42019833	S2-109804214	S2	D		163.0
S1-42019833	S3-993442216	S3	B		
S1-288947151	S3-703159807	S3	D		68.0
S1-856107209	S3-634964029	S3	B		
S1-632912176	S3-572877319	S3	B		
S1-208768313	S3-615379990	S3	A		
S1-817999362	S3-559198007	S3	D		131.0
S1-808796632	S3-629773505	S3	B		
S1-808796632	S3-602556761	S3	B		
S1-257554814	S2-359834425	S2	D		69.0
S1-939692314	S3-766120162	S3	B		
S1-697662316	S3-154369933	S3	B		
S1-892670507	S2-705060896	S2	D		43.0
S1-613613971	S2-866139857	S2	B		
S1-911542851	S3-145428829	S3	B		
S1-942942183	S2-364827319	S2	D		54.0
S1-272614947	S2-810607799	S2	D		86.0
S1-350267012	S2-794173888	S2	D		36.0
S1-604688584	S3-527313575	S3	D		70.0
S1-959197369	S3-919020066	S3	B		
S1-959197369	S3-210808393	S3	B		
S1-562516874	S3-205600947	S3	A		
S1-95465750	S3-969948242	S3	B		
S1-95465750	S2-701842453	S2	D		122.0
S1-806445586	S2-448735584	S2	D		53.0
S1-170318060	S3-112702982	S3	D		33.0
S1-380544168	S2-273433706	S2	B		
S1-380544168	S3-326294092	S3	D		54.0
S1-362406568	S3-281204355	S3	D		61.0
S1-362406568	S3-60624613	S3	D		59.0
S1-362406568	S3-357281030	S3	D		60.0
S1-404754280	S2-329620947	S2	D		73.0
S1-504476312	S3-103158018	S3	D		41.0
S1-810071543	S3-181559170	S3	B		
S1-810071543	S2-818539136	S2	B		
S1-287054744	S2-205019605	S2	D		53.0
S1-57044614	S2-286222313	S2	B		
S1-824706528	S3-230559369	S3	A		
S1-241096345	S3-138871400	S3	B		
S1-241096345	S3-903890804	S3	A		
S1-184885475	S3-414791162	S3	B		
S1-876713910	S2-522333646	S2	D		42.0
S1-652230754	S2-118577381	S2	E	rank 18 <= topk but missing from candidates	
S1-293322085	S3-310776982	S3	D		58.0
S1-781936395	S3-36668136	S3	E	rank 26 <= topk but missing from candidates	
S1-124945261	S3-207690486	S3	D		97.0
S1-124945261	S2-988569186	S2	D		107.0
S1-232934096	S2-26607537	S2	D		37.0
S1-232934096	S2-301243678	S2	D		40.0
S1-232934096	S2-508735289	S2	D		38.0
S1-232934096	S3-62600442	S3	D		39.0
S1-98324694	S3-684405203	S3	B		
S1-422083012	S3-734444984	S3	B		
S1-330209186	S3-349299710	S3	D		86.0
S1-175125123	S3-159395708	S3	D		39.0
S1-509058351	S3-128855001	S3	A		
S1-509058351	S3-222851580	S3	A		
S1-985324622	S3-198373719	S3	D		40.0
S1-827310290	S3-354271738	S3	D		58.0
S1-21709674	S3-712275667	S3	D		76.0
S1-239237242	S2-314254624	S2	D		102.0
S1-356821514	S2-321372560	S2	A		
S1-31510898	S2-259493920	S2	B		
S1-753944386	S2-77026705	S2	B		
S1-753944386	S2-459926162	S2	B		
S1-115254730	S3-190284004	S3	B		
S1-966808613	S3-768516574	S3	B		
S1-358601175	S2-477222895	S2	D		42.0
S1-561147951	S3-943587877	S3	B		
S1-888428858	S2-944639882	S2	B		
S1-662822776	S3-39914351	S3	B		
S1-813095857	S2-219851340	S2	A		
S1-866088525	S2-702846357	S2	D		163.0
S1-866088525	S3-112280643	S3	D		134.0
S1-120324780	S3-673059771	S3	B		
S1-120324780	S2-110179801	S2	D		164.0
S1-726954203	S3-761480065	S3	B		
S1-442141001	S3-611933789	S3	D		57.0
S1-974218115	S3-81450965	S3	D		92.0
S1-299494365	S3-896199181	S3	D		93.0
S1-681661591	S2-840244740	S2	A		
S1-793691167	S3-758744427	S3	B		
S1-594831361	S3-708075485	S3	D		59.0
S1-564510390	S3-63049697	S3	B		
S1-564510390	S2-439707514	S2	A		
S1-490740843	S3-850662204	S3	B		
S1-508251458	S3-626299371	S3	D		33.0
S1-558867478	S2-53469845	S2	D		90.0
S1-541119397	S3-380492417	S3	D		60.0
S1-541119397	S3-129851521	S3	D		61.0
S1-836144139	S2-272258494	S2	D		68.0
S1-836144139	S3-652798511	S3	D		61.0
S1-631120188	S3-301518087	S3	D		72.0
S1-641575625	S2-573919371	S2	D		60.0
S1-133524578	S2-371183478	S2	D		74.0
S1-133524578	S2-994553346	S2	D		70.0
S1-573601074	S2-754393822	S2	D		31.0
S1-968173323	S3-119244964	S3	A		
S1-127635842	S3-723335022	S3	D		56.0
S1-32082133	S2-291745140	S2	B		
S1-93162487	S2-472464065	S2	E	rank 25 <= topk but missing from candidates	
S1-93162487	S3-822159254	S3	A		
S1-104740066	S3-446439025	S3	D		72.0
S1-104740066	S2-972247551	S2	D		94.0
S1-104740066	S2-667725624	S2	D		79.0
S1-146465150	S2-703163419	S2	D		70.0
S1-41455909	S2-460116085	S2	D		67.0
S1-41455909	S2-234615010	S2	B		
S1-303257542	S3-520413927	S3	D		57.0
S1-451600224	S3-5669003	S3	D		87.0
S1-93040544	S3-662950590	S3	D		73.0
S1-814195152	S2-489155328	S2	B		
S1-759786749	S2-342549624	S2	B		
S1-759786749	S2-196996305	S2	D		43.0
S1-75312169	S2-693317558	S2	B		
S1-355903856	S3-109723312	S3	D		70.0
S1-916400654	S2-474858664	S2	D		50.0
S1-928061570	S2-107670742	S2	A		
S1-135290271	S2-928791010	S2	A		
S1-715110264	S2-604827299	S2	A		
S1-715110264	S3-769691810	S3	D		56.0
S1-715110264	S3-489077077	S3	D		67.0
S1-184112563	S3-996874380	S3	D		55.0
S1-463405045	S3-347441885	S3	B		
S1-835641754	S3-888399813	S3	D		109.0
S1-607563631	S2-871971069	S2	D		46.0
S1-169349325	S3-350109995	S3	B		
S1-51682383	S2-639768901	S2	B		
S1-157898188	S2-545893067	S2	D		62.0
S1-668737865	S2-350617777	S2	E	rank 14 <= topk but missing from candidates	
S1-668737865	S3-758344357	S3	B		
S1-627315014	S3-751691588	S3	A		
S1-349924881	S2-497458918	S2	B		
S1-555272186	S3-716673009	S3	A		
S1-429247746	S3-314018228	S3	B		
S1-464006138	S3-207028356	S3	A		
S1-516455567	S2-246386695	S2	B		
S1-225347033	S3-21371730	S3	D		86.0
S1-411746203	S3-644805023	S3	A		
S1-309588327	S3-20587659	S3	E	rank 28 <= topk but missing from candidates	
S1-480330293	S2-177499788	S2	D		38.0
S1-480330293	S2-793843985	S2	D		37.0
S1-696555613	S3-642643811	S3	A		
S1-736233036	S3-914307860	S3	B		
S1-736233036	S3-881284922	S3	B		
S1-736233036	S3-755353854	S3	D		50.0
S1-48408439	S3-484373643	S3	E	rank 26 <= topk but missing from candidates	
S1-292667639	S3-767426868	S3	D		209.0
S1-684015833	S2-522012070	S2	B		
S1-684015833	S2-715217522	S2	B		
S1-485226425	S3-350421992	S3	A		
S1-299296120	S2-470664579	S2	A		
S1-645250736	S3-356867136	S3	D		72.0
S1-960566796	S2-862032020	S2	B		
S1-150734931	S2-621235288	S2	A		
S1-732935897	S3-326889465	S3	A		
S1-789293302	S2-341905533	S2	B		
S1-262597752	S2-371728300	S2	A		
S1-452977168	S2-43783768	S2	B		
S1-647405472	S3-429112232	S3	D		134.0
S1-19933885	S3-615153045	S3	D		67.0
S1-902007934	S3-605249596	S3	D		59.0
S1-902007934	S3-415158218	S3	D		79.0
S1-902007934	S3-34730849	S3	D		50.0
S1-470525208	S3-489450257	S3	B		
S1-923529163	S3-817789288	S3	D		78.0
S1-923529163	S3-576088539	S3	B		
S1-923529163	S2-571674687	S2	A		
S1-772737958	S3-339471493	S3	B		
S1-622995528	S3-311906458	S3	D		273.0
S1-453696161	S3-626709903	S3	B		
S1-566658836	S2-131857329	S2	A		
S1-566658836	S2-320153641	S2	B		
S1-749398318	S3-855867636	S3	B		
S1-972564806	S3-826246912	S3	A		
S1-716804375	S3-784593072	S3	B		
S1-431571316	S3-844107824	S3	B		
S1-431571316	S3-413421832	S3	B		
S1-617200966	S2-427478081	S2	D		49.0
S1-61854761	S2-940029714	S2	D		34.0
S1-754782164	S3-682302522	S3	A		
S1-927038108	S2-790885546	S2	A		
S1-269408692	S2-623361802	S2	A		
S1-80872590	S2-64693836	S2	D		72.0
S1-415017761	S3-169725930	S3	E	rank 29 <= topk but missing from candidates	
S1-415017761	S2-323343692	S2	E	rank 28 <= topk but missing from candidates	
S1-627680008	S3-312777005	S3	A		
S1-627680008	S2-359989815	S2	D		65.0
S1-583692333	S2-390258413	S2	A		
S1-583692333	S2-267136990	S2	E	rank 25 <= topk but missing from candidates	
S1-632907047	S3-956521790	S3	B		
S1-632907047	S3-863082390	S3	B		
S1-632907047	S2-665745404	S2	B		
S1-80370054	S3-61500153	S3	D		48.0
S1-798450242	S3-645488216	S3	A		
S1-608124676	S2-615108136	S2	D		55.0
S1-608124676	S3-450468490	S3	D		69.0
S1-67691503	S3-551438637	S3	B		
S1-536316958	S3-389300990	S3	B		
S1-492192002	S3-880497180	S3	B		
S1-187913490	S3-190470957	S3	B		
S1-665175421	S3-113407246	S3	D		123.0
S1-665175421	S3-339622462	S3	D		51.0
S1-169242053	S3-122714730	S3	A		
S1-415499554	S2-5976736	S2	D		92.0
S1-69284383	S3-19409426	S3	B		
S1-852880093	S3-264324902	S3	D		52.0
S1-852880093	S2-124408874	S2	D		50.0
S1-852880093	S2-806121054	S2	D		51.0
S1-506670228	S3-995518104	S3	D		77.0
S1-901371959	S3-303022171	S3	A		
S1-431275570	S3-965933896	S3	A		
S1-228779699	S3-806523913	S3	B		
S1-710146963	S3-940536973	S3	B		
S1-286349987	S3-622958968	S3	D		76.0
S1-286349987	S3-759402255	S3	D		41.0
S1-21864389	S3-909272642	S3	D		39.0
S1-21864389	S3-446603784	S3	E	rank 6 <= topk but missing from candidates	
S1-190488599	S3-349913772	S3	B		
S1-190488599	S2-760717801	S2	B		
S1-309531920	S3-60543545	S3	D		51.0
S1-309531920	S3-595198437	S3	D		77.0
S1-78381776	S3-145507168	S3	D		107.0
S1-522486141	S3-206053846	S3	B		
S1-337216112	S3-271165745	S3	B		
S1-383397341	S2-879031873	S2	B		
S1-182879845	S3-422953901	S3	D		32.0
S1-86474075	S2-164995629	S2	D		35.0
S1-86474075	S2-389771618	S2	E	rank 16 <= topk but missing from candidates	
S1-86474075	S2-247007935	S2	E	rank 29 <= topk but missing from candidates	
S1-86474075	S3-579760990	S3	D		34.0
S1-389306404	S3-98826843	S3	D		60.0
S1-935003162	S3-145240849	S3	B		
S1-935003162	S3-213551517	S3	D		70.0
S1-948249761	S3-469929764	S3	B		
S1-855309355	S2-277651427	S2	A		
S1-855309355	S2-681660231	S2	A		
S1-855309355	S3-941938084	S3	E	rank 8 <= topk but missing from candidates	
S1-855309355	S2-382250416	S2	B		
S1-490585639	S3-299945105	S3	B		
S1-375177860	S2-150268780	S2	D		47.0
S1-375177860	S2-867283463	S2	D		63.0
S1-468568736	S3-561460530	S3	A		
S1-748412983	S2-696300332	S2	D		41.0
S1-748412983	S3-271543386	S3	D		58.0
S1-748412983	S3-562619225	S3	D		59.0
S1-745340392	S3-424529018	S3	A		
S1-548734879	S3-643037088	S3	A		
S1-548734879	S2-65312966	S2	A		
S1-548734879	S3-325483953	S3	A		
S1-38372178	S3-659314548	S3	B		
S1-263607313	S3-62923887	S3	D		106.0
S1-263607313	S2-102548749	S2	B		
S1-336669400	S2-244116755	S2	B		
S1-336669400	S2-799993669	S2	B		
S1-921418613	S2-111861584	S2	A		
S1-921418613	S3-737682514	S3	B		
S1-921418613	S3-41092750	S3	A		
S1-588049367	S2-206199084	S2	D		39.0
S1-434499169	S2-491010815	S2	D		31.0
S1-548295458	S3-492998908	S3	D		100.0
S1-779367393	S2-469589264	S2	B		
S1-779367393	S3-844335879	S3	A		
S1-779367393	S2-86324851	S2	B		
S1-535769767	S2-839863234	S2	A		
S1-173937908	S2-888287562	S2	A		
S1-173937908	S3-90961925	S3	D		53.0
S1-645363749	S3-365228456	S3	B		
S1-645363749	S2-495586516	S2	B		
S1-567077815	S3-581592181	S3	D		69.0
S1-567077815	S2-317014066	S2	B		
S1-208626836	S3-214254777	S3	B		
S1-208626836	S2-562469593	S2	D		41.0
S1-927869982	S3-998129106	S3	A		
S1-395357757	S2-36135404	S2	B		
S1-814549931	S3-558801850	S3	B		
S1-473412269	S2-433480441	S2	B		
S1-473412269	S2-201885325	S2	B		
S1-897135927	S2-651629545	S2	A		
S1-314617853	S3-478060972	S3	B		
S1-790643810	S3-182248212	S3	E	rank 15 <= topk but missing from candidates	
S1-654588747	S3-470155334	S3	B		
S1-525859961	S3-743392917	S3	B		
S1-816413952	S2-208104702	S2	B		
S1-816413952	S3-870263295	S3	D		55.0
S1-816413952	S3-258408633	S3	D		49.0
S1-561138474	S2-793949604	S2	D		60.0
S1-256060520	S3-215178294	S3	B		
S1-204455254	S3-58175453	S3	D		126.0
S1-946351469	S3-540723162	S3	D		107.0
S1-946351469	S2-296904791	S2	B		
S1-390428280	S3-212027015	S3	D		50.0
S1-955253252	S2-20918501	S2	D		173.0
S1-313185792	S2-564403092	S2	B		
S1-21700161	S2-874157500	S2	D		54.0
S1-229040877	S3-393848574	S3	B		
S1-22320723	S3-945628272	S3	A		
S1-964642619	S3-108141402	S3	D		62.0
S1-964642619	S3-430188349	S3	D		61.0
S1-862880530	S3-873323082	S3	D		75.0
S1-286950122	S3-479560347	S3	D		51.0
S1-660245346	S3-858944697	S3	D		66.0
S1-12080295	S2-321937288	S2	B		
S1-12080295	S3-779456184	S3	B		
S1-385428683	S3-873972738	S3	B		
S1-939547597	S3-819594351	S3	E	rank 26 <= topk but missing from candidates	
S1-939547597	S2-250764057	S2	E	rank 7 <= topk but missing from candidates	
S1-116671555	S3-19143632	S3	E	rank 15 <= topk but missing from candidates	
S1-116671555	S3-245582151	S3	B		
S1-349488085	S2-850087794	S2	B		
S1-186083140	S3-577144950	S3	B		
S1-386692957	S3-525731637	S3	D		38.0
S1-537595493	S3-823754796	S3	D		52.0
S1-279628610	S2-822262014	S2	D		70.0
S1-670278853	S3-354985573	S3	D		94.0
S1-778931053	S3-891645796	S3	D		99.0
S1-778931053	S2-460492522	S2	D		96.0
S1-256979002	S3-321368936	S3	A		
S1-256979002	S3-519023702	S3	D		59.0
S1-770794354	S3-819022477	S3	D		68.0
S1-216248239	S3-422406415	S3	B		
S1-216248239	S2-210452809	S2	B		
S1-774289704	S3-589430527	S3	B		
S1-695800783	S3-336270727	S3	A		
S1-695800783	S3-44908333	S3	D		56.0
S1-695800783	S3-960010831	S3	D		44.0
S1-871227236	S3-667463604	S3	B		
S1-415823157	S3-34862356	S3	D		53.0
S1-415823157	S2-907102851	S2	B		
S1-415823157	S2-605943132	S2	B		
S1-564641820	S3-341811585	S3	B		
S1-369396734	S3-579859464	S3	D		146.0
S1-758023595	S2-458306477	S2	B		
S1-758023595	S3-585746749	S3	B		
S1-170893954	S3-59811966	S3	D		56.0
S1-170893954	S2-131450581	S2	D		95.0
S1-170893954	S3-46006305	S3	D		117.0
S1-170893954	S2-131885112	S2	D		98.0
S1-958311789	S3-117277651	S3	B		
S1-172561499	S3-7254042	S3	B		
S1-172561499	S3-694335104	S3	B		
S1-172561499	S3-210227679	S3	B		
S1-313322532	S3-136096292	S3	A		
S1-768646592	S3-910833202	S3	B		
S1-768646592	S3-782875434	S3	B		
S1-790430063	S3-269338826	S3	B		
S1-442570160	S2-565473285	S2	A		
S1-20018231	S3-551516433	S3	A		
S1-20018231	S3-97329412	S3	B		
S1-128152193	S3-686490204	S3	B		
S1-627814695	S3-618614268	S3	D		70.0
S1-950241806	S2-371192642	S2	B		
S1-950241806	S3-905993606	S3	A		
S1-829667232	S3-854557947	S3	A		
S1-829667232	S3-608212273	S3	D		93.0
S1-416297505	S3-914439081	S3	D		80.0
S1-645084567	S3-536321328	S3	D		62.0
S1-645084567	S2-692928962	S2	D		59.0
S1-645084567	S3-100083672	S3	D		60.0
S1-645084567	S2-279970843	S2	D		61.0
S1-283797037	S2-64057817	S2	B		
S1-134659111	S3-656765896	S3	B		
S1-843304564	S3-647906299	S3	A		
S1-772586164	S2-322664038	S2	B		
S1-503838617	S2-498134961	S2	A		
S1-923456138	S3-298554802	S3	A		
S1-923456138	S3-111157834	S3	A		
S1-403415489	S3-402486610	S3	D		99.0
S1-744273111	S3-849454855	S3	B		
S1-744273111	S3-15336371	S3	A		
S1-326421680	S3-464184575	S3	D		78.0
S1-962256138	S2-840295713	S2	E	rank 24 <= topk but missing from candidates	
S1-776471734	S2-458300456	S2	A		
S1-416922914	S3-263338935	S3	B		
S1-878630891	S3-383491828	S3	D		57.0
S1-878630891	S3-720024949	S3	D		59.0
S1-411571100	S3-919828289	S3	B		
S1-411571100	S3-942928868	S3	B		
S1-411571100	S3-250600889	S3	B		
S1-25175736	S3-863718792	S3	D		55.0
S1-664831039	S3-889178358	S3	D		31.0
S1-160450806	S3-347755408	S3	E	rank 22 <= topk but missing from candidates	
S1-724027473	S3-327975919	S3	B		
S1-859264442	S3-521913691	S3	D		71.0
S1-473570966	S3-816076454	S3	D		51.0
S1-971754272	S2-269419749	S2	D		63.0
S1-971754272	S2-209749783	S2	D		60.0
S1-971754272	S3-154335489	S3	D		62.0
S1-971754272	S2-646120768	S2	D		61.0
S1-472101539	S2-63412152	S2	B		
S1-472101539	S3-101218215	S3	B		
S1-471016003	S2-422528816	S2	B		
S1-245222363	S2-267730758	S2	D		63.0
S1-330672838	S3-263121606	S3	E	rank 24 <= topk but missing from candidates	
S1-108089768	S3-391453384	S3	D		90.0
S1-108089768	S2-173031159	S2	B		
S1-169427986	S2-969900785	S2	D		44.0
S1-169427986	S3-734083973	S3	A		
S1-916805387	S3-295408914	S3	A		
S1-916805387	S3-462521818	S3	E	rank 19 <= topk but missing from candidates	
S1-916805387	S2-902424551	S2	D		58.0
S1-418869619	S3-278367711	S3	B		
S1-4408370	S2-157973170	S2	B		
S1-4408370	S2-580598902	S2	B		
S1-4408370	S3-82187030	S3	B		
S1-182928665	S3-467624230	S3	A		
S1-665801083	S3-905990134	S3	B		
S1-665801083	S3-482152665	S3	B		
S1-665801083	S3-611993677	S3	B		
S1-55867691	S3-974248891	S3	B		
S1-881601759	S2-714922296	S2	D		31.0
S1-881601759	S3-495981068	S3	D		32.0
S1-356560117	S3-799092843	S3	D		66.0
S1-889432706	S3-779690608	S3	D		100.0
S1-889432706	S2-388281659	S2	B		
S1-139872041	S3-362672009	S3	A		
S1-782962881	S3-770573695	S3	B		
S1-846588220	S3-588173567	S3	D		47.0
S1-55322106	S3-387453200	S3	D		57.0
S1-158930528	S2-732693606	S2	D		70.0
S1-880640823	S3-974070707	S3	E	rank 17 <= topk but missing from candidates	
S1-940446977	S3-966139095	S3	A		
S1-734585625	S3-247239292	S3	B		
S1-21304480	S3-152412937	S3	D		46.0
S1-162853602	S2-448549694	S2	B		
S1-977296821	S3-175834435	S3	D		57.0
S1-977296821	S3-866997124	S3	D		60.0
S1-744795701	S3-332362470	S3	B		
S1-705228882	S3-808039510	S3	B		
S1-190509237	S2-640654168	S2	D		43.0
S1-190509237	S2-473595020	S2	D		44.0
S1-190509237	S3-439212815	S3	B		
S1-190509237	S3-5362197	S3	B		
S1-190509237	S3-628356177	S3	D		67.0
S1-789790899	S3-220914771	S3	D		138.0
S1-501459899	S2-313531211	S2	A		
S1-501459899	S2-611361694	S2	A		
S1-501459899	S3-692386201	S3	D		107.0
S1-926011922	S2-5815972	S2	A		
S1-492163611	S3-413584240	S3	B		
S1-858936296	S3-256398076	S3	D		78.0
S1-490651150	S3-710239624	S3	D		83.0
S1-430786530	S3-301625794	S3	D		49.0
S1-430786530	S3-478679799	S3	E	rank 24 <= topk but missing from candidates	
S1-430786530	S3-464042889	S3	D		56.0
S1-644177892	S3-882005358	S3	B		
S1-416269677	S3-860786401	S3	B		
S1-683136575	S3-215646935	S3	A		
S1-683136575	S2-219154752	S2	E	rank 12 <= topk but missing from candidates	
S1-509915755	S3-362564473	S3	D		120.0
S1-509915755	S3-423780983	S3	A		
S1-325501503	S2-226379419	S2	B		
S1-14115156	S2-3650249	S2	E	rank 9 <= topk but missing from candidates	
S1-777268619	S3-592981388	S3	D		48.0
S1-777268619	S3-348026414	S3	B		
S1-978176951	S3-696895492	S3	B		
S1-35698531	S2-543429743	S2	B		
S1-35698531	S2-547089697	S2	B		
S1-81868483	S3-951163642	S3	A		
S1-837612483	S3-637798070	S3	A		
S1-839516098	S3-705091541	S3	D		65.0
S1-166755803	S3-410894469	S3	B		
S1-131201109	S3-61187256	S3	B		
S1-131201109	S2-458935030	S2	D		59.0
S1-504882325	S3-533536005	S3	B		
S1-504882325	S3-564148425	S3	B		
S1-30285364	S3-379843103	S3	B		
S1-99356468	S3-605264786	S3	D		76.0
S1-226324481	S2-710886351	S2	D		70.0
S1-268403849	S3-100592037	S3	E	rank 26 <= topk but missing from candidates	
S1-361185425	S2-516586430	S2	D		61.0
S1-361185425	S3-157303468	S3	D		43.0
S1-361185425	S2-183996121	S2	D		36.0
S1-726889432	S2-831254175	S2	B		
S1-257118729	S3-125136470	S3	A		
S1-257118729	S3-90190443	S3	D		71.0
S1-460765336	S3-795640800	S3	E	rank 14 <= topk but missing from candidates	
S1-460765336	S2-387054336	S2	D		64.0
S1-252369870	S3-843770068	S3	D		86.0
S1-309348647	S2-755213094	S2	D		65.0
S1-152248657	S3-634982056	S3	D		46.0
S1-110521673	S3-210415994	S3	D		95.0
S1-262488397	S2-413207443	S2	D		80.0
S1-595196773	S2-379084660	S2	B		
S1-768180283	S3-842896101	S3	B		
S1-836224124	S3-806796989	S3	D		46.0
S1-836224124	S3-612572308	S3	D		37.0
S1-741049675	S2-156864343	S2	D		51.0
S1-741049675	S3-368529320	S3	D		56.0
S1-325251222	S3-938860323	S3	D		36.0
S1-308574749	S3-235096579	S3	D		53.0
S1-280669858	S3-174744912	S3	B		
S1-324863057	S3-498713138	S3	A		
S1-305564376	S2-591818173	S2	B		
S1-426022582	S3-552210036	S3	A		
S1-416358972	S3-235132760	S3	D		122.0
S1-822606824	S3-197741434	S3	B		
S1-415186506	S3-778933684	S3	A		
S1-415186506	S3-440921762	S3	D		50.0
S1-614090497	S3-265869457	S3	D		132.0
S1-261387972	S2-748998419	S2	D		53.0
S1-261387972	S2-646823283	S2	D		105.0
S1-402739579	S2-632233262	S2	D		58.0
S1-672717278	S3-537533307	S3	B		
S1-160948344	S2-893357879	S2	A		
S1-159717942	S3-563762135	S3	D		53.0
S1-641583331	S3-845710610	S3	D		65.0
S1-835392518	S2-354610784	S2	B		
S1-571954531	S3-630052193	S3	D		58.0
S1-210594502	S3-452732583	S3	D		42.0
S1-443317991	S3-761115650	S3	D		60.0
S1-443317991	S3-189844376	S3	D		41.0
S1-251389395	S3-10424768	S3	A		
S1-251389395	S2-368063706	S2	B		
S1-753134402	S2-317590364	S2	B		
S1-839730696	S2-344486196	S2	A		
S1-582844256	S2-18355469	S2	B		
S1-648405939	S3-365630561	S3	D		102.0
S1-931781166	S3-988060821	S3	D		44.0
S1-750867899	S3-744650472	S3	D		81.0
S1-428076514	S3-133753110	S3	D		39.0
S1-330077587	S3-312950991	S3	D		81.0
S1-214561858	S3-65260765	S3	D		60.0
S1-214561858	S2-804746244	S2	D		61.0
S1-903403083	S2-636620265	S2	D		59.0
S1-866219050	S2-691882401	S2	A		
S1-814925484	S2-366449298	S2	D		102.0
S1-128490487	S3-966900545	S3	D		78.0
S1-504565996	S3-428957805	S3	D		45.0
S1-999357439	S2-361302390	S2	B		
S1-999357439	S3-929045805	S3	B		
S1-175952939	S3-575831056	S3	B		
S1-867215508	S2-647193131	S2	B		
S1-867215508	S2-237035324	S2	B		
S1-135442635	S3-120448842	S3	D		55.0
S1-828187155	S3-914429435	S3	A		
S1-565700893	S2-459535608	S2	B		
S1-565700893	S2-964648729	S2	B		
S1-565700893	S3-321166870	S3	B		
S1-565700893	S2-96207851	S2	B		
S1-483067379	S3-848484548	S3	D		69.0
S1-483067379	S2-873831784	S2	D		53.0
S1-868003637	S2-12312862	S2	E	rank 27 <= topk but missing from candidates	
S1-868003637	S2-473003950	S2	B		
S1-634165115	S2-703246275	S2	B		
S1-39149875	S3-348765252	S3	E	rank 10 <= topk but missing from candidates	
S1-39149875	S3-636092767	S3	B		
S1-610511609	S3-930666101	S3	D		119.0
S1-600881358	S2-302995160	S2	B		
S1-345962648	S3-212573403	S3	D		50.0
S1-930533262	S3-903498135	S3	D		105.0
S1-709310832	S3-413310164	S3	B		
S1-376957579	S3-792330099	S3	B		
S1-116727333	S2-295303411	S2	A		
S1-225617269	S3-731207839	S3	D		43.0
S1-819785815	S3-939045248	S3	D		104.0
S1-507271038	S3-227967935	S3	B		
S1-127766805	S3-523190108	S3	D		100.0
S1-219696404	S3-771210271	S3	B		
S1-219696404	S3-310334646	S3	B		
S1-838752550	S3-113937193	S3	B		
S1-124886742	S2-484364496	S2	B		
S1-124886742	S2-381788267	S2	B		
S1-124886742	S3-805789109	S3	B		
S1-519157989	S2-708374770	S2	D		159.0
S1-315790539	S2-400714565	S2	E	rank 28 <= topk but missing from candidates	
S1-450785342	S2-247216969	S2	B		
S1-990516915	S3-518766322	S3	D		63.0
S1-67958001	S2-698735937	S2	B		
S1-320130737	S3-854148500	S3	A		
S1-320130737	S2-887569537	S2	B		
S1-692646849	S3-560272620	S3	A		
S1-692646849	S2-257734045	S2	B		
S1-694347611	S3-252603500	S3	B		
S1-694347611	S3-300435502	S3	B		
S1-443532978	S3-497248777	S3	D		54.0
S1-654329778	S3-181254199	S3	B		
S1-340236727	S3-648031840	S3	D		45.0
S1-340236727	S2-135380142	S2	A		
S1-340236727	S3-78620351	S3	D		44.0
S1-797418398	S3-421606380	S3	D		56.0
S1-815752072	S3-167926735	S3	D		92.0
S1-10056867	S3-93107823	S3	B		
S1-612975764	S3-928073019	S3	D		40.0
S1-330679967	S3-897528814	S3	A		
S1-330679967	S3-254397707	S3	B		
S1-622095631	S3-856229753	S3	D		50.0
S1-496306408	S3-738001762	S3	D		37.0
S1-248784742	S2-567966299	S2	B		
S1-904715363	S2-332740278	S2	B		
S1-602257883	S2-268031143	S2	D		55.0
S1-602257883	S2-925921765	S2	D		60.0
S1-766696100	S3-943842682	S3	A		
S1-986710338	S2-689417102	S2	B		
S1-986710338	S3-621889702	S3	B		
S1-818735630	S3-222261227	S3	A		
S1-9630194	S3-190710764	S3	D		56.0
S1-41091671	S3-11921154	S3	D		67.0
S1-670642677	S3-231023162	S3	D		52.0
S1-323283253	S3-325571657	S3	D		40.0
S1-323283253	S2-78817082	S2	D		52.0
S1-323283253	S2-575275940	S2	D		41.0
S1-729862980	S2-162544290	S2	A		
S1-729862980	S3-824820596	S3	A		
S1-729862980	S2-771185124	S2	A		
S1-908651448	S2-971000721	S2	B		
S1-715805821	S2-769479984	S2	D		48.0
S1-126956682	S2-553954545	S2	B		
S1-430748614	S3-952273822	S3	B		
S1-430748614	S2-574926417	S2	A		
S1-279664598	S3-105172670	S3	D		57.0
S1-402871511	S3-733664628	S3	B		
S1-18698751	S3-874253194	S3	D		106.0
S1-18698751	S3-779995153	S3	D		48.0
S1-464267112	S3-468740586	S3	A		
S1-757098754	S2-812729094	S2	D		34.0
S1-757098754	S3-956924825	S3	D		56.0
S1-757098754	S2-798778215	S2	D		52.0
S1-757098754	S2-476526149	S2	D		51.0
S1-923399265	S2-393832760	S2	D		60.0
S1-730231547	S2-77660120	S2	D		44.0
S1-396884597	S2-20079564	S2	B		
S1-791377169	S2-357746159	S2	A		
S1-791377169	S3-324584727	S3	B		
S1-732769233	S2-600709346	S2	D		51.0
S1-732769233	S3-285648182	S3	D		50.0
S1-213213760	S2-155240249	S2	B		
S1-213213760	S2-247056625	S2	D		123.0
S1-558720094	S2-426913930	S2	D		45.0
S1-595967397	S3-286987164	S3	D		32.0
S1-595967397	S3-641197285	S3	B		
S1-683023948	S2-2383200	S2	D		33.0
S1-49461717	S3-168571082	S3	E	rank 15 <= topk but missing from candidates	
S1-817080124	S3-25641524	S3	B		
S1-817080124	S2-37481776	S2	B		
S1-157284726	S3-75585722	S3	D		34.0
S1-327549953	S3-773045158	S3	A		
S1-673571778	S3-483314510	S3	B		
S1-942880560	S3-381765479	S3	B		
S1-542847876	S3-485665912	S3	D		69.0
S1-42341971	S2-686589429	S2	B		
S1-285239715	S3-994902600	S3	A		
S1-481897962	S2-238590282	S2	A		
S1-379055519	S2-815286122	S2	B		
S1-47507830	S3-184005743	S3	A		
S1-975822816	S2-79373963	S2	B		
S1-363973204	S3-483818344	S3	A		
S1-363973204	S2-172975687	S2	A		
S1-544971928	S3-441676972	S3	B		
S1-670120278	S2-78665647	S2	B		
S1-670120278	S3-259795169	S3	A		
S1-268169021	S3-198275288	S3	D		52.0
S1-268169021	S2-457538830	S2	D		53.0
S1-268169021	S2-675840463	S2	B		
S1-913583677	S3-216504319	S3	B		
S1-886435846	S2-372214810	S2	B		
S1-993109804	S3-855935334	S3	E	rank 21 <= topk but missing from candidates	
S1-125541725	S3-229934571	S3	B		
S1-695963759	S2-752942714	S2	D		50.0
S1-695963759	S3-800699933	S3	D		53.0
S1-695963759	S2-397525831	S2	D		63.0
S1-738619153	S3-545573006	S3	D		41.0
S1-738619153	S3-372661489	S3	A		
S1-738619153	S2-372607546	S2	D		40.0
S1-738619153	S3-219432380	S3	B		
S1-170022973	S3-617705329	S3	A		
S1-885817950	S2-108606759	S2	B		
S1-230738223	S3-214963842	S3	A		
S1-267088609	S3-637063099	S3	D		62.0
S1-696644064	S3-166929700	S3	A		
S1-457462877	S3-316426876	S3	A		
S1-434094201	S2-525957985	S2	B		
S1-434094201	S2-966029967	S2	E	rank 27 <= topk but missing from candidates	
S1-379114815	S3-289817040	S3	D		38.0
S1-849746609	S2-190319534	S2	A		
S1-849746609	S2-625458164	S2	A		
S1-898175068	S2-498092253	S2	D		138.0
S1-667590454	S2-896000234	S2	B		
S1-832471931	S3-846558889	S3	B		
S1-688463057	S3-902100505	S3	B		
S1-688463057	S3-775338243	S3	B		
S1-895644739	S3-210618831	S3	A		
S1-518606910	S2-576953173	S2	B		
S1-316056484	S3-993038197	S3	B		
S1-291681150	S3-975932597	S3	D		58.0
S1-291681150	S2-551621498	S2	B		
S1-525724784	S3-229848340	S3	D		82.0
S1-697679329	S3-924132470	S3	B		
S1-682078184	S2-136393210	S2	B		
S1-53923570	S3-118446642	S3	B		
S1-53923570	S3-887673358	S3	B		
S1-125805688	S3-81529955	S3	A		
S1-125805688	S2-497279634	S2	A		
S1-434097091	S3-931446323	S3	D		65.0
S1-686549704	S3-681792042	S3	B		
S1-832069148	S3-477947299	S3	D		111.0
S1-587456089	S3-916568000	S3	D		58.0
S1-587456089	S3-563470135	S3	E	rank 29 <= topk but missing from candidates	
S1-218556326	S3-179076562	S3	A		
S1-218556326	S2-197122475	S2	A		
S1-574239906	S3-509674293	S3	D		63.0
S1-524968896	S2-724366778	S2	A		
S1-339631952	S3-398507720	S3	D		34.0
S1-563099878	S2-414833176	S2	D		106.0
S1-111815798	S3-987165879	S3	B		
S1-566657851	S2-726655544	S2	A		
S1-566657851	S2-31560811	S2	A		
S1-566657851	S2-98282076	S2	B		
S1-186193517	S2-154241096	S2	B		
S1-186193517	S3-344096948	S3	B		
S1-186193517	S2-351759607	S2	B		
S1-887082310	S3-874576716	S3	D		60.0
S1-179699952	S2-91364703	S2	B		
S1-179699952	S3-548865839	S3	B		
S1-595579497	S3-439045678	S3	E	rank 11 <= topk but missing from candidates	
S1-581103395	S3-733807064	S3	B		
S1-152143593	S2-29739851	S2	A		
S1-776134977	S2-824856931	S2	D		71.0
S1-776134977	S2-144070674	S2	D		75.0
S1-976184689	S3-15083783	S3	B		
S1-731820762	S2-578813911	S2	D		42.0
S1-731820762	S3-791723304	S3	A		
S1-411356920	S3-506443916	S3	B		
S1-373640815	S3-545673078	S3	D		72.0
S1-373640815	S2-853934612	S2	D		59.0
S1-637114526	S3-753735124	S3	B		
S1-341857692	S2-757639020	S2	B		
S1-149485921	S3-596054643	S3	A		
S1-128139046	S3-672941980	S3	A		
S1-557805833	S3-70697875	S3	D		106.0
S1-557805833	S3-46236654	S3	D		123.0
S1-309426125	S2-101749386	S2	B		
S1-309426125	S2-882384409	S2	A		
S1-309426125	S3-47306622	S3	B		
S1-159797632	S2-243439084	S2	B		
S1-853491460	S3-291418390	S3	A		
S1-33551248	S2-15995399	S2	B		
S1-529612254	S3-136079103	S3	D		111.0
S1-299948805	S3-409976754	S3	B		
S1-87154823	S3-697203196	S3	A		
S1-278996229	S3-273062591	S3	A		
S1-653003979	S2-659054360	S2	D		93.0
S1-653003979	S2-493187098	S2	A		
S1-303593898	S3-51503699	S3	B		
S1-183918132	S3-339542547	S3	B		
S1-183918132	S3-635506928	S3	A		
S1-458620833	S3-617917900	S3	B		
S1-389276862	S2-773254688	S2	A		
S1-333648217	S2-28482477	S2	D		151.0
S1-333648217	S3-618792774	S3	D		150.0
S1-477056952	S3-455459831	S3	D		89.0
S1-139710619	S2-134369558	S2	A		
S1-933614143	S3-324980387	S3	B		
S1-389645644	S2-236164687	S2	A		
S1-243012325	S2-960690270	S2	B		
S1-17165937	S3-795882575	S3	D		51.0
S1-17165937	S3-139867033	S3	A		
S1-386285249	S3-393038911	S3	B		
S1-711604307	S3-8752207	S3	A		
S1-711604307	S3-908656909	S3	B		
S1-866458326	S2-649796012	S2	B		
S1-377679570	S3-94353769	S3	D		59.0
S1-721539464	S3-356060932	S3	D		78.0
S1-240398278	S3-569764032	S3	A		
S1-845108628	S3-146164070	S3	E	rank 5 <= topk but missing from candidates	
S1-671974488	S3-746006352	S3	D		88.0
S1-725803284	S3-868097555	S3	B		
S1-702955485	S2-836435976	S2	D		43.0
S1-227476439	S3-900005284	S3	A		
S1-717145139	S3-145698136	S3	D		128.0
S1-717145139	S3-991625111	S3	D		113.0
S1-717145139	S3-240780588	S3	D		68.0
S1-51634750	S2-164598474	S2	B		
S1-997445311	S3-980989456	S3	A		
S1-235767465	S2-918945866	S2	D		66.0
S1-174871552	S3-227299488	S3	D		53.0
S1-174871552	S3-825972145	S3	D		67.0
S1-174871552	S3-711225269	S3	D		66.0
S1-235936799	S3-952185765	S3	B		
S1-32284690	S2-925173013	S2	B		
S1-903258558	S3-179345202	S3	E	rank 29 <= topk but missing from candidates	
S1-194134072	S3-759017854	S3	D		122.0
S1-393434330	S2-998730520	S2	A		
S1-629360526	S3-958545439	S3	D		35.0
S1-851757259	S2-768513705	S2	B		
S1-196668016	S3-497379834	S3	A		
S1-196668016	S3-554198644	S3	B		
S1-121903296	S2-977921435	S2	B		
S1-50640423	S2-841769984	S2	B		
S1-948488624	S3-152166105	S3	D		49.0
S1-912954245	S2-102456917	S2	D		72.0
S1-184187898	S2-163565476	S2	D		42.0
S1-273186145	S2-635672260	S2	A		
S1-839208713	S3-884518409	S3	A		
S1-839208713	S3-495866858	S3	A		
S1-233521836	S3-336424609	S3	A		
S1-952668949	S2-561672643	S2	D		130.0
S1-993618935	S2-878454260	S2	A		
S1-360911244	S3-821277099	S3	D		78.0
S1-360911244	S2-287854504	S2	D		57.0
S1-360911244	S3-687698037	S3	D		126.0
S1-185410999	S3-849560648	S3	B		
S1-515887731	S3-376027949	S3	A		
S1-42287693	S3-947004186	S3	A		
S1-218431492	S2-102595216	S2	A		
S1-218431492	S2-873344494	S2	A		
S1-218431492	S2-426586125	S2	A		
S1-838695494	S2-361507445	S2	B		
S1-544382512	S3-434446318	S3	A		
S1-860574350	S3-112873257	S3	B		
S1-864508766	S3-140876875	S3	D		195.0
S1-272401571	S2-848947285	S2	A		
S1-272401571	S3-985739839	S3	D		56.0
S1-138954401	S3-770893325	S3	D		46.0
S1-316796458	S3-687211093	S3	B		
S1-244838544	S3-840632771	S3	B		
S1-777891906	S3-854776436	S3	A		
S1-777891906	S3-274878083	S3	B		
S1-173283044	S3-742364140	S3	D		56.0
S1-937737473	S2-986312753	S2	B		
S1-734204924	S3-830110754	S3	A		
S1-509704964	S3-435696181	S3	B		
S1-509704964	S2-892849674	S2	B		
S1-509704964	S3-192422725	S3	B		
S1-246058126	S3-638039586	S3	B		
S1-888713713	S3-654635769	S3	D		65.0
S1-334403222	S2-638644028	S2	B		
S1-762088489	S2-432406831	S2	B		
S1-644379571	S3-983509906	S3	D		42.0
S1-595472068	S2-416124266	S2	B		
S1-638031653	S3-138559512	S3	A		
S1-624278147	S2-975595189	S2	A		
S1-657956131	S2-721473472	S2	D		42.0
S1-657956131	S2-50928677	S2	B		
S1-881788135	S3-572826131	S3	B		
S1-881788135	S2-406701175	S2	B		
S1-737127703	S2-738306163	S2	B		
S1-780233284	S2-477093586	S2	A		
S1-886556255	S3-430497140	S3	B		
S1-84298518	S3-115437359	S3	B		
S1-136222613	S3-349559045	S3	D		58.0
S1-878639666	S2-774796877	S2	A		
S1-815407976	S2-273688182	S2	B		
S1-969560911	S3-154396568	S3	B		
S1-969560911	S2-878973606	S2	B		
S1-273585295	S3-479003261	S3	D		107.0
S1-52465352	S3-70599982	S3	B		
S1-819761934	S3-445024887	S3	A		
S1-821068248	S3-722934267	S3	D		40.0
S1-914944007	S2-519479387	S2	B		
S1-914944007	S2-730276703	S2	B		
S1-649399843	S3-123025450	S3	D		47.0
S1-32488323	S3-965523367	S3	D		62.0
S1-32488323	S2-58522480	S2	D		58.0
S1-32488323	S3-78506126	S3	D		61.0
S1-32488323	S3-625090079	S3	D		59.0
S1-653045166	S3-907312507	S3	B		
S1-653045166	S3-593153018	S3	B		
S1-653045166	S3-503855153	S3	A		
S1-653045166	S3-486719372	S3	B		
S1-78557271	S2-387294142	S2	B		
S1-643363070	S3-713896723	S3	D		52.0
S1-361428629	S3-598024980	S3	B		
S1-361428629	S3-542636137	S3	A		
S1-996846428	S2-844877977	S2	B		
S1-962300293	S3-722366779	S3	D		95.0
S1-614979750	S3-960954616	S3	B		
S1-807274741	S3-201983684	S3	D		31.0
S1-105720850	S2-111245801	S2	B		
S1-42142634	S3-203582871	S3	B		
S1-828541016	S3-675213339	S3	D		75.0
S1-90763062	S3-243610160	S3	D		131.0
S1-90763062	S3-427522434	S3	B		
S1-906264032	S3-343454675	S3	B		
S1-590219905	S3-50476224	S3	B		
S1-816283950	S3-329155708	S3	B		
S1-21285499	S3-417188804	S3	A		
S1-511137201	S2-729499239	S2	D		38.0
S1-511137201	S2-379897166	S2	D		71.0
S1-934260800	S3-199690881	S3	D		38.0
S1-512406518	S3-326397530	S3	B		
S1-329104999	S3-256368308	S3	B		
S1-697298002	S3-348090975	S3	E	rank 28 <= topk but missing from candidates	
S1-644525748	S2-809945368	S2	D		91.0
S1-299605941	S3-10742740	S3	D		35.0
S1-299605941	S3-370114109	S3	B		
S1-152656650	S3-562103982	S3	E	rank 10 <= topk but missing from candidates	
S1-841830854	S2-996123666	S2	D		192.0
S1-932520429	S3-824617908	S3	D		132.0
S1-829758718	S3-446291604	S3	B		
S1-984544393	S2-123518773	S2	E	rank 25 <= topk but missing from candidates	
S1-77620279	S3-137340668	S3	D		40.0
S1-734294112	S3-475844569	S3	B		
S1-530295166	S3-875795436	S3	D		50.0
S1-530295166	S3-251826259	S3	D		101.0
S1-530295166	S2-627272334	S2	D		49.0
S1-530295166	S3-94980420	S3	B		
S1-364868825	S2-45548919	S2	B		
S1-581713116	S2-68340681	S2	B		
S1-581713116	S2-73817338	S2	B		
S1-716238922	S3-537198438	S3	A		
S1-575441570	S3-557341518	S3	E	rank 16 <= topk but missing from candidates	
S1-116585133	S2-396651351	S2	E	rank 23 <= topk but missing from candidates	
S1-263990149	S2-344201609	S2	A		
S1-239978548	S2-918170052	S2	B		
S1-495195152	S3-662511583	S3	B		
S1-495195152	S2-219789173	S2	D		55.0
S1-495195152	S2-639399038	S2	D		53.0
S1-130426675	S2-596963862	S2	A		
S1-130426675	S2-486446571	S2	A		
S1-835424523	S2-644967772	S2	A		
S1-807598417	S2-365245109	S2	B		
S1-807598417	S3-664753869	S3	A		
S1-807598417	S2-910937003	S2	B		
S1-762192580	S3-577463496	S3	E	rank 14 <= topk but missing from candidates	
S1-324212366	S3-925348820	S3	D		51.0
S1-732698583	S3-411018962	S3	B		
S1-727511826	S3-121600493	S3	A		
S1-727511826	S2-99406563	S2	B		
S1-727511826	S2-157087145	S2	D		40.0
S1-450839654	S2-896440228	S2	B		
S1-274025938	S2-684510501	S2	D		56.0
S1-38380172	S2-351004223	S2	B		
S1-82800155	S3-607309615	S3	B		
S1-82800155	S3-493630286	S3	B		
S1-639993116	S2-753540471	S2	B		
S1-494732887	S3-318122847	S3	B		
S1-899586082	S3-773513512	S3	A		
S1-569418863	S3-168239131	S3	D		45.0
S1-569418863	S3-292365242	S3	A		
S1-474203455	S2-716883846	S2	B		
S1-474203455	S2-268847035	S2	D		49.0
S1-474203455	S3-273098292	S3	B		
S1-474203455	S3-287856949	S3	B		
S1-971429600	S3-336428643	S3	B		
S1-959807777	S2-965854378	S2	D		82.0
S1-131751791	S3-153251051	S3	B		
S1-274112001	S3-839038876	S3	B		
S1-457830534	S2-866861050	S2	D		58.0
S1-892897453	S3-652688482	S3	B		
S1-892897453	S3-896812846	S3	A		
S1-253034875	S2-185880234	S2	B		
S1-607736453	S2-308161789	S2	B		
S1-245405057	S3-704139657	S3	D		43.0
S1-384052158	S3-69975720	S3	B		
S1-86080439	S3-690595679	S3	A		
S1-504379959	S2-275208075	S2	D		69.0
S1-143838806	S3-931527277	S3	B		
S1-443784648	S2-319047480	S2	B		
S1-443784648	S2-572423842	S2	A		
S1-443784648	S3-84565672	S3	A		
S1-779302367	S2-291804977	S2	D		133.0
S1-323301635	S3-865920030	S3	B		
S1-138905107	S3-459626501	S3	B		
S1-486114982	S2-457623052	S2	A		
S1-927021216	S3-541081948	S3	B		
S1-69712222	S2-472127206	S2	B		
S1-506315464	S3-66976206	S3	B		
S1-630776691	S2-381756102	S2	B		
S1-582784535	S3-317977816	S3	B		
S1-582784535	S2-393940782	S2	B		
S1-586012785	S2-117828557	S2	D		180.0
S1-550960042	S2-68205292	S2	D		53.0
S1-806681448	S3-55613272	S3	B		
S1-465186675	S3-451484708	S3	B		
S1-465186675	S3-565054329	S3	B		
S1-320025866	S3-177146384	S3	D		111.0
S1-893529569	S3-363549671	S3	A		
S1-893529569	S2-2721897	S2	B		
S1-825820524	S2-704872678	S2	B		
S1-657515076	S3-678793924	S3	D		60.0
S1-399263875	S2-207892082	S2	B		
S1-156368406	S3-607016455	S3	B		
S1-177679460	S3-419116797	S3	D		36.0
S1-836548770	S2-651348774	S2	E	rank 23 <= topk but missing from candidates	
S1-323459195	S3-627795126	S3	A		
S1-9761432	S2-316755332	S2	B		
S1-886297655	S3-610419232	S3	D		63.0
S1-466437706	S2-26203661	S2	B		
S1-986775685	S2-391985152	S2	E	rank 14 <= topk but missing from candidates	
S1-670763791	S2-41067682	S2	B		
S1-343781577	S3-272595904	S3	B		
S1-343781577	S3-823558635	S3	E	rank 23 <= topk but missing from candidates	
S1-490542354	S3-15415721	S3	B		
S1-896206839	S2-76454650	S2	A		
S1-896206839	S3-845157746	S3	A		
S1-329545037	S3-416904018	S3	D		47.0
S1-607808745	S3-389952277	S3	A		
S1-554215286	S3-871812510	S3	D		73.0
S1-554215286	S3-273251757	S3	B		
S1-370096305	S2-216131330	S2	B		
S1-219117375	S2-534094535	S2	A		
S1-219117375	S2-891007164	S2	A		
S1-272097669	S3-989332414	S3	B		
S1-153350113	S3-552992772	S3	A		
S1-153350113	S3-747572395	S3	E	rank 26 <= topk but missing from candidates	
S1-437826924	S3-177334360	S3	D		78.0
S1-475582776	S2-511653249	S2	D		64.0
S1-663631266	S3-858260375	S3	D		37.0
S1-811213270	S3-879532006	S3	B		
S1-811213270	S2-309622713	S2	E	rank 28 <= topk but missing from candidates	
S1-29266148	S3-300812268	S3	B		
S1-367782452	S2-46585865	S2	D		80.0
S1-746138847	S3-823560507	S3	A		
S1-125533360	S3-954523958	S3	B		
S1-207730965	S3-760499121	S3	E	rank 15 <= topk but missing from candidates	
S1-466393928	S3-540906349	S3	D		123.0
S1-466393928	S2-551386944	S2	B		
S1-466393928	S2-723401983	S2	B		
S1-324633937	S3-175554629	S3	B		
S1-523199607	S2-71810404	S2	B		
S1-44761925	S3-276018512	S3	A		
S1-44761925	S3-332172726	S3	B		
S1-829708128	S3-783379615	S3	D		65.0
S1-773751740	S2-635793162	S2	D		98.0
S1-401474862	S2-924585876	S2	D		41.0
S1-573449105	S3-23847061	S3	A		
S1-746524405	S3-367591680	S3	B		
S1-746524405	S2-154345016	S2	D		42.0
S1-686516858	S3-655963824	S3	E	rank 21 <= topk but missing from candidates	
S1-26102186	S3-722662895	S3	D		42.0
S1-325667710	S3-91408975	S3	E	rank 24 <= topk but missing from candidates	
S1-756573017	S3-865355160	S3	D		32.0
S1-756573017	S3-398096858	S3	E	rank 26 <= topk but missing from candidates	
S1-36625948	S2-839897865	S2	D		53.0
S1-245799838	S2-492395702	S2	D		159.0
S1-120022024	S3-281497246	S3	B		
S1-324397435	S3-261073061	S3	E	rank 24 <= topk but missing from candidates	
S1-183578467	S3-865315594	S3	B		
S1-621622054	S3-193466402	S3	A		
S1-574394435	S3-915209733	S3	D		145.0
S1-574394435	S2-746462868	S2	A		
S1-135540375	S3-314396940	S3	B		
S1-135540375	S2-269826511	S2	B		
S1-58019225	S2-63550129	S2	A		
S1-58019225	S2-552361635	S2	B		
S1-58019225	S3-948280561	S3	D		60.0
S1-58019225	S2-468426778	S2	D		51.0
S1-58019225	S2-748905724	S2	B		
S1-70484878	S2-684176454	S2	A		
S1-974363569	S2-894063162	S2	A		
S1-531965857	S2-723822009	S2	B		
S1-656454064	S3-807705901	S3	B		
S1-656454064	S3-144651099	S3	B		
S1-656454064	S3-460924781	S3	B		
S1-749364623	S3-920661737	S3	B		
S1-749364623	S2-998146208	S2	B		
S1-228786727	S3-201745795	S3	B		
S1-253154304	S2-901275949	S2	D		84.0
S1-750989137	S2-196510334	S2	B		
S1-513952228	S2-565804459	S2	B		
S1-104701649	S3-53246530	S3	D		100.0
S1-104701649	S2-750771497	S2	D		97.0
S1-104701649	S3-918115174	S3	D		95.0
S1-592030651	S3-241946341	S3	B		
S1-592030651	S2-479375014	S2	D		82.0
S1-106207289	S3-686762368	S3	D		55.0
S1-106207289	S2-142745036	S2	D		56.0
S1-106207289	S3-888778830	S3	D		57.0
S1-151170546	S2-261539332	S2	B		
S1-483775043	S3-260371231	S3	B		
S1-483775043	S2-586148083	S2	A		
S1-483775043	S3-981896211	S3	B		
S1-483775043	S2-56143960	S2	B		
S1-766622207	S3-410352541	S3	D		69.0
S1-47160835	S3-153420246	S3	D		91.0
S1-47160835	S2-948732493	S2	D		90.0
S1-47160835	S2-199717066	S2	D		65.0
S1-254550206	S2-685229365	S2	D		54.0
S1-866318226	S3-700157144	S3	D		54.0
S1-866318226	S3-310457114	S3	D		55.0
S1-185263565	S2-666633567	S2	B		
S1-185263565	S2-570865232	S2	B		
S1-880200991	S2-478395566	S2	B		
S1-744933606	S3-614456386	S3	E	rank 9 <= topk but missing from candidates	
S1-123729835	S2-807964375	S2	B		
S1-123729835	S3-803411197	S3	A		
S1-681123483	S3-25995253	S3	B		
S1-669067892	S3-299184974	S3	D		100.0
S1-664629470	S3-502841247	S3	D		48.0
S1-498133580	S3-267400219	S3	B		
S1-849764727	S2-259598103	S2	D		92.0
S1-849764727	S3-407113507	S3	D		91.0
S1-849764727	S2-812288957	S2	D		93.0
S1-245183708	S3-266075565	S3	D		32.0
S1-127884913	S2-287354188	S2	B		
S1-517841312	S3-17125934	S3	D		81.0
S1-144276757	S3-853532050	S3	D		62.0
S1-489739848	S3-237784617	S3	A		
S1-486613304	S3-537699673	S3	B		
S1-486613304	S3-342291572	S3	D		141.0
S1-660998660	S2-331664007	S2	B		
S1-617335115	S3-317441844	S3	A		
S1-617335115	S3-356261773	S3	A		
S1-260510597	S2-383334503	S2	A		
S1-297461980	S3-51198430	S3	A		
S1-470484001	S2-847056407	S2	B		
S1-127307237	S3-706840046	S3	D		45.0
S1-258665037	S3-991690918	S3	A		
S1-258665037	S3-853559135	S3	A		
S1-670863971	S3-822927221	S3	D		111.0
S1-775022992	S3-400616976	S3	D		60.0
S1-204667899	S3-296050295	S3	D		51.0
S1-120814007	S3-759078659	S3	B		
S1-233291997	S2-811249888	S2	E	rank 11 <= topk but missing from candidates	
S1-233291997	S3-733864725	S3	D		44.0
S1-635275251	S3-576509048	S3	B		
S1-443848739	S3-630459264	S3	D		51.0
S1-641743982	S3-340806905	S3	A		
S1-383899619	S3-699638678	S3	A		
S1-878773706	S3-292805516	S3	A		
S1-878773706	S3-267074175	S3	A		
S1-746922522	S3-559171751	S3	B		
S1-579567978	S3-291210444	S3	D		31.0
S1-72104618	S2-794183131	S2	A		
S1-480923170	S3-56868460	S3	D		75.0
S1-101930326	S3-768251978	S3	B		
S1-307981149	S3-676280109	S3	B		
S1-835859626	S3-605171686	S3	B		
S1-549253629	S3-979551388	S3	B		
S1-876912	S2-13317814	S2	B		
S1-876912	S2-886195834	S2	B		
S1-916094533	S2-894197754	S2	B		
S1-87577529	S3-81872896	S3	D		71.0
S1-432117754	S2-868543434	S2	D		52.0
S1-990089865	S3-949833329	S3	A		
S1-527443886	S3-278450168	S3	A		
S1-136496303	S3-505598558	S3	B		
S1-706412861	S2-955297686	S2	B		
S1-706412861	S2-928905962	S2	B		
S1-671076907	S3-495818826	S3	B		
S1-671076907	S2-797092318	S2	B		
S1-671076907	S3-644563387	S3	A		
S1-922446077	S3-167987474	S3	D		39.0
S1-20008093	S3-216580325	S3	B		
S1-755508773	S3-388346522	S3	E	rank 14 <= topk but missing from candidates	
S1-387101714	S2-111905191	S2	A		
S1-882505007	S2-538216423	S2	D		126.0
S1-401715855	S3-874413209	S3	D		77.0
S1-197628792	S3-232227007	S3	B		
S1-342389078	S3-773061779	S3	B		
S1-342389078	S3-141561566	S3	B		
S1-772156953	S3-741577660	S3	B		
S1-57080236	S3-254266826	S3	D		54.0
S1-57080236	S2-312789674	S2	D		46.0
S1-457688014	S3-201398587	S3	B		
S1-457688014	S2-84105463	S2	B		
S1-288788812	S3-657635006	S3	B		
S1-288788812	S3-633184118	S3	B		
S1-288788812	S3-198355673	S3	D		54.0
S1-288788812	S3-928618108	S3	B		
S1-455524337	S2-75748649	S2	D		129.0
S1-624863545	S2-794688298	S2	D		139.0
S1-624863545	S2-789619906	S2	D		70.0
S1-887292940	S3-760769943	S3	D		60.0
S1-887292940	S2-185231522	S2	D		59.0
S1-79871925	S2-268019202	S2	B		
S1-165074878	S2-53531167	S2	B		
S1-774012649	S2-206669123	S2	B		
S1-774012649	S3-196436763	S3	B		
S1-490800304	S2-680687254	S2	B		
S1-281533908	S2-342835358	S2	B		
S1-329568596	S3-22935449	S3	D		31.0
S1-664359198	S2-703569365	S2	D		62.0
S1-191018892	S2-340764532	S2	B		
S1-191018892	S3-444750204	S3	B		
S1-191018892	S2-586033427	S2	B		
S1-263040309	S3-929384243	S3	D		83.0
S1-194119121	S2-466007600	S2	A		
S1-384524366	S2-813189823	S2	B		
S1-705626654	S2-176398077	S2	D		55.0
S1-705626654	S3-274903941	S3	D		54.0
S1-358360336	S3-113257121	S3	B		
S1-644260925	S3-920007863	S3	D		58.0
S1-545631086	S3-341447936	S3	D		42.0
S1-286994544	S2-943084883	S2	A		
S1-95802510	S3-934303359	S3	D		54.0
S1-174700471	S3-372331503	S3	A		
S1-381540680	S2-225804572	S2	A		
S1-98308051	S3-104051794	S3	B		
S1-98308051	S2-634620873	S2	B		
S1-597471334	S3-748074971	S3	D		85.0
S1-523636832	S3-304785727	S3	D		79.0
S1-200096306	S2-891252557	S2	D		39.0
S1-200096306	S2-155112538	S2	D		40.0
S1-479908246	S3-947025406	S3	B		
S1-479908246	S3-143829848	S3	A		
S1-56368908	S3-460097668	S3	A		
S1-999111643	S2-93950842	S2	B		
S1-967922523	S2-733800673	S2	B		
S1-877008713	S3-620955046	S3	B		
S1-877008713	S3-184218121	S3	B		
S1-849062713	S2-564562474	S2	A		
S1-212072156	S3-152565231	S3	D		73.0
S1-96619148	S2-977612307	S2	D		62.0
S1-29973818	S3-816451552	S3	B		
S1-76536399	S3-802104605	S3	A		
S1-76536399	S3-892057128	S3	A		
S1-946943086	S3-40390517	S3	D		99.0
S1-946943086	S3-915857340	S3	D		39.0
S1-258287518	S3-849802334	S3	D		44.0
S1-258287518	S2-68267800	S2	D		81.0
S1-258287518	S3-96727203	S3	D		52.0
S1-367109866	S2-702955522	S2	B		
S1-367109866	S2-90397544	S2	A		
S1-976215115	S3-122255991	S3	E	rank 4 <= topk but missing from candidates	
S1-976215115	S2-910587500	S2	E	rank 8 <= topk but missing from candidates	
S1-976215115	S3-62249152	S3	E	rank 11 <= topk but missing from candidates	
S1-301445331	S2-737337897	S2	B		
S1-301445331	S3-601168326	S3	A		
S1-194646730	S2-966739698	S2	B		
S1-282377585	S3-623089399	S3	B		
S1-282377585	S3-23301142	S3	E	rank 6 <= topk but missing from candidates	
S1-282377585	S2-845216499	S2	B		
S1-282377585	S2-563994133	S2	B		
S1-349316899	S3-972648491	S3	B		
S1-621915667	S2-610605948	S2	B		
S1-621915667	S3-57093981	S3	B		
S1-621915667	S3-120164575	S3	D		61.0
S1-621915667	S2-471682957	S2	D		60.0
S1-537855975	S3-712472020	S3	B		
S1-888570352	S3-480653296	S3	D		80.0
S1-44810256	S3-976492080	S3	B		
S1-128885986	S3-681294127	S3	B		
S1-128885986	S3-915466666	S3	B		
S1-128885986	S3-157758884	S3	A		
S1-128885986	S3-516529629	S3	B		
S1-48007792	S2-149900105	S2	B		
S1-48007792	S2-635698695	S2	B		
S1-48007792	S2-439628107	S2	B		
S1-48007792	S3-625096341	S3	B		
S1-48007792	S3-330648116	S3	B		
S1-24724295	S2-346223093	S2	B		
S1-24724295	S3-337295198	S3	B		
S1-579989979	S2-75799272	S2	D		69.0
S1-692315960	S3-327249254	S3	A		
S1-319835551	S3-21797511	S3	D		81.0
S1-844480677	S3-650852064	S3	B		
S1-998660925	S3-502449887	S3	D		32.0
S1-905396917	S3-375183129	S3	B		
S1-666339451	S3-567767658	S3	D		44.0
S1-783506027	S2-617844114	S2	B		
S1-892273784	S3-161039332	S3	D		66.0
S1-892273784	S2-662505941	S2	E	rank 30 <= topk but missing from candidates	
S1-906406459	S3-394700462	S3	D		40.0
S1-140645059	S3-122178532	S3	D		70.0
S1-140645059	S2-198944725	S2	D		69.0
S1-140645059	S3-594809712	S3	D		65.0
S1-46929329	S2-741706229	S2	D		88.0
S1-421568761	S2-418391967	S2	B		
S1-421568761	S2-823351782	S2	D		60.0
S1-659502789	S2-141939197	S2	D		87.0
S1-659502789	S2-993274032	S2	D		74.0
S1-528935111	S3-531402102	S3	B		
S1-528935111	S3-567755754	S3	B		
S1-210482124	S3-319729645	S3	B		
S1-618932135	S3-240128837	S3	D		63.0
S1-665197550	S3-713460751	S3	D		32.0
S1-665197550	S3-453613355	S3	B		
S1-665197550	S2-104708405	S2	B		
S1-575492420	S3-3266246	S3	B		
S1-690781596	S2-332190445	S2	D		58.0
S1-865996757	S3-124182958	S3	D		49.0
S1-725076754	S3-632658858	S3	B		
S1-154617289	S3-229506092	S3	B		
S1-140385886	S3-950627427	S3	B		
S1-857145605	S3-471895299	S3	B		
S1-35554508	S3-75140018	S3	B		
S1-815773786	S2-859479998	S2	B		
S1-815773786	S2-33811665	S2	B		
S1-172375686	S3-764311967	S3	B		
S1-117387069	S3-808746472	S3	B		
S1-390687830	S2-54684781	S2	D		57.0
S1-355080226	S3-904123231	S3	B		
S1-284624327	S2-645248038	S2	D		34.0
S1-830387546	S3-953164342	S3	B		
S1-830387546	S3-173871817	S3	D		99.0
S1-830387546	S2-957728726	S2	B		
S1-884241363	S3-844083291	S3	D		50.0
S1-391104390	S3-298866765	S3	B		
S1-740669466	S2-706907280	S2	B		
S1-662567048	S3-46379671	S3	D		33.0
S1-674572534	S3-466109383	S3	D		72.0
S1-606504040	S2-695398509	S2	E	rank 26 <= topk but missing from candidates	
S1-511368436	S3-728431915	S3	D		161.0
S1-268464634	S3-116427527	S3	B		
S1-51608290	S2-245561306	S2	D		127.0
S1-849515367	S2-514866739	S2	A		
S1-111149792	S3-512942372	S3	A		
S1-163490192	S3-349864895	S3	B		
S1-532097576	S3-901474119	S3	B		
S1-902419131	S3-634174296	S3	D		32.0
S1-902419131	S3-507402473	S3	A		
S1-902419131	S3-902158034	S3	B		
S1-902419131	S3-213997473	S3	B		
S1-601613071	S3-522721982	S3	B		
S1-80011046	S2-842434936	S2	B		
S1-871050056	S3-911018980	S3	A		
S1-871050056	S2-369827440	S2	A		
S1-667058881	S2-889639648	S2	D		48.0
S1-667058881	S3-836793906	S3	B		
S1-953924249	S3-803715199	S3	B		
S1-123975447	S3-108826680	S3	D		59.0
S1-457141326	S2-716726342	S2	D		134.0
S1-457141326	S3-87345246	S3	D		150.0
S1-457141326	S2-273252660	S2	D		130.0
S1-437197924	S3-769208097	S3	A		
S1-437197924	S3-346887339	S3	A		
S1-624042597	S3-289910495	S3	B		
S1-624042597	S2-815256334	S2	D		35.0
S1-624042597	S3-342130289	S3	B		
S1-73514962	S3-138810596	S3	B		
S1-381853304	S3-394304840	S3	B		
S1-488131342	S3-694005367	S3	B		
S1-328656261	S3-644245259	S3	B		
S1-428211672	S2-803282422	S2	B		
S1-274473705	S3-533702685	S3	D		82.0
S1-274473705	S2-685683160	S2	B		
S1-274473705	S2-414180441	S2	B		
S1-143505911	S2-719359410	S2	B		
S1-405348777	S3-674764288	S3	E	rank 14 <= topk but missing from candidates	
S1-526229622	S2-400427575	S2	D		64.0
S1-745161640	S2-560449715	S2	B		
S1-535148948	S3-566749243	S3	B		
S1-181097158	S3-325830163	S3	A		
S1-27596427	S2-447138075	S2	D		71.0
S1-901558484	S3-162464140	S3	A		
S1-60749658	S3-441728835	S3	D		116.0
S1-668765832	S3-463720901	S3	B		
S1-573254419	S3-877199014	S3	B		
S1-812322119	S2-543367975	S2	D		93.0
S1-398519666	S3-333427157	S3	D		66.0
S1-398519666	S3-735443533	S3	B		
S1-558779026	S3-262202665	S3	B		
S1-794091648	S3-274572511	S3	D		53.0
S1-745575597	S2-977758645	S2	D		40.0
S1-494229294	S3-808295303	S3	B		
S1-494229294	S3-908046348	S3	B		
S1-494229294	S2-780607940	S2	B		
S1-968726233	S3-919982251	S3	E	rank 27 <= topk but missing from candidates	
S1-968726233	S3-271719961	S3	B		
S1-1765544	S3-933157584	S3	B		
S1-547843200	S3-425153646	S3	B		
S1-641343094	S3-596052373	S3	D		61.0
S1-985454080	S3-753113238	S3	B		
S1-960718757	S3-329368805	S3	A		
S1-872611788	S3-577622687	S3	D		113.0
S1-208691093	S3-583294695	S3	D		39.0
S1-821022542	S2-141620627	S2	B		
S1-821022542	S3-316385929	S3	A		
S1-715197983	S2-253733618	S2	A		
S1-715197983	S2-521400667	S2	D		61.0
S1-322230495	S3-233014748	S3	D		58.0
S1-870806079	S2-636261760	S2	D		71.0
S1-47424480	S3-986566891	S3	E	rank 14 <= topk but missing from candidates	
S1-401089989	S3-425554787	S3	A		
S1-150664045	S3-732611308	S3	B		
S1-150664045	S2-689365259	S2	B		
S1-150664045	S2-200737268	S2	A		
S1-284001614	S2-510186447	S2	B		
S1-972021323	S2-789413897	S2	D		143.0
S1-322014856	S3-610850586	S3	B		
S1-322014856	S3-481449304	S3	B		
S1-660962207	S3-365093866	S3	D		35.0
S1-606048167	S2-281686417	S2	D		54.0
S1-606048167	S3-530678730	S3	D		49.0
S1-606048167	S3-67597356	S3	E	rank 15 <= topk but missing from candidates	
S1-93764519	S2-596747722	S2	B		
S1-548658518	S3-503362427	S3	D		48.0
S1-788688310	S3-229584047	S3	B		
S1-895123100	S3-742186555	S3	B		
S1-754107581	S3-933349027	S3	E	rank 22 <= topk but missing from candidates	
S1-528851199	S3-555187148	S3	D		53.0
S1-86259120	S2-515507027	S2	B		
S1-86259120	S2-969966528	S2	B		
S1-609004934	S2-344644660	S2	B		
S1-704212946	S2-534601723	S2	B		
S1-836313017	S3-674839311	S3	D		38.0
S1-352030582	S2-549798780	S2	D		53.0
S1-45931027	S2-318013190	S2	E	rank 23 <= topk but missing from candidates	
S1-45931027	S3-347649880	S3	A		
S1-912733710	S3-806913077	S3	B		
S1-179033970	S3-867874941	S3	B		
S1-164203688	S3-252722810	S3	B		
S1-164203688	S3-85432167	S3	B		
S1-683989361	S3-693620435	S3	D		69.0
S1-655974381	S2-886340996	S2	D		32.0
S1-541324970	S3-591277109	S3	B		
S1-541324970	S3-96411468	S3	D		66.0
S1-541324970	S2-701174879	S2	B		
S1-541324970	S2-404931184	S2	B		
S1-145462166	S2-543882324	S2	D		50.0
S1-145462166	S2-538669719	S2	D		108.0
S1-145462166	S3-521465694	S3	D		104.0
S1-145462166	S2-41085916	S2	D		99.0
S1-219998015	S3-221010716	S3	B		
S1-578156068	S2-238798464	S2	D		33.0
S1-136807153	S2-277182066	S2	B		
S1-993706929	S3-259428987	S3	B		
S1-90465530	S3-359730568	S3	D		59.0
S1-549445339	S3-853469797	S3	A		
S1-555492612	S3-362742668	S3	D		31.0
S1-554496201	S3-873216356	S3	B		
S1-975897905	S3-117489752	S3	B		
S1-345454755	S3-975635771	S3	D		78.0
S1-345454755	S2-4190627	S2	A		
S1-363859098	S2-57912085	S2	D		69.0
S1-363859098	S3-615605679	S3	D		55.0
S1-363859098	S3-185092930	S3	B		
S1-363859098	S3-933012726	S3	B		
S1-521901045	S2-611262005	S2	B		
S1-521901045	S3-835140913	S3	B		
S1-521901045	S3-898600964	S3	B		
S1-261605080	S3-547460487	S3	E	rank 23 <= topk but missing from candidates	
S1-413822123	S2-585891756	S2	D		117.0
S1-171111195	S3-7918968	S3	A		
S1-700060070	S3-172683	S3	B		
S1-438891039	S3-986455322	S3	B		
S1-438891039	S2-893066736	S2	D		36.0
S1-438891039	S2-772444258	S2	B		
S1-766149640	S3-941845739	S3	B		
S1-88204198	S3-35826611	S3	D		105.0
S1-861941422	S2-685941729	S2	D		38.0
S1-458264606	S2-62312540	S2	A		
S1-458264606	S3-427235047	S3	B		
S1-922535201	S2-615301664	S2	D		71.0
S1-717168153	S3-95933647	S3	E	rank 12 <= topk but missing from candidates	
S1-111686920	S3-969715283	S3	D		62.0
S1-552692216	S2-465950430	S2	D		102.0
S1-741364144	S2-552510316	S2	B		
S1-862479750	S3-767900076	S3	D		44.0
S1-932271920	S3-146027744	S3	B		
S1-644509581	S3-591343086	S3	D		87.0
S1-512203867	S3-211851880	S3	D		54.0
S1-82404930	S3-669716228	S3	D		57.0
S1-220304619	S3-807959287	S3	D		39.0
S1-318056817	S2-935536646	S2	D		70.0
S1-199513250	S2-126906723	S2	A		
S1-895036881	S3-110017008	S3	B		
S1-895036881	S3-682565846	S3	B		
S1-422774663	S3-686092959	S3	B		
S1-638051868	S3-165309669	S3	A		
S1-638051868	S3-940475833	S3	B		
S1-780132919	S2-242906952	S2	D		58.0
S1-780132919	S2-347235929	S2	D		55.0
S1-918125413	S3-256647401	S3	B		
S1-640081066	S2-135778359	S2	B		
S1-360370606	S3-587959909	S3	B		
S1-561527665	S3-368583614	S3	A		
S1-37524431	S3-318312972	S3	A		
S1-929061359	S3-964191042	S3	B		
S1-929061359	S3-943436714	S3	B		
S1-513710067	S2-378779743	S2	D		133.0
S1-13179059	S3-461692690	S3	B		
S1-454470978	S3-860759766	S3	B		
S1-454470978	S3-117934637	S3	D		64.0
S1-357241299	S3-188119673	S3	E	rank 13 <= topk but missing from candidates	
S1-357241299	S2-876757930	S2	D		65.0
S1-565738140	S3-8864590	S3	B		
S1-727791734	S3-697962163	S3	D		93.0
S1-116730610	S3-513495157	S3	B		
S1-775811440	S3-156290700	S3	B		
S1-531487140	S2-256991425	S2	B		
S1-416944187	S3-301465173	S3	D		58.0
S1-635424219	S3-185808197	S3	B		
S1-451456404	S3-531870580	S3	B		
S1-39036136	S3-320928952	S3	D		83.0
S1-39036136	S3-888585845	S3	B		
S1-710190531	S3-267830414	S3	A		
S1-744568633	S3-338603922	S3	B		
S1-115981417	S2-518400475	S2	B		
S1-795579586	S2-328381300	S2	D		34.0
S1-695942988	S3-564127909	S3	B		
S1-695942988	S3-487986000	S3	B		
S1-695942988	S2-269574203	S2	B		
S1-228877007	S2-54097993	S2	D		46.0
S1-444275050	S3-822610811	S3	D		44.0
S1-444275050	S3-703025075	S3	B		
S1-892215696	S2-196615717	S2	B		
S1-979021040	S2-891318083	S2	D		47.0
S1-979021040	S3-161834260	S3	D		90.0
S1-303410610	S3-902241044	S3	A		
S1-903226184	S3-14890602	S3	D		32.0
S1-752077763	S3-904292418	S3	A		
S1-778617251	S3-19506414	S3	A		
S1-552269807	S2-708686746	S2	B		
S1-888963753	S3-153219348	S3	D		39.0
S1-394047049	S3-114728540	S3	A		
S1-436234642	S3-139711444	S3	B		
S1-903195584	S2-64027945	S2	B		
S1-811465315	S3-297334266	S3	B		
S1-822603740	S2-483367744	S2	D		113.0
S1-822603740	S3-138587103	S3	D		50.0
S1-759585762	S2-95143303	S2	D		61.0
S1-862693058	S3-927627928	S3	D		63.0
S1-530526337	S3-40131318	S3	B		
S1-196879091	S2-139826803	S2	D		58.0
S1-123357650	S2-230196981	S2	B		
S1-123357650	S2-681539943	S2	B		
S1-692286766	S3-967270347	S3	A		
S1-692286766	S2-859808126	S2	D		67.0
S1-692286766	S3-581010397	S3	D		63.0
S1-617218390	S3-359771272	S3	D		52.0
S1-864374513	S2-982610022	S2	D		86.0
S1-589332511	S3-315405029	S3	B		
S1-589332511	S2-481719563	S2	D		103.0
S1-971899344	S2-981730397	S2	E	rank 29 <= topk but missing from candidates	
S1-872283072	S3-386920200	S3	A		
S1-144977947	S3-256722366	S3	D		57.0
S1-144977947	S3-560174251	S3	D		74.0
S1-144977947	S3-422205900	S3	D		69.0
S1-928653016	S2-853213790	S2	D		54.0
S1-259146602	S2-439656808	S2	B		
S1-435829313	S3-143198897	S3	B		
S1-435829313	S3-83467978	S3	B		
S1-141103694	S3-734332692	S3	D		71.0
S1-769422639	S2-380057272	S2	B		
S1-278438619	S2-728879744	S2	B		
S1-698485082	S3-224367941	S3	B		
S1-987274966	S2-466435412	S2	D		101.0
S1-610464930	S2-790793639	S2	B		
S1-610464930	S2-789723480	S2	B		
S1-610464930	S3-819871294	S3	B		
S1-610464930	S3-906489386	S3	B		
S1-610464930	S3-137207960	S3	B		
S1-596280337	S3-731259523	S3	B		
S1-596280337	S3-266870748	S3	D		75.0
S1-528278743	S3-87904958	S3	D		92.0
S1-641153516	S2-828276233	S2	B		
S1-913994319	S3-992879429	S3	B		
S1-913994319	S2-89032147	S2	B		
S1-830430685	S2-172851871	S2	B		
S1-830430685	S3-858066610	S3	B		
S1-830430685	S3-440386197	S3	B		
S1-830430685	S3-650850064	S3	A		
S1-694453391	S2-217258468	S2	B		
S1-694453391	S3-591997975	S3	B		
S1-694453391	S3-251960588	S3	B		
S1-237481857	S3-718691872	S3	D		32.0
S1-90522099	S3-355189054	S3	A		
S1-190736294	S3-528887515	S3	B		
S1-190736294	S3-497619724	S3	D		51.0
S1-370340661	S3-842939220	S3	B		
S1-342230507	S3-898559996	S3	D		66.0
S1-342230507	S2-284730595	S2	B		
S1-685518458	S2-559086895	S2	B		
S1-163219374	S3-160725814	S3	B		
S1-163219374	S3-745988326	S3	D		46.0
S1-912944389	S2-531809550	S2	B		
S1-436985451	S3-934568013	S3	B		
S1-401741101	S3-363972211	S3	D		60.0
S1-198588871	S2-361822176	S2	E	rank 21 <= topk but missing from candidates	
S1-198588871	S3-531321617	S3	D		42.0
S1-198588871	S3-856750595	S3	D		55.0
S1-412130679	S3-691686233	S3	D		47.0
S1-412130679	S3-916027882	S3	B		
S1-80374943	S3-393825847	S3	D		40.0
S1-80374943	S3-262616915	S3	D		38.0
S1-495886016	S3-427303207	S3	B		
S1-940399777	S2-501968851	S2	D		62.0
S1-215285819	S3-758656948	S3	D		66.0
S1-706653350	S3-104059435	S3	D		56.0
S1-699863178	S3-208240427	S3	B		
S1-737720600	S3-148721150	S3	D		139.0
S1-936838617	S3-985480847	S3	D		67.0
S1-936838617	S2-932891510	S2	D		65.0
S1-458078354	S2-510494370	S2	B		
S1-458078354	S3-788631235	S3	B		
S1-684752844	S3-547941080	S3	D		39.0
S1-452327203	S3-112334750	S3	A		
S1-865396784	S3-116774975	S3	B		
S1-447459169	S3-946236496	S3	B		
S1-23315180	S3-189026982	S3	B		
S1-23315180	S2-924517170	S2	B		
S1-23315180	S3-463459476	S3	A		
S1-53654699	S3-958952866	S3	D		54.0
S1-190168416	S2-66948090	S2	D		61.0
S1-749704630	S3-314358995	S3	E	rank 11 <= topk but missing from candidates	
S1-720150359	S3-835797399	S3	B		
S1-954881368	S2-545417622	S2	A		
S1-68512097	S3-103442322	S3	D		38.0
S1-68512097	S2-294906668	S2	B		
S1-687791238	S2-34729842	S2	D		68.0
S1-938365812	S3-935332655	S3	D		54.0
S1-530202473	S2-396081623	S2	E	rank 30 <= topk but missing from candidates	
S1-530202473	S2-829099223	S2	D		31.0
S1-205725279	S3-916701195	S3	B		
S1-876724222	S3-165743658	S3	B		
S1-863699383	S3-766733687	S3	A		
S1-863699383	S3-585708156	S3	A		
S1-520521252	S3-570359335	S3	A		
S1-214048748	S3-275415068	S3	D		50.0
S1-214048748	S3-459951671	S3	D		33.0
S1-664904153	S3-490178611	S3	D		75.0
S1-664904153	S3-497162698	S3	B		
S1-850867002	S2-842492328	S2	A		
S1-701458840	S3-822005631	S3	B		
S1-473438988	S2-896735455	S2	D		53.0
S1-841630132	S2-538065152	S2	B		
S1-404720305	S3-345450589	S3	D		32.0
S1-509940948	S3-391961192	S3	D		117.0
S1-423408863	S3-70493286	S3	B		
S1-659868176	S2-525820016	S2	D		187.0
S1-312059912	S3-252353004	S3	E	rank 5 <= topk but missing from candidates	
S1-828044711	S3-156372541	S3	B		
S1-828044711	S3-858574262	S3	B		
S1-828044711	S3-444815052	S3	B		
S1-828044711	S3-109332906	S3	B		
S1-541478972	S3-445792142	S3	B		
S1-398695824	S2-728307413	S2	B		
S1-834070296	S3-31204714	S3	B		
S1-363712269	S2-179521580	S2	A		
S1-363712269	S2-677949904	S2	A		
S1-363712269	S3-784408751	S3	D		36.0
S1-434834951	S3-887795092	S3	B		
S1-703992100	S3-52152109	S3	D		44.0
S1-931956879	S3-973286159	S3	D		45.0
S1-175448818	S3-732102309	S3	A		
S1-867660851	S3-944986898	S3	B		
S1-420067678	S2-303888556	S2	D		56.0
S1-420067678	S3-396459125	S3	D		57.0
S1-420067678	S2-49553258	S2	D		59.0
S1-142905805	S2-588444191	S2	B		
S1-732316093	S2-254879209	S2	D		58.0
S1-688476607	S3-327659404	S3	A		
S1-992382026	S2-86760550	S2	B		
S1-992382026	S2-515240653	S2	B		
S1-213803410	S3-818640407	S3	A		
S1-526765586	S3-207259936	S3	A		
S1-157195063	S3-873373119	S3	D		61.0
S1-369366185	S3-901248611	S3	D		43.0
S1-425053237	S3-818054614	S3	B		
S1-373161364	S3-983624010	S3	A		
S1-362209052	S3-73381047	S3	D		49.0
S1-362209052	S2-735534067	S2	A		
S1-362209052	S3-412374107	S3	A		
S1-34339466	S3-471669467	S3	D		31.0
S1-34339466	S3-361669980	S3	D		32.0
S1-34339466	S2-993174754	S2	D		40.0
S1-724529957	S3-264032996	S3	A		
S1-724529957	S3-74113273	S3	A		
S1-20339871	S3-388150554	S3	B		
S1-20339871	S3-41255481	S3	D		65.0
S1-977567313	S3-132053010	S3	A		
S1-915762033	S3-947215213	S3	D		53.0
S1-325302007	S3-143317505	S3	D		70.0
S1-325302007	S3-677667347	S3	D		67.0
S1-815227374	S3-222586306	S3	B		
S1-312663396	S2-23399005	S2	D		41.0
S1-744373119	S2-838482504	S2	D		45.0
S1-744373119	S2-31070651	S2	D		46.0
S1-72022227	S2-857713768	S2	D		108.0
S1-72022227	S3-221009613	S3	D		53.0
S1-72022227	S2-805042388	S2	D		56.0
S1-72022227	S3-376589368	S3	B		
S1-86079282	S2-335256540	S2	B		
S1-923659184	S3-45656022	S3	B		
S1-496637969	S3-745886901	S3	D		90.0
S1-496637969	S3-983324227	S3	B		
S1-496637969	S3-95417556	S3	B		
S1-496637969	S3-938305962	S3	B		
S1-496637969	S2-900565236	S2	B		
S1-496637969	S3-937361704	S3	B		
S1-764205695	S2-332839047	S2	D		112.0
S1-764205695	S3-839183868	S3	D		130.0
S1-646391056	S2-242593021	S2	B		
S1-785204916	S2-108221695	S2	B		
S1-76427479	S3-55315977	S3	B		
S1-76427479	S2-995463025	S2	B		
S1-360962658	S3-565468925	S3	D		74.0
S1-10094045	S3-155939823	S3	D		78.0
S1-10094045	S2-853627933	S2	D		58.0
S1-10094045	S2-378934102	S2	D		59.0
S1-833656198	S2-306724189	S2	A		
S1-833656198	S2-170068212	S2	A		
S1-786319836	S3-810822811	S3	D		129.0
S1-786319836	S2-575562175	S2	D		119.0
S1-30337495	S2-38815061	S2	B		
S1-30337495	S3-876241384	S3	E	rank 13 <= topk but missing from candidates	
S1-782767218	S3-512143018	S3	D		103.0
S1-782767218	S3-186795999	S3	A		
S1-892048774	S3-740978631	S3	D		55.0
S1-336133241	S2-673055692	S2	B		
S1-886652904	S3-220382051	S3	D		66.0
S1-886652904	S3-176983127	S3	D		67.0
S1-886652904	S2-458093566	S2	D		98.0
S1-842577612	S2-96941286	S2	A		
S1-225094414	S3-508913496	S3	D		89.0
S1-376905993	S3-5518038	S3	E	rank 15 <= topk but missing from candidates	
S1-639580153	S3-39238161	S3	D		103.0
S1-553885673	S2-788153643	S2	D		104.0
S1-553885673	S2-268188973	S2	B		
S1-952853304	S3-304676884	S3	A		
S1-477478833	S3-284311324	S3	D		48.0
S1-583795117	S3-30123031	S3	B		
S1-750264403	S3-750486317	S3	A		
S1-750264403	S2-881692570	S2	D		75.0
S1-750264403	S3-610943670	S3	B		
S1-631982541	S3-680838467	S3	D		64.0
S1-712612404	S3-924587831	S3	D		113.0
S1-306118108	S2-51950893	S2	A		
S1-672370666	S3-692985900	S3	A		
S1-627097951	S2-909963638	S2	B		
S1-627097951	S2-224243332	S2	D		49.0
S1-349898270	S3-201852133	S3	D		67.0
S1-349898270	S2-488114360	S2	D		59.0
S1-351274005	S3-51181430	S3	B		
S1-907617889	S2-258366414	S2	E	rank 17 <= topk but missing from candidates	
S1-37775248	S3-489188498	S3	A		
S1-948980334	S3-824311030	S3	B		
S1-341650134	S3-740848208	S3	A		
S1-793713268	S3-289969952	S3	A		
S1-817152823	S2-948203802	S2	E	rank 27 <= topk but missing from candidates	
S1-817152823	S2-867411849	S2	A		
S1-940483948	S2-465366913	S2	D		39.0
S1-940483948	S3-57329512	S3	B		
S1-940483948	S2-978115143	S2	D		59.0
S1-940483948	S2-978786432	S2	B		
S1-31202741	S3-674146572	S3	A		
S1-31202741	S3-759178225	S3	D		45.0
S1-953360227	S3-844208377	S3	B		
S1-845174605	S2-611841122	S2	B		
S1-845174605	S3-475888667	S3	D		48.0
S1-184933742	S2-984920239	S2	A		
S1-457867187	S3-840735051	S3	D		62.0
S1-72520660	S3-41735721	S3	D		102.0
S1-77764321	S2-645680411	S2	B		
S1-670834161	S2-484243564	S2	B		
S1-670834161	S3-545262633	S3	D		100.0
S1-638376226	S2-482024213	S2	B		
S1-591946394	S2-386956856	S2	B		
S1-935626115	S3-118953501	S3	B		
S1-935626115	S3-140554266	S3	B		
S1-601120443	S3-969818792	S3	D		39.0
S1-601120443	S3-548762044	S3	D		66.0
S1-750862696	S3-720021655	S3	B		
S1-571122391	S3-370553371	S3	B		
S1-571122391	S2-141086246	S2	A		
S1-42677561	S2-41248235	S2	B		
S1-42677561	S3-881549924	S3	B		
S1-42677561	S3-432637287	S3	B		
S1-985258539	S2-110763997	S2	B		
S1-985258539	S2-662826367	S2	D		59.0
S1-985258539	S3-48439314	S3	B		
S1-831984421	S3-456016125	S3	B		
S1-759079926	S2-581064448	S2	B		
S1-759079926	S2-564085136	S2	D		95.0
S1-567441795	S3-549650234	S3	B		
S1-982047913	S3-37882896	S3	B		
S1-907599884	S2-486649886	S2	B		
S1-907599884	S3-257933771	S3	B		
S1-907599884	S3-208533930	S3	B		
S1-472851543	S3-552711364	S3	B		
S1-301921385	S3-606345461	S3	D		60.0
S1-742429408	S3-607963451	S3	B		
S1-958478006	S3-47104722	S3	D		58.0
S1-958478006	S2-172596788	S2	D		56.0
S1-635452052	S2-169021588	S2	B		
S1-347437459	S2-345332631	S2	B		
S1-465192149	S2-643531543	S2	A		
S1-352542413	S3-233607407	S3	A		
S1-352542413	S3-983351877	S3	B		
S1-308917158	S3-433813919	S3	B		
S1-308917158	S3-899082916	S3	D		67.0
S1-308917158	S3-168251194	S3	B		
S1-308917158	S2-967103165	S2	B		
S1-611864967	S3-109842231	S3	A		
S1-445795826	S2-576821683	S2	B		
S1-934247925	S3-389795437	S3	B		
S1-706351598	S3-125712424	S3	B		
S1-980987967	S2-353386418	S2	A		
S1-590207368	S3-498394141	S3	B		
S1-459663247	S3-359555640	S3	B		
S1-459663247	S3-90988477	S3	B		
S1-71175165	S3-184004674	S3	B		
S1-584417009	S3-135785378	S3	A		
S1-326520990	S3-421287933	S3	B		
S1-511733168	S2-191290322	S2	D		102.0
S1-226742057	S3-919974766	S3	B		
S1-623039368	S3-945024647	S3	D		61.0
S1-35610043	S3-482104122	S3	D		86.0
S1-35610043	S2-549419535	S2	D		116.0
S1-88867027	S2-152867732	S2	A		
S1-748842389	S2-138042259	S2	B		
S1-790587560	S2-262901972	S2	B		
S1-790587560	S3-624040622	S3	A		
S1-353470883	S2-896444676	S2	D		65.0
S1-583157522	S3-748283668	S3	D		165.0
S1-796303719	S3-525729837	S3	D		76.0
S1-761164431	S2-812873250	S2	D		125.0
S1-813503659	S3-15437664	S3	D		37.0
S1-26847123	S2-850285172	S2	D		51.0
S1-810539049	S2-995382790	S2	B		
S1-810539049	S2-90133481	S2	B		
S1-108346058	S3-590718697	S3	B		
S1-108346058	S2-831650443	S2	E	rank 22 <= topk but missing from candidates	
S1-108346058	S3-332052259	S3	B		
S1-801641170	S3-855750159	S3	B		
S1-872943971	S3-922301390	S3	A		
S1-445507216	S2-401127100	S2	D		47.0
S1-445507216	S3-820422608	S3	A		
S1-174868231	S2-663603908	S2	D		99.0
S1-174868231	S3-174155470	S3	D		115.0
S1-138173561	S3-814062534	S3	D		135.0
S1-38227760	S3-101467862	S3	D		97.0
S1-150977994	S3-575842519	S3	D		36.0
S1-875661683	S3-765779376	S3	B		
S1-936901268	S3-787203090	S3	B		
S1-948739096	S2-340408941	S2	B		
S1-650456370	S3-243074580	S3	E	rank 25 <= topk but missing from candidates	
S1-172226551	S3-261819816	S3	E	rank 5 <= topk but missing from candidates	
S1-582568473	S3-47063117	S3	E	rank 21 <= topk but missing from candidates	
S1-578819806	S2-631447961	S2	B		
S1-578819806	S3-589336532	S3	D		39.0
S1-507241673	S3-5972594	S3	A		
S1-701376671	S3-166123785	S3	D		39.0
S1-701376671	S2-392742337	S2	D		55.0
S1-161884978	S2-430770470	S2	B		
S1-161884978	S3-440251451	S3	B		
S1-161884978	S3-992819443	S3	B		
S1-222979935	S2-351978538	S2	B		
S1-56290812	S2-996779147	S2	D		58.0
S1-56290812	S3-945509576	S3	D		51.0
S1-647807602	S3-698581031	S3	A		
S1-501869234	S3-587011952	S3	A		
S1-177382436	S3-80761983	S3	D		46.0
S1-619969712	S3-992126359	S3	B		
S1-996329668	S3-900843100	S3	D		60.0
S1-583644579	S3-533748709	S3	B		
S1-191633020	S3-847465614	S3	E	rank 16 <= topk but missing from candidates	
S1-367156437	S3-376209785	S3	D		48.0
S1-367156437	S2-205506925	S2	D		90.0
S1-565586866	S3-72278335	S3	D		38.0
S1-565586866	S3-412833017	S3	B		
S1-625639972	S3-81001540	S3	D		49.0
S1-4533569	S3-913043030	S3	B		
S1-877901988	S3-379411890	S3	D		60.0
S1-128088928	S3-798902943	S3	B		
S1-166837069	S3-800592500	S3	D		133.0
S1-469837875	S2-157344300	S2	D		67.0
S1-573182197	S3-134325611	S3	E	rank 20 <= topk but missing from candidates	
S1-585661769	S3-18107262	S3	A		
S1-792445843	S2-109246301	S2	B		
S1-756556749	S2-552478769	S2	A		
S1-225916743	S2-35637294	S2	A		
S1-932736238	S2-940198151	S2	A		
S1-583364275	S3-146707712	S3	B		
S1-573530762	S3-674322026	S3	D		39.0
S1-152861789	S3-841087155	S3	A		
S1-499915253	S3-779210004	S3	D		114.0
S1-824482885	S3-245520485	S3	E	rank 30 <= topk but missing from candidates	
S1-824482885	S2-535178457	S2	A		
S1-291131066	S2-129962292	S2	A		
S1-93547881	S2-910159266	S2	B		
S1-39074240	S2-761413048	S2	D		57.0
S1-39074240	S3-792835476	S3	D		37.0
S1-390567856	S2-469485952	S2	B		
S1-390567856	S3-628295986	S3	B		
S1-995305386	S3-299694976	S3	B		
S1-71039648	S2-232071907	S2	A		
S1-460253380	S3-888985967	S3	B		
S1-686953697	S2-242236554	S2	D		71.0
S1-154759925	S2-861618535	S2	D		82.0
S1-154759925	S3-188299012	S3	B		
S1-154759925	S3-306630487	S3	D		60.0
S1-391483116	S2-56898671	S2	B		
S1-18051518	S3-872178875	S3	D		44.0
S1-519365699	S3-851175183	S3	B		
S1-164182744	S3-234043023	S3	B		
S1-258797237	S3-366215541	S3	A		
S1-440657070	S2-989549684	S2	B		
S1-302564709	S3-837815289	S3	B		
S1-302564709	S3-586978098	S3	B		
S1-861267065	S3-570976707	S3	D		40.0
S1-259760144	S2-916529553	S2	D		101.0
S1-858897420	S2-544733282	S2	D		72.0
S1-710829842	S3-439708459	S3	D		90.0
S1-716172337	S3-813229638	S3	B		
S1-716172337	S3-463163172	S3	D		69.0
S1-610145001	S3-640735720	S3	D		141.0
S1-419359752	S3-71446523	S3	D		40.0
S1-938953860	S2-859071035	S2	D		69.0
S1-938953860	S2-191664638	S2	D		58.0
S1-938953860	S3-60859981	S3	B		
S1-352411379	S3-631036525	S3	D		103.0
S1-70105450	S2-328862501	S2	E	rank 30 <= topk but missing from candidates	
S1-403680449	S3-510490268	S3	B		
S1-403680449	S3-215785431	S3	A		
S1-403680449	S2-317554549	S2	B		
S1-403680449	S3-487334272	S3	B		
S1-900357353	S2-188414462	S2	D		84.0
S1-557396956	S3-499182680	S3	E	rank 26 <= topk but missing from candidates	
S1-844694780	S3-646123498	S3	A		
S1-976354644	S2-41488625	S2	B		
S1-425206730	S2-866954296	S2	B		
S1-335876970	S2-33419333	S2	D		111.0
S1-237798524	S3-440034995	S3	B		
S1-237798524	S3-859793873	S3	D		67.0
S1-237798524	S3-312979513	S3	B		
S1-156393003	S3-985599251	S3	A		
S1-156393003	S2-978597044	S2	B		
S1-695733997	S2-295508202	S2	B		
S1-269380357	S2-128514321	S2	D		59.0
S1-747374181	S3-96445909	S3	A		
S1-349670943	S3-443982282	S3	B		
S1-349670943	S3-182551118	S3	B		
S1-349670943	S3-231456094	S3	B		
S1-349670943	S2-640353809	S2	B		
S1-349670943	S2-215276202	S2	B		
S1-349670943	S3-899168492	S3	D		34.0
S1-332638139	S3-995312906	S3	A		
S1-332638139	S2-931158656	S2	B		
S1-554971235	S2-959761345	S2	A		
S1-554971235	S2-616476065	S2	D		80.0
S1-554971235	S3-174462961	S3	A		
S1-488676657	S2-940984791	S2	D		79.0
S1-488676657	S3-202365041	S3	B		
S1-1032046	S3-737889691	S3	B		
S1-50846895	S2-252431718	S2	B		
S1-50846895	S3-540091686	S3	A		
S1-875107591	S3-755261107	S3	B		
S1-875107591	S2-670785121	S2	B		
S1-892950361	S3-361804325	S3	A		
S1-892950361	S3-454898278	S3	A		
S1-17525222	S2-804315418	S2	D		60.0
S1-622356309	S3-448456833	S3	B		
S1-622356309	S3-698250896	S3	D		67.0
S1-622356309	S3-688312736	S3	B		
S1-143303304	S3-502045803	S3	B		
S1-979600596	S2-454528723	S2	A		
S1-903309476	S3-403986338	S3	D		82.0
S1-149324934	S2-113469935	S2	A		
S1-154925911	S3-951296399	S3	D		141.0
S1-323120456	S3-742631851	S3	B		
S1-323120456	S2-298007771	S2	D		36.0
S1-323120456	S2-900618031	S2	D		41.0
S1-694897198	S3-642800885	S3	D		42.0
S1-597725050	S2-305150723	S2	B		
S1-912777379	S3-33754591	S3	D		137.0
S1-912777379	S2-27449761	S2	D		72.0
S1-912777379	S3-809769677	S3	D		61.0
S1-912777379	S2-270344220	S2	D		64.0
S1-740864593	S3-685162316	S3	A		
S1-56482198	S2-952668969	S2	A		
S1-355978648	S2-330997132	S2	B		
S1-865429231	S2-787094762	S2	D		69.0
S1-543293472	S3-559470647	S3	B		
S1-921060051	S2-11893335	S2	D		145.0
S1-275170106	S2-663976429	S2	A		
S1-944576284	S3-514262049	S3	B		
S1-759114551	S2-73191987	S2	D		67.0
S1-387032232	S3-734110550	S3	E	rank 28 <= topk but missing from candidates	
S1-984420333	S3-931290894	S3	A		
S1-640370397	S3-11435236	S3	B		
S1-810859036	S2-208164453	S2	D		167.0
S1-114704416	S3-205727213	S3	B		
S1-715578796	S2-579474355	S2	D		32.0
S1-715578796	S3-337172920	S3	D		34.0
S1-936837234	S3-132140500	S3	A		
S1-936837234	S3-823489275	S3	D		33.0
S1-365559485	S3-40042974	S3	D		40.0
S1-365559485	S2-66440835	S2	D		45.0
S1-77478241	S3-90424219	S3	B		
S1-77478241	S3-200341666	S3	B		
S1-743958529	S2-224194041	S2	B		
S1-743958529	S3-45592726	S3	D		43.0
S1-168444197	S2-382493822	S2	A		
S1-168444197	S2-399269944	S2	A		
S1-176841525	S3-888209398	S3	D		47.0
S1-293122431	S3-461646906	S3	D		36.0
S1-225346099	S2-329209754	S2	B		
S1-369186147	S2-259592846	S2	A		
S1-369186147	S3-267245575	S3	B		
S1-425314450	S3-183092132	S3	B		
S1-425314450	S2-910994052	S2	B		
S1-378206284	S3-230571368	S3	D		191.0
S1-223926628	S2-735567264	S2	D		53.0
S1-763342311	S3-587751275	S3	A		
S1-215895256	S2-647898926	S2	D		37.0
S1-66892961	S2-596664277	S2	D		64.0
S1-66892961	S3-999868940	S3	B		
S1-355075304	S3-468640951	S3	B		
S1-168527075	S3-673407384	S3	A		
S1-919624371	S2-966171998	S2	D		102.0
S1-734326418	S3-765960278	S3	B		
S1-581616912	S2-176842277	S2	B		
S1-581616912	S2-612457194	S2	B		
S1-581616912	S2-119415724	S2	B		
S1-761882563	S2-60046823	S2	D		73.0
S1-329532904	S3-571032419	S3	B		
S1-329532904	S3-620586509	S3	B		
S1-776115282	S2-476284735	S2	D		59.0
S1-367004828	S2-767425124	S2	D		32.0
S1-357672093	S3-617409472	S3	A		
S1-552324487	S3-522995305	S3	D		109.0
S1-297105582	S3-323547455	S3	D		75.0
S1-515676954	S2-19149485	S2	A		
S1-515676954	S3-579802084	S3	A		
S1-803709424	S2-534851607	S2	D		124.0
S1-803709424	S2-705604274	S2	D		123.0
S1-931220379	S2-42556713	S2	B		
S1-146218509	S3-525475515	S3	A		
S1-332814365	S3-795967847	S3	B		
S1-892916248	S3-883684670	S3	D		66.0
S1-369356328	S3-963279629	S3	D		60.0
S1-369356328	S2-826194154	S2	B		
S1-446025439	S3-52908414	S3	A		
S1-732946650	S3-922024867	S3	A		
S1-814645543	S2-832838572	S2	D		51.0
S1-92868817	S3-729320989	S3	B		
S1-603873653	S3-237895932	S3	B		
S1-603873653	S2-895486860	S2	B		
S1-886932016	S3-298149630	S3	D		37.0
S1-226479599	S2-193598352	S2	B		
S1-220970825	S2-426674659	S2	B		
S1-360032172	S2-493366584	S2	E	rank 21 <= topk but missing from candidates	
S1-846376040	S2-311296823	S2	D		55.0
S1-412084367	S3-869712123	S3	A		
S1-218862773	S3-335891681	S3	B		
S1-903897682	S3-389969160	S3	B		
S1-371450624	S2-282800333	S2	D		56.0
S1-371450624	S3-111238356	S3	D		55.0
S1-371450624	S3-283904644	S3	D		49.0
S1-365162658	S3-181211457	S3	D		64.0
S1-6329147	S3-985965001	S3	B		
S1-197071344	S2-629807913	S2	D		38.0
S1-372209161	S2-139667856	S2	B		
S1-530973171	S2-734902010	S2	D		77.0
S1-479770431	S2-649494079	S2	B		
S1-282053467	S2-255025037	S2	D		57.0
S1-282053467	S3-165290326	S3	B		
S1-282053467	S2-778867033	S2	D		56.0
S1-282053467	S3-792419632	S3	B		
S1-282053467	S2-587794996	S2	D		48.0
S1-282053467	S2-961517978	S2	D		50.0
S1-783004904	S3-533778653	S3	D		96.0
S1-400998785	S2-715117724	S2	D		102.0
S1-944518007	S3-581186450	S3	D		86.0
S1-944518007	S3-420769359	S3	D		127.0
S1-95322667	S3-177166196	S3	A		
S1-776319662	S3-430751884	S3	B		
S1-883576642	S2-485303402	S2	D		59.0
S1-431896717	S2-333069014	S2	B		
S1-324626448	S3-644433364	S3	D		50.0
S1-13221696	S3-985254534	S3	B		
S1-63731286	S2-772308237	S2	D		61.0
S1-63731286	S3-751507623	S3	D		62.0
S1-173733541	S3-738771054	S3	E	rank 28 <= topk but missing from candidates	
S1-109351353	S3-387781824	S3	B		
S1-109351353	S2-837934005	S2	B		
S1-297656777	S3-274769746	S3	B		
S1-698922948	S3-428500452	S3	B		
S1-710382307	S3-741637466	S3	B		
S1-32117322	S2-963203278	S2	D		64.0
S1-118687984	S2-191245306	S2	B		
S1-864360307	S3-983817216	S3	A		
S1-576566238	S3-625539216	S3	B		
S1-576566238	S3-326623159	S3	E	rank 17 <= topk but missing from candidates	
S1-537776821	S3-237602003	S3	B		
S1-537776821	S3-180264717	S3	B		
S1-923596378	S3-715545815	S3	A		
S1-923596378	S2-522076199	S2	D		31.0
S1-750993228	S2-573196854	S2	A		
S1-975005572	S2-217747422	S2	D		82.0
S1-975005572	S3-334846936	S3	D		153.0
S1-440631238	S3-963958675	S3	A		
S1-140588605	S2-683928424	S2	B		
S1-265794975	S3-382926838	S3	D		33.0
S1-185901663	S3-761671739	S3	B		
S1-446634998	S3-49981774	S3	E	rank 14 <= topk but missing from candidates	
S1-18225545	S3-815623310	S3	D		56.0
S1-30440676	S3-235672971	S3	B		
S1-83176413	S3-748935727	S3	D		41.0
S1-211424361	S2-895504720	S2	D		72.0
S1-712349374	S3-426990976	S3	A		
S1-230473573	S2-195383209	S2	A		
S1-46379575	S3-802721273	S3	D		106.0
S1-17695682	S2-917545615	S2	B		
S1-10904621	S3-286539659	S3	B		
S1-876377917	S3-710482096	S3	D		51.0
S1-780268128	S2-497315781	S2	D		59.0
S1-827533426	S2-821422313	S2	D		42.0
S1-773475942	S3-622074536	S3	B		
S1-165879654	S2-897192222	S2	B		
S1-35928423	S2-30983125	S2	D		57.0
S1-35928423	S2-717377391	S2	D		62.0
S1-35928423	S3-438644928	S3	D		68.0
S1-576519617	S3-358477050	S3	D		81.0
S1-105947612	S3-735176422	S3	A		
S1-573095401	S3-463600183	S3	D		57.0
S1-841285171	S3-54499697	S3	D		67.0
S1-213260391	S2-804162557	S2	D		174.0
S1-117714700	S2-753853581	S2	B		
S1-891111454	S3-264723505	S3	D		48.0
S1-2454795	S3-552594242	S3	D		121.0
S1-475978721	S3-261027489	S3	B		
S1-475978721	S2-161181987	S2	D		119.0
S1-210747791	S3-535924739	S3	A		
S1-101892321	S3-647876495	S3	B		
S1-856503101	S2-166018418	S2	D		118.0
S1-253040519	S2-872986792	S2	A		
S1-253040519	S3-482582859	S3	A		
S1-86745772	S3-675861074	S3	B		
S1-566086506	S3-258342928	S3	D		84.0
S1-637546897	S3-366775947	S3	B		
S1-48616840	S2-845888530	S2	D		68.0
S1-737647177	S3-829330915	S3	D		129.0
S1-399789340	S2-631997685	S2	B		
S1-399789340	S3-207645231	S3	A		
S1-698799910	S3-745747893	S3	B		
S1-698799910	S3-414441793	S3	D		115.0
S1-910312468	S2-688060042	S2	B		
S1-490058678	S3-941882372	S3	D		60.0
S1-99220516	S3-346519076	S3	B		
S1-567796736	S3-207275701	S3	D		102.0
S1-209634964	S3-335357914	S3	B		
S1-209634964	S2-126062555	S2	B		
S1-209634964	S2-649171592	S2	B		
S1-324620419	S2-818229626	S2	B		
S1-284863380	S3-814284545	S3	A		
S1-284863380	S2-967879783	S2	A		
S1-143535138	S2-971298426	S2	D		54.0
S1-143535138	S3-978014866	S3	D		55.0
S1-90426579	S2-187505313	S2	B		
S1-685652442	S3-194284426	S3	D		86.0
S1-278515390	S3-175028035	S3	B		
S1-110524358	S2-728762709	S2	B		
S1-794897642	S3-959946222	S3	B		
S1-794897642	S3-361506976	S3	B		
S1-737698527	S3-78305663	S3	D		58.0
S1-737698527	S2-150802297	S2	D		72.0
S1-621689488	S3-732615546	S3	B		
S1-486725622	S3-452051687	S3	D		69.0
S1-183253419	S3-656815481	S3	B		
S1-183253419	S3-194514494	S3	B		
S1-844601757	S2-741862381	S2	D		95.0
S1-762965490	S3-221914476	S3	D		89.0
S1-307113724	S3-629812215	S3	D		44.0
S1-307113724	S2-831185042	S2	D		57.0
S1-307113724	S3-410139090	S3	D		56.0
S1-582521616	S3-775770927	S3	B		
S1-116060069	S3-613825124	S3	A		
S1-410334290	S2-877639403	S2	B		
S1-74029443	S3-125147376	S3	B		
S1-978663274	S3-393284353	S3	D		58.0
S1-978663274	S3-250577003	S3	D		60.0
S1-978663274	S2-788699141	S2	D		59.0
S1-235564200	S3-429457597	S3	A		
S1-212486349	S3-920759060	S3	A		
S1-318342106	S3-672296209	S3	D		38.0
S1-318342106	S2-64980236	S2	B		
S1-342207327	S3-316562445	S3	D		32.0
S1-895361126	S3-980675166	S3	A		
S1-809995709	S3-772124439	S3	B		
S1-794095548	S3-498387769	S3	B		
S1-896734602	S3-958741	S3	B		
S1-132883431	S2-56127419	S2	D		39.0
S1-132883431	S2-327043182	S2	D		64.0
S1-132883431	S2-701683381	S2	B		
S1-132883431	S2-533246572	S2	D		36.0
S1-132883431	S3-185837793	S3	D		70.0
S1-757022953	S2-92962657	S2	A		
S1-473241848	S3-578025368	S3	A		
S1-688156225	S3-441901783	S3	A		
S1-996392491	S2-881939662	S2	B		
S1-901165031	S3-701311256	S3	B		
S1-446782976	S3-51339645	S3	B		
S1-719814436	S2-487580259	S2	D		57.0
S1-998028815	S3-454401469	S3	D		34.0
S1-508710465	S2-319461155	S2	E	rank 28 <= topk but missing from candidates	
S1-508710465	S3-471407722	S3	D		44.0
S1-582798221	S2-338637221	S2	B		
S1-174025339	S2-646135729	S2	B		
S1-503008821	S3-658226837	S3	B		
S1-336435560	S3-387164334	S3	B		
S1-870402101	S3-428806531	S3	B		
S1-109487913	S2-703161210	S2	B		
S1-64830361	S3-966965356	S3	B		
S1-671653681	S3-651527367	S3	D		43.0
S1-512002078	S2-141673567	S2	E	rank 24 <= topk but missing from candidates	
S1-523383426	S3-345514944	S3	B		
S1-288722257	S2-596532117	S2	D		54.0
S1-288722257	S3-271562518	S3	B		
S1-288722257	S3-298308345	S3	B		
S1-481938258	S2-992327241	S2	B		
S1-481938258	S2-46003751	S2	D		41.0
S1-915570908	S3-418464462	S3	A		
S1-617056301	S3-15311323	S3	D		143.0
S1-712356100	S2-830489693	S2	D		50.0
S1-435037499	S3-830854026	S3	B		
S1-435037499	S3-536940693	S3	B		
S1-150962294	S2-880349557	S2	A		
S1-150962294	S3-194536216	S3	B		
S1-510726130	S3-734145431	S3	B		
S1-352654057	S3-962725556	S3	E	rank 25 <= topk but missing from candidates	
S1-309286451	S2-724748509	S2	D		39.0
S1-309286451	S3-115782136	S3	D		40.0
S1-309286451	S2-746616282	S2	D		41.0
S1-569853403	S2-735191370	S2	D		38.0
S1-691291839	S2-484854269	S2	B		
S1-189185006	S3-531119471	S3	E	rank 28 <= topk but missing from candidates	
S1-556647743	S2-439691504	S2	D		43.0
S1-708973880	S3-169123823	S3	B		
S1-708973880	S2-687801450	S2	B		
S1-708973880	S3-407396211	S3	A		
S1-398114699	S3-132551887	S3	D		53.0
S1-332778357	S3-397956704	S3	D		59.0
S1-773173042	S3-484224350	S3	A		
S1-474602682	S3-182351700	S3	B		
S1-474602682	S2-587304977	S2	B		
S1-474602682	S2-643728374	S2	D		92.0
S1-956474004	S2-279123890	S2	B		
S1-50373460	S3-394656522	S3	D		33.0
S1-251744120	S3-502800332	S3	B		
S1-548439163	S2-587490192	S2	B		
S1-729197388	S2-376808770	S2	E	rank 18 <= topk but missing from candidates	
S1-305825985	S3-232371690	S3	D		62.0
S1-608501075	S2-578678567	S2	D		64.0
S1-609823943	S3-858825139	S3	B		
S1-945690075	S2-558713347	S2	D		33.0
S1-945690075	S2-365490390	S2	E	rank 27 <= topk but missing from candidates	
S1-349994244	S3-800854789	S3	D		58.0
S1-676846460	S3-758865698	S3	D		77.0
S1-644499811	S3-694294248	S3	D		66.0
S1-210642804	S2-309724527	S2	B		
S1-41689263	S3-130489909	S3	D		62.0
S1-675431030	S2-219690158	S2	E	rank 22 <= topk but missing from candidates	
S1-675431030	S3-550479125	S3	A		
S1-675431030	S3-789309417	S3	E	rank 30 <= topk but missing from candidates	
S1-675431030	S3-478446697	S3	E	rank 20 <= topk but missing from candidates	
S1-87388275	S3-460308523	S3	E	rank 28 <= topk but missing from candidates	
S1-102100650	S3-652705893	S3	B		
S1-161239930	S2-117353270	S2	B		
S1-412130551	S3-234439602	S3	D		55.0
S1-225816877	S3-999005969	S3	D		53.0
S1-52622092	S3-722809704	S3	A		
S1-52622092	S3-204960072	S3	B		
S1-52622092	S2-645226674	S2	B		
S1-102246256	S3-395198934	S3	B		
S1-47749817	S2-33966913	S2	B		
S1-47749817	S2-777776935	S2	B		
S1-47749817	S3-386556873	S3	A		
S1-660662966	S2-851470074	S2	D		37.0
S1-151384507	S2-834779379	S2	B		
S1-151384507	S3-804139270	S3	B		
S1-689182202	S2-261916509	S2	A		
S1-988962768	S3-826801953	S3	A		
S1-778649240	S3-632903926	S3	B		
S1-421264654	S2-974678	S2	B		
S1-884989241	S2-79015147	S2	B		
S1-182813788	S2-689188088	S2	D		164.0
S1-182813788	S3-460437559	S3	D		163.0
S1-182813788	S3-100451279	S3	B		
S1-182813788	S3-776923387	S3	D		168.0
S1-550228439	S3-743278818	S3	B		
S1-849402732	S3-566883849	S3	D		78.0
S1-265833474	S3-99019247	S3	D		61.0
S1-390962239	S2-954521495	S2	D		40.0
S1-682527225	S2-858112457	S2	B		
S1-682527225	S2-705913640	S2	B		
S1-366423991	S3-359338644	S3	A		
S1-213935502	S3-661134594	S3	D		64.0
S1-5085249	S2-124626862	S2	D		50.0
S1-555496576	S3-783688120	S3	A		
S1-555496576	S3-340324297	S3	A		
S1-94966378	S2-550740121	S2	B		
S1-935505584	S2-911170802	S2	D		60.0
S1-130842750	S3-419244188	S3	A		
S1-87676751	S3-877123746	S3	D		124.0
S1-387531234	S2-395469003	S2	B		
S1-488027143	S3-898163394	S3	D		31.0
S1-275807871	S3-554532439	S3	B		
S1-277812322	S3-739455154	S3	D		68.0
S1-153475278	S3-12337503	S3	D		41.0
S1-153475278	S3-228013041	S3	D		44.0
S1-910563231	S3-657869046	S3	A		
S1-281236175	S2-255098588	S2	B		
S1-844713145	S2-104395260	S2	B		
S1-980758672	S2-163574323	S2	B		
S1-21111469	S3-433562236	S3	D		57.0
S1-233648913	S3-97713168	S3	A		
S1-368779520	S3-917048877	S3	D		73.0
S1-914732568	S3-842005919	S3	A		
S1-962190050	S3-89420219	S3	D		31.0
S1-787413292	S3-883551398	S3	D		42.0
S1-591830418	S3-877539330	S3	D		39.0
S1-591830418	S2-965776567	S2	D		43.0
S1-931233942	S2-52359547	S2	B		
S1-655126528	S3-341776775	S3	B		
S1-47325258	S2-887261806	S2	B		
S1-47325258	S3-166963016	S3	B		
S1-567504054	S3-819941306	S3	D		53.0
S1-888100552	S3-627973884	S3	D		129.0
S1-888100552	S3-274278703	S3	D		34.0
S1-465172970	S3-34831193	S3	B		
S1-465172970	S3-516378666	S3	B		
S1-651999367	S3-117507397	S3	B		
S1-904379185	S2-39048203	S2	D		79.0
S1-753563063	S3-963653168	S3	D		122.0
S1-295171717	S3-990693560	S3	D		129.0
S1-376259574	S3-150700420	S3	A		
S1-148730039	S2-637584568	S2	D		141.0
S1-849514740	S3-939463419	S3	B		
S1-538860326	S2-981789376	S2	A		
S1-427452405	S2-263213170	S2	B		
S1-66108126	S3-993906352	S3	A		
S1-139644827	S3-909613058	S3	D		97.0
S1-139644827	S3-236727979	S3	D		108.0
S1-139644827	S3-687171475	S3	A		
S1-255959388	S2-636683398	S2	D		120.0
S1-255959388	S3-329378206	S3	D		61.0
S1-255959388	S2-811142058	S2	A		
S1-920293800	S3-630433364	S3	A		
S1-920293800	S3-220270119	S3	B		
S1-675954292	S3-588992439	S3	D		44.0
S1-592162740	S3-540720909	S3	B		
S1-492665636	S3-93599486	S3	B		
S1-304478001	S2-49045009	S2	D		100.0
S1-443782684	S3-450868594	S3	D		31.0
S1-659378600	S3-286574109	S3	B		
S1-409789467	S3-396362584	S3	A		
S1-126682069	S3-70237735	S3	B		
S1-126682069	S2-618040957	S2	A		
S1-126682069	S3-162817368	S3	A		
S1-682007777	S2-720122015	S2	A		
S1-682007777	S3-3038140	S3	B		
S1-809119231	S3-795621729	S3	B		
S1-89386866	S3-300906867	S3	B		
S1-510436041	S3-263544422	S3	A		
S1-358096476	S2-982190516	S2	D		116.0
S1-358096476	S3-663978746	S3	D		92.0
S1-808150013	S3-378451359	S3	B		
S1-370050172	S3-912706875	S3	D		54.0
S1-631714856	S2-217276516	S2	D		66.0
S1-631714856	S3-932919304	S3	D		63.0
S1-907712715	S3-406024614	S3	A		
S1-940744355	S3-369007654	S3	B		
S1-940744355	S3-737822092	S3	B		
S1-366885726	S2-371902417	S2	B		
S1-366885726	S3-866438915	S3	B		
S1-716400200	S3-952549270	S3	D		114.0
S1-292833408	S3-836653548	S3	B		
S1-462708219	S3-889312959	S3	E	rank 27 <= topk but missing from candidates	
S1-247295201	S3-376473468	S3	B		
S1-663087859	S3-245185371	S3	B		
S1-663087859	S3-1676011	S3	B		
S1-280077623	S2-86482632	S2	B		
S1-192044795	S2-565733648	S2	D		56.0
S1-192044795	S2-909249608	S2	D		58.0
S1-192044795	S2-827252934	S2	D		94.0
S1-192044795	S3-928918997	S3	E	rank 20 <= topk but missing from candidates	
S1-947667703	S3-467520564	S3	D		41.0
S1-494355281	S3-159039422	S3	D		65.0
S1-324238765	S3-209009385	S3	D		98.0
S1-25779864	S2-38210500	S2	B		
S1-148539090	S3-196625662	S3	B		
S1-283602506	S2-519917278	S2	D		68.0
S1-759880602	S3-786933599	S3	D		58.0
S1-759880602	S3-731228833	S3	B		
S1-759880602	S3-748292313	S3	D		57.0
S1-908362427	S2-688492432	S2	D		133.0
S1-908362427	S2-204494561	S2	D		114.0
S1-391955063	S2-345173869	S2	B		
S1-391955063	S3-677007965	S3	B		
S1-23190661	S2-353438684	S2	B		
S1-23190661	S2-238587398	S2	D		61.0
S1-114726373	S3-581151233	S3	D		201.0
S1-164675486	S3-611001065	S3	D		74.0
S1-164675486	S2-543322848	S2	D		53.0
S1-217169075	S3-573817279	S3	A		
S1-297904176	S2-188452020	S2	B		
S1-297904176	S2-681131750	S2	B		
S1-770535847	S2-939379596	S2	D		59.0
S1-568897671	S3-189552569	S3	E	rank 27 <= topk but missing from candidates	
S1-830504038	S2-491392718	S2	B		
S1-830504038	S2-86667181	S2	D		88.0
S1-830504038	S3-828874877	S3	B		
S1-579459947	S3-639429042	S3	D		142.0
S1-834651695	S3-121551028	S3	E	rank 14 <= topk but missing from candidates	
S1-876503434	S3-657056187	S3	D		39.0
S1-876503434	S3-756919359	S3	A		
S1-592860656	S3-787877700	S3	D		53.0
S1-409243637	S3-468132726	S3	B		
S1-409243637	S3-705134811	S3	A		
S1-811547027	S2-367372703	S2	B		
S1-811547027	S3-751986161	S3	A		
S1-822706101	S3-286743288	S3	E	rank 30 <= topk but missing from candidates	
S1-554452602	S2-920656112	S2	D		91.0
S1-130840348	S3-935926240	S3	A		
S1-328463714	S3-553936419	S3	D		31.0
S1-561942639	S2-695563520	S2	B		
S1-561942639	S2-801140400	S2	B		
S1-298604863	S2-167658594	S2	B		
S1-975241330	S3-728557526	S3	B		
S1-975241330	S3-800325100	S3	E	rank 6 <= topk but missing from candidates	
S1-975241330	S2-190285081	S2	D		72.0
S1-97809523	S3-52866931	S3	D		47.0
S1-991624045	S3-822629667	S3	B		
S1-347928285	S2-6369766	S2	A		
S1-229843010	S3-877117053	S3	B		
S1-970651806	S3-12629389	S3	D		62.0
S1-394542040	S3-272291167	S3	D		115.0
S1-588636839	S3-407594939	S3	D		60.0
S1-182049402	S2-137209406	S2	B		
S1-575787518	S3-379113302	S3	E	rank 20 <= topk but missing from candidates	
S1-626786746	S2-561167833	S2	D		51.0
S1-626786746	S3-370107281	S3	E	rank 22 <= topk but missing from candidates	
S1-93157778	S3-757326916	S3	B		
S1-560073605	S3-43715535	S3	B		
S1-560073605	S3-542528985	S3	B		
S1-560073605	S2-479667424	S2	B		
S1-560073605	S3-944231026	S3	B		
S1-27134757	S2-124520689	S2	B		
S1-815934941	S3-300472645	S3	A		
S1-640918317	S3-30229280	S3	E	rank 21 <= topk but missing from candidates	
S1-801683712	S2-619072245	S2	A		
S1-370100563	S3-11078736	S3	B		
S1-164669038	S2-665535494	S2	B		
S1-986340323	S3-990419356	S3	B		
S1-491661300	S3-491788498	S3	D		115.0
S1-988302339	S2-600189150	S2	B		
S1-172736868	S2-56819646	S2	D		47.0
S1-738435248	S3-360768801	S3	B		
S1-99770174	S3-816907344	S3	A		
S1-38301121	S3-6576314	S3	D		201.0
S1-997843822	S3-6287255	S3	B		
S1-838823220	S2-912284258	S2	A		
S1-838823220	S2-462094960	S2	B		
S1-312498521	S3-16626221	S3	D		138.0
S1-134755367	S2-214030604	S2	B		
S1-54742268	S2-817940392	S2	B		
S1-658190788	S2-567076828	S2	D		107.0
S1-370662796	S2-493444297	S2	A		
S1-370662796	S2-329269074	S2	A		
S1-370662796	S3-775142747	S3	B		
S1-727076642	S2-140013831	S2	B		
S1-566159424	S3-967632092	S3	D		108.0
S1-292535717	S3-96024430	S3	D		39.0
S1-546603187	S3-872144153	S3	B		
S1-699175388	S3-988010193	S3	A		
S1-936995619	S2-101252452	S2	D		65.0
S1-380671484	S3-724393649	S3	A		
S1-602802562	S2-392231009	S2	A		
S1-820584195	S3-748698070	S3	D		45.0
S1-820584195	S3-541529468	S3	D		44.0
S1-603756054	S3-393501817	S3	B		
S1-170694334	S2-313854463	S2	D		108.0
S1-170694334	S2-54638081	S2	A		
S1-170694334	S3-808433928	S3	D		82.0
S1-554494893	S3-357316405	S3	D		39.0
S1-23448191	S3-471023939	S3	D		69.0
S1-132909757	S2-40753228	S2	B		
S1-399518481	S2-934190796	S2	B		
S1-399518481	S2-546946990	S2	B		
S1-627304697	S2-567437268	S2	D		55.0
S1-627304697	S3-813298740	S3	E	rank 8 <= topk but missing from candidates	
S1-16307068	S2-321095074	S2	B		
S1-702790405	S3-911764379	S3	D		53.0
S1-940045927	S2-822667807	S2	D		118.0
S1-706122934	S3-703280041	S3	B		
S1-39593386	S3-598096226	S3	B		
S1-56175642	S3-201400161	S3	B		
S1-438649141	S3-379962540	S3	B		
S1-894868531	S3-566090395	S3	B		
S1-894868531	S2-671145853	S2	B		
S1-894868531	S3-753094848	S3	B		
S1-46854581	S3-615510605	S3	D		78.0
S1-46854581	S2-468464607	S2	D		120.0
S1-665977526	S3-589975556	S3	A		
S1-665977526	S2-742659041	S2	D		40.0
S1-562703327	S2-726581128	S2	D		81.0
S1-625517709	S2-981561972	S2	D		140.0
S1-801773	S2-498910630	S2	B		
S1-801773	S2-466856925	S2	B		
S1-179969951	S2-517338772	S2	A		
S1-3814297	S3-305338292	S3	D		36.0
S1-669036366	S2-320824231	S2	D		36.0
S1-669036366	S2-998892273	S2	D		39.0
S1-675818144	S3-121443390	S3	B		
S1-351059	S3-690132382	S3	A		
S1-953760777	S3-54847148	S3	D		111.0
S1-861337425	S3-856914041	S3	B		
S1-206911503	S3-37727580	S3	A		
S1-378332271	S3-83150241	S3	A		
S1-395503957	S3-614998984	S3	B		
S1-695992175	S2-155532311	S2	A		
S1-695992175	S2-834547931	S2	B		
S1-250682129	S2-937296652	S2	D		39.0
S1-250682129	S2-197268880	S2	D		45.0
S1-216175140	S2-413372452	S2	D		52.0
S1-141134295	S2-595106997	S2	B		
S1-766092319	S3-122726150	S3	B		
S1-792344085	S2-128976580	S2	B		
S1-863251180	S3-807242170	S3	A		
S1-85022417	S3-332669284	S3	E	rank 20 <= topk but missing from candidates	
S1-216866784	S3-939918609	S3	B		
S1-389137525	S2-405404480	S2	D		131.0
S1-389137525	S2-496142574	S2	D		132.0
S1-331494280	S3-641673654	S3	B		
S1-443247610	S3-105903025	S3	B		
S1-161064695	S3-827719779	S3	D		31.0
S1-703644084	S3-633806882	S3	D		71.0
S1-703644084	S2-822009375	S2	B		
S1-501895368	S2-480762195	S2	E	rank 27 <= topk but missing from candidates	
S1-172742802	S2-616186166	S2	D		61.0
S1-172742802	S2-970450916	S2	D		75.0
S1-549487748	S3-31443753	S3	B		
S1-76270366	S2-721690720	S2	A		
S1-690380822	S3-433043257	S3	A		
S1-690380822	S2-438300882	S2	A		
S1-346392214	S3-126847695	S3	D		45.0
S1-525070664	S2-494433590	S2	B		
S1-179200600	S3-213348423	S3	D		53.0
S1-980366431	S2-740511178	S2	B		
S1-980366431	S2-607941325	S2	B		
S1-212983496	S3-486674826	S3	B		
S1-212983496	S3-161174183	S3	B		
S1-212983496	S2-437198197	S2	A		
S1-534086078	S3-466509079	S3	D		39.0
S1-298708984	S2-103179929	S2	D		56.0
S1-298708984	S3-242427567	S3	D		45.0
S1-965529895	S3-565273229	S3	D		35.0
S1-965529895	S2-632044938	S2	D		104.0
S1-770702752	S2-926250924	S2	B		
S1-228927528	S2-834807337	S2	D		94.0
S1-228927528	S3-332304194	S3	D		92.0
S1-228927528	S3-766452814	S3	D		93.0
S1-228927528	S2-673222205	S2	D		90.0
S1-228927528	S3-333552538	S3	D		95.0
S1-632279181	S3-886709033	S3	D		88.0
S1-743240106	S3-878129061	S3	A		
S1-985868910	S3-373648032	S3	B		
S1-207935321	S2-183925103	S2	D		67.0
S1-207935321	S2-435393627	S2	D		35.0
S1-5140747	S3-19017293	S3	D		75.0
S1-602087175	S3-338944187	S3	B		
S1-317518339	S3-291530293	S3	D		40.0
S1-317518339	S3-46115097	S3	A		
S1-630801962	S2-972002843	S2	B		
S1-235926599	S2-489471804	S2	B		
S1-352033344	S2-36210008	S2	D		142.0
S1-286540927	S3-957641503	S3	D		290.0
S1-786999908	S2-854529853	S2	E	rank 14 <= topk but missing from candidates	
S1-786999908	S3-816216681	S3	E	rank 25 <= topk but missing from candidates	
S1-786999908	S2-630453158	S2	E	rank 6 <= topk but missing from candidates	
S1-942934736	S3-779618343	S3	E	rank 30 <= topk but missing from candidates	
S1-287911567	S3-384754994	S3	B		
S1-864273612	S2-66538034	S2	D		59.0
S1-58310425	S2-523797885	S2	D		42.0
S1-58310425	S2-654048613	S2	D		41.0
S1-509122722	S2-919614006	S2	D		54.0
S1-796072670	S3-540312711	S3	B		
S1-796072670	S2-851426352	S2	E	rank 26 <= topk but missing from candidates	
S1-73419122	S3-452637697	S3	D		43.0
S1-316483331	S3-463790049	S3	B		
S1-732415643	S2-312971538	S2	B		
S1-273918674	S3-185260513	S3	A		
S1-837159169	S3-83495910	S3	B		
S1-837159169	S2-493876538	S2	B		
S1-500427088	S3-17101197	S3	B		
S1-409936043	S2-871319998	S2	B		
S1-187540065	S2-618975953	S2	B		
S1-187540065	S2-134480823	S2	B		
S1-152229653	S2-779587298	S2	D		43.0
S1-661438790	S3-724998537	S3	B		
S1-286833268	S3-453800183	S3	D		79.0
S1-737635427	S3-805730600	S3	B		
S1-737635427	S3-711181517	S3	D		36.0
S1-737635427	S2-896380034	S2	B		
S1-468747286	S2-154462517	S2	B		
S1-741564315	S2-170402042	S2	D		53.0
S1-992082095	S2-870852282	S2	D		48.0
S1-534797036	S2-658431123	S2	D		93.0
S1-861101465	S3-858283072	S3	B		
S1-992335209	S3-861736253	S3	B		
S1-379896615	S3-629779227	S3	A		
S1-517250130	S2-138555411	S2	D		67.0
S1-593467013	S3-776453123	S3	E	rank 13 <= topk but missing from candidates	
S1-214217743	S3-624288699	S3	E	rank 29 <= topk but missing from candidates	
S1-681349635	S2-36176632	S2	D		69.0
S1-657619724	S3-665359970	S3	E	rank 26 <= topk but missing from candidates	
S1-558699364	S3-7944811	S3	D		40.0
S1-558699364	S2-925440836	S2	D		42.0
S1-815821463	S2-685411885	S2	A		
S1-757340100	S3-528756156	S3	D		53.0
S1-728441172	S2-152691584	S2	B		
S1-961097884	S2-878142554	S2	A		
S1-192554462	S2-669087948	S2	B		
S1-655620952	S3-853587896	S3	B		
S1-776165799	S2-286603352	S2	B		
S1-58641133	S3-765437913	S3	A		
S1-40901961	S3-558734174	S3	A		
S1-260578745	S3-361209129	S3	D		66.0
S1-510986642	S3-81005434	S3	D		59.0
S1-319227456	S2-20513889	S2	B		
S1-972313948	S2-126205016	S2	B		
S1-972313948	S3-343431044	S3	B		
S1-872871802	S3-861904019	S3	B		
S1-872871802	S3-343409353	S3	A		
S1-872871802	S3-640151766	S3	A		
S1-815287850	S3-885540215	S3	B		
S1-815287850	S3-758788147	S3	B		
S1-815287850	S2-201340713	S2	B		
S1-917617738	S2-151670755	S2	D		32.0
S1-917617738	S3-631996192	S3	D		31.0
S1-917617738	S3-334611970	S3	D		33.0
S1-734743633	S3-153241389	S3	D		119.0
S1-804491422	S3-644034546	S3	D		48.0
S1-864228258	S2-11509657	S2	B		
S1-864228258	S3-240922474	S3	B		
S1-864228258	S2-200406851	S2	B		
S1-864228258	S3-785371307	S3	B		
S1-382530879	S3-237823281	S3	D		58.0
S1-382530879	S3-395784761	S3	D		49.0
S1-382530879	S3-84181978	S3	D		59.0
S1-417698250	S3-935568611	S3	B		
S1-449174303	S3-379854107	S3	A		
S1-444659833	S2-549342698	S2	B		
S1-110958965	S2-797275337	S2	B		
S1-385073340	S3-516804378	S3	B		
S1-385073340	S3-270535378	S3	A		
S1-80262665	S3-912252471	S3	B		
S1-35042510	S3-746336873	S3	B		
S1-819281991	S2-335326860	S2	D		94.0
S1-704506970	S2-548952922	S2	A		
S1-704506970	S3-952433922	S3	A		
S1-704506970	S3-313429618	S3	A		
S1-464452564	S3-456517470	S3	E	rank 23 <= topk but missing from candidates	
S1-464452564	S2-354372088	S2	B		
S1-183818754	S3-33731157	S3	D		60.0
S1-953662557	S3-75424692	S3	D		61.0
S1-953662557	S3-957229168	S3	D		60.0
S1-894346683	S3-796689258	S3	D		85.0
S1-874873324	S3-593618648	S3	B		
S1-993955323	S3-477096634	S3	B		
S1-993955323	S2-33349275	S2	A		
S1-993955323	S3-23789143	S3	A		
S1-42193539	S3-338884171	S3	D		51.0
S1-42193539	S2-445309080	S2	D		42.0
S1-640062832	S3-326872264	S3	E	rank 13 <= topk but missing from candidates	
S1-707535156	S2-79767640	S2	D		57.0
S1-640619766	S2-938617222	S2	A		
S1-55613193	S2-262725992	S2	A		
S1-653566517	S3-336574808	S3	B		
S1-504563891	S3-487989778	S3	A		
S1-486073766	S3-469338578	S3	E	rank 22 <= topk but missing from candidates	
S1-858011294	S3-414452548	S3	B		
S1-932348920	S2-400836670	S2	A		
S1-932348920	S2-397990657	S2	A		
S1-932348920	S3-643891634	S3	D		53.0
S1-932348920	S3-666311022	S3	A		
S1-932348920	S3-188166674	S3	B		
S1-385441751	S2-485623345	S2	B		
S1-437407748	S2-345297012	S2	A		
S1-383402261	S2-714030913	S2	D		38.0
S1-383402261	S2-695345599	S2	D		31.0
S1-665267249	S3-194410494	S3	B		
S1-150310807	S2-809557844	S2	B		
S1-251332649	S3-539856302	S3	D		35.0
S1-416881014	S2-547154054	S2	D		67.0
S1-416881014	S2-633432402	S2	D		73.0
S1-131837740	S3-52305866	S3	A		
S1-268238625	S2-698015817	S2	D		69.0
S1-268238625	S2-706508400	S2	D		58.0
S1-268238625	S2-80836065	S2	D		61.0
S1-665872300	S2-219466003	S2	D		41.0
S1-48907806	S3-491773484	S3	A		
S1-598419666	S3-908250351	S3	B		
S1-283811392	S3-336834250	S3	B		
S1-700727763	S2-470552971	S2	D		45.0
S1-736581996	S3-175334383	S3	E	rank 16 <= topk but missing from candidates	
S1-590179806	S3-20141672	S3	A		
S1-45429674	S3-93775478	S3	B		
S1-806730814	S2-242667787	S2	B		
S1-32621598	S2-994535002	S2	B		
S1-626474836	S3-633738679	S3	D		35.0
S1-65197160	S3-490981526	S3	A		
S1-759351349	S2-10235759	S2	B		
S1-670525949	S3-51188137	S3	B		
S1-18713896	S2-334081996	S2	B		
S1-525008447	S2-339508140	S2	D		126.0
S1-309687460	S2-368297172	S2	B		
S1-150225902	S3-368137673	S3	D		52.0
S1-150225902	S3-415182566	S3	B		
S1-778576604	S2-779426437	S2	D		99.0
S1-419059267	S2-548261794	S2	D		43.0
S1-505510895	S2-288899978	S2	D		38.0
S1-505510895	S3-900630528	S3	D		46.0
S1-505510895	S2-678444489	S2	D		115.0
S1-617442901	S3-283272348	S3	A		
S1-327505462	S2-968632068	S2	D		96.0
S1-259558040	S3-371803759	S3	E	rank 1 <= topk but missing from candidates	
S1-658821303	S2-34966256	S2	A		
S1-110646416	S3-850493879	S3	A		
S1-802224474	S3-649751216	S3	A		
S1-942680023	S3-874288668	S3	D		52.0
S1-471046292	S3-866530372	S3	D		144.0
S1-471046292	S2-409819774	S2	D		145.0
S1-471046292	S2-699898168	S2	B		
S1-607912342	S2-504287342	S2	D		74.0
S1-607912342	S3-604139868	S3	D		60.0
S1-839577940	S3-733819713	S3	B		
S1-839577940	S2-915923378	S2	E	rank 27 <= topk but missing from candidates	
S1-616433571	S3-128736558	S3	A		
S1-616433571	S2-942439084	S2	D		44.0
S1-74721343	S3-874976831	S3	D		63.0
S1-622532404	S3-358604813	S3	B		
S1-622532404	S3-454009074	S3	D		36.0
S1-836334903	S2-554358358	S2	D		57.0
S1-655864094	S2-820411018	S2	B		
S1-573463078	S3-864964409	S3	A		
S1-573463078	S2-339952088	S2	B		
S1-309189456	S3-166264509	S3	D		37.0
S1-583896866	S3-375611941	S3	D		59.0
S1-640602595	S3-840703279	S3	B		
S1-640602595	S3-68317515	S3	B		
S1-124180369	S3-974262825	S3	D		117.0
S1-124180369	S2-953366015	S2	B		
S1-116661754	S2-402844242	S2	E	rank 15 <= topk but missing from candidates	
S1-211192780	S3-788080241	S3	B		
S1-226421897	S2-103564670	S2	B		
S1-78866143	S3-158383082	S3	D		83.0
S1-822394165	S2-715081316	S2	D		66.0
S1-947739821	S3-144639443	S3	D		76.0
S1-575281846	S3-486572649	S3	D		39.0
S1-575281846	S2-73956842	S2	D		40.0
S1-504155444	S2-343858572	S2	D		44.0
S1-504155444	S2-822350259	S2	D		36.0
S1-354351215	S2-622434771	S2	B		
S1-426703152	S3-193671097	S3	E	rank 5 <= topk but missing from candidates	
S1-426703152	S3-561039151	S3	B		
S1-265644187	S3-871236229	S3	D		78.0
S1-968796996	S3-453130434	S3	A		
S1-262919029	S2-267169172	S2	D		55.0
S1-114971439	S3-471090597	S3	D		105.0
S1-114971439	S3-65990109	S3	D		77.0
S1-710696222	S3-459208694	S3	D		70.0
S1-710696222	S3-860809650	S3	B		
S1-710696222	S2-545437687	S2	B		
S1-916526527	S3-288445157	S3	B		
S1-887644536	S3-371551974	S3	B		
S1-770204478	S3-7169773	S3	A		
S1-770204478	S2-351621164	S2	B		
S1-885785017	S2-140674938	S2	B		
S1-563977580	S2-962618008	S2	E	rank 28 <= topk but missing from candidates	
S1-387349906	S2-909168290	S2	D		140.0
S1-855058427	S3-805034803	S3	A		
S1-60001796	S3-317667873	S3	B		
S1-569615055	S3-34268879	S3	D		53.0
S1-569615055	S2-544578571	S2	D		43.0
S1-956846146	S3-676724613	S3	B		
S1-982765948	S3-965446494	S3	B		
S1-492186964	S2-885192161	S2	D		37.0
S1-310509078	S3-380047304	S3	B		
S1-310509078	S2-325672579	S2	D		32.0
S1-44766581	S3-627030498	S3	A		
S1-913936586	S2-539709424	S2	B		
S1-321374929	S3-752554628	S3	D		53.0
S1-391107249	S2-680374551	S2	A		
S1-391107249	S2-816678762	S2	A		
S1-98992451	S3-525258319	S3	D		96.0
S1-522295622	S3-379700751	S3	B		
S1-789760857	S3-684949091	S3	E	rank 25 <= topk but missing from candidates	
S1-654805078	S3-279980251	S3	D		58.0
S1-471599463	S2-534247219	S2	E	rank 13 <= topk but missing from candidates	
S1-919380417	S3-556328521	S3	D		63.0
S1-919380417	S2-21351692	S2	D		66.0
S1-939169657	S2-967469503	S2	E	rank 8 <= topk but missing from candidates	
S1-939169657	S2-765891947	S2	E	rank 10 <= topk but missing from candidates	
S1-782077401	S2-930983088	S2	B		
S1-612044961	S2-269206518	S2	B		
S1-612044961	S2-933907050	S2	B		
S1-612044961	S3-589305414	S3	B		
S1-183034088	S3-715823459	S3	A		
S1-167369744	S2-397794751	S2	D		53.0
S1-615375586	S3-397460578	S3	B		
S1-661645790	S2-342280091	S2	D		38.0
S1-661645790	S3-793937339	S3	D		59.0
S1-661645790	S3-362654867	S3	D		76.0
S1-178851419	S3-305091006	S3	E	rank 27 <= topk but missing from candidates	
S1-629569378	S2-829633277	S2	B		
S1-999119771	S3-197481343	S3	D		189.0
S1-329112272	S2-262441694	S2	B		
S1-384855431	S3-495021535	S3	A		
S1-384855431	S3-93047123	S3	B		
S1-415911892	S2-807008155	S2	D		55.0
S1-639638350	S3-171197354	S3	B		
S1-237017648	S3-634624510	S3	B		
S1-667392986	S2-800704051	S2	B		
S1-573664470	S2-527391087	S2	D		92.0
S1-468788881	S2-501893419	S2	D		126.0
S1-688881877	S2-215678665	S2	B		
S1-333778321	S2-526970683	S2	D		81.0
S1-84765759	S2-262974614	S2	A		
S1-979262423	S3-760896907	S3	B		
S1-979262423	S3-811347611	S3	B		
S1-979262423	S2-825481679	S2	D		86.0
S1-433807892	S3-628573982	S3	B		
S1-383737880	S2-284410866	S2	D		57.0
S1-383737880	S3-460750870	S3	D		61.0
S1-237702882	S2-598612050	S2	B		
S1-917521717	S3-895915002	S3	A		
S1-933115499	S3-159295191	S3	B		
S1-816494436	S2-143255872	S2	B		
S1-891529753	S3-26017790	S3	D		88.0
S1-894854202	S2-517359090	S2	B		
S1-894854202	S2-922462319	S2	B		
S1-530975966	S3-280232708	S3	D		121.0
S1-530975966	S3-2723746	S3	D		40.0
S1-645874534	S2-579164961	S2	B		
S1-284055799	S2-241404714	S2	B		
S1-732535185	S2-710972973	S2	B		
S1-293325613	S3-875638822	S3	B		
S1-806908926	S3-270801383	S3	B		
S1-335360900	S3-29570887	S3	B		
S1-31553530	S3-668986347	S3	B		
S1-188539678	S2-645102231	S2	A		
S1-188539678	S2-155058066	S2	A		
S1-188539678	S3-251620216	S3	B		
S1-961330196	S3-169968766	S3	B		
S1-199168273	S3-35951057	S3	B		
S1-199168273	S3-165810819	S3	B		
S1-223999023	S3-265395917	S3	D		39.0
S1-461875333	S3-260324047	S3	D		48.0
S1-16849388	S3-84935841	S3	A		
S1-967891063	S2-512241993	S2	D		35.0
S1-967891063	S2-884358554	S2	D		33.0
S1-424634453	S3-920056173	S3	E	rank 28 <= topk but missing from candidates	
S1-142101518	S3-507323832	S3	A		
S1-142101518	S3-363064467	S3	B		
S1-779523964	S2-614009607	S2	E	rank 18 <= topk but missing from candidates	
S1-593168472	S3-502453577	S3	B		
S1-705707279	S3-526446209	S3	B		
S1-437945470	S2-802962546	S2	B		
S1-567458422	S3-895386888	S3	E	rank 16 <= topk but missing from candidates	
S1-500667285	S3-324557854	S3	D		33.0
S1-331923645	S3-468526469	S3	D		34.0
S1-844903739	S3-353985390	S3	D		78.0
S1-525843616	S2-8725525	S2	E	rank 12 <= topk but missing from candidates	
S1-525843616	S3-50657272	S3	D		88.0
S1-835339611	S2-626108270	S2	B		
S1-459873932	S3-490716393	S3	D		61.0
S1-234937928	S2-892369721	S2	B		
S1-897375937	S3-293429675	S3	A		
S1-142678041	S3-618085453	S3	B		
S1-392827642	S3-962815228	S3	B		
S1-534466998	S2-913613248	S2	B		
S1-284984320	S3-459221267	S3	E	rank 26 <= topk but missing from candidates	
S1-868512850	S3-379381945	S3	D		49.0
S1-868512850	S3-704923482	S3	A		
S1-792439015	S2-943356319	S2	A		
S1-257132307	S2-588964600	S2	B		
S1-257132307	S2-396735118	S2	B		
S1-269276451	S3-372796764	S3	A		
S1-269276451	S2-864973255	S2	B		
S1-58816390	S2-678741071	S2	D		150.0
S1-66724530	S3-471497290	S3	B		
S1-66724530	S3-962449957	S3	B		
S1-213077762	S2-882656203	S2	D		88.0
S1-107184075	S2-286003700	S2	B		
S1-107184075	S2-401000911	S2	B		
S1-107184075	S2-306798968	S2	B		
S1-281743367	S3-610587879	S3	D		42.0
S1-420138341	S3-887843818	S3	A		
S1-732420084	S2-769113978	S2	B		
S1-732420084	S3-584957128	S3	B		
S1-658708968	S2-768093808	S2	D		67.0
S1-284798120	S3-29682814	S3	B		
S1-769155375	S2-330040600	S2	B		
S1-769155375	S3-614714712	S3	B		
S1-919769811	S3-941382656	S3	B		
S1-862675710	S3-657167498	S3	A		
S1-300629149	S3-198832665	S3	B		
S1-464252680	S2-1556880	S2	B		
S1-584998117	S2-94527941	S2	D		38.0
S1-27443644	S2-950299409	S2	B		
S1-27443644	S3-319041806	S3	E	rank 14 <= topk but missing from candidates	
S1-485147857	S2-678299692	S2	D		62.0
S1-726283459	S3-912321972	S3	A		
S1-296467118	S3-651770950	S3	D		70.0
S1-74393103	S2-867302414	S2	A		
S1-779615550	S2-909927650	S2	B		
S1-333099469	S2-862682871	S2	B		
S1-333099469	S2-105770392	S2	B		
S1-59283436	S2-257481701	S2	B		
S1-941928272	S3-293893414	S3	B		
S1-950193774	S3-957803618	S3	B		
S1-294099317	S3-761805661	S3	D		66.0
S1-302266532	S3-734879778	S3	D		92.0
S1-835007820	S2-739603695	S2	A		
S1-835007820	S3-100262089	S3	B		
S1-380422057	S3-119061404	S3	B		
S1-217621576	S3-21845536	S3	A		
S1-584433771	S3-243481197	S3	E	rank 14 <= topk but missing from candidates	
S1-49365349	S3-131512285	S3	A		
S1-49365349	S2-963130828	S2	D		78.0
S1-24267308	S2-455565461	S2	D		31.0
S1-194772257	S2-989275747	S2	B		
S1-194772257	S2-626103644	S2	D		31.0
S1-717212428	S3-155016760	S3	B		
S1-957354461	S2-340707418	S2	B		
S1-523310827	S3-871990066	S3	D		54.0
S1-523310827	S3-646658731	S3	D		39.0
S1-436860092	S2-216348303	S2	D		36.0
S1-459512095	S2-600945561	S2	A		
S1-777670560	S3-600346284	S3	A		
S1-746693102	S3-19011910	S3	A		
S1-348815903	S2-515092415	S2	D		67.0
S1-348815903	S3-13010732	S3	D		61.0
S1-56175307	S2-743038426	S2	A		
S1-349788116	S2-2679277	S2	B		
S1-125570771	S3-423584998	S3	B		
S1-125570771	S2-269361941	S2	A		
S1-316091175	S3-987215236	S3	B		
S1-312074179	S3-594548451	S3	B		
S1-483957936	S3-543043074	S3	B		
S1-169521782	S3-697741513	S3	A		
S1-133279870	S2-643801131	S2	B		
S1-205932712	S3-578832380	S3	D		40.0
S1-837903723	S3-946790801	S3	D		54.0
S1-545621066	S3-305728425	S3	A		
S1-545621066	S2-165494264	S2	D		43.0
S1-171117464	S2-814090357	S2	A		
S1-171117464	S3-515802240	S3	D		63.0
S1-419098095	S2-785748545	S2	D		42.0
S1-915436652	S3-908005593	S3	B		
S1-915436652	S2-931621256	S2	D		63.0
S1-529556484	S3-911116190	S3	D		37.0
S1-419926338	S3-58705913	S3	A		
S1-539426987	S3-838068005	S3	B		
S1-943631240	S3-949689008	S3	D		46.0
S1-759593281	S3-567873211	S3	A		
S1-746825008	S3-203822348	S3	A		
S1-746825008	S2-58770892	S2	A		
S1-163581904	S2-450066108	S2	B		
S1-163581904	S3-733145405	S3	A		
S1-595119308	S3-629033647	S3	B		
S1-483657273	S3-794624341	S3	B		
S1-758012073	S3-98658526	S3	B		
S1-454869988	S2-606952065	S2	B		
S1-510821745	S3-504618505	S3	B		
S1-340091058	S2-874281257	S2	E	rank 29 <= topk but missing from candidates	
S1-906703608	S3-160360421	S3	B		
S1-243415830	S2-72320082	S2	B		
S1-243415830	S3-669480835	S3	A		
S1-243415830	S3-305128455	S3	A		
S1-739128209	S2-55820846	S2	B		
S1-739128209	S3-851236586	S3	D		59.0
S1-707072648	S2-994648772	S2	B		
S1-255409004	S3-675442892	S3	B		
S1-5301410	S3-783782399	S3	B		
S1-965411168	S2-35051353	S2	B		
S1-406494776	S2-506475760	S2	B		
S1-406494776	S2-694788112	S2	B		
S1-121069114	S2-4159089	S2	B		
S1-356138949	S3-787074319	S3	B		
S1-356138949	S3-567994870	S3	B		
S1-596103600	S2-133876719	S2	B		
S1-487040794	S3-983823134	S3	D		90.0
S1-199396234	S3-677511648	S3	D		33.0
S1-577375473	S3-555061220	S3	D		57.0
S1-986028213	S3-597506419	S3	D		70.0
S1-986028213	S2-286593380	S2	B		
S1-104660498	S3-33420102	S3	A		
S1-114227532	S2-782731818	S2	D		31.0
S1-114227532	S3-872328579	S3	D		32.0
S1-731248507	S3-49940824	S3	E	rank 14 <= topk but missing from candidates	
S1-671904054	S3-160375189	S3	A		
S1-515759410	S2-813251999	S2	B		
S1-515759410	S2-397473618	S2	D		78.0
S1-89193000	S3-762996285	S3	D		43.0
S1-281409950	S3-416461654	S3	D		31.0
S1-118165402	S2-833659748	S2	D		38.0
S1-459788179	S2-284308349	S2	B		
S1-653466229	S2-83029078	S2	A		
S1-369731998	S2-125931480	S2	D		107.0
S1-369731998	S3-867246507	S3	E	rank 4 <= topk but missing from candidates	
S1-596437417	S2-678815710	S2	D		33.0
S1-596437417	S3-412564577	S3	D		35.0
S1-439948824	S3-459922180	S3	B		
S1-886055386	S3-631893197	S3	A		
S1-652214252	S2-647960329	S2	B		
S1-950730199	S3-150412273	S3	B		
S1-950730199	S3-671733713	S3	A		
S1-950730199	S2-990106865	S2	B		
S1-950730199	S2-651561964	S2	B		
S1-950730199	S2-761317761	S2	B		
S1-544032137	S3-170184920	S3	A		
S1-696532330	S2-448399472	S2	E	rank 16 <= topk but missing from candidates	
S1-532570671	S2-980136772	S2	D		38.0
S1-118449903	S3-637996636	S3	A		
S1-86019830	S2-556008364	S2	A		
S1-86019830	S3-463649110	S3	D		119.0
S1-807655457	S3-512677641	S3	D		56.0
S1-618539017	S3-635869829	S3	D		60.0
S1-618539017	S3-663020380	S3	B		
S1-387026384	S2-208337010	S2	D		84.0
S1-794743011	S3-80405642	S3	B		
S1-74703366	S2-171648803	S2	D		97.0
S1-521985273	S3-148418490	S3	A		
S1-735955690	S3-802845425	S3	B		
S1-434042258	S3-347929707	S3	D		65.0
S1-413375820	S2-649280644	S2	D		128.0
S1-413375820	S2-249286798	S2	D		40.0
S1-979163887	S3-831902750	S3	B		
S1-529282030	S2-316234759	S2	D		62.0
S1-737878935	S3-300661190	S3	B		
S1-487458711	S3-671809145	S3	D		49.0
S1-614001128	S3-882627530	S3	D		120.0
S1-614001128	S3-879424684	S3	B		
S1-758597537	S3-187531839	S3	B		
S1-783048801	S2-922689555	S2	A		
S1-759139210	S2-721692858	S2	B		
S1-223594807	S3-539857937	S3	A		
S1-223594807	S3-595416098	S3	A		
S1-223594807	S3-825938053	S3	A		
S1-880946723	S3-638076711	S3	D		61.0
S1-839517545	S2-151540264	S2	B		
S1-955980620	S3-690558109	S3	B		
S1-955980620	S3-215876668	S3	D		65.0
S1-955980620	S2-911532558	S2	D		59.0
S1-426332809	S3-396767298	S3	A		
S1-426332809	S3-509670057	S3	A		
S1-227243575	S3-784346899	S3	B		
S1-227243575	S2-65253903	S2	B		
S1-495403766	S3-905237823	S3	D		94.0
S1-463037214	S2-515384741	S2	D		70.0
S1-463037214	S3-214635132	S3	B		
S1-168614559	S2-217291336	S2	D		65.0
S1-121139134	S3-947514257	S3	B		
S1-121139134	S3-228564800	S3	B		
S1-121139134	S2-920131202	S2	B		
S1-848898609	S3-285502566	S3	B		
S1-532819171	S3-565726249	S3	A		
S1-10709292	S3-850973567	S3	D		57.0
S1-121164028	S3-34018234	S3	D		42.0
S1-658472546	S3-413634562	S3	D		83.0
S1-951401134	S3-239069498	S3	A		
S1-219244827	S2-64875085	S2	D		36.0
S1-219244827	S2-371165462	S2	E	rank 29 <= topk but missing from candidates	
S1-110042986	S3-800340302	S3	B		
S1-22274334	S3-659302682	S3	D		96.0
S1-39753083	S2-261225557	S2	B		
S1-149011347	S2-645914310	S2	D		31.0
S1-149011347	S3-600083153	S3	E	rank 30 <= topk but missing from candidates	
S1-39832335	S2-557262891	S2	D		82.0
S1-39832335	S3-154969083	S3	D		50.0
S1-579572409	S3-601164082	S3	B		
S1-896647549	S3-44274668	S3	B		
S1-896647549	S2-509676637	S2	D		118.0
S1-742020838	S3-254374170	S3	D		39.0
S1-742020838	S2-164743295	S2	B		
S1-283726763	S3-87179628	S3	B		
S1-239063913	S3-971949516	S3	E	rank 18 <= topk but missing from candidates	
S1-227784981	S3-300297308	S3	D		68.0
S1-644724501	S2-411499035	S2	D		36.0
S1-431805304	S3-716959229	S3	B		
S1-367029865	S2-741433632	S2	B		
S1-653183741	S2-106646321	S2	D		69.0
S1-825272121	S3-528964381	S3	D		53.0
S1-236494734	S3-35788299	S3	B		
S1-307956270	S3-277113260	S3	A		
S1-19072800	S2-899814903	S2	B		
S1-884884247	S2-425355318	S2	D		98.0
S1-879057225	S3-616680140	S3	B		
S1-460894374	S3-218151339	S3	D		90.0
S1-285671752	S3-948390150	S3	A		
S1-285671752	S3-678718191	S3	A		
S1-816401538	S3-715277719	S3	A		
S1-610933969	S3-148097507	S3	D		60.0
S1-610933969	S3-624239558	S3	D		41.0
S1-613979356	S2-527492123	S2	D		58.0
S1-31842668	S2-796273717	S2	D		84.0
S1-944645299	S3-123082783	S3	B		
S1-988723552	S3-754731616	S3	D		33.0
S1-984215071	S2-862412577	S2	B		
S1-630132522	S3-686266167	S3	D		39.0
S1-180067999	S2-818103792	S2	B		
S1-66695863	S3-598532255	S3	D		72.0
S1-909144095	S3-992910440	S3	D		43.0
S1-237774552	S2-34230536	S2	A		
S1-680970190	S3-318759786	S3	A		
S1-380015499	S2-422228043	S2	D		66.0
S1-69543457	S2-676580695	S2	B		
S1-536869035	S2-106880631	S2	D		54.0
S1-536869035	S2-596025342	S2	D		64.0
S1-459025496	S2-6838094	S2	B		
S1-266883414	S3-976362418	S3	B		
S1-823156719	S3-893680503	S3	E	rank 8 <= topk but missing from candidates	
S1-34788351	S3-822971083	S3	B		
S1-34788351	S2-73145817	S2	A		
S1-34788351	S2-4145249	S2	B		
S1-319228384	S2-613077367	S2	D		56.0
S1-773869231	S3-561841164	S3	B		
S1-33833708	S3-174961141	S3	B		
S1-869311262	S2-113261380	S2	B		
S1-986876497	S3-283984890	S3	A		
S1-46885979	S2-774723670	S2	D		57.0
S1-154776835	S3-184485144	S3	B		
S1-154776835	S2-63268766	S2	B		
S1-992051465	S3-319577313	S3	D		65.0
S1-992051465	S3-309011789	S3	D		84.0
S1-372254362	S2-801184768	S2	D		112.0
S1-413599754	S3-245635302	S3	B		
S1-586427807	S2-889610555	S2	A		
S1-586427807	S2-352055539	S2	A		
S1-3055774	S3-806428784	S3	A		
S1-386640135	S3-580965241	S3	D		32.0
S1-362144040	S2-54140927	S2	D		58.0
S1-332945003	S3-952323818	S3	B		
S1-332945003	S2-263845328	S2	A		
S1-332945003	S2-983799573	S2	B		
S1-817125805	S2-613277634	S2	B		
S1-817125805	S3-672730883	S3	B		
S1-817125805	S3-554060861	S3	B		
S1-735744241	S2-16328666	S2	D		114.0
S1-256369208	S3-504813500	S3	D		32.0
S1-256369208	S2-813314014	S2	B		
S1-256369208	S3-265293447	S3	B		
S1-256369208	S3-197620817	S3	D		53.0
S1-117655685	S3-893700532	S3	A		
S1-800981607	S2-740260005	S2	D		63.0
S1-549295313	S2-88302198	S2	B		
S1-549295313	S2-464251477	S2	B		
S1-286534085	S2-457388772	S2	D		68.0
S1-422801676	S2-951784258	S2	D		62.0
S1-980127064	S2-458841205	S2	D		83.0
S1-690512200	S3-798197921	S3	A		
S1-690512200	S3-933551775	S3	A		
S1-690512200	S3-244425701	S3	A		
S1-690512200	S2-957954457	S2	A		
S1-710403022	S3-812414594	S3	D		42.0
S1-710403022	S3-556394802	S3	D		53.0
S1-801053492	S3-459806706	S3	B		
S1-840928141	S2-716331825	S2	D		31.0
S1-129581349	S3-128453734	S3	B		
S1-129581349	S3-468811941	S3	B		
S1-501180370	S3-638997485	S3	B		
S1-846997965	S3-600381883	S3	D		97.0
S1-16982206	S3-252950813	S3	A		
S1-16982206	S2-827624052	S2	E	rank 28 <= topk but missing from candidates	
S1-270251283	S3-468729601	S3	B		
S1-270251283	S3-337736290	S3	B		
S1-689495956	S3-42162043	S3	B		
S1-426003618	S2-392647413	S2	A		
S1-426003618	S3-441884195	S3	B		
S1-112182780	S3-685257653	S3	B		
S1-962704883	S3-402581928	S3	B		
S1-363624040	S2-608434400	S2	E	rank 28 <= topk but missing from candidates	
S1-407566005	S3-271928655	S3	B		
S1-383315655	S3-861283411	S3	B		
S1-383315655	S3-491637120	S3	B		
S1-943299229	S3-958768749	S3	B		
S1-943299229	S3-161981539	S3	B		
S1-943299229	S3-305754217	S3	B		
S1-910802191	S3-824097309	S3	B		
S1-506680241	S3-100267927	S3	D		56.0
S1-905613057	S3-304567008	S3	E	rank 22 <= topk but missing from candidates	
S1-661025498	S2-121206857	S2	B		
S1-324704727	S2-4097610	S2	A		
S1-831095877	S3-701719554	S3	D		58.0
S1-346512221	S3-574847698	S3	D		64.0
S1-346512221	S3-734739660	S3	D		66.0
S1-35013706	S2-193100800	S2	D		34.0
S1-944372578	S3-89831503	S3	D		35.0
S1-944372578	S3-391441944	S3	D		40.0
S1-591031308	S3-845011795	S3	D		132.0
S1-917479913	S2-725431685	S2	B		
S1-155751334	S3-501508952	S3	A		
S1-582702563	S3-359527565	S3	D		35.0
S1-533105145	S2-524819381	S2	A		
S1-533105145	S2-14770778	S2	A		
S1-386334679	S3-51455835	S3	B		
S1-2268303	S3-594132142	S3	B		
S1-238779178	S3-738596699	S3	A		
S1-842274411	S3-567199192	S3	B		
S1-316945	S3-157775172	S3	A		
S1-163240421	S3-936033716	S3	A		
S1-262794759	S3-423201430	S3	D		94.0
S1-262794759	S2-928493567	S2	D		43.0
S1-246301191	S3-976299948	S3	D		54.0
S1-904180144	S3-785493292	S3	B		
S1-206308112	S2-4903679	S2	B		
S1-206308112	S2-802835821	S2	B		
S1-565845186	S2-783136772	S2	B		
S1-565845186	S2-854482853	S2	B		
S1-565845186	S3-429668627	S3	B		
S1-288520382	S2-566306821	S2	D		42.0
S1-115727505	S2-173039319	S2	B		
S1-35979035	S2-553300093	S2	D		47.0
S1-242576418	S3-916548808	S3	B		
S1-240456899	S3-435749330	S3	B		
S1-240456899	S3-15973231	S3	D		76.0
S1-240456899	S2-808535841	S2	D		75.0
S1-790913278	S2-679349178	S2	E	rank 16 <= topk but missing from candidates	
S1-790913278	S2-293793921	S2	B		
S1-240373956	S2-376039506	S2	B		
S1-373104611	S2-694394737	S2	D		81.0
S1-522881474	S3-541292940	S3	D		130.0
S1-812008876	S2-750004634	S2	B		
S1-934259031	S3-938338238	S3	D		48.0
S1-817233336	S3-800022318	S3	D		136.0
S1-817233336	S3-470018745	S3	A		
S1-817233336	S2-45000602	S2	B		
S1-499131257	S3-418617484	S3	D		31.0
S1-494454045	S3-309496990	S3	B		
S1-532342881	S3-277358343	S3	D		153.0
S1-154146624	S3-456151856	S3	B		
S1-389177337	S2-435033379	S2	B		
S1-73260726	S2-930621484	S2	D		60.0
S1-474539063	S3-973999660	S3	D		63.0
S1-458891919	S3-243560809	S3	E	rank 28 <= topk but missing from candidates	
S1-166281576	S3-768726414	S3	D		186.0
S1-166281576	S3-21059371	S3	D		40.0
S1-668854623	S3-926517014	S3	A		
S1-239466131	S3-945531096	S3	D		52.0
S1-188852848	S3-242327552	S3	A		
S1-188852848	S3-574177954	S3	D		40.0
S1-188852848	S3-27667718	S3	E	rank 28 <= topk but missing from candidates	
S1-57310001	S2-589498006	S2	D		96.0
S1-57310001	S2-898333331	S2	D		141.0
S1-731154682	S2-294313535	S2	B		
S1-451809689	S3-844663487	S3	A		
S1-818406779	S3-767048555	S3	D		39.0
S1-219259959	S3-233152805	S3	D		72.0
S1-47782632	S3-944988930	S3	B		
S1-7579536	S2-564535296	S2	D		72.0
S1-853988517	S3-376283073	S3	D		84.0
S1-853988517	S2-139904053	S2	D		112.0
S1-657984012	S2-282608154	S2	D		80.0
S1-657984012	S3-652765972	S3	E	rank 22 <= topk but missing from candidates	
S1-657984012	S3-758501598	S3	B		
S1-681859756	S2-681420741	S2	B		
S1-732707075	S2-982487178	S2	B		
S1-675636427	S3-381798165	S3	D		37.0
S1-393227428	S3-306053878	S3	D		71.0
S1-481161490	S3-612906263	S3	A		
S1-605923422	S3-114371275	S3	D		103.0
S1-985402993	S3-18316446	S3	D		74.0
S1-985402993	S3-334234701	S3	B		
S1-985402993	S3-291444901	S3	B		
S1-430879220	S2-152659014	S2	D		51.0
S1-918566050	S3-467826223	S3	D		36.0
S1-945954111	S3-10137683	S3	B		
S1-945954111	S2-625573881	S2	D		31.0
S1-945954111	S3-576700074	S3	D		32.0
S1-945954111	S2-15465881	S2	B		
S1-872185768	S3-821634413	S3	B		
S1-972131264	S3-483041702	S3	B		
S1-839165895	S3-281289101	S3	A		
S1-839165895	S3-22486119	S3	B		
S1-839165895	S2-467028898	S2	B		
S1-52360269	S3-612986983	S3	B		
S1-4549936	S3-370801905	S3	D		63.0
S1-204053	S3-371009261	S3	D		59.0
S1-362558963	S3-668358405	S3	A		
S1-915092886	S3-500079754	S3	B		
S1-617574854	S3-86589184	S3	D		60.0
S1-216130631	S2-645705835	S2	B		
S1-67669110	S3-707978307	S3	A		
S1-503659367	S2-958497272	S2	A		
S1-503659367	S2-572660107	S2	D		70.0
S1-503659367	S2-459597892	S2	D		100.0
S1-364298753	S3-903754589	S3	D		191.0
S1-77279590	S3-210680715	S3	A		
S1-77279590	S2-232513233	S2	A		
S1-549652874	S2-394202146	S2	B		
S1-591874367	S3-449848579	S3	B		
S1-963704515	S3-383794211	S3	A		
S1-506209561	S2-184587704	S2	D		46.0
S1-506209561	S2-48557057	S2	D		47.0
S1-860621730	S3-123045036	S3	D		54.0
S1-920354612	S2-818639531	S2	B		
S1-415757776	S2-689919941	S2	B		
S1-415757776	S3-138740177	S3	D		75.0
S1-524835682	S2-443098141	S2	D		110.0
S1-143537866	S2-726623601	S2	B		
S1-143537866	S3-529333265	S3	B		
S1-529186557	S3-81873580	S3	B		
S1-305155584	S3-632104217	S3	A		
S1-172810269	S3-686171247	S3	A		
S1-408454402	S3-494122209	S3	B		
S1-266662941	S2-204209502	S2	D		45.0
S1-170294221	S3-827424543	S3	A		
S1-328773304	S2-440210496	S2	B		
S1-243720553	S3-824989300	S3	D		80.0
S1-612462074	S3-266279701	S3	B		
S1-612462074	S3-213088605	S3	B		
S1-646031852	S3-655798478	S3	B		
S1-705636393	S2-968480212	S2	B		
S1-268308442	S3-30168301	S3	B		
S1-268308442	S3-146074507	S3	B		
S1-639660518	S3-439954218	S3	B		
S1-848793316	S3-861989141	S3	D		126.0
S1-498876256	S2-12481313	S2	A		
S1-498876256	S3-450624909	S3	D		35.0
S1-696947307	S3-444964099	S3	B		
S1-891318185	S3-579817318	S3	B		
S1-468871678	S2-746127051	S2	B		
S1-237931006	S3-790334681	S3	B		
S1-589285958	S2-369969549	S2	D		33.0
S1-275524051	S3-252488635	S3	B		
S1-151193256	S3-932896019	S3	D		38.0
S1-109520461	S3-597744988	S3	A		
S1-731267529	S3-32048084	S3	D		54.0
S1-731267529	S2-411080870	S2	D		46.0
S1-715461973	S3-364765625	S3	B		
S1-907032524	S3-285345980	S3	B		
S1-907032524	S3-138271593	S3	A		
S1-179080764	S3-529604680	S3	B		
S1-191149868	S2-447785532	S2	D		96.0
S1-105437049	S3-598314253	S3	B		
S1-456367808	S2-778495048	S2	D		36.0
S1-203761684	S3-865625375	S3	B		
S1-203761684	S3-146035195	S3	B		
S1-268000471	S2-115510233	S2	A		
S1-221622480	S3-303099377	S3	B		
S1-487189401	S2-640597180	S2	B		
S1-487189401	S3-794464359	S3	B		
S1-224970570	S3-316117125	S3	B		
S1-821579094	S2-415264317	S2	B		
S1-529515328	S2-385329653	S2	D		53.0
S1-118432320	S3-541534835	S3	B		
S1-69612941	S2-126690338	S2	D		34.0
S1-69612941	S3-850961288	S3	D		35.0
S1-69612941	S2-274974729	S2	D		36.0
S1-69612941	S3-547238254	S3	D		51.0
S1-215052197	S3-93555095	S3	B		
S1-208943046	S2-222249715	S2	B		
S1-369675830	S3-264534055	S3	B		
S1-583013750	S2-695559136	S2	A		
S1-224140551	S3-183835649	S3	D		38.0
S1-66756967	S2-148240052	S2	B		
S1-358575657	S3-205122673	S3	D		88.0
S1-320958945	S3-234277879	S3	A		
S1-320958945	S2-631174761	S2	D		76.0
S1-290627268	S2-157747208	S2	A		
S1-322751792	S3-109939587	S3	B		
S1-322751792	S3-420015828	S3	B		
S1-490291915	S2-567961165	S2	D		93.0
S1-690542502	S2-726464740	S2	D		88.0
S1-722730599	S2-181713864	S2	B		
S1-564031026	S3-336944119	S3	D		62.0
S1-659535246	S2-227700685	S2	A		
S1-659535246	S3-797954247	S3	B		
S1-659535246	S2-147286204	S2	A		
S1-655181031	S3-990794676	S3	B		
S1-655181031	S2-896334139	S2	B		
S1-655181031	S2-417587175	S2	B		
S1-346265218	S3-405491368	S3	B		
S1-999290608	S3-706352652	S3	A		
S1-508875574	S3-73502199	S3	A		
S1-508875574	S3-667340818	S3	A		
S1-105086322	S2-641123659	S2	D		51.0
S1-423437879	S2-199766789	S2	D		59.0
S1-423437879	S3-487802212	S3	A		
S1-423437879	S2-475636819	S2	D		58.0
S1-715122668	S3-258647868	S3	E	rank 22 <= topk but missing from candidates	
S1-315547693	S3-645835773	S3	D		71.0
S1-294697179	S3-487049064	S3	D		89.0
S1-442659998	S3-81813619	S3	D		53.0
S1-575536435	S3-388189808	S3	D		62.0
S1-575536435	S3-421297415	S3	D		61.0
S1-949688216	S3-845073534	S3	B		
S1-323342528	S2-271805745	S2	D		31.0
S1-323342528	S2-566570490	S2	B		
S1-323342528	S2-698494548	S2	E	rank 21 <= topk but missing from candidates	
S1-569140797	S2-809966233	S2	D		38.0
S1-569140797	S3-189175636	S3	D		37.0
S1-235093178	S2-793537477	S2	A		
S1-295327726	S2-560022464	S2	B		
S1-295327726	S3-713859345	S3	E	rank 23 <= topk but missing from candidates	
S1-102427341	S2-319792947	S2	B		
S1-239129976	S3-924673577	S3	D		46.0
S1-239129976	S2-455937826	S2	D		50.0
S1-856259131	S3-424190665	S3	E	rank 7 <= topk but missing from candidates	
S1-596055661	S3-975237664	S3	B		
S1-125672042	S3-980316233	S3	D		40.0
S1-291431589	S2-67404122	S2	D		51.0
S1-291431589	S2-783976395	S2	D		52.0
S1-769842198	S2-603416368	S2	B		
S1-769842198	S2-422969313	S2	B		
S1-622286074	S2-507539009	S2	B		
S1-622286074	S3-184961057	S3	B		
S1-992048167	S2-206408423	S2	D		121.0
S1-992048167	S2-829526618	S2	D		126.0
S1-607600374	S3-566663999	S3	D		69.0
S1-412578557	S3-397296678	S3	B		
S1-364058354	S3-286024316	S3	B		
S1-364058354	S3-292164182	S3	B		
S1-246351319	S3-599654053	S3	D		47.0
S1-973509389	S3-691036161	S3	B		
S1-134553204	S3-857904100	S3	D		41.0
S1-80003405	S2-372445287	S2	B		
S1-80003405	S3-287746131	S3	D		33.0
S1-763644112	S2-712006246	S2	B		
S1-151065738	S3-321373370	S3	E	rank 11 <= topk but missing from candidates	
S1-23361463	S2-478007920	S2	B		
S1-637057363	S3-308742855	S3	B		
S1-513550968	S3-47661198	S3	A		
S1-835561392	S3-8105751	S3	D		49.0
S1-662179388	S2-857055708	S2	B		
S1-508712205	S3-831053278	S3	B		
S1-401237578	S3-47844754	S3	B		
S1-900475764	S2-881264792	S2	B		
S1-355276161	S3-53557875	S3	B		
S1-355276161	S3-872502268	S3	B		
S1-396195782	S2-545433125	S2	B		
S1-484020116	S2-584947907	S2	B		
S1-665647044	S3-665499038	S3	E	rank 28 <= topk but missing from candidates	
S1-288141986	S2-204627519	S2	B		
S1-511747122	S3-533796114	S3	A		
S1-58242029	S2-411404284	S2	B		
S1-276783277	S2-761275516	S2	A		
S1-422675439	S3-286530879	S3	B		
S1-206195420	S2-254071780	S2	D		36.0
S1-387043988	S2-110704554	S2	B		
S1-374242955	S3-536670984	S3	B		
S1-374242955	S3-93589485	S3	B		
S1-813229866	S3-397800750	S3	A		
S1-851679094	S3-411836725	S3	B		
S1-774013912	S2-696153670	S2	B		
S1-626678103	S3-106177972	S3	D		50.0
S1-626678103	S2-923022600	S2	D		70.0
S1-790729759	S2-220015461	S2	B		
S1-715344714	S3-643716196	S3	D		84.0
S1-114550	S2-21854991	S2	A		
S1-300202971	S2-884435070	S2	B		
S1-18231898	S3-849513945	S3	B		
S1-263013368	S2-46663773	S2	A		
S1-830268807	S2-746074539	S2	B		
S1-809665718	S3-880853490	S3	A		
S1-57848802	S2-831375942	S2	D		62.0
S1-57848802	S3-402874982	S3	D		66.0
S1-951850683	S3-172516626	S3	D		63.0
S1-951850683	S2-402503651	S2	D		77.0
S1-961297041	S3-540913847	S3	D		123.0
S1-612651712	S3-424280730	S3	E	rank 29 <= topk but missing from candidates	
S1-612651712	S2-946238597	S2	B		
S1-205055840	S3-500078054	S3	B		
S1-315389902	S2-971103940	S2	D		42.0
S1-96114367	S3-563470433	S3	A		
S1-658865943	S3-517805810	S3	D		37.0
S1-509870531	S3-888469277	S3	B		
S1-229345797	S3-969676004	S3	D		31.0
S1-618462593	S2-75781092	S2	B		
S1-581406915	S2-594535189	S2	B		
S1-835815819	S2-870796254	S2	B		
S1-357365070	S2-283436826	S2	B		
S1-287810324	S3-379984288	S3	B		
S1-287810324	S3-854086127	S3	B		
S1-323581840	S3-127116175	S3	E	rank 20 <= topk but missing from candidates	
S1-797939276	S3-819254408	S3	A		
S1-150280397	S2-770333840	S2	B		
S1-150280397	S2-156722746	S2	B		
S1-150280397	S2-495768874	S2	B		
S1-711465346	S2-582885623	S2	E	rank 18 <= topk but missing from candidates	
S1-244123278	S3-877888590	S3	B		
S1-942723851	S3-904972697	S3	B		
S1-606259697	S2-5372174	S2	D		36.0
S1-668913400	S2-595304962	S2	D		61.0
S1-921240873	S3-254752359	S3	D		33.0
S1-777194132	S3-85636610	S3	B		
S1-14384715	S2-375882278	S2	D		59.0
S1-112615424	S3-741288842	S3	B		
S1-87034713	S2-792646728	S2	D		58.0
S1-453741027	S3-701555438	S3	A		
S1-211762830	S3-723871786	S3	D		49.0
S1-541628402	S3-345305530	S3	B		
S1-541628402	S3-576413803	S3	A		
S1-82637503	S2-658647823	S2	A		
S1-815307384	S2-532066123	S2	B		
S1-902569861	S2-633930023	S2	A		
S1-902569861	S3-969757314	S3	B		
S1-356939428	S2-285300346	S2	A		
S1-356939428	S3-343857924	S3	A		
S1-945384529	S3-943134899	S3	A		
S1-592182426	S3-17462367	S3	D		52.0
S1-586731729	S3-47713618	S3	D		86.0
S1-586731729	S3-952988104	S3	B		
S1-825676624	S2-229663841	S2	D		51.0
S1-825676624	S3-401231361	S3	D		50.0
S1-687822029	S3-113578777	S3	D		58.0
S1-687822029	S3-971081128	S3	D		218.0
S1-687822029	S3-45067300	S3	D		181.0
S1-852068525	S3-529775563	S3	B		
S1-139176401	S3-245763652	S3	D		66.0
S1-788870541	S3-622277824	S3	B		
S1-343258187	S2-537480536	S2	A		
S1-161572460	S2-485217289	S2	D		44.0
S1-161572460	S3-157727751	S3	D		86.0
S1-301147774	S2-778777003	S2	D		47.0
S1-301147774	S3-666248698	S3	D		67.0
S1-990360048	S2-888162319	S2	E	rank 20 <= topk but missing from candidates	
S1-49674804	S3-606370432	S3	B		
S1-454434206	S3-867553064	S3	B		
S1-690284967	S2-195513799	S2	D		82.0
S1-690284967	S3-550661239	S3	E	rank 20 <= topk but missing from candidates	
S1-690284967	S2-132119101	S2	B		
S1-76285542	S2-197898572	S2	B		
S1-765623419	S3-459335239	S3	B		
S1-856121279	S3-657208032	S3	B		
S1-168661195	S3-615184146	S3	A		
S1-112447268	S3-352750938	S3	B		
S1-775896642	S3-82330675	S3	B		
S1-627443875	S3-957237868	S3	A		
S1-885284073	S3-883658803	S3	D		39.0
S1-470072243	S3-290608328	S3	A		
S1-839630961	S2-858942809	S2	B		
S1-766639605	S3-300321716	S3	B		
S1-170938574	S3-380325720	S3	B		
S1-627214592	S3-764210129	S3	D		84.0
S1-627214592	S2-554776744	S2	D		83.0
S1-627214592	S3-690672468	S3	B		
S1-680460216	S2-477446452	S2	D		52.0
S1-865231841	S2-370288792	S2	D		39.0
S1-368616285	S3-759153408	S3	B		
S1-364410674	S3-331960868	S3	B		
S1-364410674	S3-844497103	S3	B		
S1-577408154	S2-574375610	S2	B		
S1-12581129	S3-268155812	S3	B		
S1-396740620	S2-356397731	S2	B		
S1-514171076	S2-871650610	S2	B		
S1-461418298	S2-948733009	S2	B		
S1-319160605	S2-485916242	S2	B		
S1-189402599	S3-396943435	S3	A		
S1-371543684	S3-280739312	S3	B		
S1-867845097	S3-487150223	S3	D		41.0
S1-867845097	S2-662111031	S2	D		39.0
S1-867845097	S3-838008430	S3	D		40.0
S1-800781011	S3-383610627	S3	D		63.0
S1-847547262	S3-997911205	S3	D		39.0
S1-457665335	S2-589034628	S2	B		
S1-865214342	S3-400956060	S3	E	rank 26 <= topk but missing from candidates	
S1-459154134	S3-845822570	S3	D		53.0
S1-459154134	S3-542170465	S3	B		
S1-788382051	S3-645147697	S3	A		
S1-134830378	S3-289483037	S3	D		36.0
S1-200383511	S3-23280042	S3	B		
S1-238988091	S3-508670151	S3	B		
S1-137358217	S3-688158252	S3	B		
S1-137358217	S2-618554154	S2	D		35.0
S1-18389424	S2-597483451	S2	B		
S1-766631499	S2-78138319	S2	D		36.0
S1-766631499	S3-728757849	S3	D		35.0
S1-929818094	S3-406666982	S3	E	rank 30 <= topk but missing from candidates	
S1-869924485	S2-411220409	S2	B		
S1-869924485	S3-279329100	S3	B		
S1-869924485	S3-569929073	S3	B		
S1-869924485	S2-259992194	S2	D		42.0
S1-316498144	S2-609080923	S2	D		67.0
S1-316498144	S3-280169813	S3	D		90.0
S1-853758093	S3-797109874	S3	D		64.0
S1-853758093	S3-287256877	S3	D		103.0
S1-407774665	S2-965486026	S2	A		
S1-698892278	S3-135585218	S3	B		
S1-423828123	S2-854461915	S2	B		
S1-423828123	S2-714768981	S2	B		
S1-289192297	S3-493191700	S3	A		
S1-289192297	S3-989627851	S3	E	rank 30 <= topk but missing from candidates	
S1-310993995	S2-277465728	S2	D		37.0
S1-917640989	S3-117784047	S3	A		
S1-286548948	S2-898920736	S2	B		
S1-32653994	S3-99919398	S3	B		
S1-827228401	S2-468665866	S2	E	rank 11 <= topk but missing from candidates	
S1-727635879	S2-837752988	S2	B		
S1-485096102	S3-124499989	S3	D		69.0
S1-485096102	S3-509493010	S3	D		68.0
S1-79634912	S3-183202199	S3	A		
S1-833705052	S3-727489824	S3	B		
S1-131988478	S3-70613276	S3	B		
S1-464644127	S3-235208442	S3	B		
S1-749299627	S3-891723312	S3	B		
S1-968684118	S3-822515123	S3	D		41.0
S1-968684118	S2-227014440	S2	E	rank 27 <= topk but missing from candidates	
S1-370521742	S3-590191012	S3	A		
S1-677910109	S2-556522038	S2	E	rank 30 <= topk but missing from candidates	
S1-553737609	S3-172755587	S3	A		
S1-746311171	S3-443484063	S3	D		68.0
S1-823430933	S2-106030719	S2	D		32.0
S1-829136013	S3-107085219	S3	B		
S1-829136013	S3-404174350	S3	B		
S1-131074327	S3-655107297	S3	D		39.0
S1-611795875	S3-334529168	S3	D		63.0
S1-611795875	S2-525076439	S2	A		
S1-611795875	S2-384414739	S2	D		62.0
S1-330424672	S3-103692125	S3	D		79.0
S1-330424672	S3-300827144	S3	D		76.0
S1-50936279	S3-301590660	S3	E	rank 23 <= topk but missing from candidates	
S1-442682764	S3-415938405	S3	D		34.0
S1-442682764	S3-980051601	S3	B		
S1-899164963	S3-571183455	S3	B		
S1-630062200	S3-309817398	S3	A		
S1-630062200	S2-890946676	S2	A		
S1-546375941	S3-319429531	S3	A		
S1-657286562	S3-67618834	S3	A		
S1-992556643	S3-181405909	S3	D		54.0
S1-992556643	S3-530205473	S3	B		
S1-377489113	S2-508622248	S2	B		
S1-377489113	S3-204611990	S3	E	rank 19 <= topk but missing from candidates	
S1-901796248	S3-913963770	S3	B		
S1-630590984	S2-975859386	S2	B		
S1-376310400	S2-981519924	S2	B		
S1-376310400	S3-343197572	S3	B		
S1-930012941	S3-628035892	S3	D		89.0
S1-930012941	S2-897388262	S2	D		40.0
S1-930012941	S2-938351102	S2	D		33.0
S1-593279590	S2-528451949	S2	A		
S1-834627984	S3-317477929	S3	B		
S1-538117127	S3-38467230	S3	B		
S1-538117127	S3-225275238	S3	A		
S1-538117127	S2-775152173	S2	B		
S1-84621280	S3-294321157	S3	D		91.0
S1-84621280	S2-677253427	S2	B		
S1-987851404	S3-864114622	S3	D		59.0
S1-987851404	S3-232666518	S3	D		61.0
S1-655901927	S3-453802105	S3	B		
S1-667293579	S2-96942023	S2	A		
S1-176782003	S2-548981414	S2	D		81.0
S1-176782003	S3-862250116	S3	D		52.0
S1-217026624	S2-534208845	S2	A		
S1-217026624	S3-533596412	S3	A		
S1-881449073	S3-184337559	S3	A		
S1-881449073	S2-951989	S2	A		
S1-111437393	S2-291409905	S2	D		46.0
S1-466951308	S2-27528251	S2	B		
S1-941748723	S2-298714902	S2	B		
S1-3463610	S3-869813929	S3	D		39.0
S1-821819096	S3-22848850	S3	B		
S1-340985128	S2-131526778	S2	E	rank 20 <= topk but missing from candidates	
S1-340985128	S3-557484384	S3	A		
S1-408744022	S2-869677398	S2	E	rank 28 <= topk but missing from candidates	
S1-408744022	S2-322220647	S2	A		
S1-94541995	S3-130071482	S3	D		92.0
S1-220159744	S3-703691101	S3	D		34.0
S1-220159744	S3-718685254	S3	B		
S1-677838574	S3-951641217	S3	A		
S1-918306629	S2-213122041	S2	B		
S1-219413023	S3-21729316	S3	B		
S1-974190491	S3-925378132	S3	D		82.0
S1-974190491	S3-132262618	S3	D		64.0
S1-974190491	S3-825244658	S3	E	rank 4 <= topk but missing from candidates	
S1-974190491	S3-117276864	S3	D		57.0
S1-96712717	S2-784830849	S2	B		
S1-127615708	S3-939108712	S3	D		59.0
S1-859709965	S3-640766559	S3	D		137.0
S1-980158333	S3-225104147	S3	D		51.0
S1-849991892	S3-195674018	S3	D		48.0
S1-849991892	S2-972900499	S2	D		35.0
S1-631049917	S2-751885053	S2	B		
S1-475675103	S2-512640853	S2	B		
S1-475675103	S3-950588685	S3	A		
S1-438536538	S3-943129370	S3	B		
S1-853801035	S2-902278024	S2	D		40.0
S1-853801035	S3-405687713	S3	D		56.0
S1-853801035	S3-441810359	S3	D		45.0
S1-853801035	S3-789733919	S3	D		38.0
S1-853135059	S2-73946538	S2	D		56.0
S1-314090202	S2-200774303	S2	D		86.0
S1-986169253	S3-835316529	S3	D		54.0
S1-986169253	S2-595373558	S2	D		57.0
S1-916682414	S3-237450443	S3	D		53.0
S1-404827194	S3-311245895	S3	A		
S1-247083697	S2-634211936	S2	B		
S1-901403225	S3-399531207	S3	A		
S1-960649633	S2-188999766	S2	B		
S1-960649633	S2-885346544	S2	B		
S1-250964988	S2-793160432	S2	B		
S1-777872292	S2-181358385	S2	B		
S1-590768319	S3-786991329	S3	A		
S1-386337452	S3-446725082	S3	D		42.0
S1-326010644	S2-614688478	S2	D		70.0
S1-726669145	S2-837584065	S2	B		
S1-49829203	S3-450902651	S3	E	rank 30 <= topk but missing from candidates	
S1-593185289	S2-717515614	S2	E	rank 30 <= topk but missing from candidates	
S1-593185289	S2-18042224	S2	B		
S1-29554929	S3-243811752	S3	D		58.0
S1-29554929	S2-577099575	S2	A		
S1-752165023	S3-163575374	S3	A		
S1-665644144	S2-193821813	S2	A		
S1-933720106	S2-784055878	S2	D		60.0
S1-541451889	S3-971864015	S3	E	rank 29 <= topk but missing from candidates	
S1-966145502	S2-55498642	S2	D		53.0
S1-599977435	S2-763092776	S2	D		52.0
S1-745269925	S2-664705019	S2	D		49.0
S1-745269925	S3-485982048	S3	D		36.0
S1-763254920	S3-621142753	S3	A		
S1-763254920	S2-725155623	S2	B		
S1-511629625	S2-329193446	S2	D		87.0
S1-170820131	S2-507439272	S2	A		
S1-836843038	S2-196626318	S2	B		
S1-836843038	S3-219737756	S3	B		
S1-555762655	S3-785840977	S3	B		
S1-669484659	S2-248813733	S2	B		
S1-385724426	S3-162878318	S3	B		
S1-59097343	S3-624945954	S3	B		
S1-59097343	S2-474906498	S2	B		
S1-99369233	S3-202888207	S3	B		
S1-99369233	S3-589533185	S3	B		
S1-981177167	S2-684136838	S2	B		
S1-976360833	S3-763128510	S3	B		
S1-976360833	S2-46216742	S2	B		
S1-976360833	S3-808116258	S3	B		
S1-572499830	S3-961377961	S3	B		
S1-572499830	S3-174545933	S3	B		
S1-200025349	S2-716063160	S2	D		71.0
S1-200025349	S3-160856993	S3	D		134.0
S1-200025349	S2-366268755	S2	D		58.0
S1-449693580	S3-118018194	S3	D		37.0
S1-729786666	S3-571806040	S3	D		70.0
S1-598374784	S3-480088937	S3	D		68.0
S1-183774437	S3-713496088	S3	B		
S1-940491362	S3-904572721	S3	B		
S1-940491362	S2-77290214	S2	B		
S1-940491362	S2-291536536	S2	A		
S1-136570815	S2-654098016	S2	B		
S1-143801821	S3-369272008	S3	B		
S1-143801821	S2-350302758	S2	B		
S1-143801821	S3-325152735	S3	B		
S1-143801821	S2-298394986	S2	B		
S1-143801821	S3-959514948	S3	B		
S1-143801821	S3-917093586	S3	B		
S1-382254621	S2-3469189	S2	B		
S1-382254621	S2-611123578	S2	B		
S1-382254621	S3-807709872	S3	B		
S1-922886619	S2-916665058	S2	D		64.0
S1-996141360	S3-303360050	S3	A		
S1-711481736	S2-310143700	S2	D		50.0
S1-308299051	S3-878728879	S3	A		
S1-452710968	S2-606373421	S2	A		
S1-470310958	S2-67925065	S2	D		69.0
S1-470310958	S2-543908250	S2	D		65.0
S1-725711377	S3-627295171	S3	D		94.0
S1-725711377	S3-782620559	S3	D		114.0
S1-725711377	S3-206820338	S3	D		62.0
S1-762070702	S3-666989159	S3	B		
S1-332141096	S2-664510665	S2	B		
S1-534248087	S2-971777781	S2	B		
S1-534248087	S2-33135741	S2	B		
S1-907253761	S2-955732205	S2	B		
S1-907253761	S3-644605135	S3	B		
S1-500909742	S2-180613854	S2	B		
S1-500909742	S3-113331028	S3	A		
S1-500909742	S3-11615934	S3	A		
S1-642155273	S2-31937330	S2	B		
S1-278638996	S3-196699425	S3	D		142.0
S1-895324337	S3-9004549	S3	D		146.0
S1-666112707	S2-519194976	S2	A		
S1-666112707	S3-252948635	S3	B		
S1-48753461	S3-371104626	S3	D		53.0
S1-194968448	S3-111779289	S3	A		
S1-424382517	S3-600805503	S3	B		
S1-293209530	S3-754328235	S3	D		100.0
S1-281910733	S3-83729553	S3	D		59.0
S1-19377760	S3-551905135	S3	B		
S1-140243746	S2-554049124	S2	A		
S1-148013560	S3-848132095	S3	D		62.0
S1-148013560	S2-140078455	S2	B		
S1-148013560	S2-283834283	S2	D		36.0
S1-148013560	S2-363732157	S2	B		
S1-148013560	S3-633144006	S3	D		64.0
S1-148013560	S3-889474015	S3	D		63.0
S1-130936803	S3-840632598	S3	B		
S1-491862997	S3-728163570	S3	B		
S1-600660282	S3-6400380	S3	D		60.0
S1-962097645	S3-519645	S3	D		36.0
S1-913467243	S2-109714842	S2	D		75.0
S1-317933114	S2-949258668	S2	B		
S1-476397045	S3-686603245	S3	D		65.0
S1-241108829	S3-432235346	S3	D		50.0
S1-249901701	S3-36500486	S3	E	rank 25 <= topk but missing from candidates	
S1-360569014	S3-286489741	S3	E	rank 24 <= topk but missing from candidates	
S1-360569014	S3-32591688	S3	D		31.0
S1-112074576	S2-121220007	S2	D		43.0
S1-112074576	S3-409959309	S3	A		
S1-52180639	S3-546687851	S3	D		36.0
S1-894898360	S2-779812453	S2	B		
S1-763854181	S2-515025776	S2	B		
S1-135019419	S3-114391765	S3	A		
S1-10711469	S3-286813349	S3	A		
S1-222293336	S3-460728851	S3	D		122.0
S1-739745351	S2-34681029	S2	B		
S1-405718901	S2-546671212	S2	B		
S1-119023330	S3-32515416	S3	B		
S1-575395416	S3-119491739	S3	B		
S1-575395416	S3-936512717	S3	B		
S1-90749111	S2-242973460	S2	B		
S1-288916808	S3-680262684	S3	B		
S1-70776396	S3-511993143	S3	B		
S1-848315185	S3-527695761	S3	B		
S1-848315185	S3-445267616	S3	D		75.0
S1-721181855	S3-603698813	S3	D		108.0
S1-258879050	S3-860411006	S3	D		75.0
S1-258879050	S2-369538	S2	B		
S1-621793318	S3-253570066	S3	B		
S1-593899119	S3-91448431	S3	A		
S1-897374951	S3-690501193	S3	B		
S1-707006177	S3-622042081	S3	E	rank 8 <= topk but missing from candidates	
S1-73620595	S3-984294800	S3	B		
S1-73620595	S3-950185081	S3	B		
S1-877534971	S3-684775035	S3	D		78.0
S1-877534971	S3-971024847	S3	D		40.0
S1-318710518	S3-239350504	S3	A		
S1-400534019	S3-604933999	S3	A		
S1-235256089	S2-543941853	S2	A		
S1-81088014	S3-683842652	S3	B		
S1-81088014	S2-500268515	S2	B		
S1-81088014	S3-555891224	S3	A		
S1-81088014	S2-546949643	S2	A		
S1-81088014	S3-300591063	S3	B		
S1-772727617	S3-38036753	S3	B		
S1-772727617	S3-261985894	S3	A		
S1-293368397	S3-754098044	S3	A		
S1-293368397	S2-744758286	S2	A		
S1-29767075	S3-566135316	S3	A		
S1-323890083	S2-737019331	S2	B		
S1-323890083	S3-418562611	S3	A		
S1-323890083	S3-408809940	S3	B		
S1-118357517	S3-651335362	S3	A		
S1-810144979	S3-285277164	S3	B		
S1-562021746	S2-428974263	S2	D		109.0
S1-898278177	S2-484163883	S2	A		
S1-967767238	S3-764304885	S3	D		98.0
S1-806301771	S3-890102151	S3	B		
S1-597798537	S3-739321448	S3	D		58.0
S1-54276647	S3-706464695	S3	D		43.0
S1-854973552	S3-704286694	S3	B		
S1-118543406	S2-9122081	S2	D		86.0
S1-118543406	S2-681560169	S2	B		
S1-295879826	S3-153836189	S3	D		49.0
S1-377390453	S3-921668580	S3	D		44.0
S1-187054659	S2-838764055	S2	D		43.0
S1-271744991	S3-364115772	S3	D		87.0
S1-319281119	S3-326799353	S3	D		73.0
S1-249508313	S3-166955559	S3	B		
S1-810857315	S2-667751807	S2	B		
S1-172632847	S3-386153592	S3	A		
S1-140058077	S3-255294184	S3	A		
S1-605682075	S2-433292732	S2	D		39.0
S1-597607181	S3-576463931	S3	A		
S1-636395891	S2-711014824	S2	D		154.0
S1-897295692	S3-894460154	S3	B		
S1-942492673	S3-881817023	S3	B		
S1-692673517	S3-307518750	S3	B		
S1-359303419	S3-166966447	S3	B		
S1-269786279	S3-657769377	S3	D		108.0
S1-601898563	S2-719102220	S2	B		
S1-205869745	S2-451803625	S2	B		
S1-308345512	S2-306095141	S2	D		56.0
S1-308345512	S2-116999738	S2	D		57.0
S1-308345512	S3-933854990	S3	B		
S1-220957737	S2-250692196	S2	D		66.0
S1-683091912	S2-786886793	S2	A		
S1-683091912	S2-220061407	S2	A		
S1-345664528	S3-899420750	S3	B		
S1-681379036	S3-12616572	S3	D		73.0
S1-258703559	S2-421999663	S2	B		
S1-834015004	S3-780978594	S3	E	rank 6 <= topk but missing from candidates	
S1-704770225	S2-392549393	S2	B		
S1-704770225	S2-619655866	S2	B		
S1-704770225	S3-893518276	S3	B		
S1-704770225	S3-63549773	S3	A		
S1-923198932	S3-969278496	S3	B		
S1-978488529	S2-571021731	S2	B		
S1-978488529	S3-932032132	S3	D		31.0
S1-73564612	S3-2434650	S3	D		55.0
S1-915685551	S2-228480189	S2	D		32.0
S1-915685551	S3-342044775	S3	D		33.0
S1-889241201	S3-738004093	S3	E	rank 30 <= topk but missing from candidates	
S1-955344414	S2-97328862	S2	B		
S1-867993006	S3-649030382	S3	D		37.0
S1-353840208	S2-109230551	S2	B		
S1-993698614	S2-108712766	S2	D		175.0
S1-993698614	S2-152691764	S2	D		119.0
S1-62003359	S3-829872064	S3	A		
S1-62003359	S2-586919537	S2	D		38.0
S1-62003359	S2-386805023	S2	D		37.0
S1-961307078	S2-914924678	S2	D		68.0
S1-369254561	S2-196441667	S2	D		71.0
S1-125094668	S3-816373916	S3	D		132.0
S1-125094668	S3-884607353	S3	B		
S1-76037649	S3-943102463	S3	B		
S1-177573306	S3-621208982	S3	A		
S1-987603429	S3-974434279	S3	B		
S1-488976006	S3-176992096	S3	B		
S1-244541604	S3-111888979	S3	D		108.0
S1-272500131	S3-166912818	S3	B		
S1-610160536	S3-459427488	S3	A		
S1-610160536	S3-502919505	S3	B		
S1-249594430	S2-458354492	S2	D		88.0
S1-249594430	S3-692070983	S3	D		38.0
S1-383448281	S2-473960162	S2	B		
S1-841524152	S2-531767405	S2	A		
S1-702656514	S3-237220797	S3	D		61.0
S1-133463430	S3-900932998	S3	D		50.0
S1-174550509	S2-378881556	S2	B		
S1-174550509	S2-629064826	S2	B		
S1-706673795	S2-160649945	S2	D		153.0
S1-706673795	S3-302261867	S3	A		
S1-594395767	S2-717056265	S2	D		42.0
S1-879861610	S3-110819845	S3	B		
S1-408002715	S2-850853455	S2	B		
S1-524342393	S3-537549221	S3	D		72.0
S1-524342393	S2-176368321	S2	D		56.0
S1-682398958	S3-836704439	S3	E	rank 22 <= topk but missing from candidates	
S1-762913531	S3-342975940	S3	A		
S1-51966592	S2-200364763	S2	B		
S1-51966592	S3-733447788	S3	B		
S1-867972964	S3-202728000	S3	D		43.0
S1-169984177	S2-638233834	S2	D		56.0
S1-169984177	S3-609975355	S3	D		57.0
S1-748483679	S2-16298636	S2	D		32.0
S1-117089573	S3-864605579	S3	D		122.0
S1-725825478	S3-103505287	S3	B		
S1-725825478	S3-806410419	S3	B		
S1-367758406	S2-920773435	S2	E	rank 30 <= topk but missing from candidates	
S1-685378112	S3-632500606	S3	A		
S1-886470356	S3-907167425	S3	D		37.0
S1-522413680	S2-551378329	S2	B		
S1-522413680	S3-89958505	S3	B		
S1-522413680	S3-831853200	S3	B		
S1-522413680	S2-467326398	S2	B		
S1-726246374	S2-1340247	S2	D		86.0
S1-538050994	S3-387940798	S3	D		62.0
S1-27836054	S3-286222318	S3	A		
S1-119017656	S2-969239023	S2	B		
S1-998382374	S3-9376766	S3	A		
S1-868438918	S3-977258106	S3	D		111.0
S1-594866974	S2-546945253	S2	E	rank 3 <= topk but missing from candidates	
S1-35030930	S2-383761890	S2	A		
S1-513186773	S3-47586571	S3	D		43.0
S1-106546616	S2-895381041	S2	D		76.0
S1-106546616	S2-801532957	S2	A		
S1-174738186	S3-887472626	S3	B		
S1-323820099	S2-282735969	S2	B		
S1-517049334	S3-972887215	S3	D		85.0
S1-853326715	S3-150687651	S3	B		
S1-359049298	S2-505407945	S2	B		
S1-332084221	S2-206606788	S2	B		
S1-958830153	S3-688642717	S3	B		
S1-655139572	S3-319578260	S3	D		122.0
S1-936994606	S3-173100563	S3	B		
S1-255109717	S2-693707977	S2	D		61.0
S1-190562432	S2-882480133	S2	B		
S1-311454962	S3-986508648	S3	D		40.0
S1-430442683	S2-167466461	S2	A		
S1-745386731	S2-900116576	S2	D		53.0
S1-997823983	S3-849925623	S3	B		
S1-997823983	S2-497953657	S2	B		
S1-967263170	S3-263679116	S3	D		131.0
S1-96361881	S3-321677142	S3	D		38.0
S1-338932428	S2-483222532	S2	D		85.0
S1-338932428	S3-935934660	S3	D		68.0
S1-338932428	S3-56821881	S3	D		32.0
S1-464900093	S2-224425351	S2	D		61.0
S1-464900093	S3-221641312	S3	D		54.0
S1-464900093	S2-395190373	S2	D		62.0
S1-464900093	S3-12176123	S3	D		60.0
S1-868573025	S2-117427730	S2	D		113.0
S1-579055212	S2-151178426	S2	B		
S1-396177063	S3-819933789	S3	D		85.0
S1-411414698	S3-657449168	S3	E	rank 27 <= topk but missing from candidates	
S1-244250396	S3-294574357	S3	D		94.0
S1-66289692	S3-742500950	S3	B		
S1-958677324	S3-289297249	S3	B		
S1-859026408	S2-857542336	S2	A		
S1-313045673	S3-468852152	S3	A		
S1-604641842	S3-226163997	S3	B		
S1-604641842	S3-601913009	S3	B		
S1-779820460	S3-844324636	S3	D		43.0
S1-779820460	S3-119189794	S3	D		102.0
S1-902963658	S3-524112563	S3	A		
S1-350821361	S3-838325124	S3	D		36.0
S1-493416847	S2-552925665	S2	B		
S1-563696406	S2-664187176	S2	D		70.0
S1-563696406	S2-114805703	S2	D		53.0
S1-501926643	S3-972975647	S3	B		
S1-348056328	S2-34368076	S2	B		
S1-476673126	S2-243331607	S2	D		50.0
S1-470237879	S2-366841396	S2	B		
S1-410462771	S2-495166808	S2	B		
S1-247648722	S3-800502845	S3	B		
S1-951738378	S2-512349272	S2	B		
S1-865223366	S2-435306604	S2	B		
S1-211289737	S3-458437880	S3	B		
S1-76997687	S3-960325305	S3	A		
S1-76997687	S3-126431124	S3	A		
S1-271523814	S3-414262702	S3	B		
S1-116444434	S3-684878544	S3	E	rank 26 <= topk but missing from candidates	
S1-888876938	S2-447725757	S2	B		
S1-482292862	S3-161748460	S3	B		
S1-673528256	S3-661796836	S3	D		45.0
S1-121947881	S3-643618429	S3	B		
S1-169237822	S2-31003708	S2	B		
S1-53369085	S2-912354094	S2	B		
S1-546744327	S3-829643616	S3	E	rank 26 <= topk but missing from candidates	
S1-790501854	S2-993422244	S2	B		
S1-688699294	S3-334026144	S3	B		
S1-849062787	S2-220597907	S2	D		107.0
S1-871906120	S2-84112618	S2	B		
S1-640679575	S2-703801423	S2	B		
S1-609344080	S3-850844700	S3	A		
S1-410542513	S2-126757011	S2	D		62.0
S1-360901858	S3-58914923	S3	D		53.0
S1-972170880	S3-808558421	S3	B		
S1-77098179	S3-715600938	S3	B		
S1-879632633	S3-848270418	S3	B		
S1-656093884	S2-250492926	S2	B		
S1-1727135	S3-320943037	S3	A		
S1-1727135	S2-113774607	S2	E	rank 28 <= topk but missing from candidates	
S1-560549452	S3-683150662	S3	B		
S1-570535225	S2-313034387	S2	A		
S1-478585072	S3-408105456	S3	E	rank 26 <= topk but missing from candidates	
S1-444378841	S3-526547895	S3	B		
S1-223848373	S2-667758871	S2	B		
S1-287878985	S2-426761770	S2	A		
S1-422049811	S2-559594342	S2	D		55.0
S1-422049811	S3-309591880	S3	B		
S1-560405135	S2-839322671	S2	B		
S1-469393486	S2-687360962	S2	B		
S1-469393486	S2-870036237	S2	B		
S1-903597601	S3-421635279	S3	B		
S1-231246472	S2-762357878	S2	B		
S1-231246472	S3-53381287	S3	E	rank 22 <= topk but missing from candidates	
S1-231246472	S3-611767959	S3	B		
S1-231246472	S2-842367840	S2	B		
S1-970391726	S2-277456390	S2	A		
S1-393569101	S2-867259233	S2	D		40.0
S1-307898017	S3-324683441	S3	D		70.0
S1-677098594	S3-773978961	S3	D		31.0
S1-273851570	S3-992532364	S3	B		
S1-799158317	S2-141028811	S2	B		
S1-799158317	S2-769420103	S2	D		55.0
S1-799158317	S3-842441266	S3	D		54.0
S1-634100800	S2-318093407	S2	B		
S1-533327602	S3-369097190	S3	A		
S1-588819919	S3-506951537	S3	A		
S1-160398351	S2-358063449	S2	D		31.0
S1-696983854	S3-623128375	S3	D		35.0
S1-696983854	S3-142505943	S3	D		40.0
S1-146992510	S3-341590344	S3	B		
S1-604952680	S3-485874254	S3	B		
S1-604952680	S2-880394424	S2	B		
S1-44791750	S3-139917589	S3	B		
S1-638920826	S3-372836094	S3	B		
S1-578088460	S3-861792746	S3	D		98.0
S1-998327491	S2-857233301	S2	A		
S1-608400044	S3-340818434	S3	D		71.0
S1-608400044	S2-439166850	S2	B		
S1-885720533	S3-425379476	S3	D		124.0
S1-349558067	S2-322176133	S2	D		65.0
S1-349558067	S2-757694466	S2	E	rank 20 <= topk but missing from candidates	
S1-349558067	S2-93029967	S2	B		
S1-355190636	S3-652861424	S3	D		70.0
S1-420476081	S3-700142110	S3	D		50.0
S1-778985164	S3-186766716	S3	B		
S1-210525150	S3-521275472	S3	D		89.0
S1-210525150	S2-670028402	S2	D		104.0
S1-131993514	S3-129052100	S3	D		38.0
S1-132652421	S3-239222507	S3	D		49.0
S1-132652421	S2-29515275	S2	D		78.0
S1-261775359	S3-405800410	S3	D		51.0
S1-218072444	S3-963417989	S3	B		
S1-202478300	S2-915817576	S2	D		62.0
S1-556011760	S2-117221645	S2	D		38.0
S1-556011760	S3-754704989	S3	A		
S1-856930969	S3-743840649	S3	D		78.0
S1-856930969	S2-538967455	S2	B		
S1-94583688	S3-649857917	S3	D		48.0
S1-487431836	S2-595674850	S2	B		
S1-932306679	S3-996673167	S3	B		
S1-228054340	S3-207302292	S3	D		146.0
S1-766887805	S2-475095040	S2	B		
S1-94559262	S2-170188856	S2	D		53.0
S1-94559262	S3-700066018	S3	B		
S1-189117006	S2-950595646	S2	D		42.0
S1-38828598	S3-765544356	S3	A		
S1-732884775	S2-431002830	S2	B		
S1-48907507	S3-431807779	S3	B		
S1-834199802	S3-65290062	S3	B		
S1-284109380	S3-746334764	S3	B		
S1-284109380	S3-2914089	S3	D		50.0
S1-284109380	S2-139012601	S2	B		
S1-284109380	S2-108095167	S2	B		
S1-133777975	S3-947423827	S3	D		75.0
S1-133777975	S3-925502179	S3	D		98.0
S1-376338832	S3-45341077	S3	D		38.0
S1-376338832	S3-805336760	S3	A		
S1-376338832	S2-84087127	S2	D		44.0
S1-214381632	S3-254811387	S3	D		72.0
S1-555083197	S3-240993489	S3	A		
S1-576819320	S2-133381577	S2	B		
S1-60181336	S3-967210805	S3	D		102.0
S1-471689037	S3-280627391	S3	B		
S1-768529962	S2-636744242	S2	A		
S1-768529962	S2-983472486	S2	A		
S1-768529962	S3-30095925	S3	A		
S1-259753957	S3-369759711	S3	A		
S1-381475194	S2-686181361	S2	B		
S1-381475194	S3-644413186	S3	D		52.0
S1-381475194	S2-398455212	S2	D		48.0
S1-381475194	S3-359354695	S3	D		49.0
S1-359675794	S2-492447559	S2	B		
S1-666652720	S3-467102535	S3	D		50.0
S1-100119347	S2-922928525	S2	A		
S1-100119347	S2-575032771	S2	D		65.0
S1-109567569	S3-591252349	S3	B		
S1-449206132	S3-973483496	S3	B		
S1-139391892	S3-228375790	S3	D		56.0
S1-110002114	S2-745824160	S2	D		51.0
S1-110002114	S3-90698296	S3	D		50.0
S1-110002114	S2-886853448	S2	D		49.0
S1-78456472	S2-380695791	S2	D		60.0
S1-78456472	S2-823590063	S2	D		50.0
S1-841163371	S2-521070881	S2	D		50.0
S1-37410281	S3-46414717	S3	A		
S1-833189293	S3-560071514	S3	E	rank 27 <= topk but missing from candidates	
S1-254798991	S2-193954792	S2	E	rank 26 <= topk but missing from candidates	
S1-254798991	S3-984122479	S3	E	rank 22 <= topk but missing from candidates	
S1-428382674	S2-822053037	S2	B		
S1-197590473	S2-358338347	S2	B		
S1-479559192	S3-156150345	S3	A		
S1-687365496	S2-249602891	S2	B		
S1-687365496	S3-953798238	S3	B		
S1-269901155	S3-849344188	S3	B		
S1-859792742	S3-538722269	S3	D		36.0
S1-865154556	S3-744983219	S3	D		65.0
S1-11054640	S3-815808768	S3	A		
S1-976749543	S2-41625071	S2	D		56.0
S1-976749543	S2-831673144	S2	B		
S1-505335047	S2-901229773	S2	B		
S1-202685110	S3-863285148	S3	B		
S1-654485745	S3-252795586	S3	D		65.0
S1-833020320	S3-193034319	S3	D		59.0
S1-271816708	S3-866987193	S3	B		
S1-957803644	S3-648514928	S3	B		
S1-394175266	S3-196629463	S3	A		
S1-661018828	S3-656577846	S3	B		
S1-247036829	S2-345871405	S2	D		41.0
S1-394249071	S3-709589528	S3	B		
S1-394249071	S3-895358215	S3	B		
S1-394249071	S3-4890819	S3	A		
S1-986941006	S3-715830707	S3	B		
S1-800983492	S3-456707654	S3	B		
S1-10221473	S3-733654669	S3	E	rank 22 <= topk but missing from candidates	
S1-527464059	S2-229805932	S2	B		
S1-790277390	S2-785994096	S2	D		78.0
S1-471953443	S3-54092917	S3	E	rank 29 <= topk but missing from candidates	
S1-120115007	S3-924634326	S3	D		57.0
S1-891992664	S3-597082683	S3	B		
S1-850098573	S3-986870014	S3	E	rank 23 <= topk but missing from candidates	
S1-850098573	S3-305167640	S3	D		33.0
S1-772533874	S3-361169787	S3	B		
S1-772533874	S2-867944555	S2	B		
S1-796975540	S2-80669147	S2	A		
S1-796975540	S3-146202602	S3	A		
S1-467872870	S2-167330096	S2	B		
S1-314719980	S2-123565337	S2	D		94.0
S1-696275129	S2-311440333	S2	A		
S1-565747452	S3-69996120	S3	D		52.0
S1-565747452	S3-667256042	S3	D		37.0
S1-150993443	S2-222329120	S2	E	rank 13 <= topk but missing from candidates	
S1-528622062	S2-541454697	S2	A		
S1-64197612	S3-848690036	S3	B		
S1-751197767	S3-723597720	S3	D		100.0
S1-751197767	S2-31234379	S2	D		118.0
S1-751197767	S2-135961374	S2	D		56.0
S1-512275056	S2-333263173	S2	B		
S1-660005933	S3-73310484	S3	D		43.0
S1-249656928	S2-578020339	S2	D		35.0
S1-716721873	S2-788813312	S2	D		104.0
S1-398558316	S3-458307622	S3	B		
S1-390412174	S3-665945966	S3	B		
S1-815731178	S3-106506931	S3	A		
S1-815731178	S3-722123448	S3	A		
S1-274613688	S3-507155971	S3	B		
S1-903960848	S3-552135096	S3	D		52.0
S1-755300758	S3-113503838	S3	D		34.0
S1-110552513	S2-25106414	S2	D		66.0
S1-976462509	S3-182917827	S3	D		62.0
S1-783219963	S3-379620575	S3	D		54.0
S1-706552718	S3-880887905	S3	B		
S1-139309988	S3-531859203	S3	B		
S1-148882582	S3-589569040	S3	B		
S1-148882582	S3-217071883	S3	B		
S1-195468879	S2-197430365	S2	A		
S1-530049230	S3-294564103	S3	D		58.0
S1-603629014	S2-598701280	S2	D		58.0
S1-603629014	S3-241298917	S3	D		94.0
S1-980641581	S2-988142758	S2	B		
S1-806488544	S2-508379114	S2	D		83.0
S1-806488544	S2-567899036	S2	D		98.0
S1-968591223	S3-336979291	S3	A		
S1-70930105	S2-974535427	S2	E	rank 24 <= topk but missing from candidates	
S1-70930105	S2-963763614	S2	A		
S1-70930105	S3-635123892	S3	D		36.0
S1-829581027	S3-540523584	S3	D		59.0
S1-829581027	S2-498253302	S2	A		
S1-57023602	S3-845184138	S3	A		
S1-816860393	S2-432199921	S2	B		
S1-843815681	S3-519149833	S3	D		44.0
S1-680559886	S3-683755637	S3	A		
S1-484911697	S2-750746697	S2	B		
S1-42725989	S3-696953923	S3	B		
S1-162599331	S3-565055013	S3	A		
S1-162599331	S3-548867174	S3	B		
S1-439592092	S3-837019779	S3	B		
S1-439592092	S2-52446843	S2	B		
S1-156337024	S2-520581095	S2	A		
S1-709770654	S2-288253874	S2	B		
S1-775154215	S3-508840783	S3	B		
S1-229811159	S3-718272718	S3	A		
S1-43729167	S3-808159395	S3	B		
S1-824612195	S3-221569995	S3	D		116.0
S1-858271903	S3-764190635	S3	B		
S1-371300550	S2-68309492	S2	B		
S1-153101610	S2-341378310	S2	A		
S1-725030951	S2-546316327	S2	D		47.0
S1-725030951	S3-896815634	S3	D		46.0
S1-708202385	S3-943315835	S3	A		
S1-708202385	S3-787909217	S3	D		90.0
S1-708202385	S2-378750119	S2	D		87.0
S1-439499829	S3-965417063	S3	D		44.0
S1-862274544	S3-87499309	S3	D		86.0
S1-603849828	S2-900175517	S2	B		
S1-59296524	S3-923965200	S3	D		77.0
S1-246066212	S3-214743123	S3	D		77.0
S1-383315758	S2-156207723	S2	D		52.0
S1-59297584	S3-57907192	S3	A		
S1-124117700	S3-91989944	S3	D		61.0
S1-250576695	S2-901793177	S2	B		
S1-184579871	S3-173202640	S3	B		
S1-184579871	S3-897291390	S3	B		
S1-656469973	S3-874621680	S3	B		
S1-213050045	S3-723785372	S3	A		
S1-213050045	S3-33396737	S3	A		
S1-459952352	S3-246612528	S3	D		49.0
S1-883573601	S3-638936837	S3	B		
S1-883573601	S3-345840196	S3	D		100.0
S1-101841043	S2-495897853	S2	D		33.0
S1-474737177	S3-201582261	S3	B		
S1-871806868	S2-137385883	S2	D		143.0
S1-751038348	S3-951615131	S3	D		89.0
S1-751038348	S3-684400172	S3	D		101.0
S1-752455508	S3-687943246	S3	B		
S1-711514580	S3-415902848	S3	B		
S1-711514580	S3-437702552	S3	B		
S1-88591460	S2-104567354	S2	B		
S1-998722853	S3-575191026	S3	B		
S1-606745827	S3-655223162	S3	D		82.0
S1-606745827	S3-466094911	S3	D		95.0
S1-606745827	S2-647110589	S2	D		62.0
S1-606745827	S3-255100214	S3	A		
S1-968811257	S3-730767694	S3	B		
S1-411762377	S2-755907115	S2	D		103.0
S1-162965255	S3-833746849	S3	B		
S1-162965255	S2-728448347	S2	B		
S1-785950290	S3-298426890	S3	A		
S1-40361044	S2-474065506	S2	A		
S1-905283280	S2-53245681	S2	A		
S1-105545753	S3-253510554	S3	A		
S1-945775037	S3-503281366	S3	D		43.0
S1-68881524	S2-887611834	S2	D		89.0
S1-735492001	S3-35951643	S3	B		
S1-353278448	S2-743906133	S2	A		
S1-208861315	S2-577822421	S2	B		
S1-952494087	S2-492036306	S2	A		
S1-396849125	S2-893628527	S2	D		70.0
S1-296740353	S3-246036696	S3	D		33.0
S1-973502188	S3-883322031	S3	D		66.0
S1-536869659	S3-547761062	S3	B		
S1-597290147	S3-448705130	S3	A		
S1-597290147	S3-650232658	S3	B		
S1-226991165	S2-11175691	S2	B		
S1-505499948	S3-226584186	S3	B		
S1-971339453	S2-277538474	S2	A		
S1-712684021	S2-21833361	S2	D		67.0
S1-712684021	S2-385078305	S2	D		59.0
S1-247202907	S2-814852474	S2	A		
S1-188501487	S2-628889914	S2	B		
S1-78797511	S3-644587148	S3	D		109.0
S1-466088352	S2-747156805	S2	B		
S1-985017273	S3-184439243	S3	D		31.0
S1-985017273	S2-412511752	S2	B		
S1-985017273	S3-815524673	S3	B		
S1-113523035	S2-186133692	S2	D		78.0
S1-113523035	S3-481632964	S3	D		74.0
S1-200014938	S3-270643795	S3	A		
S1-996495012	S2-881364456	S2	A		
S1-414588188	S3-714295907	S3	B		
S1-149475238	S3-51410869	S3	D		40.0
S1-149475238	S3-702346469	S3	D		85.0
S1-567389845	S2-761292587	S2	B		
S1-567389845	S3-380283825	S3	D		101.0
S1-567389845	S2-270827635	S2	B		
S1-799849823	S2-71262696	S2	D		37.0
S1-763426196	S2-826611357	S2	B		
S1-264422991	S3-103179937	S3	D		58.0
S1-264422991	S3-391264382	S3	D		64.0
S1-708536247	S3-885639678	S3	A		
S1-353843229	S2-205309190	S2	B		
S1-353843229	S3-607852684	S3	E	rank 18 <= topk but missing from candidates	
S1-464226003	S3-385678827	S3	B		
S1-464226003	S3-396725838	S3	D		51.0
S1-451826492	S2-215926834	S2	D		133.0
S1-52627394	S3-896714563	S3	A		
S1-943605936	S2-551223152	S2	B		
S1-12039267	S2-233050435	S2	B		
S1-517316722	S3-752189620	S3	B		
S1-517316722	S2-753087562	S2	B		
S1-821877807	S3-631321472	S3	D		59.0
S1-447704298	S2-81623850	S2	B		
S1-696712893	S2-944358361	S2	E	rank 18 <= topk but missing from candidates	
S1-696712893	S3-479692091	S3	D		50.0
S1-696712893	S2-603677537	S2	D		59.0
S1-493679946	S3-455351828	S3	A		
S1-878354329	S3-842732432	S3	B		
S1-490295732	S3-249074352	S3	A		
S1-610434893	S3-635041118	S3	A		
S1-610434893	S2-267627175	S2	D		45.0
S1-610434893	S2-439611761	S2	D		46.0
S1-460085234	S2-994302059	S2	D		133.0
S1-227363357	S3-234320211	S3	A		
S1-749878957	S2-588155589	S2	A		
S1-504242896	S3-819072156	S3	E	rank 16 <= topk but missing from candidates	
S1-504242896	S2-97129364	S2	B		
S1-835807391	S3-216790835	S3	D		54.0
S1-835807391	S3-10351108	S3	B		
S1-835807391	S3-529820806	S3	D		39.0
S1-499399565	S3-285419333	S3	D		66.0
S1-961117392	S3-720423026	S3	D		142.0
S1-428717106	S2-539343615	S2	B		
S1-428717106	S2-593032317	S2	B		
S1-428717106	S2-885367333	S2	B		
S1-2525922	S3-878374965	S3	B		
S1-299075839	S3-239047999	S3	D		46.0
S1-731822638	S3-972984191	S3	D		114.0
S1-731822638	S3-380515273	S3	B		
S1-589558133	S3-4249585	S3	D		35.0
S1-589558133	S3-100984500	S3	B		
S1-589558133	S3-540540019	S3	B		
S1-589558133	S2-710929551	S2	B		
S1-189419705	S3-438012291	S3	D		42.0
S1-189419705	S2-82246927	S2	B		
S1-189419705	S3-205984424	S3	A		
S1-297124178	S3-990923116	S3	D		34.0
S1-410006537	S2-362782113	S2	B		
S1-410006537	S3-990009754	S3	A		
S1-772064865	S2-870616400	S2	D		77.0
S1-184471161	S2-976560455	S2	B		
S1-384902548	S3-350891899	S3	A		
S1-604036844	S2-83348913	S2	D		34.0
S1-788756706	S2-844872573	S2	A		
S1-88830149	S2-413086644	S2	B		
S1-329072288	S3-985117721	S3	D		57.0
S1-795786695	S2-231869254	S2	D		103.0
S1-795786695	S3-757986353	S3	D		49.0
S1-795786695	S3-226482801	S3	B		
S1-439427357	S3-9954725	S3	D		34.0
S1-486164250	S3-312615093	S3	D		34.0
S1-897109679	S2-145617686	S2	D		95.0
S1-556505323	S2-884480782	S2	A		
S1-496401570	S2-334001983	S2	B		
S1-41632478	S3-669880440	S3	A		
S1-594723468	S2-482169210	S2	D		50.0
S1-568598769	S2-480068277	S2	D		55.0
S1-811405417	S3-993316014	S3	B		
S1-811405417	S2-813309137	S2	B		
S1-440069929	S3-302526059	S3	A		
S1-574199641	S2-858496101	S2	A		
S1-597107551	S2-98033471	S2	D		33.0
S1-597107551	S3-68566977	S3	E	rank 6 <= topk but missing from candidates	
S1-764453555	S3-100142747	S3	B		
S1-913888338	S3-793250364	S3	B		
S1-733261016	S2-910548992	S2	D		75.0
S1-733261016	S2-679404921	S2	D		95.0
S1-733261016	S3-461485712	S3	D		108.0
S1-907090425	S2-928574719	S2	E	rank 18 <= topk but missing from candidates	
S1-47938977	S3-387841645	S3	D		37.0
S1-740502903	S2-556054943	S2	A		
S1-660141490	S3-721254631	S3	B		
S1-919660109	S3-738799019	S3	B		
S1-773569321	S3-961729276	S3	D		37.0
S1-773569321	S3-949391893	S3	D		33.0
S1-997545734	S2-438845172	S2	A		
S1-841877857	S3-804864081	S3	E	rank 30 <= topk but missing from candidates	
S1-841877857	S3-386879006	S3	E	rank 24 <= topk but missing from candidates	
S1-675487969	S2-650943506	S2	D		106.0
S1-588803971	S3-307576253	S3	B		
S1-692559999	S3-682330453	S3	B		
S1-888925788	S3-412500062	S3	D		39.0
S1-72128596	S3-112261328	S3	B		
S1-984980677	S3-41896576	S3	A		
S1-44748726	S3-442445453	S3	E	rank 9 <= topk but missing from candidates	
S1-302026962	S3-439417733	S3	B		
S1-178324762	S2-48592327	S2	D		36.0
S1-112427193	S3-789266229	S3	B		
S1-255679140	S3-461966188	S3	A		
S1-263361399	S3-622677212	S3	A		
S1-631609941	S3-761959704	S3	B		
S1-631609941	S2-123529210	S2	D		138.0
S1-631609941	S3-208315994	S3	B		
S1-39541307	S2-349998660	S2	D		67.0
S1-349039086	S3-309496115	S3	D		40.0
S1-538524435	S3-142855966	S3	B		
S1-363240503	S3-945012157	S3	E	rank 7 <= topk but missing from candidates	
S1-363240503	S2-994473783	S2	E	rank 23 <= topk but missing from candidates	
S1-947008434	S3-500692736	S3	B		
S1-703026657	S3-926443552	S3	B		
S1-272721685	S3-617671925	S3	D		53.0
S1-272721685	S3-563934197	S3	D		52.0
S1-272721685	S2-797919627	S2	D		54.0
S1-914591278	S2-80382184	S2	D		79.0
S1-20587257	S3-16528918	S3	B		
S1-99005021	S3-123139992	S3	E	rank 17 <= topk but missing from candidates	
S1-304503107	S3-860787805	S3	B		
S1-216397388	S3-87599995	S3	B		
S1-771519662	S2-895581049	S2	A		
S1-771519662	S3-391832993	S3	A		
S1-325664162	S3-24813489	S3	D		118.0
S1-43127254	S3-411432783	S3	B		
S1-483458101	S2-477598299	S2	B		
S1-388166026	S3-558802580	S3	A		
S1-259007132	S2-428472717	S2	B		
S1-952056103	S2-29032185	S2	A		
S1-70416753	S3-931381370	S3	B		
S1-457773476	S3-950635055	S3	B		
S1-30524922	S3-794321278	S3	A		
S1-499705310	S2-627083711	S2	D		45.0
S1-623443065	S3-21077435	S3	B		
S1-865590827	S2-403949352	S2	B		
S1-865590827	S3-991517893	S3	A		
S1-846609993	S2-907351608	S2	D		54.0
S1-455325388	S3-800004277	S3	B		
S1-455325388	S3-737111298	S3	A		
S1-697540635	S2-267260064	S2	B		
S1-697540635	S3-516178688	S3	A		
S1-481624532	S2-208118247	S2	B		
S1-481624532	S3-347650663	S3	A		
S1-481624532	S2-407902992	S2	D		51.0
S1-481624532	S2-330206310	S2	B		
S1-481624532	S3-384005896	S3	A		
S1-269543141	S3-625368628	S3	A		
S1-269543141	S3-442893794	S3	B		
S1-628727774	S3-862774710	S3	B		
S1-306094874	S3-75950800	S3	A		
S1-306094874	S3-57511526	S3	D		75.0
S1-978673385	S2-550284873	S2	A		
S1-441646680	S2-929040456	S2	B		
S1-719822928	S3-862550163	S3	A		
S1-545808160	S3-378589718	S3	D		71.0
S1-478989777	S2-203173194	S2	B		
S1-479715477	S3-67183907	S3	A		
S1-717267489	S3-550912283	S3	D		39.0
S1-145945946	S3-470372629	S3	D		91.0
S1-116996692	S3-855023178	S3	D		63.0
S1-307033243	S2-169696534	S2	A		
S1-307033243	S3-771588938	S3	D		62.0
S1-307033243	S2-349558991	S2	A		
S1-771671345	S3-11096915	S3	D		118.0
S1-771671345	S3-400820827	S3	D		46.0
S1-771671345	S3-296627850	S3	E	rank 4 <= topk but missing from candidates	
S1-937045874	S2-825899726	S2	D		56.0
S1-122700812	S3-381214550	S3	B		
S1-214709491	S2-941732419	S2	E	rank 25 <= topk but missing from candidates	
S1-214709491	S2-710640671	S2	E	rank 15 <= topk but missing from candidates	
S1-214709491	S3-430563853	S3	E	rank 24 <= topk but missing from candidates	
S1-628709898	S3-198208349	S3	B		
S1-628709898	S2-317349919	S2	B		
S1-983222980	S2-616552528	S2	B		
S1-245164087	S3-217665581	S3	B		
S1-17424804	S3-902358746	S3	D		76.0
S1-152405717	S2-958448938	S2	B		
S1-660129081	S2-757383252	S2	A		
S1-932241831	S3-85193247	S3	A		
S1-954543446	S3-830206588	S3	D		147.0
S1-954543446	S3-989983866	S3	B		
S1-814733245	S3-939072512	S3	A		
S1-814733245	S2-400538757	S2	A		
S1-468311844	S2-60612992	S2	B		
S1-640400239	S2-820755892	S2	A		
S1-916474754	S3-669144868	S3	D		52.0
S1-104110789	S3-665370075	S3	D		55.0
S1-480575414	S2-299664866	S2	B		
S1-40836945	S2-273977363	S2	D		58.0
S1-674089432	S3-675624460	S3	B		
S1-500003997	S3-326359265	S3	D		31.0
S1-409587975	S2-15703711	S2	B		
S1-186984404	S3-964718610	S3	B		
S1-861141775	S3-430340319	S3	B		
S1-861141775	S3-413867186	S3	D		108.0
S1-861141775	S2-557280517	S2	E	rank 16 <= topk but missing from candidates	
S1-215193111	S3-219902465	S3	A		
S1-586294850	S2-596153897	S2	D		36.0
S1-890331347	S3-280868421	S3	D		63.0
S1-37269501	S2-303947072	S2	B		
S1-502975850	S2-949510571	S2	A		
S1-701224948	S3-853219167	S3	A		
S1-479151761	S3-885214939	S3	B		
S1-479151761	S3-826125055	S3	B		
S1-554475659	S3-81958255	S3	B		
S1-554475659	S2-262266230	S2	B		
S1-219577586	S2-188048918	S2	D		72.0
S1-219577586	S3-965201952	S3	D		86.0
S1-48347713	S3-662360137	S3	B		
S1-48347713	S2-890704177	S2	B		
S1-195610049	S3-176059530	S3	D		79.0
S1-844844302	S3-709963135	S3	D		92.0
S1-191312356	S2-682000107	S2	B		
S1-280338171	S2-74409368	S2	B		
S1-280338171	S3-589327684	S3	B		
S1-990391997	S3-134966988	S3	D		60.0
S1-93990641	S3-918235209	S3	A		
S1-571082437	S3-611740935	S3	A		
S1-720294080	S2-297218728	S2	D		33.0
S1-289092720	S3-506188508	S3	D		72.0
S1-100207953	S3-570114224	S3	B		
S1-756406814	S3-570536429	S3	A		
S1-866391932	S3-797844671	S3	B		
S1-866391932	S3-849394600	S3	B		
S1-670933685	S2-431384309	S2	D		54.0
S1-670933685	S3-196847729	S3	D		63.0
S1-749898857	S3-645765804	S3	B		
S1-749898857	S3-143978828	S3	B		
S1-611949589	S2-886187757	S2	B		
S1-989604315	S3-423803423	S3	D		69.0
S1-989604315	S2-484030730	S2	D		68.0
S1-703195385	S2-856612803	S2	D		57.0
S1-949700144	S2-881228899	S2	B		
S1-949700144	S3-160868786	S3	B		
S1-535561202	S3-837338465	S3	D		53.0
S1-33499980	S2-541244753	S2	B		
S1-353304464	S3-37893694	S3	B		
S1-247455188	S2-472271822	S2	D		160.0
S1-388383772	S3-7090419	S3	A		
S1-388383772	S3-575190828	S3	A		
S1-980794553	S3-270178101	S3	B		
S1-256618501	S2-652027092	S2	D		64.0
S1-157689258	S3-141493239	S3	B		
S1-933979115	S2-756409576	S2	A		
S1-933979115	S2-169352323	S2	A		
S1-933979115	S2-716917713	S2	A		
S1-567393223	S3-516951808	S3	B		
S1-567393223	S3-327536230	S3	B		
S1-899658955	S3-831464146	S3	A		
S1-695198005	S3-966656849	S3	A		
S1-745095365	S2-973606093	S2	D		109.0
S1-745095365	S3-472830037	S3	D		110.0
S1-745095365	S3-921351320	S3	D		108.0
S1-702440137	S3-342279071	S3	B		
S1-271727825	S3-587670300	S3	B		
S1-271727825	S3-599513493	S3	B		
S1-271727825	S3-580363173	S3	B		
S1-271727825	S3-393644905	S3	B		
S1-408211570	S3-509716743	S3	B		
S1-434282730	S3-594285576	S3	D		43.0
S1-354029218	S2-623472582	S2	D		60.0
S1-281025986	S3-529869554	S3	B		
S1-153112797	S2-481870125	S2	D		131.0
S1-495508730	S3-810789753	S3	D		36.0
S1-733595274	S3-114195530	S3	D		43.0
S1-733595274	S3-211436019	S3	D		69.0
S1-689423535	S3-784136582	S3	B		
S1-145129978	S2-510388875	S2	D		61.0
S1-759051157	S3-868675545	S3	D		63.0
S1-113648087	S3-824138176	S3	B		
S1-335914716	S2-111693011	S2	B		
S1-335914716	S2-900322532	S2	B		
S1-335914716	S3-870128589	S3	E	rank 25 <= topk but missing from candidates	
S1-335914716	S3-182830660	S3	B		
S1-335914716	S2-935507383	S2	B		
S1-373866775	S2-343142367	S2	B		
S1-373866775	S2-35845407	S2	A		
S1-739449309	S2-631148691	S2	B		
S1-278784783	S3-961147313	S3	D		57.0
S1-87378603	S3-447615820	S3	B		
S1-684220570	S3-299042139	S3	A		
S1-575738869	S2-995479929	S2	D		43.0
S1-652065730	S2-937182559	S2	A		
S1-652065730	S2-66736011	S2	D		74.0
S1-345891859	S2-187287564	S2	A		
S1-363613949	S2-596869979	S2	D		50.0
S1-964413935	S2-483216675	S2	D		55.0
S1-5841844	S2-102358693	S2	E	rank 29 <= topk but missing from candidates	
S1-118457964	S3-909256787	S3	D		89.0
S1-828063934	S3-194810083	S3	B		
S1-832228941	S3-587135610	S3	D		106.0
S1-522231411	S3-459934036	S3	E	rank 29 <= topk but missing from candidates	
S1-522231411	S3-131302678	S3	B		
S1-522231411	S3-98238233	S3	B		
S1-522231411	S3-300133158	S3	E	rank 3 <= topk but missing from candidates	
S1-411889117	S3-25899943	S3	B		
S1-213755230	S3-983604741	S3	D		63.0
S1-143665894	S3-558204566	S3	D		77.0
S1-151075587	S2-848404032	S2	A		
S1-151075587	S3-626292314	S3	A		
S1-719817971	S3-598050467	S3	B		
S1-94401909	S2-731503953	S2	A		
S1-6555126	S2-432921187	S2	B		
S1-965351552	S3-404978156	S3	D		56.0
S1-708974823	S2-249012535	S2	D		125.0
S1-708974823	S3-530401358	S3	D		119.0
S1-708974823	S3-665061955	S3	D		110.0
S1-513665630	S3-821911920	S3	A		
S1-459001250	S3-160869994	S3	B		
S1-200049922	S3-228703700	S3	B		
S1-329677297	S2-6067201	S2	D		51.0
S1-329677297	S3-331808190	S3	D		88.0
S1-733980722	S3-742005333	S3	E	rank 14 <= topk but missing from candidates	
S1-611594011	S3-674513245	S3	A		
S1-780886028	S3-138479253	S3	B		
S1-425381707	S3-692794614	S3	E	rank 29 <= topk but missing from candidates	
S1-691820694	S2-707186066	S2	D		60.0
S1-652376764	S3-45754177	S3	A		
S1-11485919	S3-996019340	S3	D		44.0
S1-819600163	S3-336177093	S3	A		
S1-183950006	S2-376806655	S2	B		
S1-172254580	S2-494397254	S2	A		
S1-516364564	S3-42668799	S3	B		
S1-879989702	S3-108036537	S3	D		39.0
S1-879989702	S3-667291001	S3	E	rank 22 <= topk but missing from candidates	
S1-493431948	S3-956257483	S3	D		75.0
S1-493431948	S2-211570344	S2	D		213.0
S1-480722202	S3-838170514	S3	B		
S1-480722202	S3-953108024	S3	B		
S1-480722202	S2-593054556	S2	B		
S1-480722202	S3-651450116	S3	B		
S1-74920780	S3-874873689	S3	A		
S1-557672886	S3-485675672	S3	D		84.0
S1-486601486	S2-280148640	S2	E	rank 5 <= topk but missing from candidates	
S1-319179191	S2-741404900	S2	B		
S1-106706960	S2-66968651	S2	A		
S1-284438420	S2-316506725	S2	B		
S1-972818046	S3-913936926	S3	D		70.0
S1-780312871	S2-207075882	S2	B		
S1-988710771	S2-606953333	S2	A		
S1-445012809	S3-467271788	S3	A		
S1-371275122	S2-134458829	S2	B		
S1-772472322	S3-574193298	S3	D		44.0
S1-772472322	S3-499305263	S3	D		57.0
S1-772472322	S2-685891181	S2	D		48.0
S1-573031338	S3-400399436	S3	B		
S1-142042498	S3-996089255	S3	B		
S1-904131364	S3-691726083	S3	D		92.0
S1-409223673	S3-393948901	S3	B		
S1-330743473	S3-58110872	S3	D		31.0
S1-315668781	S2-328183855	S2	B		
S1-315668781	S3-504517072	S3	B		
S1-773988077	S3-39101580	S3	D		87.0
S1-66024139	S2-661300232	S2	D		50.0
S1-66024139	S3-889277060	S3	D		51.0
S1-403557677	S3-613657651	S3	A		
S1-740127491	S3-376786584	S3	D		62.0
S1-980455485	S2-123420372	S2	D		54.0
S1-940716544	S3-676714563	S3	D		35.0
S1-69002027	S3-430351295	S3	D		39.0
S1-242046657	S2-745984310	S2	D		102.0
S1-242046657	S2-977080774	S2	D		142.0
S1-219193027	S2-730248603	S2	B		
S1-219193027	S3-740811520	S3	B		
S1-867028389	S2-864733977	S2	D		34.0
S1-127968826	S3-992366490	S3	B		
S1-906791389	S3-476930016	S3	B		
S1-906791389	S2-42995538	S2	B		
S1-91606720	S3-272513641	S3	B		
S1-995765679	S3-548704003	S3	B		
S1-262745211	S2-320836052	S2	B		
S1-736358103	S3-872709438	S3	B		
S1-81721698	S3-257321489	S3	B		
S1-409468603	S3-879436647	S3	D		64.0
S1-710631213	S2-278688905	S2	D		78.0
S1-946280205	S2-93095467	S2	E	rank 21 <= topk but missing from candidates	
S1-257254016	S3-408822798	S3	D		176.0
S1-531499370	S3-939748340	S3	B		
S1-782579772	S3-107898391	S3	D		97.0
S1-298787377	S3-625465117	S3	B		
S1-888788706	S3-689182436	S3	D		109.0
S1-545779162	S3-472870203	S3	D		82.0
S1-754455355	S2-683005857	S2	B		
S1-754455355	S2-294380339	S2	B		
S1-768851886	S2-206410680	S2	B		
S1-768851886	S3-417315242	S3	A		
S1-591911377	S3-321257777	S3	A		
S1-719707317	S3-561377217	S3	E	rank 24 <= topk but missing from candidates	
S1-730763039	S3-802792335	S3	D		141.0
S1-264413605	S2-603513827	S2	D		51.0
S1-400131845	S3-636876271	S3	B		
S1-968077355	S2-163613402	S2	B		
S1-341692366	S3-311863256	S3	D		59.0
S1-255569662	S3-625506757	S3	D		65.0
S1-747341256	S2-295887020	S2	D		64.0
S1-126357602	S3-406520023	S3	A		
S1-93254741	S3-945459530	S3	B		
S1-523334204	S3-912923117	S3	A		
S1-833226533	S3-453066210	S3	D		50.0
S1-833226533	S2-873864535	S2	D		51.0
S1-545190038	S3-408969770	S3	D		66.0
S1-545190038	S2-995419903	S2	D		31.0
S1-869119089	S2-483131694	S2	A		
S1-857446035	S2-906503741	S2	D		92.0
S1-576618846	S2-795610209	S2	A		
S1-54417502	S2-638207687	S2	B		
S1-216475276	S2-666598563	S2	B		
S1-174567819	S3-707677830	S3	D		79.0
S1-910659089	S2-919146194	S2	D		39.0
S1-276397146	S3-354007230	S3	D		74.0
S1-681186619	S3-255949144	S3	D		52.0
S1-411748	S3-344261773	S3	D		54.0
S1-471198987	S2-4307113	S2	B		
S1-471198987	S3-338698646	S3	D		44.0
S1-471198987	S3-454533307	S3	E	rank 13 <= topk but missing from candidates	
S1-629790361	S3-590708870	S3	A		
S1-709122364	S3-267023377	S3	B		
S1-709122364	S2-188525975	S2	B		
S1-1327664	S2-998210335	S2	D		48.0
S1-199405367	S3-705407262	S3	B		
S1-199872225	S3-867090619	S3	A		
S1-199872225	S2-228317041	S2	D		35.0
S1-969383733	S2-390750991	S2	E	rank 24 <= topk but missing from candidates	
S1-542154699	S3-497517071	S3	E	rank 8 <= topk but missing from candidates	
S1-542154699	S3-803008563	S3	B		
S1-821706309	S2-813253456	S2	A		
S1-722806391	S3-430039987	S3	D		41.0
S1-722806391	S3-711157860	S3	D		42.0
S1-649904606	S3-865422511	S3	A		
S1-649904606	S3-362754963	S3	A		
S1-421236568	S3-859257357	S3	D		52.0
S1-718814862	S2-115120705	S2	D		136.0
S1-57590483	S3-317261999	S3	D		36.0
S1-301354774	S2-136391666	S2	E	rank 25 <= topk but missing from candidates	
S1-281532900	S3-984460575	S3	D		85.0
S1-667766377	S3-438907828	S3	B		
S1-860820886	S3-221492173	S3	B		
S1-180350109	S3-556259727	S3	A		
S1-853506724	S2-778874583	S2	D		40.0
S1-853506724	S2-41022950	S2	D		39.0
S1-171131251	S3-809597140	S3	A		
S1-891555317	S3-75755408	S3	A		
S1-586746361	S2-505715086	S2	B		
S1-73968258	S3-752231130	S3	A		
S1-207220656	S2-909265354	S2	B		
S1-207220656	S3-194632340	S3	B		
S1-614370464	S2-85344397	S2	B		
S1-780597760	S2-532064445	S2	B		
S1-557518662	S3-693078397	S3	A		
S1-441072738	S3-939801460	S3	B		
S1-255016481	S2-548222538	S2	D		44.0
S1-124646985	S2-324643071	S2	A		
S1-124646985	S2-227905235	S2	A		
S1-407342059	S2-786764670	S2	B		
S1-815008569	S2-150821897	S2	B		
S1-541488945	S2-10239699	S2	B		
S1-541488945	S2-616563200	S2	B		
S1-295415593	S3-673222875	S3	B		
S1-295415593	S2-472175092	S2	D		36.0
S1-295415593	S2-36028118	S2	A		
S1-505860279	S2-546059899	S2	B		
S1-504668897	S2-876780984	S2	B		
S1-152149975	S2-82243299	S2	B		
S1-113406726	S2-161348832	S2	A		
S1-113406726	S2-446888507	S2	B		
S1-748454879	S3-644669404	S3	D		77.0
S1-859063942	S3-754643675	S3	B		
S1-332525461	S2-764145442	S2	B		
S1-682702214	S3-209928769	S3	A		
S1-692463036	S2-210415409	S2	B		
S1-146631548	S2-993558703	S2	B		
S1-210329219	S2-853650530	S2	B		
S1-210329219	S2-857078659	S2	B		
S1-333874060	S2-514662036	S2	A		
S1-909905403	S3-269248271	S3	B		
S1-778954790	S2-718211251	S2	B		
S1-180573247	S2-864955783	S2	D		67.0
S1-451829754	S3-234206004	S3	B		
S1-879324279	S3-319822854	S3	B		
S1-973507068	S3-816566995	S3	B		
S1-973507068	S3-404957939	S3	B		
S1-580314718	S3-81488341	S3	B		
S1-816598191	S3-381977304	S3	E	rank 19 <= topk but missing from candidates	
S1-318718339	S2-437260925	S2	D		36.0
S1-318718339	S2-202168007	S2	E	rank 14 <= topk but missing from candidates	
S1-637661204	S3-458271525	S3	B		
S1-571192159	S3-712721251	S3	D		50.0
S1-571192159	S2-468572383	S2	D		37.0
S1-329009312	S2-518759215	S2	B		
S1-329009312	S3-738379109	S3	B		
S1-755399756	S2-963325737	S2	A		
S1-558562034	S3-594803047	S3	B		
S1-308681863	S3-645619983	S3	A		
S1-656678328	S3-688803896	S3	B		
S1-320424653	S3-482870180	S3	D		51.0
S1-320424653	S3-726759081	S3	D		79.0
S1-320424653	S3-950975542	S3	D		86.0
S1-320424653	S2-967517948	S2	D		48.0
S1-588000709	S3-29380173	S3	B		
S1-639406147	S2-225523880	S2	B		
S1-53956243	S3-47891327	S3	D		88.0
S1-298003579	S3-813924479	S3	B		
S1-119666829	S3-53540612	S3	D		92.0
S1-70363363	S3-631131170	S3	A		
S1-552367511	S3-245948103	S3	E	rank 16 <= topk but missing from candidates	
S1-451144151	S3-134614068	S3	B		
S1-255248670	S3-6346389	S3	B		
S1-353823610	S2-615579396	S2	D		107.0
S1-158429274	S3-666246907	S3	A		
S1-158429274	S2-897927089	S2	E	rank 15 <= topk but missing from candidates	
S1-132050468	S3-474206493	S3	D		62.0
S1-904900590	S2-456462962	S2	A		
S1-182946443	S3-209269514	S3	A		
S1-45587784	S2-567967644	S2	A		
S1-882348175	S3-913132356	S3	B		
S1-168363651	S2-922692171	S2	D		120.0
S1-100263351	S3-242303927	S3	A		
S1-884769180	S3-78570964	S3	B		
S1-749612760	S3-510340868	S3	B		
S1-104391415	S2-575375260	S2	B		
S1-935704562	S3-427414534	S3	D		36.0
S1-501596804	S3-704630518	S3	B		
S1-743207585	S3-128313369	S3	A		
S1-580941493	S3-186145132	S3	D		56.0
S1-621087932	S3-46678555	S3	D		77.0
S1-621087932	S2-839865785	S2	D		67.0
S1-927554386	S2-574103497	S2	B		
S1-670661881	S2-918751592	S2	B		
S1-670661881	S2-786181928	S2	B		
S1-139246884	S2-949297900	S2	B		
S1-697498157	S2-635838963	S2	A		
S1-181422336	S3-87424829	S3	B		
S1-181422336	S2-817404063	S2	D		41.0
S1-103472189	S2-95376679	S2	B		
S1-884250994	S3-778892694	S3	A		
S1-822419169	S3-511958050	S3	B		
S1-590261596	S3-659747520	S3	E	rank 30 <= topk but missing from candidates	
S1-590261596	S3-63902019	S3	D		42.0
S1-581100845	S2-834357895	S2	D		144.0
S1-541515033	S3-377194853	S3	A		
S1-677897790	S3-844864758	S3	D		97.0
S1-44475187	S3-574505153	S3	B		
S1-254142330	S2-770642003	S2	D		42.0
S1-775309828	S2-950078277	S2	D		80.0
S1-663346217	S2-75809343	S2	A		
S1-861717445	S3-100015251	S3	A		
S1-787479110	S3-553117419	S3	B		
S1-787479110	S2-207246255	S2	D		84.0
S1-121033107	S3-772643125	S3	D		210.0
S1-121033107	S3-797477455	S3	D		68.0
S1-677498588	S3-46550703	S3	D		91.0
S1-677498588	S3-254076844	S3	B		
S1-131458172	S3-519835758	S3	D		48.0
S1-313239471	S3-64184273	S3	D		37.0
S1-113590512	S3-486267746	S3	D		76.0
S1-1867583	S3-757825667	S3	D		69.0
S1-408794912	S2-472349574	S2	A		
S1-408794912	S3-583418314	S3	A		
S1-461732914	S3-359854538	S3	D		98.0
S1-326798242	S3-671316529	S3	B		
S1-415076595	S3-609630644	S3	B		
S1-876230608	S2-944040540	S2	D		56.0
S1-466577092	S2-867258907	S2	B		
S1-454855501	S2-872105080	S2	D		118.0
S1-231685503	S3-113710920	S3	B		
S1-231685503	S2-424260781	S2	B		
S1-64419765	S2-353016439	S2	B		
S1-74429690	S2-387680163	S2	B		
S1-981530051	S2-399488319	S2	D		140.0
S1-981530051	S3-413312329	S3	D		144.0
S1-861600974	S2-567794530	S2	D		144.0
S1-470632572	S3-30816290	S3	B		
S1-470632572	S2-414637812	S2	B		
S1-697636133	S2-203632790	S2	B		
S1-530307351	S3-781509009	S3	B		
S1-93768340	S2-176192922	S2	D		74.0
S1-972830178	S2-543405026	S2	D		100.0
S1-18062376	S3-982176305	S3	D		112.0
S1-964860438	S3-423600615	S3	D		63.0
S1-266010080	S3-357527195	S3	B		
S1-641908248	S3-544132631	S3	B		
S1-641908248	S3-916901142	S3	B		
S1-686601946	S2-398353049	S2	D		45.0
S1-686601946	S3-452683929	S3	B		
S1-686601946	S2-354502607	S2	D		50.0
S1-570249297	S3-595444695	S3	D		41.0
S1-418400162	S2-242023999	S2	D		50.0
S1-575474551	S3-956774229	S3	D		139.0
S1-70187221	S3-190180926	S3	D		40.0
S1-187357264	S2-767795555	S2	B		
S1-798267207	S3-751105016	S3	B		
S1-268853948	S2-56105603	S2	B		
S1-468813201	S3-423224043	S3	A		
S1-468813201	S3-635241612	S3	A		
S1-413492866	S3-189979918	S3	B		
S1-30224446	S3-727507125	S3	D		78.0
S1-606004625	S2-344399151	S2	D		76.0
S1-896381894	S3-248882474	S3	D		66.0
S1-192063427	S2-456634662	S2	B		
S1-977942105	S3-665508827	S3	D		33.0
S1-977942105	S2-349691640	S2	D		60.0
S1-977942105	S2-118447065	S2	D		44.0
S1-983652381	S3-179702613	S3	A		
S1-956478454	S3-883293483	S3	B		
S1-999507654	S3-696244101	S3	B		
S1-310472499	S3-759905355	S3	B		
S1-215556842	S3-786015038	S3	D		113.0
S1-827195165	S3-291308297	S3	B		
S1-274280452	S2-648283077	S2	B		
S1-445053871	S3-275111165	S3	A		
S1-180823176	S3-453493447	S3	B		
S1-217388382	S3-462193435	S3	D		55.0
S1-370532760	S3-259553598	S3	B		
S1-370532760	S2-204758268	S2	B		
S1-105117099	S2-66669808	S2	B		
S1-104790491	S3-275229431	S3	B		
S1-104790491	S3-622465864	S3	B		
S1-783649409	S3-12202763	S3	B		
S1-179980213	S2-500240936	S2	A		
S1-179980213	S3-693071870	S3	A		
S1-213263317	S3-725722437	S3	B		
S1-246261502	S3-418211548	S3	A		
S1-708950412	S3-191417550	S3	D		93.0
S1-708950412	S3-416198405	S3	D		68.0
S1-501238834	S3-474435816	S3	E	rank 23 <= topk but missing from candidates	
S1-327280223	S2-269127369	S2	D		61.0
S1-327280223	S2-999938316	S2	D		60.0
S1-678405785	S2-302893722	S2	D		33.0
S1-947204398	S3-681773835	S3	E	rank 13 <= topk but missing from candidates	
S1-87162520	S2-142242402	S2	D		59.0
S1-96946138	S2-566159830	S2	D		118.0
S1-68990704	S3-163007640	S3	A		
S1-68990704	S3-741714594	S3	B		
S1-966697151	S2-142602249	S2	B		
S1-602389203	S3-416220113	S3	B		
S1-912563732	S3-302116684	S3	B		
S1-361172115	S3-100195537	S3	D		62.0
S1-738665441	S2-10050621	S2	D		154.0
S1-738665441	S2-977720991	S2	D		152.0
S1-685708426	S3-518741112	S3	D		36.0
S1-566884613	S2-689330863	S2	D		72.0
S1-918071090	S3-271500910	S3	B		
S1-536753121	S3-574343027	S3	D		75.0
S1-536753121	S3-294524830	S3	D		76.0
S1-761668123	S3-464300664	S3	D		47.0
S1-761668123	S2-294255596	S2	B		
S1-36217520	S2-517724787	S2	B		
S1-974298873	S3-454051693	S3	D		137.0
S1-354701114	S3-154403594	S3	D		61.0
S1-354701114	S2-457122932	S2	B		
S1-988774996	S2-388798119	S2	B		
S1-257753999	S2-715443756	S2	D		64.0
S1-257753999	S3-694596321	S3	D		70.0
S1-257753999	S3-253612731	S3	D		66.0
S1-64578808	S2-705363882	S2	B		
S1-64578808	S2-462132827	S2	A		
S1-64578808	S3-919065299	S3	A		
S1-85335153	S2-563014394	S2	A		
S1-997469666	S3-940483445	S3	A		
S1-802709635	S2-96497919	S2	B		
S1-449712297	S2-289421157	S2	A		
S1-174378107	S3-425159653	S3	B		
S1-252564087	S3-138318508	S3	E	rank 27 <= topk but missing from candidates	
S1-755937295	S3-921565502	S3	B		
S1-408873782	S3-132802908	S3	A		
S1-330763438	S3-975219711	S3	D		61.0
S1-957115563	S2-837845087	S2	B		
S1-426756464	S3-662888241	S3	B		
S1-234531619	S3-97282261	S3	B		
S1-716621892	S2-995679234	S2	B		
S1-716621892	S3-627913139	S3	B		
S1-716621892	S3-316304334	S3	A		
S1-716621892	S3-111541071	S3	B		
S1-183645812	S3-618566319	S3	D		84.0
S1-530567161	S2-528745645	S2	A		
S1-341156724	S3-906504912	S3	B		
S1-341156724	S2-286996590	S2	D		149.0
S1-501274909	S3-500581033	S3	B		
S1-676677870	S2-777416675	S2	B		
S1-893810032	S3-87656010	S3	E	rank 24 <= topk but missing from candidates	
S1-26627910	S2-722771991	S2	D		34.0
S1-563046754	S3-881616356	S3	B		
S1-578695401	S2-532424594	S2	B		
S1-491666863	S2-493123478	S2	B		
S1-491666863	S2-24575816	S2	B		
S1-856179603	S3-15386504	S3	B		
S1-954060018	S3-55776740	S3	B		
S1-726394568	S2-701518321	S2	D		75.0
S1-666006905	S3-376920719	S3	B		
S1-41171180	S3-547726648	S3	A		
S1-41171180	S3-112490067	S3	A		
S1-41171180	S3-210272221	S3	A		
S1-333721444	S2-35959613	S2	D		42.0
S1-333721444	S3-644953417	S3	E	rank 28 <= topk but missing from candidates	
S1-336704352	S3-675301417	S3	A		
S1-336704352	S2-402673463	S2	A		
S1-142926376	S2-16766451	S2	A		
S1-242346865	S3-802911339	S3	A		
S1-611580493	S3-583560504	S3	B		
S1-584215553	S3-751029885	S3	B		
S1-877592409	S3-849483690	S3	A		
S1-579259016	S3-57601940	S3	D		81.0
S1-579259016	S2-326794454	S2	B		
S1-579259016	S3-236093236	S3	D		114.0
S1-928340699	S2-630480570	S2	A		
S1-253394151	S2-7228944	S2	D		105.0
S1-253394151	S3-261049644	S3	D		54.0
S1-253394151	S3-473803149	S3	D		59.0
S1-236901886	S3-988165112	S3	A		
S1-236901886	S2-350858958	S2	B		
S1-786913601	S3-44274173	S3	B		
S1-825846848	S2-883246346	S2	D		83.0
S1-709484738	S2-386244389	S2	E	rank 20 <= topk but missing from candidates	
S1-538293728	S3-387993857	S3	D		53.0
S1-538293728	S3-47327628	S3	D		52.0
S1-974390609	S2-40976709	S2	B		
S1-307404108	S3-737875514	S3	B		
S1-940546693	S3-621113180	S3	A		
S1-940546693	S3-783265286	S3	B		
S1-542832929	S3-127552800	S3	B		
S1-542832929	S2-974795454	S2	B		
S1-332002068	S2-598842562	S2	B		
S1-511583096	S3-710593745	S3	A		
S1-687540963	S2-144942953	S2	B		
S1-946249327	S3-976579423	S3	D		53.0
S1-456455856	S2-213242857	S2	D		57.0
S1-177362209	S3-963501589	S3	D		51.0
S1-337082552	S2-80237785	S2	B		
S1-605388952	S3-42879869	S3	D		42.0
S1-263991160	S3-935383790	S3	B		
S1-263991160	S2-766123427	S2	B		
S1-774134313	S2-285804982	S2	D		44.0
S1-942794079	S2-874815776	S2	D		40.0
S1-521909191	S3-411469285	S3	B		
S1-692471699	S3-492786519	S3	B		
S1-256057790	S3-872954294	S3	D		32.0
S1-42208262	S2-258406872	S2	D		62.0
S1-42208262	S3-139689248	S3	B		
S1-42208262	S2-893241997	S2	D		71.0
S1-42208262	S3-451531438	S3	E	rank 14 <= topk but missing from candidates	
S1-42208262	S3-231292936	S3	B		
S1-42208262	S3-327044925	S3	B		
S1-539046744	S3-461146559	S3	D		36.0
S1-52199921	S3-318368078	S3	B		
S1-718983245	S3-149613262	S3	D		36.0
S1-584039670	S3-881354930	S3	A		
S1-478064695	S3-727153562	S3	D		78.0
S1-478064695	S3-579902553	S3	D		79.0
S1-438615517	S2-443811033	S2	B		
S1-438615517	S2-559579309	S2	D		137.0
S1-438615517	S3-100338213	S3	A		
S1-313656816	S2-80054923	S2	D		48.0
S1-978218718	S2-295938122	S2	D		77.0
S1-316140826	S3-491264249	S3	B		
S1-949625084	S3-959690708	S3	D		79.0
S1-567228739	S3-12094577	S3	B		
S1-559189844	S3-684279960	S3	A		
S1-559189844	S2-356368130	S2	D		63.0
S1-559189844	S3-233623192	S3	A		
S1-836498505	S3-430271068	S3	B		
S1-263586678	S2-735252841	S2	B		
S1-892272424	S3-825003857	S3	B		
S1-141162362	S2-406861180	S2	B		
S1-949134864	S3-949901464	S3	D		152.0
S1-151472388	S3-45581682	S3	D		73.0
S1-151472388	S3-898275724	S3	B		
S1-854223107	S3-913070062	S3	D		58.0
S1-22172055	S3-885551968	S3	A		
S1-741167400	S3-499567552	S3	B		
S1-399351655	S3-36736668	S3	D		45.0
S1-399351655	S3-298067311	S3	B		
S1-399351655	S3-520369709	S3	D		66.0
S1-345277476	S2-598933104	S2	D		127.0
S1-345277476	S2-15818504	S2	D		60.0
S1-95037198	S3-187284800	S3	A		
S1-830334867	S2-686274634	S2	B		
S1-830334867	S3-721386997	S3	D		58.0
S1-193579597	S3-870848780	S3	A		
S1-26906179	S3-252038213	S3	D		63.0
S1-638396503	S3-818022500	S3	A		
S1-998408880	S2-670343535	S2	E	rank 28 <= topk but missing from candidates	
S1-998408880	S2-468616174	S2	B		
S1-940750996	S2-245593697	S2	A		
S1-860932520	S3-898655267	S3	E	rank 10 <= topk but missing from candidates	
S1-421279919	S3-710035330	S3	A		
S1-110779795	S3-433187698	S3	D		40.0
S1-110779795	S3-26708965	S3	E	rank 12 <= topk but missing from candidates	
S1-998357842	S2-924835843	S2	A		
S1-404403638	S3-793177429	S3	D		31.0
S1-948316165	S2-380981952	S2	A		
S1-361083794	S3-793157131	S3	D		44.0
S1-979870094	S3-444570993	S3	B		
S1-937742269	S2-145806255	S2	B		
S1-443414216	S2-461657003	S2	B		
S1-975711211	S3-39857850	S3	D		104.0
S1-40132664	S3-278978721	S3	D		163.0
S1-40132664	S3-553125976	S3	D		159.0
S1-449480059	S3-144824595	S3	B		
S1-857052448	S3-944968948	S3	D		58.0
S1-857052448	S2-605826905	S2	A		
S1-805712905	S3-48827112	S3	D		47.0
S1-202634986	S3-16210650	S3	D		49.0
S1-61524432	S3-353930977	S3	A		
S1-502079700	S2-835220966	S2	D		56.0
S1-502079700	S2-532345444	S2	D		59.0
S1-502079700	S2-987039049	S2	D		64.0
S1-781814543	S3-713683274	S3	B		
S1-215627901	S3-263293656	S3	B		
S1-215627901	S2-354192472	S2	D		108.0
S1-825165231	S3-670355038	S3	A		
S1-213966487	S3-324930941	S3	B		
S1-213966487	S2-998997464	S2	B		
S1-909103662	S3-442937337	S3	B		
S1-363565687	S3-832850046	S3	B		
S1-288736455	S3-558913445	S3	B		
S1-152308711	S2-503686793	S2	D		52.0
S1-706804762	S3-414508007	S3	E	rank 24 <= topk but missing from candidates	
S1-849533523	S3-382538099	S3	B		
S1-312498879	S3-856461374	S3	E	rank 24 <= topk but missing from candidates	
S1-609679770	S3-355061284	S3	A		
S1-817498307	S2-831400781	S2	B		
S1-664117147	S3-296297485	S3	B		
S1-987954377	S2-669699857	S2	B		
S1-987954377	S3-500345268	S3	B		
S1-120925110	S3-698176628	S3	A		
S1-7576870	S3-709993523	S3	B		
S1-397740705	S2-399903956	S2	B		
S1-770294281	S3-392294335	S3	B		
S1-801559521	S3-457585780	S3	B		
S1-101965355	S3-24671907	S3	D		57.0
S1-414647344	S3-789819535	S3	D		60.0
S1-414647344	S3-692850757	S3	D		61.0
S1-106834887	S3-368540428	S3	D		124.0
S1-115454597	S3-54646891	S3	D		31.0
S1-245584649	S2-478151588	S2	D		46.0
S1-446896826	S3-278076571	S3	E	rank 25 <= topk but missing from candidates	
S1-612519331	S3-577196575	S3	B		
S1-862362094	S3-857257607	S3	B		
S1-862362094	S2-296313607	S2	B		
S1-854420831	S2-901180906	S2	A		
S1-854420831	S2-807036532	S2	D		80.0
S1-594786290	S2-122654295	S2	A		
S1-90457369	S3-763763794	S3	A		
S1-90457369	S3-209236995	S3	A		
S1-573874874	S3-513376657	S3	B		
S1-197571381	S3-328146733	S3	B		
S1-546246767	S3-355332589	S3	D		45.0
S1-78126372	S3-231267559	S3	E	rank 29 <= topk but missing from candidates	
S1-78126372	S2-849193088	S2	A		
S1-3569965	S2-363538016	S2	B		
S1-180902494	S2-283041508	S2	D		36.0
S1-180902494	S3-456497658	S3	B		
S1-727520675	S3-981632415	S3	E	rank 26 <= topk but missing from candidates	
S1-53896286	S3-749885147	S3	B		
S1-667457386	S3-959443476	S3	B		
S1-667457386	S3-532355428	S3	B		
S1-276530806	S2-147707635	S2	D		83.0
S1-122094589	S3-517298268	S3	D		71.0
S1-302263964	S3-24754747	S3	B		
S1-302263964	S3-776740182	S3	B		
S1-811107918	S3-326211404	S3	D		35.0
S1-352939819	S3-314879138	S3	B		
S1-787225879	S3-186571915	S3	D		109.0
S1-566020920	S3-372738788	S3	D		96.0
S1-49221196	S3-94501499	S3	D		59.0
S1-49221196	S2-644417490	S2	B		
S1-540806708	S3-334935620	S3	A		
S1-660535013	S3-937241718	S3	D		101.0
S1-454202767	S3-628745621	S3	D		53.0
S1-253630133	S2-133962980	S2	B		
S1-627687830	S3-9441313	S3	A		
S1-190724142	S3-721551506	S3	B		
S1-190724142	S3-10656448	S3	B		
S1-614603934	S2-335504904	S2	D		48.0
S1-913432891	S3-30653114	S3	B		
S1-913432891	S2-602732387	S2	A		
S1-895572941	S3-958704654	S3	D		115.0
S1-930585816	S2-532667100	S2	B		
S1-208916013	S2-582405485	S2	D		48.0
S1-208916013	S3-975324441	S3	D		41.0
S1-549642373	S3-533806227	S3	D		31.0
S1-879529769	S2-474921724	S2	E	rank 11 <= topk but missing from candidates	
S1-879529769	S3-75041569	S3	D		53.0
S1-879529769	S3-14753031	S3	B		
S1-879529769	S3-66091543	S3	B		
S1-312683043	S3-5437709	S3	D		109.0
S1-648515129	S3-122912337	S3	A		
S1-850382568	S2-933707716	S2	B		
S1-850382568	S3-55955134	S3	D		44.0
S1-514177943	S3-627748419	S3	A		
S1-514177943	S2-261882613	S2	D		51.0
S1-421317098	S2-970415359	S2	D		73.0
S1-340432420	S3-69988128	S3	D		51.0
S1-340432420	S2-152661944	S2	D		141.0
S1-721645494	S2-356299410	S2	D		59.0
S1-447135170	S3-407099805	S3	D		57.0
S1-655034511	S2-6393630	S2	D		38.0
S1-525163908	S2-553316821	S2	B		
S1-116721968	S3-73107434	S3	A		
S1-305410103	S3-350752509	S3	E	rank 20 <= topk but missing from candidates	
S1-567176158	S3-128640088	S3	D		55.0
S1-733218591	S3-625454529	S3	D		63.0
S1-733218591	S2-253337256	S2	D		65.0
S1-586031751	S3-887641128	S3	D		98.0
S1-586031751	S3-486939094	S3	D		48.0
S1-319617803	S3-483319818	S3	B		
S1-269031290	S3-619528924	S3	A		
S1-853480847	S3-615269354	S3	B		
S1-199288494	S2-60776530	S2	B		
S1-410112694	S3-780153465	S3	D		50.0
S1-240457332	S3-557842307	S3	B		
S1-459706071	S3-467760317	S3	B		
S1-459706071	S3-965948190	S3	D		90.0
S1-792655818	S2-709475133	S2	B		
S1-909241512	S3-829744570	S3	B		
S1-909241512	S3-891025780	S3	B		
S1-58651290	S3-316058735	S3	E	rank 28 <= topk but missing from candidates	
S1-557160262	S2-587339696	S2	D		79.0
S1-748344740	S3-270773911	S3	D		47.0
S1-822463770	S3-622464844	S3	A		
S1-822463770	S2-861303731	S2	B		
S1-454393213	S3-121608208	S3	A		
S1-909607874	S3-558095789	S3	B		
S1-290360990	S3-776997395	S3	B		
S1-971269719	S3-231676357	S3	B		
S1-14093688	S3-499289635	S3	E	rank 22 <= topk but missing from candidates	
S1-14093688	S2-850659948	S2	D		98.0
S1-19089424	S2-105378772	S2	B		
S1-345549052	S3-965867975	S3	B		
S1-279518607	S3-310175596	S3	D		129.0
S1-290472476	S3-979266921	S3	D		136.0
S1-110278411	S3-722034853	S3	D		55.0
S1-110278411	S3-949642461	S3	D		56.0
S1-761294371	S2-759639083	S2	A		
S1-699462498	S3-890232697	S3	A		
S1-800540707	S2-994857067	S2	B		
S1-800540707	S3-634070123	S3	A		
S1-273700649	S3-629889173	S3	E	rank 29 <= topk but missing from candidates	
S1-187526332	S2-242904131	S2	A		
S1-187526332	S3-940758696	S3	D		49.0
S1-824627944	S3-894322445	S3	D		154.0
S1-222973860	S3-635722736	S3	B		
S1-586482427	S3-829381962	S3	D		116.0
S1-890837713	S2-348748264	S2	B		
S1-890837713	S3-774667388	S3	B		
S1-978619542	S3-978748082	S3	B		
S1-508594276	S3-246464004	S3	B		
S1-508594276	S3-754769912	S3	B		
S1-508594276	S3-512213276	S3	B		
S1-508594276	S2-244781824	S2	B		
S1-928797697	S3-22567561	S3	B		
S1-179244573	S3-551396887	S3	D		49.0
S1-217039441	S2-178124786	S2	B		
S1-149756573	S2-971350053	S2	B		
S1-511010766	S3-955849278	S3	B		
S1-549150732	S3-687643862	S3	B		
S1-214129976	S3-925931694	S3	B		
S1-214129976	S3-79210126	S3	B		
S1-10805418	S2-5106514	S2	D		138.0
S1-10805418	S2-52379064	S2	D		109.0
S1-763808214	S2-901578312	S2	B		
S1-763808214	S2-837825551	S2	B		
S1-763808214	S3-607848569	S3	B		
S1-763808214	S3-366622461	S3	B		
S1-451385084	S3-13103294	S3	A		
S1-265196556	S2-794959609	S2	D		92.0
S1-965677760	S3-85566171	S3	B		
S1-631270245	S2-48561580	S2	D		59.0
S1-698556084	S3-418294696	S3	D		85.0
S1-698556084	S3-399250321	S3	A		
S1-336863578	S3-14212703	S3	D		93.0
S1-289952989	S2-606330495	S2	B		
S1-184697129	S3-519718549	S3	D		79.0
S1-833486232	S3-737950629	S3	B		
S1-410783352	S3-496737477	S3	B		
S1-323491738	S3-557111551	S3	B		
S1-339160817	S3-31127031	S3	B		
S1-339160817	S2-176789420	S2	B		
S1-362411580	S3-416429768	S3	D		102.0
S1-603855908	S3-763736662	S3	D		60.0
S1-117779762	S3-419610474	S3	B		
S1-768490663	S3-736359969	S3	B		
S1-971065873	S3-946577515	S3	D		44.0
S1-397562610	S2-223640837	S2	D		62.0
S1-397562610	S3-268196682	S3	D		61.0
S1-397562610	S3-391442962	S3	D		63.0
S1-838739779	S3-672589538	S3	D		59.0
S1-838739779	S2-628864807	S2	D		33.0
S1-838739779	S3-772132074	S3	D		58.0
S1-531286020	S2-718094880	S2	B		
S1-596944520	S2-10558351	S2	B		
S1-413438630	S3-391748818	S3	D		43.0
S1-271656195	S3-60940064	S3	D		35.0
S1-271656195	S2-196657497	S2	A		
S1-446089215	S3-966717049	S3	B		
S1-32726601	S2-988138213	S2	D		108.0
S1-212618698	S3-79249863	S3	B		
S1-135247115	S3-641816288	S3	A		
S1-567579	S2-724796681	S2	B		
S1-567579	S3-510913086	S3	B		
S1-648521319	S3-850709656	S3	D		121.0
S1-648521319	S2-154760861	S2	D		64.0
S1-428761997	S3-866912663	S3	B		
S1-652368003	S2-447877654	S2	B		
S1-652368003	S3-866286512	S3	D		48.0
S1-88791774	S2-254959601	S2	B		
S1-98039654	S2-317246899	S2	D		55.0
S1-98039654	S3-717598054	S3	D		53.0
S1-333138626	S3-239979254	S3	B		
S1-784698424	S2-216953876	S2	B		
S1-784698424	S2-165198188	S2	B		
S1-864576591	S3-652214000	S3	A		
S1-51335146	S2-802860261	S2	D		37.0
S1-258855967	S2-860528661	S2	B		
S1-258855967	S2-161251201	S2	B		
S1-258855967	S3-289318385	S3	D		119.0
S1-258855967	S3-934042347	S3	A		
S1-882264575	S3-431661985	S3	B		
S1-152430834	S3-977900947	S3	B		
S1-5218970	S2-783706192	S2	D		173.0
S1-861047435	S3-845854884	S3	A		
S1-861047435	S3-516070124	S3	B		
S1-829174513	S3-172764495	S3	D		75.0
S1-482149656	S3-862134702	S3	A		
S1-482149656	S3-368355450	S3	E	rank 29 <= topk but missing from candidates	
S1-624873214	S3-514996061	S3	D		79.0
S1-966049463	S2-777049470	S2	D		56.0
S1-572555933	S2-890034744	S2	D		101.0
S1-572555933	S3-70831298	S3	D		82.0
S1-373490614	S3-113998747	S3	B		
S1-373490614	S3-38539033	S3	B		
S1-283972214	S2-981040970	S2	D		37.0
S1-336368979	S3-973198603	S3	D		63.0
S1-336368979	S3-52217218	S3	B		
S1-760331713	S3-875163189	S3	B		
S1-760331713	S3-146585841	S3	B		
S1-528449159	S2-175188329	S2	A		
S1-252920453	S3-582964829	S3	B		
S1-252920453	S3-82181296	S3	B		
S1-252920453	S2-22358609	S2	B		
S1-965610239	S3-726226999	S3	E	rank 21 <= topk but missing from candidates	
S1-745441746	S3-15652433	S3	B		
S1-282723918	S3-484248462	S3	D		172.0
S1-282723918	S2-47736233	S2	E	rank 21 <= topk but missing from candidates	
S1-983583600	S3-5529861	S3	D		73.0
S1-983583600	S3-874200862	S3	D		57.0
S1-429925832	S3-484489775	S3	A		
S1-429925832	S3-129657203	S3	B		
S1-746516089	S2-274331766	S2	B		
S1-318671113	S2-597897377	S2	B		
S1-513971515	S3-949672210	S3	D		111.0
S1-275469290	S2-238029984	S2	D		49.0
S1-850054123	S3-110819313	S3	D		43.0
S1-148259573	S3-561031674	S3	D		53.0
S1-791446366	S3-319743821	S3	D		54.0
S1-128053106	S3-868354965	S3	B		
S1-599016344	S3-811787134	S3	E	rank 27 <= topk but missing from candidates	
S1-477830150	S3-220938576	S3	D		89.0
S1-350938054	S3-615496694	S3	D		176.0
S1-604304635	S3-403029758	S3	D		81.0
S1-384729641	S3-455514226	S3	B		
S1-204095514	S2-926716709	S2	B		
S1-342362990	S3-108983125	S3	D		124.0
S1-660624301	S3-880738563	S3	D		103.0
S1-933034293	S3-946176152	S3	E	rank 21 <= topk but missing from candidates	
S1-933034293	S2-210586188	S2	A		
S1-158007835	S2-668540999	S2	E	rank 29 <= topk but missing from candidates	
S1-90114116	S2-574914056	S2	D		39.0
S1-873557261	S2-802616353	S2	D		48.0
S1-577582829	S3-273653342	S3	B		
S1-830732822	S2-747270661	S2	B		
S1-15019246	S3-841005034	S3	B		
S1-149000390	S2-70007767	S2	B		
S1-931807670	S3-143745086	S3	B		
S1-931807670	S2-96020304	S2	B		
S1-931807670	S2-540539493	S2	B		
S1-931807670	S3-213995439	S3	B		
S1-75728624	S3-147065346	S3	D		61.0
S1-424858275	S2-635518704	S2	B		
S1-756445120	S3-611033538	S3	A		
S1-674588327	S3-5691164	S3	A		
S1-384877302	S2-299695617	S2	B		
S1-871622425	S2-86234727	S2	B		
S1-871622425	S2-335716620	S2	B		
S1-933311621	S2-360176256	S2	D		38.0
S1-933311621	S3-812188385	S3	A		
S1-969682011	S2-905336196	S2	D		79.0
S1-530666338	S3-568483294	S3	D		79.0
S1-824052835	S3-939901360	S3	B		
S1-212267852	S2-807885654	S2	D		50.0
S1-955645432	S3-425588452	S3	D		57.0
S1-955645432	S3-903304962	S3	D		55.0
S1-136072271	S2-218827498	S2	A		
S1-630441583	S2-546220904	S2	D		107.0
S1-630441583	S3-540362173	S3	A		
S1-164403995	S3-753715472	S3	A		
S1-409394901	S2-131658430	S2	A		
S1-907476232	S2-798298507	S2	B		
S1-516777846	S3-7837420	S3	D		78.0
S1-634143544	S3-368464444	S3	B		
S1-634143544	S3-631647788	S3	B		
S1-350705879	S3-83627264	S3	E	rank 11 <= topk but missing from candidates	
S1-350705879	S3-827882947	S3	D		81.0
S1-350705879	S2-428603983	S2	D		80.0
S1-400595171	S2-731325505	S2	D		50.0
S1-400595171	S3-126918418	S3	D		44.0
S1-400595171	S2-604489413	S2	D		45.0
S1-400595171	S2-972648960	S2	D		46.0
S1-828426115	S2-596752409	S2	B		
S1-404363231	S3-733562514	S3	B		
S1-404363231	S2-990910975	S2	A		
S1-460003315	S2-462464430	S2	D		34.0
S1-460003315	S3-281781368	S3	D		35.0
S1-460003315	S3-961827176	S3	B		
S1-552743358	S2-577216082	S2	B		
S1-552743358	S3-763310574	S3	D		48.0
S1-795462963	S3-884350782	S3	B		
S1-795462963	S3-647282772	S3	A		
S1-400694415	S2-262260438	S2	A		
S1-801370954	S3-681896374	S3	D		61.0
S1-801370954	S2-207771822	S2	D		56.0
S1-867101963	S2-251715	S2	B		
S1-468791965	S3-550334856	S3	D		160.0
S1-468791965	S2-70280467	S2	D		46.0
S1-492999995	S3-650574696	S3	B		
S1-653374699	S2-190764978	S2	A		
S1-589303005	S3-316790408	S3	E	rank 26 <= topk but missing from candidates	
S1-799274814	S3-981272096	S3	D		35.0
S1-799274814	S3-104854830	S3	D		40.0
S1-799274814	S2-351386575	S2	B		
S1-689383092	S3-778552928	S3	D		58.0
S1-455461185	S2-596506069	S2	E	rank 12 <= topk but missing from candidates	
S1-49002530	S3-285057985	S3	B		
S1-661372868	S3-130106307	S3	A		
S1-795496915	S3-35444413	S3	B		
S1-795496915	S3-82301296	S3	B		
S1-219732879	S2-582261003	S2	B		
S1-219732879	S3-501279927	S3	B		
S1-278452115	S3-844027200	S3	D		92.0
S1-96167090	S3-663129783	S3	D		67.0
S1-96167090	S3-873945971	S3	D		66.0
S1-33428947	S3-601741145	S3	D		189.0
S1-425779227	S3-468000069	S3	B		
S1-425779227	S2-746418599	S2	D		93.0
S1-304414974	S3-55160523	S3	D		98.0
S1-315010421	S3-211391915	S3	D		91.0
S1-363925535	S3-873390184	S3	B		
S1-172818948	S3-313993733	S3	B		
S1-629777161	S2-170160107	S2	D		33.0
S1-629777161	S3-850162015	S3	E	rank 21 <= topk but missing from candidates	
S1-629777161	S3-132221527	S3	E	rank 22 <= topk but missing from candidates	
S1-624133769	S3-463955672	S3	B		
S1-991863949	S2-72451609	S2	B		
S1-991863949	S2-406784191	S2	D		77.0
S1-824420302	S3-529196689	S3	D		62.0
S1-824420302	S3-840247175	S3	D		61.0
S1-189627361	S3-721826068	S3	A		
S1-435586996	S3-998331090	S3	B		
S1-344076911	S2-449216019	S2	E	rank 24 <= topk but missing from candidates	
S1-583395635	S3-583247415	S3	B		
S1-448540901	S2-951546283	S2	D		59.0
S1-484503982	S2-623002861	S2	B		
S1-386921150	S3-421782036	S3	B		
S1-917230075	S2-624133305	S2	B		
S1-901250819	S2-277222933	S2	D		73.0
S1-40020873	S3-790280064	S3	B		
S1-40020873	S3-272324134	S3	B		
S1-855817712	S3-821145152	S3	D		33.0
S1-855817712	S3-331051434	S3	A		
S1-855817712	S2-915778254	S2	D		42.0
S1-181138594	S3-586928225	S3	B		
S1-695541559	S2-124804519	S2	D		64.0
S1-359849892	S3-665880381	S3	A		
S1-658230103	S3-527431098	S3	B		
S1-183850569	S3-101188965	S3	B		
S1-970835427	S3-287740291	S3	D		106.0
S1-549596720	S3-399955263	S3	B		
S1-330819118	S2-961098471	S2	B		
S1-114519546	S2-739672149	S2	A		
S1-180993982	S3-795762024	S3	A		
S1-435365671	S2-340452981	S2	B		
S1-801394288	S3-342956888	S3	D		49.0
S1-883658859	S3-402373454	S3	B		
S1-870466828	S2-201077623	S2	D		82.0
S1-882231975	S3-793609976	S3	B		
S1-882231975	S3-292286138	S3	B		
S1-882231975	S3-803826290	S3	B		
S1-963528509	S3-262418253	S3	D		51.0
S1-515051580	S3-802639034	S3	B		
S1-594455718	S3-330776038	S3	A		
S1-655019898	S3-166028309	S3	D		45.0
S1-727428392	S3-880125007	S3	A		
S1-744151705	S3-312934189	S3	B		
S1-55191903	S3-3855741	S3	B		
S1-801513437	S2-604962614	S2	B		
S1-224460928	S3-414877633	S3	B		
S1-224460928	S3-351704387	S3	D		33.0
S1-728386726	S3-26255762	S3	D		87.0
S1-910079884	S2-751554305	S2	B		
S1-974498713	S2-447638716	S2	D		82.0
S1-129189738	S3-269632156	S3	D		85.0
S1-228414555	S2-73724516	S2	B		
S1-935939333	S3-525540659	S3	A		
S1-261857650	S3-567816167	S3	A		
S1-261857650	S2-782333354	S2	B		
S1-781919079	S2-888136587	S2	B		
S1-781919079	S3-37347807	S3	A		
S1-138968157	S3-991669130	S3	B		
S1-402289088	S3-109674315	S3	B		
S1-402289088	S3-769217847	S3	B		
S1-402289088	S3-5720837	S3	B		
S1-871280893	S2-812707517	S2	D		77.0
S1-590374785	S3-727465234	S3	D		43.0
S1-673863047	S3-94561666	S3	D		77.0
S1-152434200	S3-132625511	S3	D		44.0
S1-119928733	S3-615415476	S3	B		
S1-766200412	S3-661069309	S3	A		
S1-330650895	S2-784003269	S2	B		
S1-330650895	S3-191375156	S3	B		
S1-966393025	S3-786048016	S3	B		
S1-723019817	S2-677125013	S2	D		38.0
S1-484556011	S2-140140722	S2	B		
S1-791914340	S2-883351860	S2	B		
S1-466039097	S3-251318220	S3	E	rank 13 <= topk but missing from candidates	
S1-679386160	S3-444901710	S3	B		
S1-860082872	S3-490281404	S3	B		
S1-313858366	S3-107189616	S3	B		
S1-276129503	S2-587195591	S2	B		
S1-276129503	S3-368737531	S3	B		
S1-73634707	S2-868943900	S2	A		
S1-73634707	S2-740999958	S2	B		
S1-159868742	S3-734899018	S3	B		
S1-561946704	S3-267132519	S3	B		
S1-752704757	S2-236986741	S2	A		
S1-449400785	S3-703443327	S3	B		
S1-573634450	S2-73924428	S2	B		
S1-361477457	S3-64250489	S3	B		
S1-361477457	S2-438296061	S2	B		
S1-351035983	S2-64806833	S2	B		
S1-692130376	S2-520242368	S2	D		63.0
S1-420156544	S2-926524207	S2	B		
S1-831974790	S2-684540969	S2	D		60.0
S1-891397551	S3-933518570	S3	D		68.0
S1-427504459	S3-330438436	S3	D		80.0
S1-427504459	S3-344799520	S3	D		81.0
S1-427504459	S2-3022899	S2	D		65.0
S1-660353913	S2-507775798	S2	A		
S1-694766783	S2-936916356	S2	A		
S1-516532329	S2-238592428	S2	A		
S1-9562351	S2-132162336	S2	D		58.0
S1-252882710	S2-864568683	S2	B		
S1-883147389	S2-777326433	S2	B		
S1-883147389	S2-722594481	S2	D		107.0
S1-883147389	S2-427243999	S2	B		
S1-883147389	S3-617525435	S3	D		68.0
S1-883147389	S2-794760239	S2	B		
S1-883147389	S3-761003477	S3	B		
S1-962126659	S3-897225251	S3	D		42.0
S1-525094527	S2-895071787	S2	D		100.0
S1-525094527	S3-658572611	S3	D		99.0
S1-697313344	S3-693709060	S3	D		41.0
S1-697313344	S2-542945341	S2	D		44.0
S1-973304952	S2-710928282	S2	D		74.0
S1-678064624	S3-791298072	S3	A		
S1-435184800	S2-690083604	S2	D		114.0
S1-781701365	S3-6726110	S3	B		
S1-298378957	S3-874875584	S3	D		74.0
S1-371325941	S3-291527331	S3	D		184.0
S1-483761225	S2-278246731	S2	B		
S1-593283479	S2-248267993	S2	B		
S1-673878255	S2-881129367	S2	D		33.0
S1-577515077	S3-664550418	S3	D		51.0
S1-577515077	S2-575087130	S2	B		
S1-577515077	S2-470280837	S2	B		
S1-223406334	S3-321852349	S3	B		
S1-238696612	S3-484959045	S3	A		
S1-994040045	S3-178819153	S3	A		
S1-994040045	S2-748153336	S2	D		41.0
S1-805805376	S3-24535397	S3	B		
S1-501855205	S3-112773485	S3	D		54.0
S1-501855205	S2-977774415	S2	D		70.0
S1-436849943	S3-986309690	S3	A		
S1-396947832	S2-918020600	S2	B		
S1-725481245	S3-353789589	S3	B		
S1-269055434	S3-861930664	S3	B		
S1-269055434	S2-476988451	S2	D		76.0
S1-124327978	S3-907781135	S3	D		86.0
S1-124327978	S2-493625820	S2	B		
S1-865025576	S3-623755638	S3	A		
S1-514286595	S3-762192952	S3	B		
S1-641493846	S3-864094902	S3	B		
S1-412089292	S3-125481653	S3	B		
S1-191302384	S3-147531582	S3	B		
S1-191302384	S3-408125319	S3	B		
S1-887645442	S3-116043956	S3	B		
S1-550779417	S3-208289386	S3	E	rank 26 <= topk but missing from candidates	
S1-550779417	S2-114163183	S2	D		47.0
S1-222368975	S3-396838694	S3	B		
S1-275253312	S3-481045217	S3	B		
S1-89275376	S2-593575421	S2	B		
S1-560924276	S2-633552089	S2	B		
S1-861672966	S2-290980897	S2	D		123.0
S1-634060572	S2-889584505	S2	B		
S1-633295232	S2-322000757	S2	B		
S1-882736850	S3-890887943	S3	A		
S1-667542417	S3-103163446	S3	D		55.0
S1-515457003	S3-331130703	S3	B		
S1-253572943	S3-35137827	S3	B		
S1-253572943	S3-974429774	S3	D		77.0
S1-9974992	S3-63670720	S3	B		
S1-411006760	S3-444531531	S3	D		77.0
S1-411006760	S2-476489765	S2	D		81.0
S1-411006760	S3-570113582	S3	B		
S1-923521016	S2-226382061	S2	B		
S1-433481150	S3-485092462	S3	B		
S1-865824396	S2-535209116	S2	D		70.0
S1-972437592	S2-811010180	S2	D		113.0
S1-246953435	S2-101582369	S2	B		
S1-745348806	S3-903309226	S3	B		
S1-339865297	S3-281899613	S3	B		
S1-339865297	S3-921445306	S3	E	rank 28 <= topk but missing from candidates	
S1-576372826	S2-510468811	S2	D		59.0
S1-548224854	S2-744075482	S2	B		
S1-134468977	S3-161748149	S3	D		52.0
S1-494689139	S3-415809673	S3	B		
S1-494689139	S2-18117782	S2	D		68.0
S1-494689139	S2-722563712	S2	B		
S1-494689139	S3-745304158	S3	B		
S1-720077485	S3-914653919	S3	B		
S1-635632653	S3-851755861	S3	B		
S1-145917439	S3-769767874	S3	D		114.0
S1-145917439	S3-255479406	S3	B		
S1-177007373	S3-806843235	S3	B		
S1-177007373	S2-442733010	S2	B		
S1-119361747	S3-718449506	S3	D		44.0
S1-626138375	S3-140885467	S3	B		
S1-841748390	S3-29951214	S3	A		
S1-138210891	S3-41689035	S3	B		
S1-326507266	S3-192379447	S3	B		
S1-30850185	S2-476796985	S2	D		67.0
S1-217214850	S3-793850814	S3	A		
S1-956697361	S3-808761850	S3	B		
S1-54539186	S2-408883071	S2	B		
S1-54539186	S2-47910771	S2	B		
S1-726314618	S2-260558772	S2	A		
S1-172060527	S3-685576918	S3	A		
S1-880364170	S2-307014066	S2	B		
S1-941384464	S3-37265916	S3	B		
S1-51512703	S3-420322101	S3	B		
S1-99837540	S3-159853730	S3	D		60.0
S1-133103231	S3-844039495	S3	D		76.0
S1-803912687	S3-60922744	S3	A		
S1-803912687	S3-343576845	S3	A		
S1-516604626	S3-529822042	S3	A		
S1-951808569	S3-405688681	S3	D		190.0
S1-931479564	S2-982088032	S2	D		56.0
S1-931479564	S2-396895817	S2	D		64.0
S1-614168478	S3-846477237	S3	D		55.0
S1-695692335	S2-322513575	S2	B		
S1-238529943	S2-182852578	S2	B		
S1-33840865	S2-796696274	S2	D		53.0
S1-33840865	S2-569150699	S2	E	rank 24 <= topk but missing from candidates	
S1-33840865	S3-74757973	S3	D		39.0
S1-33840865	S2-630349160	S2	D		51.0
S1-725594205	S3-58452438	S3	A		
S1-792300195	S2-987041455	S2	D		34.0
S1-634332071	S3-520376307	S3	A		
S1-937166008	S2-847201062	S2	D		32.0
S1-419809024	S3-296717870	S3	B		
S1-419809024	S2-661489236	S2	B		
S1-786501871	S3-65729747	S3	B		
S1-786501871	S3-937069784	S3	B		
S1-692681394	S3-493579775	S3	B		
S1-776530489	S2-71778776	S2	D		58.0
S1-993981296	S3-551856061	S3	B		
S1-276219178	S3-773419892	S3	B		
S1-849157245	S2-228606574	S2	D		58.0
S1-462776141	S3-228305101	S3	D		82.0
S1-465162429	S3-287044075	S3	B		
S1-582763066	S2-429977918	S2	B		
S1-490638466	S2-336367929	S2	D		55.0
S1-832514105	S2-770959966	S2	B		
S1-832514105	S3-184643556	S3	B		
S1-321113374	S3-689466805	S3	D		59.0
S1-32226212	S2-483150405	S2	D		115.0
S1-92623779	S2-837150389	S2	D		51.0
S1-162066335	S3-780963851	S3	D		71.0
S1-363225371	S3-176422553	S3	A		
S1-321359691	S2-658767403	S2	D		82.0
S1-294439859	S3-6705932	S3	D		38.0
S1-294439859	S3-582601815	S3	D		39.0
S1-960391715	S2-832702802	S2	B		
S1-335646653	S3-51877769	S3	D		42.0
S1-874763149	S3-574829465	S3	D		52.0
S1-785611016	S3-902546247	S3	B		
S1-886418944	S3-608331568	S3	D		99.0
S1-886418944	S3-465284431	S3	B		
S1-180704137	S3-900178040	S3	D		57.0
S1-698605159	S2-212602947	S2	D		85.0
S1-698605159	S2-627327014	S2	B		
S1-84178773	S3-767759519	S3	B		
S1-84178773	S3-680336510	S3	B		
S1-580339555	S2-295016776	S2	A		
S1-79338826	S3-76805420	S3	B		
S1-79338826	S2-51425765	S2	D		41.0
S1-357140069	S3-899120915	S3	B		
S1-357140069	S3-503735178	S3	B		
S1-48776939	S2-23022101	S2	D		53.0
S1-25035684	S3-274728126	S3	B		
S1-726980385	S3-929285131	S3	D		43.0
S1-726980385	S3-860126763	S3	D		86.0
S1-726980385	S3-995086097	S3	B		
S1-726980385	S3-45484060	S3	B		
S1-726980385	S2-389612086	S2	B		
S1-419483636	S3-770883145	S3	D		53.0
S1-419483636	S3-509601469	S3	B		
S1-9375480	S2-961283737	S2	B		
S1-790916981	S3-767036661	S3	A		
S1-16641474	S3-486056064	S3	D		52.0
S1-833783500	S2-316159920	S2	D		38.0
S1-696962971	S3-456229580	S3	B		
S1-696962971	S3-767547758	S3	D		48.0
S1-184554591	S2-378907831	S2	B		
S1-159080336	S2-272376692	S2	D		58.0
S1-159080336	S3-205301469	S3	A		
S1-859466841	S3-510151920	S3	E	rank 21 <= topk but missing from candidates	
S1-298989728	S2-408933940	S2	B		
S1-298989728	S2-227060543	S2	B		
S1-228021331	S2-440347157	S2	B		
S1-179624497	S2-926796561	S2	D		58.0
S1-179624497	S3-445982233	S3	D		73.0
S1-179624497	S3-872856675	S3	D		67.0
S1-874389815	S3-701950739	S3	D		64.0
S1-874389815	S2-469489269	S2	D		46.0
S1-201872539	S3-793803365	S3	A		
S1-220499157	S3-416343001	S3	B		
S1-376618656	S3-605671174	S3	B		
S1-280039030	S2-118307760	S2	D		60.0
S1-280039030	S3-368081784	S3	B		
S1-440850281	S3-451843643	S3	B		
S1-244373431	S2-871739559	S2	B		
S1-244373431	S3-212848780	S3	B		
S1-898124580	S3-660942354	S3	B		
S1-926977496	S3-764583282	S3	B		
S1-370149848	S2-820692783	S2	D		56.0
S1-370149848	S3-380772801	S3	D		55.0
S1-161217294	S3-281039245	S3	B		
S1-161217294	S2-60658940	S2	B		
S1-396910951	S2-833913099	S2	D		66.0
S1-551931202	S3-276811468	S3	B		
S1-44633362	S2-312773780	S2	B		
S1-425435945	S2-710374163	S2	E	rank 21 <= topk but missing from candidates	
S1-639066058	S2-28412064	S2	E	rank 16 <= topk but missing from candidates	
S1-639066058	S3-410625569	S3	D		37.0
S1-902928423	S3-598996605	S3	D		75.0
S1-701779308	S3-819331571	S3	D		116.0
S1-266212977	S3-645214372	S3	A		
S1-266212977	S3-831952033	S3	A		
S1-530793090	S3-228462152	S3	D		40.0
S1-291156484	S2-624198390	S2	D		82.0
S1-900016784	S2-857105561	S2	A		
S1-263200960	S3-320166765	S3	B		
S1-417702959	S3-537913372	S3	B		
S1-204361923	S2-993204309	S2	B		
S1-204361923	S2-879246764	S2	B		
S1-204361923	S3-99872131	S3	E	rank 10 <= topk but missing from candidates	
S1-505458658	S3-292038556	S3	E	rank 27 <= topk but missing from candidates	
S1-505458658	S3-454132786	S3	D		48.0
S1-253973808	S2-723582833	S2	E	rank 27 <= topk but missing from candidates	
S1-90473313	S3-510783908	S3	D		69.0
S1-90473313	S2-779943842	S2	B		
S1-287788302	S2-679998766	S2	B		
S1-20609489	S3-802839474	S3	A		
S1-20609489	S2-14433461	S2	B		
S1-770180727	S2-922929843	S2	B		
S1-111141589	S3-713492134	S3	A		
S1-385721012	S2-913685809	S2	D		57.0
S1-385721012	S2-586684015	S2	D		51.0
S1-981381985	S3-643110638	S3	E	rank 21 <= topk but missing from candidates	
S1-264948170	S3-348469181	S3	D		40.0
S1-951093157	S2-683876918	S2	A		
S1-364667524	S2-277667743	S2	D		46.0
S1-158500074	S2-233927349	S2	A		
S1-573583389	S3-50277448	S3	B		
S1-483451177	S2-189591003	S2	A		
S1-407864532	S3-304939153	S3	B		
S1-397361461	S2-685197519	S2	B		
S1-397361461	S2-862778428	S2	B		
S1-862371217	S2-958686598	S2	D		33.0
S1-862371217	S2-666095450	S2	E	rank 17 <= topk but missing from candidates	
S1-1216811	S3-990042496	S3	A		
S1-1216811	S2-460294675	S2	A		
S1-969795624	S3-67805060	S3	B		
S1-730536127	S3-800568801	S3	B		
S1-791837520	S3-695296057	S3	A		
S1-288396169	S3-417307321	S3	B		
S1-624794599	S2-129863894	S2	D		171.0
S1-624794599	S3-51679721	S3	D		56.0
S1-624794599	S3-585601232	S3	B		
S1-251109109	S3-817005921	S3	D		66.0
S1-186529441	S3-424761699	S3	B		
S1-14106952	S3-483130849	S3	B		
S1-345752277	S2-462926227	S2	B		
S1-345752277	S2-5636453	S2	A		
S1-785566932	S2-119129593	S2	E	rank 30 <= topk but missing from candidates	
S1-785566932	S2-701287623	S2	D		32.0
S1-785566932	S2-652475237	S2	D		31.0
S1-644883771	S3-853911769	S3	D		31.0
S1-251993323	S2-284599890	S2	D		108.0
S1-543011226	S3-622371883	S3	D		126.0
S1-235626577	S3-544390831	S3	B		
S1-351792337	S2-148255305	S2	D		84.0
S1-351792337	S3-448811233	S3	B		
S1-656671548	S3-115268769	S3	B		
S1-768059821	S3-251458295	S3	B		
S1-323195650	S3-174619524	S3	B		
S1-676277041	S3-772505488	S3	D		66.0
S1-630005303	S3-205460773	S3	D		39.0
S1-630005303	S2-356441546	S2	D		34.0
S1-388451822	S3-630801793	S3	A		
S1-425145622	S3-468130011	S3	B		
S1-840227525	S3-596870011	S3	D		64.0
S1-407185410	S2-176706905	S2	D		55.0
S1-564164293	S2-684362950	S2	B		
S1-26406536	S2-607539308	S2	B		
S1-716650247	S3-641200771	S3	D		81.0
S1-118569505	S3-443904321	S3	A		
S1-785753891	S3-118793005	S3	A		
S1-790313989	S3-893634540	S3	B		
S1-280759433	S3-575991388	S3	D		61.0
S1-280759433	S2-86608349	S2	B		
S1-280759433	S2-691191459	S2	D		45.0
S1-36756607	S3-650320285	S3	A		
S1-239715986	S3-443463338	S3	B		
S1-157453562	S3-185857437	S3	A		
S1-429808786	S3-285111973	S3	E	rank 16 <= topk but missing from candidates	
S1-241921606	S2-998714205	S2	D		182.0
S1-674600076	S3-142767935	S3	D		169.0
S1-100790447	S3-517284244	S3	D		60.0
S1-100790447	S3-129876511	S3	D		58.0
S1-100790447	S2-22002032	S2	D		85.0
S1-251223372	S3-119001355	S3	D		63.0
S1-496037337	S2-970421923	S2	A		
S1-303119955	S3-262003918	S3	D		75.0
S1-303119955	S2-870322842	S2	B		
S1-630447920	S3-942465081	S3	A		
S1-391674095	S2-365309085	S2	B		
S1-391674095	S3-252818618	S3	B		
S1-964078783	S2-903753353	S2	B		
S1-254717466	S3-842616325	S3	E	rank 27 <= topk but missing from candidates	
S1-143662382	S3-855827245	S3	B		
S1-143662382	S3-283313523	S3	B		
S1-304350956	S3-745561176	S3	A		
S1-529349533	S3-636613912	S3	D		71.0
S1-529349533	S3-917245535	S3	B		
S1-169446129	S3-268273638	S3	D		98.0
S1-894378214	S2-778813259	S2	E	rank 23 <= topk but missing from candidates	
S1-903116301	S3-702990364	S3	A		
S1-903116301	S2-202032589	S2	D		89.0
S1-141662581	S2-417075554	S2	E	rank 12 <= topk but missing from candidates	
S1-655821498	S3-52738755	S3	D		50.0
S1-323554340	S2-878318249	S2	D		52.0
S1-323554340	S3-128889539	S3	D		116.0
S1-992679442	S3-128553486	S3	B		
S1-593425336	S3-543705088	S3	B		
S1-593425336	S2-529175502	S2	B		
S1-58053145	S3-890087259	S3	B		
S1-869293629	S3-2598135	S3	D		49.0
S1-111142093	S3-840626640	S3	B		
S1-347235582	S3-886232755	S3	B		
S1-381565665	S2-893789549	S2	B		
S1-381565665	S2-715809903	S2	B		
S1-381565665	S2-610269471	S2	B		
S1-381565665	S3-303463117	S3	D		77.0
S1-876316949	S3-25566214	S3	D		113.0
S1-99385049	S2-44492782	S2	B		
S1-99385049	S3-903003123	S3	B		
S1-99385049	S2-335369320	S2	D		73.0
S1-99385049	S3-972837312	S3	E	rank 27 <= topk but missing from candidates	
S1-99385049	S3-595485314	S3	A		
S1-376975952	S3-670833645	S3	A		
S1-71852935	S3-465726103	S3	D		50.0
S1-415054783	S3-812768844	S3	B		
S1-923949297	S3-987968925	S3	A		
S1-630784319	S3-152442521	S3	B		
S1-565741623	S2-600099417	S2	D		40.0
S1-565741623	S2-870361326	S2	D		37.0
S1-565741623	S3-852032239	S3	B		
S1-661083244	S3-344867515	S3	A		
S1-661083244	S2-761777496	S2	D		69.0
S1-661083244	S2-705976496	S2	D		51.0
S1-162377015	S3-619986885	S3	D		33.0
S1-976613503	S3-944584710	S3	B		
S1-174155637	S2-149036323	S2	E	rank 28 <= topk but missing from candidates	
S1-174155637	S3-432251066	S3	D		46.0
S1-457056727	S2-327492591	S2	B		
S1-972531252	S3-340657408	S3	D		160.0
S1-502694947	S3-99967809	S3	B		
S1-502694947	S2-727363415	S2	B		
S1-107037323	S2-888688525	S2	D		99.0
S1-14224053	S2-767814734	S2	B		
S1-151799893	S3-688877447	S3	B		
S1-242273976	S2-126362780	S2	A		
S1-294210516	S3-912717661	S3	B		
S1-329259280	S3-563452792	S3	D		106.0
S1-329259280	S2-75289245	S2	D		113.0
S1-329259280	S2-816978156	S2	D		84.0
S1-329259280	S3-25533135	S3	D		103.0
S1-105188242	S2-711173594	S2	B		
S1-347549554	S3-141328871	S3	D		53.0
S1-542662784	S3-514716008	S3	A		
S1-895104307	S3-761154819	S3	D		55.0
S1-301965703	S3-204267070	S3	D		85.0
S1-346286175	S3-724296548	S3	D		33.0
S1-264700920	S3-522164332	S3	D		42.0
S1-923563293	S2-967984902	S2	B		
S1-884377402	S3-908054113	S3	B		
S1-961887358	S2-639915820	S2	D		51.0
S1-965578346	S2-445817798	S2	B		
S1-472006204	S3-699985968	S3	A		
S1-159674763	S2-856366966	S2	E	rank 16 <= topk but missing from candidates	
S1-764589884	S2-103139630	S2	B		
S1-927983329	S2-701442439	S2	B		
S1-927983329	S3-834354475	S3	D		136.0
S1-469362743	S3-431312252	S3	D		51.0
S1-380842458	S3-163073568	S3	B		
S1-52366377	S3-777144634	S3	D		71.0
S1-52366377	S2-597773946	S2	D		75.0
S1-574651385	S3-547033921	S3	D		105.0
S1-744285785	S3-746079942	S3	B		
S1-982630829	S3-918401764	S3	B		
S1-982630829	S2-20082255	S2	D		52.0
S1-982630829	S3-150047083	S3	D		78.0
S1-35637777	S2-347539455	S2	D		76.0
S1-887796753	S2-419762354	S2	A		
S1-686961806	S3-971017936	S3	B		
S1-686961806	S3-54469102	S3	A		
S1-838732978	S3-338884701	S3	B		
S1-307681871	S2-88958100	S2	B		
S1-416930963	S3-587875791	S3	B		
S1-887782513	S2-308822921	S2	B		
S1-359883973	S2-611945847	S2	B		
S1-359883973	S3-279134281	S3	D		93.0
S1-86991031	S2-688173570	S2	B		
S1-102854527	S3-804063361	S3	B		
S1-102854527	S2-557086353	S2	A		
S1-181824137	S3-118196893	S3	D		71.0
S1-744211028	S3-585385136	S3	D		60.0
S1-816228042	S3-494138098	S3	B		
S1-623625727	S2-459994877	S2	D		50.0
S1-623625727	S3-757849766	S3	B		
S1-623625727	S3-482698319	S3	D		60.0
S1-295456786	S3-626283532	S3	A		
S1-207001526	S3-137604773	S3	B		
S1-174284645	S3-313353618	S3	D		41.0
S1-990314173	S2-520433454	S2	A		
S1-237918329	S2-604869385	S2	B		
S1-255731910	S2-141954149	S2	B		
S1-982763042	S3-755923328	S3	D		43.0
S1-982763042	S3-538970949	S3	D		41.0
S1-511822858	S3-588913946	S3	E	rank 29 <= topk but missing from candidates	
S1-518967211	S3-550178457	S3	A		
S1-518967211	S3-171574347	S3	B		
S1-192628604	S3-308019782	S3	B		
S1-939911217	S3-716828117	S3	B		
S1-939911217	S3-884587853	S3	D		34.0
S1-864984958	S3-439813757	S3	D		86.0
S1-992278664	S2-790132654	S2	D		137.0
S1-574760078	S2-941942888	S2	E	rank 24 <= topk but missing from candidates	
S1-182488584	S3-594201142	S3	E	rank 23 <= topk but missing from candidates	
S1-777585996	S3-733388710	S3	D		45.0
S1-508513380	S2-635894684	S2	B		
S1-727102795	S3-861265981	S3	B		
S1-727102795	S3-715949257	S3	A		
S1-214181953	S2-845418682	S2	B		
S1-214181953	S2-354942795	S2	B		
S1-162486322	S2-251735948	S2	A		
S1-190174349	S2-525094215	S2	D		38.0
S1-240776676	S3-359211275	S3	B		
S1-102203952	S2-276012191	S2	D		46.0
S1-530373379	S3-170663312	S3	B		
S1-424829495	S3-225157226	S3	D		37.0
S1-389589329	S3-781618883	S3	D		59.0
S1-739838566	S2-917779394	S2	B		
S1-895136390	S3-749637961	S3	A		
S1-210853743	S2-612395203	S2	D		55.0
S1-682337303	S3-416869462	S3	B		
S1-682337303	S3-137292964	S3	B		
S1-682337303	S2-204498540	S2	B		
S1-482679463	S2-23062247	S2	B		
S1-436464773	S2-531616543	S2	D		162.0
S1-436464773	S3-263834859	S3	D		155.0
S1-706683493	S2-994275124	S2	B		
S1-22410489	S3-552804411	S3	D		32.0
S1-22410489	S3-8956975	S3	B		
S1-939912988	S2-697109633	S2	B		
S1-986696742	S2-8753246	S2	D		35.0
S1-118130514	S3-91653734	S3	D		42.0
S1-673112704	S3-925732449	S3	D		40.0
S1-262527219	S2-954052772	S2	D		32.0
S1-920662219	S3-243895503	S3	A		
S1-909633798	S3-870793274	S3	B		
S1-327995514	S3-846160812	S3	D		92.0
S1-327995514	S2-273461311	S2	D		82.0
S1-856196969	S3-243830818	S3	A		
S1-877821731	S3-397715823	S3	D		44.0
S1-815310686	S3-555843402	S3	A		
S1-971957100	S3-216073811	S3	D		36.0
S1-284531843	S2-41894823	S2	B		
S1-326867776	S3-530246846	S3	B		
S1-716997355	S2-16189448	S2	D		63.0
S1-819498058	S3-94011912	S3	B		
S1-109592533	S3-792366038	S3	D		84.0
S1-524957151	S3-952514839	S3	A		
S1-524957151	S2-221503422	S2	A		
S1-962183583	S2-291133968	S2	D		52.0
S1-491164685	S2-203883941	S2	B		
S1-129057405	S3-637084946	S3	B		
S1-929848017	S3-491940232	S3	D		88.0
S1-239405099	S3-148633972	S3	B		
S1-710173193	S2-973190615	S2	A		
S1-561534470	S3-791376985	S3	D		204.0
S1-310777892	S2-339831192	S2	B		
S1-310777892	S3-962605030	S3	B		
S1-310777892	S2-353877180	S2	B		
S1-16286966	S2-729056424	S2	D		89.0
S1-29504064	S2-198478275	S2	D		94.0
S1-14792650	S2-439595579	S2	A		
S1-721248559	S3-652639128	S3	D		101.0
S1-671354096	S2-491468914	S2	A		
S1-671354096	S3-853588213	S3	A		
S1-556033686	S2-846569022	S2	E	rank 24 <= topk but missing from candidates	
S1-130134160	S3-530886619	S3	D		55.0
S1-119206306	S2-634269370	S2	A		
S1-119206306	S2-457376525	S2	B		
S1-272924704	S3-284825514	S3	B		
S1-272924704	S2-657044695	S2	B		
S1-290499758	S2-426028154	S2	D		100.0
S1-290499758	S3-852064287	S3	A		
S1-290499758	S2-361825805	S2	D		54.0
S1-290499758	S2-28132448	S2	A		
S1-290499758	S2-786131051	S2	A		
S1-153135784	S3-798490247	S3	B		
S1-747905119	S3-786252028	S3	B		
S1-747905119	S2-145982653	S2	B		
S1-100902803	S2-178294856	S2	B		
S1-376490239	S2-935675901	S2	D		59.0
S1-376490239	S2-734728442	S2	D		60.0
S1-376490239	S3-928092845	S3	D		65.0
S1-69150882	S2-896717405	S2	B		
S1-69150882	S3-975078501	S3	D		68.0
S1-899291596	S2-189604925	S2	D		43.0
S1-782371010	S3-830312358	S3	D		47.0
S1-620385132	S3-799808855	S3	E	rank 30 <= topk but missing from candidates	
S1-620385132	S3-687674186	S3	D		32.0
S1-620385132	S3-90022564	S3	D		33.0
S1-269104158	S3-12861571	S3	B		
S1-913590998	S2-691250166	S2	D		53.0
S1-49656091	S2-975070629	S2	D		39.0
S1-369992339	S2-235720579	S2	B		
S1-369992339	S2-451553133	S2	A		
S1-369992339	S3-270914005	S3	B		
S1-930069365	S2-816776545	S2	D		57.0
S1-43831242	S3-584428810	S3	A		
S1-489300198	S3-312744108	S3	D		81.0
S1-964267962	S3-698091720	S3	B		
S1-588810469	S2-403823804	S2	B		
S1-584430758	S3-536438915	S3	D		90.0
S1-584430758	S3-598248580	S3	D		63.0
S1-637655368	S3-82745473	S3	D		140.0
S1-637655368	S3-57552971	S3	D		42.0
S1-993476276	S3-643801312	S3	A		
S1-573805149	S2-17172157	S2	B		
S1-851614586	S3-774773576	S3	A		
S1-76656934	S2-171447247	S2	D		66.0
S1-76656934	S3-744574335	S3	B		
S1-76656934	S3-135012911	S3	B		
S1-76656934	S3-802566735	S3	B		
S1-539497557	S3-348819789	S3	B		
S1-183233535	S3-846515572	S3	D		99.0
S1-825894380	S2-98466697	S2	D		164.0
S1-144256864	S3-206732756	S3	B		
S1-144256864	S2-42046708	S2	D		66.0
S1-55930923	S3-599601696	S3	D		35.0
S1-692933676	S2-70435692	S2	B		
S1-692933676	S2-26462393	S2	B		
S1-692933676	S2-224314023	S2	B		
S1-73650794	S2-322426069	S2	D		141.0
S1-73650794	S3-457024698	S3	D		143.0
S1-945110931	S2-729812252	S2	D		75.0
S1-666881204	S3-283442060	S3	A		
S1-445817935	S2-843257385	S2	D		41.0
S1-571690737	S2-789462843	S2	B		
S1-838005996	S3-646852663	S3	D		72.0
S1-817608519	S3-496346934	S3	B		
S1-817608519	S2-951975511	S2	A		
S1-145490005	S3-865656398	S3	B		
S1-145490005	S2-186581617	S2	A		
S1-727625152	S3-605621990	S3	D		43.0
S1-808101190	S2-634248675	S2	A		
S1-808101190	S2-821126352	S2	B		
S1-570042373	S3-711196783	S3	D		33.0
S1-866177613	S3-425623822	S3	A		
S1-436257801	S2-102587977	S2	B		
S1-436257801	S2-390385561	S2	D		36.0
S1-905660693	S3-460273357	S3	D		53.0
S1-50462042	S2-293672536	S2	A		
S1-413867425	S3-793262900	S3	D		43.0
S1-413867425	S3-867625470	S3	D		42.0
S1-413867425	S2-757485195	S2	D		87.0
S1-133779551	S3-889958275	S3	B		
S1-342994169	S3-810029241	S3	D		31.0
S1-788837610	S3-950795428	S3	B		
S1-425299313	S2-657798436	S2	D		37.0
S1-954813686	S2-993959521	S2	D		60.0
S1-668661163	S2-140804699	S2	D		36.0
S1-623674322	S2-640647024	S2	A		
S1-623674322	S2-526744945	S2	A		
S1-190534236	S3-800988008	S3	B		
S1-121021368	S2-193726938	S2	A		
S1-847965092	S3-165857294	S3	E	rank 24 <= topk but missing from candidates	
S1-823012593	S2-813654074	S2	D		69.0
S1-823012593	S3-176778671	S3	D		82.0
S1-667870483	S3-982666191	S3	E	rank 22 <= topk but missing from candidates	
S1-588648301	S2-33658075	S2	E	rank 5 <= topk but missing from candidates	
S1-588648301	S2-638157524	S2	E	rank 4 <= topk but missing from candidates	
S1-588648301	S3-826031814	S3	E	rank 3 <= topk but missing from candidates	
S1-677405575	S3-446281950	S3	D		100.0
S1-526487636	S2-911274064	S2	D		63.0
S1-682411796	S3-774970532	S3	A		
S1-807190842	S3-984547355	S3	E	rank 17 <= topk but missing from candidates	
S1-915733129	S2-488239381	S2	D		34.0
S1-915733129	S2-219901368	S2	B		
S1-133777064	S3-839183836	S3	A		
S1-133777064	S3-941120994	S3	D		55.0
S1-205704373	S3-393936886	S3	E	rank 29 <= topk but missing from candidates	
S1-141932106	S3-468117324	S3	B		
S1-570313767	S2-742952024	S2	D		48.0
S1-13762094	S2-743788882	S2	B		
S1-665766364	S2-109525554	S2	B		
S1-848526483	S2-141881997	S2	B		
S1-659143445	S3-257634622	S3	D		81.0
S1-172174300	S2-932639609	S2	D		49.0
S1-48591309	S3-246243429	S3	B		
S1-376945998	S2-501081130	S2	B		
S1-998018318	S2-85286302	S2	B		
S1-671837099	S3-901882805	S3	E	rank 12 <= topk but missing from candidates	
S1-758708630	S3-233130037	S3	B		
S1-979533575	S2-541909247	S2	B		
S1-650799741	S2-50082436	S2	D		60.0
S1-650799741	S3-653789446	S3	E	rank 16 <= topk but missing from candidates	
S1-706720283	S2-273584546	S2	D		90.0
S1-706720283	S2-799503612	S2	D		70.0
S1-706720283	S3-368536673	S3	B		
S1-706720283	S3-553547495	S3	D		33.0
S1-706720283	S3-102504593	S3	B		
S1-722472085	S2-176840181	S2	D		49.0
S1-391015280	S2-746471650	S2	B		
S1-391015280	S2-243432634	S2	B		
S1-391015280	S2-187295769	S2	B		
S1-391015280	S3-314201863	S3	B		
S1-188945401	S2-40090593	S2	B		
S1-931370364	S3-472998076	S3	D		46.0
S1-765895139	S3-777380513	S3	B		
S1-603975629	S3-186882334	S3	B		
S1-336181930	S3-656714411	S3	D		40.0
S1-605523974	S2-674696662	S2	B		
S1-605523974	S3-465610130	S3	B		
S1-40167624	S3-291537306	S3	B		
S1-597639167	S2-125434167	S2	B		
S1-597639167	S2-214314872	S2	B		
S1-531869889	S3-853576587	S3	D		116.0
S1-519483039	S3-481389009	S3	D		84.0
S1-247484009	S3-812690160	S3	B		
S1-262351532	S3-897874081	S3	B		
S1-233721386	S2-107917997	S2	D		42.0
S1-233721386	S3-603170753	S3	B		
S1-233721386	S3-347959405	S3	B		
S1-217314478	S2-520910886	S2	D		77.0
S1-230473565	S3-146207462	S3	B		
S1-131089305	S3-319458614	S3	A		
S1-788102518	S3-315523342	S3	B		
S1-788102518	S2-930709454	S2	B		
S1-230673518	S3-700495560	S3	D		38.0
S1-764891282	S3-521560984	S3	D		104.0
S1-259244191	S2-355020678	S2	D		108.0
S1-89450979	S2-927535180	S2	A		
S1-89450979	S2-633200142	S2	A		
S1-49562950	S3-95965778	S3	E	rank 20 <= topk but missing from candidates	
S1-49562950	S2-200415304	S2	D		32.0
S1-361648497	S2-510821207	S2	D		81.0
S1-468951975	S3-181513922	S3	B		
S1-755807001	S2-92530896	S2	D		71.0
S1-316781167	S3-499449271	S3	B		
S1-3354870	S2-86790138	S2	D		46.0
S1-834706985	S3-614338450	S3	D		87.0
S1-834706985	S3-208873182	S3	D		95.0
S1-918207662	S3-15489906	S3	E	rank 20 <= topk but missing from candidates	
S1-524084411	S2-249017380	S2	D		44.0
S1-524084411	S3-693405627	S3	B		
S1-449510805	S2-267077799	S2	E	rank 12 <= topk but missing from candidates	
S1-898589857	S2-95949862	S2	A		
S1-461544750	S2-209010388	S2	A		
S1-461544750	S3-361957132	S3	A		
S1-461544750	S2-450581990	S2	A		
S1-198887983	S3-427666425	S3	D		150.0
S1-985021846	S3-256851412	S3	B		
S1-651530090	S3-660696207	S3	A		
S1-176751627	S3-445494381	S3	B		
S1-176751627	S2-340781367	S2	D		37.0
S1-590474500	S3-942473575	S3	A		
S1-174605615	S2-388687237	S2	B		
S1-174605615	S2-919414891	S2	D		78.0
S1-174605615	S2-256637473	S2	D		73.0
S1-583380345	S3-317365686	S3	D		65.0
S1-44544694	S2-500969458	S2	B		
S1-132872164	S3-966322116	S3	B		
S1-403053509	S3-195540837	S3	D		55.0
S1-403053509	S2-151267357	S2	B		
S1-188872406	S2-714051302	S2	D		52.0
S1-928073462	S3-867126960	S3	B		
S1-295461704	S2-167184767	S2	D		119.0
S1-28235473	S2-741323635	S2	B		
S1-28235473	S3-727740115	S3	B		
S1-28235473	S3-643292599	S3	B		
S1-28235473	S3-888090566	S3	B		
S1-809711867	S3-941292931	S3	B		
S1-568334487	S3-91826328	S3	A		
S1-894269774	S3-134557927	S3	A		
S1-849903814	S2-296126820	S2	D		91.0
S1-386748359	S3-730151758	S3	A		
S1-386748359	S3-516977889	S3	B		
S1-466795623	S2-173736912	S2	A		
S1-466795623	S2-303878415	S2	B		
S1-626734178	S2-418100859	S2	D		159.0
S1-373473102	S3-920842062	S3	D		48.0
S1-730265939	S3-736944804	S3	B		
S1-923595344	S2-411291106	S2	D		52.0
S1-224003767	S2-352304368	S2	D		44.0
S1-132566926	S2-952801680	S2	B		
S1-233930673	S2-399484104	S2	B		
S1-233930673	S3-551595189	S3	B		
S1-233930673	S3-833567640	S3	D		57.0
S1-513221323	S3-951076227	S3	B		
S1-166647417	S2-67043938	S2	B		
S1-274557901	S3-726688242	S3	B		
S1-464075078	S2-230825493	S2	B		
S1-546887611	S3-709196438	S3	B		
S1-546887611	S2-847397069	S2	B		
S1-272366845	S2-512487310	S2	D		98.0
S1-472320807	S2-624012588	S2	D		65.0
S1-921447545	S3-376351044	S3	D		36.0
S1-868586240	S3-67712247	S3	E	rank 23 <= topk but missing from candidates	
S1-368134544	S3-671732561	S3	A		
S1-653058335	S3-254450827	S3	B		
S1-454861422	S3-882734564	S3	D		80.0
S1-839407698	S3-892117524	S3	A		
S1-839407698	S2-325645809	S2	A		
S1-131977490	S2-326008640	S2	B		
S1-150015634	S2-91226194	S2	E	rank 24 <= topk but missing from candidates	
S1-257551369	S2-386438003	S2	B		
S1-437039251	S3-997943958	S3	D		58.0
S1-768626676	S2-320516493	S2	D		57.0
S1-768626676	S2-696760148	S2	D		56.0
S1-745625655	S3-530478793	S3	D		62.0
S1-966038397	S3-636889207	S3	D		73.0
S1-63949877	S3-456100314	S3	D		68.0
S1-655599455	S3-301543821	S3	D		39.0
S1-287540582	S3-12205597	S3	B		
S1-981556508	S2-871279179	S2	D		38.0
S1-544571672	S3-270937997	S3	A		
S1-16981813	S2-611800981	S2	B		
S1-294284215	S3-776796843	S3	B		
S1-960068439	S3-951300473	S3	B		
S1-279684139	S2-253756717	S2	D		84.0
S1-259256188	S2-953784527	S2	A		
S1-817612680	S2-271331266	S2	B		
S1-408625660	S3-714291570	S3	B		
S1-497371964	S3-719229724	S3	B		
S1-301734690	S3-149632378	S3	B		
S1-473555830	S2-98362460	S2	B		
S1-281652864	S3-647509049	S3	B		
S1-38526846	S3-554357907	S3	E	rank 25 <= topk but missing from candidates	
S1-38526846	S3-938887720	S3	D		36.0
S1-520597257	S3-814046547	S3	D		88.0
S1-520597257	S2-258146714	S2	D		73.0
S1-235370092	S3-846959181	S3	D		35.0
S1-81774605	S3-86533718	S3	B		
S1-489740534	S2-913375594	S2	D		48.0
S1-18472062	S3-660302405	S3	B		
S1-18472062	S3-722822648	S3	B		
S1-18472062	S3-865543151	S3	B		
S1-18472062	S2-713538932	S2	B		
S1-765427613	S2-921651260	S2	A		
S1-942178076	S3-662752148	S3	B		
S1-227315620	S2-172110894	S2	D		95.0
S1-558115559	S2-987563143	S2	D		71.0
S1-676032322	S2-113125562	S2	B		
S1-370696991	S3-666539738	S3	D		123.0
S1-934929465	S3-455435944	S3	D		43.0
S1-315660420	S2-36822828	S2	D		87.0
S1-589806674	S3-84004983	S3	D		68.0
S1-804632688	S2-644644849	S2	B		
S1-545332987	S2-628811763	S2	D		50.0
S1-529647351	S3-330763671	S3	B		
S1-725627149	S3-955729331	S3	B		
S1-801735493	S3-393969976	S3	D		69.0
S1-801735493	S3-456284601	S3	D		64.0
S1-801735493	S3-978238600	S3	D		68.0
S1-532135450	S3-984667458	S3	B		
S1-212936992	S2-476667014	S2	B		
S1-112908022	S2-671144862	S2	B		
S1-707863748	S2-89291996	S2	B		
S1-661221398	S2-228724243	S2	B		
S1-131836642	S2-242652447	S2	D		98.0
S1-713472796	S2-623948052	S2	B		
S1-713472796	S3-464100147	S3	B		
S1-558856866	S3-820504652	S3	A		
S1-42273576	S3-682968962	S3	A		
S1-232598006	S3-955082885	S3	D		119.0
S1-878759548	S2-888270069	S2	B		
S1-797269130	S3-427217353	S3	B		
S1-236724376	S2-164394500	S2	E	rank 11 <= topk but missing from candidates	
S1-20856258	S2-345257424	S2	D		137.0
S1-997667420	S3-541920900	S3	B		
S1-521450843	S2-923408408	S2	B		
S1-632068810	S2-584917918	S2	B		
S1-539838567	S2-621776718	S2	B		
S1-539838567	S3-388970942	S3	D		63.0
S1-867414815	S3-445448978	S3	B		
S1-762963318	S3-567312523	S3	D		85.0
S1-762963318	S2-828392223	S2	D		50.0
S1-116808806	S3-630607636	S3	D		56.0
S1-645654462	S3-216253697	S3	A		
S1-645654462	S2-243094446	S2	A		
S1-645654462	S3-308175074	S3	B		
S1-46827700	S3-767642783	S3	B		
S1-871835062	S2-773993954	S2	B		
S1-182886975	S3-282705732	S3	A		
S1-182886975	S3-824340864	S3	A		
S1-13341913	S3-129679697	S3	E	rank 26 <= topk but missing from candidates	
S1-449529779	S3-256770083	S3	B		
S1-419179116	S3-311233488	S3	B		
S1-875017209	S2-278902997	S2	D		65.0
S1-875017209	S3-366787832	S3	B		
S1-875017209	S2-474595934	S2	B		
S1-915697475	S2-217485403	S2	A		
S1-943640750	S2-13592338	S2	B		
S1-373335635	S3-193639323	S3	A		
S1-194681574	S3-261186638	S3	E	rank 22 <= topk but missing from candidates	
S1-194681574	S3-468118763	S3	E	rank 15 <= topk but missing from candidates	
S1-194681574	S3-426279018	S3	E	rank 26 <= topk but missing from candidates	
S1-813251507	S2-7284137	S2	B		
S1-813251507	S3-940226148	S3	A		
S1-908611816	S2-953304397	S2	D		34.0
S1-908611816	S3-753568508	S3	D		35.0
S1-655179448	S3-563921362	S3	D		47.0
S1-469262153	S3-698722912	S3	D		154.0
S1-469262153	S3-279054627	S3	D		87.0
S1-510050448	S3-285218735	S3	B		
S1-326458164	S2-326439690	S2	E	rank 22 <= topk but missing from candidates	
S1-762022190	S2-936326642	S2	A		
S1-3915028	S3-402970716	S3	D		78.0
S1-821747294	S2-272354100	S2	D		51.0
S1-821747294	S3-638333349	S3	D		56.0
S1-597761450	S3-418852977	S3	A		
S1-831968180	S3-952440940	S3	D		130.0
S1-206088976	S2-750051297	S2	A		
S1-903788293	S2-372318868	S2	D		81.0
S1-903788293	S3-962763147	S3	E	rank 7 <= topk but missing from candidates	
S1-680151176	S2-177090985	S2	B		
S1-680151176	S2-219288816	S2	B		
S1-680151176	S2-375815101	S2	B		
S1-680151176	S3-569664638	S3	B		
S1-613819701	S3-731467576	S3	D		98.0
S1-994787728	S3-522198835	S3	D		45.0
S1-383433101	S2-903865682	S2	A		
S1-383433101	S2-668112322	S2	A		
S1-251665494	S3-981749196	S3	B		
S1-775433240	S3-259360640	S3	D		31.0
S1-820933580	S3-820228452	S3	B		
S1-820933580	S3-500058738	S3	B		
S1-820933580	S2-376529705	S2	B		
S1-188833185	S2-13516984	S2	D		67.0
S1-188833185	S3-409631280	S3	D		91.0
S1-188833185	S2-284855094	S2	D		77.0
S1-177566662	S2-147131127	S2	B		
S1-305191533	S2-887401269	S2	D		39.0
S1-110340182	S2-198219965	S2	D		85.0
S1-183921533	S2-992574290	S2	B		
S1-322631977	S3-914035850	S3	B		
S1-562446392	S3-607180916	S3	D		40.0
S1-702163554	S3-146958667	S3	A		
S1-79519919	S2-535625447	S2	E	rank 20 <= topk but missing from candidates	
S1-818140952	S3-490464256	S3	B		
S1-189926104	S2-421692459	S2	B		
S1-383679705	S3-793178657	S3	D		32.0
S1-25778412	S2-815323199	S2	D		79.0
S1-663840991	S3-816328837	S3	D		114.0
S1-441801201	S2-790706697	S2	B		
S1-148490609	S2-164270002	S2	B		
S1-60903213	S3-285866646	S3	E	rank 6 <= topk but missing from candidates	
S1-465616553	S3-864565366	S3	B		
S1-560572319	S2-496887879	S2	D		249.0
S1-837614749	S3-384239971	S3	B		
S1-681318221	S3-873314703	S3	E	rank 28 <= topk but missing from candidates	
S1-66632405	S3-735604926	S3	A		
S1-66632405	S3-396958155	S3	E	rank 23 <= topk but missing from candidates	
S1-505395157	S3-597303311	S3	B		
S1-749103827	S3-389514190	S3	E	rank 27 <= topk but missing from candidates	
S1-473223863	S2-766293283	S2	B		
S1-896282362	S2-392355039	S2	A		
S1-896282362	S2-155395909	S2	A		
S1-896282362	S3-316144063	S3	A		
S1-63682962	S2-684297412	S2	B		
S1-264710334	S3-16888106	S3	B		
S1-199015783	S2-452525135	S2	D		44.0
S1-15505343	S3-974883491	S3	B		
S1-49710638	S3-369985993	S3	A		
S1-49710638	S3-367283347	S3	A		
S1-221077567	S2-235230571	S2	D		96.0
S1-324596451	S3-719407417	S3	B		
S1-694061260	S3-478609368	S3	A		
S1-694061260	S3-190344839	S3	A		
S1-757629705	S2-317848022	S2	A		
S1-72296847	S3-940942136	S3	A		
S1-97741317	S3-321257707	S3	D		76.0
S1-97741317	S2-781221913	S2	D		66.0
S1-670528555	S3-406753409	S3	B		
S1-157156273	S3-361390751	S3	A		
S1-60004050	S3-738446693	S3	A		
S1-867998778	S3-807085228	S3	B		
S1-867998778	S2-126598464	S2	B		
S1-867998778	S2-648058432	S2	B		
S1-21352151	S3-860818657	S3	A		
S1-21352151	S3-232700802	S3	A		
S1-378432262	S2-35858177	S2	B		
S1-465398074	S2-319749576	S2	D		42.0
S1-831894117	S2-906898726	S2	D		87.0
S1-303096687	S3-290410105	S3	D		34.0
S1-952813484	S3-44150808	S3	B		
S1-939103693	S3-404744557	S3	B		
S1-757656362	S3-783693491	S3	B		
S1-678959150	S2-975576316	S2	B		
S1-608120444	S2-799164486	S2	D		75.0
S1-316848141	S3-415297097	S3	E	rank 4 <= topk but missing from candidates	
S1-186426341	S3-649180939	S3	B		
S1-281249913	S2-783729810	S2	A		
S1-281249913	S3-291372579	S3	D		91.0
S1-726468163	S2-68943680	S2	D		57.0
S1-726468163	S2-569924732	S2	D		55.0
S1-726468163	S3-119244374	S3	D		50.0
S1-230343899	S2-376585455	S2	A		
S1-738709662	S2-375923192	S2	B		
S1-309931253	S2-818840426	S2	D		86.0
S1-309931253	S3-130714359	S3	D		87.0
S1-309931253	S3-888314583	S3	A		
S1-76855169	S2-98593961	S2	D		115.0
S1-73447313	S2-532818741	S2	B		
S1-972007272	S2-542077314	S2	D		99.0
S1-58965811	S3-248761196	S3	B		
S1-58965811	S3-3663502	S3	B		
S1-58965811	S3-690220255	S3	E	rank 30 <= topk but missing from candidates	
S1-584950961	S3-579223799	S3	D		101.0
S1-604346708	S2-619578809	S2	B		
S1-762150693	S3-857589896	S3	B		
S1-279155087	S3-497188297	S3	E	rank 20 <= topk but missing from candidates	
S1-311135671	S3-830149436	S3	D		31.0
S1-955548218	S2-478602470	S2	B		
S1-419248676	S3-345922987	S3	D		110.0
S1-755866496	S3-629425737	S3	B		
S1-413966655	S2-325953765	S2	A		
S1-414809940	S2-254309434	S2	D		100.0
S1-425661671	S3-91818811	S3	D		75.0
S1-38994852	S3-169912234	S3	D		31.0
S1-706732449	S2-919754507	S2	B		
S1-835039357	S2-59422803	S2	D		38.0
S1-566752703	S3-940819756	S3	B		
S1-441905651	S2-632569195	S2	A		
S1-449268748	S3-404501556	S3	D		62.0
S1-449268748	S3-91558294	S3	D		60.0
S1-449268748	S3-432170390	S3	D		61.0
S1-473305697	S3-158387014	S3	B		
S1-567277273	S3-37064688	S3	D		148.0
S1-675636355	S2-527506682	S2	D		49.0
S1-900176477	S3-589900403	S3	A		
S1-217938327	S3-318729200	S3	A		
S1-711981802	S3-221350155	S3	B		
S1-711981802	S2-770996979	S2	D		52.0
S1-653947862	S3-503512659	S3	D		132.0
S1-892628499	S3-979453631	S3	B		
S1-172058183	S3-952687103	S3	B		
S1-442069495	S3-250696924	S3	D		32.0
S1-481835765	S3-558391115	S3	A		
S1-188506982	S3-988532033	S3	D		79.0
S1-524390068	S2-636335996	S2	D		32.0
S1-814880698	S2-382555899	S2	A		
S1-225536560	S2-228715555	S2	B		
S1-225536560	S3-569588361	S3	A		
S1-733687096	S3-696045188	S3	D		98.0
S1-550967293	S3-75345865	S3	D		59.0
S1-124760279	S2-435729480	S2	B		
S1-124760279	S3-687423666	S3	D		52.0
S1-867534747	S3-901443799	S3	A		
S1-398622051	S3-792366758	S3	B		
S1-2640262	S3-810141362	S3	B		
S1-67254594	S2-788182023	S2	D		88.0
S1-380245723	S3-899968304	S3	D		58.0
S1-100608251	S3-635151934	S3	B		
S1-595813648	S2-34452964	S2	D		56.0
S1-176728817	S2-564542815	S2	B		
S1-349056952	S3-203674179	S3	D		82.0
S1-705910085	S2-827192361	S2	E	rank 11 <= topk but missing from candidates	
S1-939221643	S3-750213134	S3	B		
S1-951563402	S3-752217962	S3	A		
S1-434310394	S3-910111761	S3	D		143.0
S1-434310394	S3-802863053	S3	E	rank 15 <= topk but missing from candidates	
S1-316032632	S2-29532181	S2	B		
S1-265821273	S2-860014315	S2	A		
S1-378803172	S3-292872545	S3	A		
S1-373975516	S2-254097953	S2	D		34.0
S1-373975516	S2-296709739	S2	D		36.0
S1-40934459	S2-339386881	S2	B		
S1-319771492	S2-913101716	S2	B		
S1-319771492	S3-238869190	S3	B		
S1-245794586	S3-719990132	S3	B		
S1-878113034	S2-647202255	S2	D		65.0
S1-878113034	S3-982579200	S3	A		
S1-540444287	S3-24292341	S3	B		
S1-893038385	S3-557870679	S3	D		54.0
S1-71726795	S3-195230993	S3	A		
S1-519670742	S3-29310307	S3	B		
S1-508328211	S3-564767479	S3	A		
S1-191385374	S2-477152384	S2	B		
S1-687636555	S3-112733917	S3	D		49.0
S1-687636555	S2-752832933	S2	A		
S1-657688683	S3-255852883	S3	D		31.0
S1-113797773	S2-247828843	S2	A		
S1-766904264	S3-751307414	S3	A		
S1-921815576	S3-536074273	S3	D		34.0
S1-194085213	S2-591394112	S2	D		59.0
S1-341960788	S3-442785012	S3	B		
S1-341960788	S3-535897484	S3	B		
S1-848878407	S3-972450874	S3	B		
S1-962399419	S3-884487579	S3	B		
S1-591244332	S2-348393771	S2	B		
S1-591244332	S3-561912472	S3	D		32.0
S1-831473729	S3-754187087	S3	D		47.0
S1-885288628	S3-681962082	S3	A		
S1-885288628	S3-122529939	S3	E	rank 22 <= topk but missing from candidates	
S1-740099903	S2-102505649	S2	E	rank 23 <= topk but missing from candidates	
S1-740099903	S3-525323980	S3	D		139.0
S1-740099903	S2-17565702	S2	E	rank 27 <= topk but missing from candidates	
S1-6734864	S3-467743731	S3	E	rank 23 <= topk but missing from candidates	
S1-243200825	S2-509411422	S2	D		58.0
S1-595325223	S3-304278147	S3	A		
S1-550934641	S3-290657416	S3	B		
S1-634407096	S2-66896038	S2	B		
S1-960896844	S2-468337216	S2	B		
S1-763647527	S3-902483365	S3	B		
S1-4457831	S2-589411756	S2	B		
S1-299369209	S3-108529183	S3	D		60.0
S1-101612642	S2-618494832	S2	D		49.0
S1-572115861	S3-609705557	S3	D		38.0
S1-275041502	S2-410661678	S2	D		67.0
S1-30744267	S2-821156647	S2	D		79.0
S1-641569558	S3-411007124	S3	B		
S1-542382208	S3-873980295	S3	E	rank 24 <= topk but missing from candidates	
S1-878184353	S3-859518070	S3	D		39.0
S1-154462907	S3-241790318	S3	A		
S1-830506957	S3-300635051	S3	A		
S1-830506957	S3-703939032	S3	A		
S1-830506957	S2-402431179	S2	D		57.0
S1-81856375	S3-519342461	S3	A		
S1-591262100	S3-449227914	S3	D		59.0
S1-591262100	S3-695809740	S3	E	rank 14 <= topk but missing from candidates	
S1-824118542	S2-318910534	S2	D		63.0
S1-824118542	S2-219822413	S2	D		69.0
S1-824118542	S3-943961521	S3	D		64.0
S1-824118542	S3-341604076	S3	D		61.0
S1-824118542	S2-669767033	S2	A		
S1-501937804	S3-34486051	S3	B		
S1-163080350	S3-122000490	S3	B		
S1-163080350	S2-247162352	S2	D		80.0
S1-163080350	S2-113271306	S2	B		
S1-163080350	S2-34244761	S2	D		91.0
S1-857436847	S3-68831948	S3	D		60.0
S1-864806544	S2-739820234	S2	E	rank 21 <= topk but missing from candidates	
S1-74137969	S2-699658724	S2	B		
S1-589894893	S2-776526421	S2	D		59.0
S1-920349466	S3-140045694	S3	B		
S1-337583699	S3-682120013	S3	D		32.0
S1-926680987	S3-723599052	S3	E	rank 21 <= topk but missing from candidates	
S1-504788810	S3-737871631	S3	B		
S1-136523765	S3-884929914	S3	B		
S1-436337066	S3-29116430	S3	B		
S1-436337066	S2-654917840	S2	D		44.0
S1-436337066	S3-151020322	S3	B		
S1-698945687	S3-358659338	S3	D		50.0
S1-97165344	S3-593919040	S3	B		
S1-375706205	S3-264174045	S3	B		
S1-268417536	S3-393498579	S3	B		
S1-786364082	S2-830481622	S2	B		
S1-350263925	S3-912692745	S3	D		31.0
S1-947572984	S2-651871360	S2	D		78.0
S1-860191451	S3-447503601	S3	D		76.0
S1-33750654	S2-814177462	S2	B		
S1-180867949	S3-522468725	S3	B		
S1-388186045	S2-214576635	S2	A		
S1-388186045	S3-519330828	S3	D		61.0
S1-283592411	S2-179775551	S2	B		
S1-283592411	S3-798499605	S3	B		
S1-512260381	S2-819629932	S2	A		
S1-512260381	S2-778260702	S2	D		64.0
S1-512260381	S2-416669319	S2	D		61.0
S1-512260381	S2-371533749	S2	D		60.0
S1-512260381	S2-806841562	S2	D		63.0
S1-249493462	S2-331926146	S2	D		58.0
S1-696216338	S3-356275195	S3	B		
S1-69537781	S2-232891012	S2	D		108.0
S1-69537781	S2-14686186	S2	D		91.0
S1-69537781	S3-982668339	S3	D		89.0
S1-661809517	S3-826833002	S3	A		
S1-863377486	S3-600044261	S3	B		
S1-626410073	S3-306847945	S3	E	rank 26 <= topk but missing from candidates	
S1-676188465	S2-930445871	S2	B		
S1-294038993	S3-138509646	S3	D		47.0
S1-350518491	S3-101006195	S3	A		
S1-496136150	S3-204665808	S3	B		
S1-21524640	S2-775457131	S2	D		35.0
S1-819064035	S2-598379349	S2	D		32.0
S1-819064035	S3-291581964	S3	A		
S1-819064035	S2-802764758	S2	A		
S1-236463903	S3-653431062	S3	B		
S1-236463903	S3-781193673	S3	B		
S1-236463903	S3-259332408	S3	B		
S1-276070397	S3-369822475	S3	D		55.0
S1-793318409	S3-460620754	S3	B		
S1-816728525	S2-836597538	S2	B		
S1-816728525	S3-878427789	S3	B		
S1-209034764	S2-678568831	S2	B		
S1-686039599	S3-43097454	S3	E	rank 27 <= topk but missing from candidates	
S1-810656893	S3-890523510	S3	B		
S1-810656893	S3-906774752	S3	B		
S1-639642686	S2-524023504	S2	D		93.0
S1-14583432	S3-637589253	S3	B		
S1-922828087	S2-198205727	S2	B		
S1-526442544	S3-310201134	S3	B		
S1-276614209	S2-993719760	S2	A		
S1-699833202	S3-640975302	S3	D		34.0
S1-724138308	S3-275661320	S3	D		101.0
S1-724138308	S3-482594962	S3	D		90.0
S1-495646151	S3-261021236	S3	B		
S1-189607292	S2-755677356	S2	D		59.0
S1-189607292	S2-847383582	S2	D		61.0
S1-752209830	S2-240966071	S2	B		
S1-325579422	S3-894708816	S3	B		
S1-918048447	S3-622524132	S3	B		
S1-279208019	S3-556929681	S3	D		61.0
S1-5050682	S3-552484686	S3	A		
S1-365281886	S3-799853800	S3	D		35.0
S1-365281886	S3-345308222	S3	B		
S1-254972960	S2-116352059	S2	A		
S1-633927847	S2-595302816	S2	D		62.0
S1-633927847	S3-983635952	S3	B		
S1-633927847	S3-44011447	S3	B		
S1-633927847	S3-92903780	S3	B		
S1-633927847	S3-535855030	S3	B		
S1-633927847	S2-480445411	S2	E	rank 30 <= topk but missing from candidates	
S1-74393607	S3-618625587	S3	B		
S1-74393607	S2-447222738	S2	D		96.0
S1-74393607	S3-934407136	S3	D		93.0
S1-74393607	S2-177730814	S2	D		99.0
S1-74393607	S3-924704718	S3	B		
S1-741915264	S3-105467571	S3	A		
S1-293834234	S2-601079190	S2	A		
S1-885796872	S3-390455241	S3	B		
S1-885796872	S2-37869368	S2	D		35.0
S1-778693606	S3-328856611	S3	B		
S1-408480423	S3-243095482	S3	D		84.0
S1-556330677	S2-512395907	S2	B		
S1-284806904	S3-148667950	S3	A		
S1-232031037	S3-750844722	S3	D		48.0
S1-72500460	S2-175798828	S2	B		
S1-340200128	S3-67414728	S3	D		35.0
S1-283014229	S2-816959862	S2	D		101.0
S1-518199339	S3-58847279	S3	D		34.0
S1-568139938	S3-481383898	S3	D		66.0
S1-896057581	S2-731929913	S2	D		63.0
S1-640225232	S2-847349508	S2	D		35.0
S1-730638228	S2-241045229	S2	B		
S1-756058107	S3-532074052	S3	D		49.0
S1-756058107	S2-868272610	S2	D		73.0
S1-255498754	S3-15180763	S3	E	rank 22 <= topk but missing from candidates	
S1-255498754	S2-397275218	S2	B		
S1-255498754	S2-702894208	S2	B		
S1-875821575	S3-949604238	S3	D		60.0
S1-459855042	S3-458805002	S3	B		
S1-403482189	S3-183649405	S3	B		
S1-210200404	S2-298882831	S2	A		
S1-13196383	S3-319704853	S3	E	rank 24 <= topk but missing from candidates	
S1-347437730	S3-705290405	S3	A		
S1-544219141	S3-923498941	S3	D		32.0
S1-135033719	S3-62104601	S3	D		31.0
S1-135033719	S2-650152170	S2	B		
S1-540053019	S3-39106336	S3	A		
S1-452078886	S3-969342142	S3	D		40.0
S1-889682714	S3-646432073	S3	B		
S1-454902791	S3-719381869	S3	B		
S1-454902791	S3-595370443	S3	D		100.0
S1-92138873	S3-693546555	S3	B		
S1-889830764	S3-770662976	S3	D		47.0
S1-47664976	S3-619482496	S3	A		
S1-738775642	S3-790077711	S3	D		60.0
S1-794668182	S2-770130255	S2	A		
S1-709600951	S3-892121306	S3	D		39.0
S1-888453127	S3-342967523	S3	D		37.0
S1-888453127	S2-366163996	S2	D		36.0
S1-372199425	S2-652311213	S2	B		
S1-177620612	S2-538177565	S2	E	rank 16 <= topk but missing from candidates	
S1-177620612	S2-96626505	S2	D		64.0
S1-603624451	S3-116004804	S3	B		
S1-425379371	S2-528692898	S2	B		
S1-425379371	S2-571151728	S2	B		
S1-425379371	S2-31468669	S2	B		
S1-50304472	S2-222992748	S2	A		
S1-410586352	S2-301454933	S2	A		
S1-410586352	S3-200333790	S3	A		
S1-410586352	S3-152943104	S3	A		
S1-164616701	S2-947762446	S2	B		
S1-360518601	S2-640928909	S2	D		52.0
S1-209412022	S3-880214943	S3	A		
S1-273111688	S3-524201825	S3	D		34.0
S1-660980256	S2-83468583	S2	A		
S1-660980256	S2-314467911	S2	A		
S1-766147042	S3-848261082	S3	D		62.0
S1-766147042	S2-745923174	S2	D		63.0
S1-445701808	S3-824909034	S3	D		44.0
S1-684710822	S3-39604207	S3	B		
S1-255990187	S2-912698787	S2	D		133.0
S1-689380658	S3-501912609	S3	D		116.0
S1-689380658	S3-130875833	S3	D		98.0
S1-689380658	S3-699652902	S3	D		68.0
S1-689380658	S2-555823806	S2	B		
S1-121661943	S2-686355043	S2	D		43.0
S1-834028415	S3-902046050	S3	D		82.0
S1-834028415	S3-703721330	S3	B		
S1-946410186	S3-828986555	S3	B		
S1-129401598	S3-624528580	S3	E	rank 27 <= topk but missing from candidates	
S1-16939935	S3-817045138	S3	B		
S1-16939935	S3-762602854	S3	B		
S1-188264467	S2-960112462	S2	B		
S1-284337927	S3-414644474	S3	B		
S1-619248387	S2-121044477	S2	B		
S1-619248387	S3-197374528	S3	B		
S1-530619849	S3-866942657	S3	A		
S1-530619849	S2-124042952	S2	D		37.0
S1-161932868	S3-329742088	S3	B		
S1-2032494	S2-113152867	S2	B		
S1-2032494	S3-868325423	S3	B		
S1-2032494	S2-203224059	S2	B		
S1-110150324	S3-714533152	S3	D		81.0
S1-110150324	S2-887649754	S2	D		80.0
S1-110150324	S2-70650856	S2	D		89.0
S1-668164759	S3-152499659	S3	D		46.0
S1-632748734	S3-620052365	S3	A		
S1-172784716	S2-856101685	S2	D		113.0
S1-172784716	S3-525246733	S3	A		
S1-172784716	S3-297488757	S3	D		121.0
S1-15551224	S2-894522417	S2	D		34.0
S1-330003408	S3-196442277	S3	B		
S1-744844792	S3-113915441	S3	B		
S1-739908919	S2-710465756	S2	D		40.0
S1-739908919	S2-163129389	S2	D		41.0
S1-477970930	S2-41510534	S2	D		95.0
S1-698317204	S3-663386564	S3	B		
S1-53917350	S3-975476473	S3	D		63.0
S1-53917350	S2-540138517	S2	D		58.0
S1-53917350	S3-752884704	S3	D		61.0
S1-53917350	S2-544776588	S2	D		60.0
S1-459179153	S3-344424881	S3	B		
S1-253546011	S2-73448184	S2	D		56.0
S1-725892972	S3-299260740	S3	A		
S1-977684277	S3-44805488	S3	D		57.0
S1-638599719	S3-491414433	S3	B		
S1-201170445	S2-883676689	S2	D		83.0
S1-201170445	S3-12382800	S3	D		82.0
S1-23138218	S3-806634514	S3	D		59.0
S1-23138218	S2-670582936	S2	D		47.0
S1-394339200	S2-498561600	S2	B		
S1-19382503	S3-962757014	S3	D		60.0
S1-19382503	S2-419151278	S2	D		56.0
S1-678746765	S2-856007265	S2	D		70.0
S1-884929672	S3-832411632	S3	D		52.0
S1-267174775	S2-514000251	S2	B		
S1-267174775	S3-355256933	S3	A		
S1-849522164	S2-537093674	S2	A		
S1-849522164	S2-727017012	S2	A		
S1-410399997	S3-268004421	S3	D		37.0
S1-417062944	S3-169740331	S3	A		
S1-956546884	S3-645036610	S3	A		
S1-862886652	S3-455380400	S3	B		
S1-49459528	S3-427632801	S3	A		
S1-203203863	S2-938165296	S2	B		
S1-985251246	S3-340524198	S3	B		
S1-115371176	S3-237873044	S3	B		
S1-107942715	S2-598826601	S2	D		78.0
S1-107942715	S2-595971128	S2	D		63.0
S1-107942715	S3-879137457	S3	E	rank 29 <= topk but missing from candidates	
S1-107942715	S3-436965061	S3	E	rank 30 <= topk but missing from candidates	
S1-669168830	S2-82291141	S2	B		
S1-669168830	S3-644247075	S3	D		33.0
S1-578104901	S3-734833994	S3	D		68.0
S1-762984307	S3-599379939	S3	D		129.0
S1-679165295	S2-632106655	S2	A		
S1-436671307	S2-619433341	S2	B		
S1-436671307	S3-27645612	S3	D		106.0
S1-225243979	S2-367894383	S2	B		
S1-101031354	S2-250955917	S2	D		63.0
S1-101031354	S3-605704354	S3	D		64.0
S1-101031354	S2-322835055	S2	D		65.0
S1-538126050	S2-327854123	S2	D		40.0
S1-538126050	S3-446708694	S3	E	rank 6 <= topk but missing from candidates	
S1-517125626	S3-893269124	S3	B		
S1-32691047	S3-979341269	S3	D		109.0
S1-105835598	S3-128782674	S3	D		64.0
S1-446945954	S3-58969911	S3	D		72.0
S1-512814372	S3-379716658	S3	B		
S1-906847402	S2-629887508	S2	B		
S1-671101222	S3-466906131	S3	A		
S1-526651944	S3-681757312	S3	D		35.0
S1-688059583	S3-870100977	S3	E	rank 30 <= topk but missing from candidates	
S1-141620010	S3-786550217	S3	D		33.0
S1-250628338	S3-791794252	S3	A		
S1-316434892	S3-544524521	S3	B		
S1-373774585	S3-650388978	S3	B		
S1-74914340	S2-851601399	S2	B		
S1-380509429	S3-345819818	S3	B		
S1-718347240	S3-875712712	S3	D		92.0
S1-715238683	S2-336111051	S2	B		
S1-715238683	S2-874325683	S2	B		
S1-925604477	S3-851692753	S3	D		58.0
S1-925604477	S3-23784634	S3	D		59.0
S1-925604477	S2-118062097	S2	D		63.0
S1-506806844	S3-814196616	S3	D		65.0
S1-683472981	S2-665189960	S2	B		
S1-131378692	S3-972872334	S3	B		
S1-25017843	S3-822190355	S3	B		
S1-291675732	S2-482910870	S2	D		45.0
S1-523753628	S3-512534854	S3	B		
S1-6180966	S3-380407614	S3	D		80.0
S1-6180966	S2-428612754	S2	E	rank 15 <= topk but missing from candidates	
S1-6180966	S2-874763965	S2	D		72.0
S1-368414605	S2-778968184	S2	A		
S1-881194083	S2-397326502	S2	B		
S1-487530397	S3-40975924	S3	A		
S1-362974356	S3-479084678	S3	D		155.0
S1-140242757	S3-830092599	S3	B		
S1-484349830	S2-889771387	S2	B		
S1-668596520	S2-789686463	S2	B		
S1-960914578	S3-937053836	S3	A		
S1-821858286	S3-340886654	S3	D		62.0
S1-99325266	S3-989232318	S3	B		
S1-421441013	S3-253533306	S3	D		34.0
S1-976707008	S3-198293593	S3	D		122.0
S1-594960049	S3-813183457	S3	B		
S1-726881850	S3-746211820	S3	A		
S1-537363967	S3-497754581	S3	D		36.0
S1-970220821	S3-263023967	S3	D		53.0
S1-436378925	S3-853100694	S3	A		
S1-895534410	S3-69437442	S3	A		
S1-137387387	S3-868560985	S3	B		
S1-745656359	S3-12230905	S3	B		
S1-210830521	S3-583645956	S3	B		
S1-903663245	S2-582527234	S2	B		
S1-796469414	S3-375077656	S3	B		
S1-796469414	S3-737893034	S3	B		
S1-109401084	S2-220367493	S2	E	rank 27 <= topk but missing from candidates	
S1-778599386	S3-138582493	S3	D		34.0
S1-778599386	S3-132380916	S3	D		37.0
S1-556689285	S3-782698406	S3	B		
S1-457093119	S2-894749084	S2	B		
S1-457093119	S3-805149941	S3	E	rank 6 <= topk but missing from candidates	
S1-379864186	S2-950119948	S2	E	rank 6 <= topk but missing from candidates	
S1-402160409	S3-41623870	S3	B		
S1-402160409	S3-255121480	S3	B		
S1-584739837	S3-620757615	S3	B		
S1-710662018	S3-369967761	S3	A		
S1-710662018	S2-448885991	S2	B		
S1-726557437	S3-666792153	S3	A		
S1-267650953	S2-817892449	S2	B		
S1-514427519	S3-595072571	S3	D		99.0
S1-886440634	S3-122324004	S3	D		38.0
S1-886440634	S2-411253879	S2	D		37.0
S1-983734634	S3-184924919	S3	A		
S1-114918693	S2-17146447	S2	B		
S1-649441671	S2-894072912	S2	D		103.0
S1-649441671	S2-897113489	S2	D		37.0
S1-40910655	S2-755824286	S2	A		
S1-40910655	S3-716808992	S3	B		
S1-40910655	S2-501253379	S2	B		
S1-348133351	S2-780814227	S2	A		
S1-348133351	S2-814599319	S2	A		
S1-683104273	S3-947363790	S3	B		
S1-84448425	S2-103619667	S2	B		
S1-84448425	S2-838772481	S2	B		
S1-969354731	S3-879918040	S3	B		
S1-969354731	S3-849042992	S3	D		43.0
S1-969354731	S3-612804851	S3	D		44.0
S1-969354731	S3-498431173	S3	D		41.0
S1-284420410	S2-891804273	S2	B		
S1-522182033	S2-86294576	S2	D		177.0
S1-276867417	S2-315870009	S2	B		
S1-766382324	S3-273405960	S3	E	rank 26 <= topk but missing from candidates	
S1-766382324	S2-991088622	S2	B		
S1-766382324	S2-24871512	S2	E	rank 13 <= topk but missing from candidates	
S1-428081988	S2-712590528	S2	D		52.0
S1-105771151	S2-798557072	S2	B		
S1-105771151	S3-591170599	S3	B		
S1-816471833	S2-830412604	S2	D		85.0
S1-816471833	S3-101853299	S3	D		145.0
S1-192054927	S3-217267524	S3	D		36.0
S1-192054927	S2-490589140	S2	B		
S1-806438262	S2-341492637	S2	B		
S1-806438262	S2-853676780	S2	A		
S1-485404315	S2-693479284	S2	D		62.0
S1-431677774	S3-280471792	S3	A		
S1-474242269	S2-683687095	S2	B		
S1-379855322	S3-600774169	S3	B		
S1-379855322	S3-952515432	S3	B		
S1-738014801	S3-636444201	S3	A		
S1-738014801	S3-266878826	S3	D		76.0
S1-334302580	S3-160010024	S3	B		
S1-267846299	S3-694635493	S3	D		57.0
S1-991645111	S3-256368582	S3	B		
S1-628604013	S3-177516696	S3	A		
S1-914242964	S3-391784081	S3	B		
S1-484691931	S3-848433993	S3	A		
S1-484691931	S3-302571583	S3	E	rank 12 <= topk but missing from candidates	
S1-484691931	S2-270841346	S2	A		
S1-108752515	S3-332211864	S3	A		
S1-934610885	S3-65600658	S3	B		
S1-934610885	S2-33386050	S2	B		
S1-791631943	S2-126994780	S2	A		
S1-774984337	S3-165898276	S3	D		105.0
S1-603028670	S3-477662065	S3	D		49.0
S1-770766554	S3-327243741	S3	E	rank 13 <= topk but missing from candidates	
S1-703870410	S3-927883567	S3	D		145.0
S1-703870410	S3-356840951	S3	D		73.0
S1-780706283	S2-217671464	S2	D		54.0
S1-726882949	S3-970432289	S3	D		67.0
S1-427169325	S3-345502898	S3	B		
S1-688106733	S2-689158110	S2	B		
S1-887124285	S3-165451863	S3	B		
S1-633933264	S3-751042769	S3	D		45.0
S1-594689229	S2-512409722	S2	A		
S1-317504006	S3-319586460	S3	E	rank 17 <= topk but missing from candidates	
S1-317504006	S3-459932447	S3	D		119.0
S1-275217799	S2-834768120	S2	B		
S1-275217799	S3-621706393	S3	D		129.0
S1-275217799	S3-399074425	S3	A		
S1-28755537	S3-630223892	S3	B		
S1-28755537	S3-534841692	S3	B		
S1-28755537	S3-549611507	S3	B		
S1-270026564	S3-491410076	S3	B		
S1-594929333	S3-662315286	S3	D		114.0
S1-107756735	S2-627442537	S2	E	rank 28 <= topk but missing from candidates	
S1-514944963	S2-590262424	S2	E	rank 16 <= topk but missing from candidates	
S1-317255417	S3-318241725	S3	A		
S1-192886509	S2-670304521	S2	B		
S1-677424698	S2-558441491	S2	D		36.0
S1-147654559	S3-55263643	S3	D		60.0
S1-299012187	S3-106440884	S3	B		
S1-557396225	S2-557806266	S2	D		74.0
S1-557396225	S2-881418704	S2	A		
S1-536393384	S2-963877797	S2	B		
S1-774545047	S3-110794529	S3	A		
S1-846140816	S3-398323149	S3	B		
S1-827586078	S3-99228722	S3	B		
S1-166011140	S3-784064994	S3	D		46.0
S1-121605498	S3-536530658	S3	D		53.0
S1-740729992	S2-339230781	S2	D		104.0
S1-740729992	S2-36110030	S2	D		36.0
S1-29386369	S3-153988105	S3	A		
S1-868629724	S2-14189642	S2	D		51.0
S1-408198419	S2-763658820	S2	B		
S1-191489154	S2-583229715	S2	B		
S1-191489154	S2-638251393	S2	B		
S1-191489154	S3-640934615	S3	B		
S1-191489154	S2-645248388	S2	B		
S1-191489154	S2-440234999	S2	B		
S1-582328630	S3-966327243	S3	B		
S1-755119499	S3-924457711	S3	A		
S1-309060695	S2-663051113	S2	B		
S1-982731374	S2-849740743	S2	B		
S1-376014751	S3-981994898	S3	B		
S1-506410072	S3-442667856	S3	B		
S1-919425233	S3-522250644	S3	D		59.0
S1-920163790	S3-806494428	S3	B		
S1-404076699	S3-480389499	S3	D		51.0
S1-256989348	S2-575710628	S2	D		181.0
S1-921610560	S3-842968890	S3	B		
S1-242672438	S3-567010985	S3	D		126.0
S1-242672438	S3-980538922	S3	A		
S1-718680597	S2-653000132	S2	B		
S1-718680597	S2-649910846	S2	B		
S1-699967144	S3-807504778	S3	B		
S1-682694288	S2-869738505	S2	D		69.0
S1-682694288	S2-474400054	S2	D		61.0
S1-695525649	S3-391515625	S3	D		65.0
S1-695525649	S2-778009729	S2	D		56.0
S1-29355950	S3-533113780	S3	A		
S1-29355950	S3-695166144	S3	A		
S1-83850173	S2-291797260	S2	A		
S1-830580504	S2-968464858	S2	B		
S1-483503935	S3-555752083	S3	B		
S1-969260324	S3-77067827	S3	B		
S1-269558026	S3-233755289	S3	B		
S1-11728505	S2-279212798	S2	D		46.0
S1-986418324	S3-900176614	S3	B		
S1-417560859	S2-394656439	S2	D		77.0
S1-417560859	S2-598880197	S2	B		
S1-978568676	S2-398165471	S2	D		79.0
S1-978568676	S2-879498800	S2	D		51.0
S1-978568676	S2-646124651	S2	D		44.0
S1-531269630	S3-226176071	S3	A		
S1-483389489	S3-689326734	S3	D		37.0
S1-483389489	S3-486031258	S3	A		
S1-631736880	S2-323997673	S2	E	rank 27 <= topk but missing from candidates	
S1-283178512	S2-29584572	S2	D		33.0
S1-873916499	S3-649070785	S3	B		
S1-655945541	S3-68263181	S3	B		
S1-551441199	S2-653245088	S2	D		61.0
S1-551441199	S2-226885979	S2	D		62.0
S1-898777616	S3-823393080	S3	B		
S1-27459659	S3-457821012	S3	E	rank 15 <= topk but missing from candidates	
S1-556819142	S3-11802541	S3	B		
S1-205766649	S3-744075038	S3	B		
S1-337290711	S3-345720553	S3	A		
S1-718439408	S2-724386918	S2	A		
S1-625355265	S3-840942112	S3	D		59.0
S1-731060199	S2-484970122	S2	B		
S1-498245577	S3-217709678	S3	E	rank 5 <= topk but missing from candidates	
S1-173340691	S3-143066870	S3	E	rank 25 <= topk but missing from candidates	
S1-238910676	S3-114037006	S3	E	rank 10 <= topk but missing from candidates	
S1-572019112	S3-296750184	S3	A		
S1-572019112	S3-360366953	S3	B		
S1-850454146	S3-250343020	S3	D		50.0
S1-681457669	S3-814555609	S3	D		31.0
S1-550614556	S2-214019049	S2	D		57.0
S1-196882095	S3-500849813	S3	A		
S1-825392140	S3-810582367	S3	B		
S1-825392140	S2-737813680	S2	B		
S1-164593058	S3-705101484	S3	D		54.0
S1-127046951	S3-741398087	S3	A		
S1-28824727	S2-223794847	S2	B		
S1-195168607	S3-322495386	S3	D		64.0
S1-851636164	S2-615990785	S2	B		
S1-851636164	S3-757647813	S3	B		
S1-371300145	S2-768267176	S2	D		37.0
S1-271073986	S3-795456937	S3	D		66.0
S1-57271690	S3-242835156	S3	B		
S1-278871253	S2-388741557	S2	B		
S1-167165283	S2-245948125	S2	B		
S1-283681112	S2-986211975	S2	D		40.0
S1-328221150	S3-42027384	S3	B		
S1-628157740	S3-93469315	S3	B		
S1-848221919	S3-222649067	S3	B		
S1-329898194	S2-600010800	S2	A		
S1-329880647	S2-776057463	S2	D		35.0
S1-329880647	S3-331395799	S3	E	rank 9 <= topk but missing from candidates	
S1-487181651	S2-170626285	S2	B		
S1-720607415	S2-130354387	S2	E	rank 28 <= topk but missing from candidates	
S1-720607415	S3-196117490	S3	B		
S1-511233167	S2-399509866	S2	D		53.0
S1-67692735	S3-845091722	S3	B		
S1-67692735	S3-525306408	S3	B		
S1-291774708	S3-114079976	S3	D		89.0
S1-855933152	S3-740629177	S3	B		
S1-851571468	S3-787225241	S3	B		
S1-851571468	S2-807730073	S2	B		
S1-851571468	S3-123563085	S3	B		
S1-881702599	S3-565741016	S3	D		64.0
S1-800895316	S2-39567133	S2	D		94.0
S1-800895316	S3-696856331	S3	D		31.0
S1-210640833	S3-785296014	S3	B		
S1-255489414	S3-653426112	S3	B		
S1-255489414	S3-348776353	S3	B		
S1-254454689	S3-835865174	S3	D		54.0
S1-293985778	S3-636398153	S3	D		50.0
S1-293985778	S2-61327285	S2	D		51.0
S1-962711012	S3-524285883	S3	D		42.0
S1-863055116	S3-381497318	S3	D		37.0
S1-863055116	S2-426789666	S2	D		38.0
S1-978840074	S2-96974610	S2	B		
S1-978840074	S3-108599074	S3	A		
S1-978840074	S3-77394469	S3	A		
S1-366070210	S2-569139437	S2	D		36.0
S1-366070210	S3-774938183	S3	D		32.0
S1-128034855	S3-876388651	S3	D		47.0
S1-998741167	S2-470411752	S2	A		
S1-853156695	S3-260952021	S3	D		55.0
S1-92021987	S3-54304498	S3	D		46.0
S1-92021987	S3-976038994	S3	D		117.0
S1-784332721	S3-527870114	S3	D		84.0
S1-784332721	S2-244050946	S2	D		48.0
S1-937875940	S2-621290208	S2	B		
S1-945705175	S2-919449230	S2	B		
S1-945705175	S2-305807304	S2	B		
S1-574474294	S2-346126486	S2	D		71.0
S1-574474294	S2-946962396	S2	D		85.0
S1-964371554	S3-573904014	S3	B		
S1-964371554	S3-546881130	S3	D		82.0
S1-964371554	S3-450194699	S3	B		
S1-544660142	S3-971639999	S3	B		
S1-769448346	S2-119842359	S2	D		40.0
S1-712273899	S2-68340298	S2	A		
S1-566793943	S2-528118679	S2	B		
S1-566793943	S3-212916684	S3	D		60.0
S1-504070147	S3-50158668	S3	D		51.0
S1-504070147	S2-318127676	S2	A		
S1-504070147	S3-122919482	S3	D		57.0
S1-245613951	S3-52293859	S3	D		57.0
S1-922093079	S3-930333450	S3	D		57.0
S1-922093079	S2-465416333	S2	D		44.0
S1-669372117	S3-13168447	S3	B		
S1-669372117	S2-737515469	S2	A		
S1-540270571	S3-549726212	S3	D		111.0
S1-431081317	S3-429299995	S3	E	rank 22 <= topk but missing from candidates	
S1-720189585	S2-170650586	S2	B		
S1-579136505	S2-230357543	S2	D		44.0
S1-264135237	S3-974752272	S3	B		
S1-264135237	S2-77580426	S2	B		
S1-497524127	S3-837682273	S3	B		
S1-497524127	S2-988982813	S2	B		
S1-446578159	S3-274216313	S3	A		
S1-902901950	S3-701547816	S3	B		
S1-212912407	S3-522570601	S3	B		
S1-834954646	S3-694497253	S3	B		
S1-303667029	S2-277563297	S2	B		
S1-328235343	S2-563764534	S2	D		35.0
S1-328235343	S2-278575316	S2	D		34.0
S1-883104357	S2-403550302	S2	B		
S1-366995336	S3-453585109	S3	D		49.0
S1-42591135	S2-545452712	S2	B		
S1-103245194	S2-767331761	S2	B		
S1-547067630	S3-171247932	S3	D		74.0
S1-554385472	S3-87741263	S3	E	rank 15 <= topk but missing from candidates	
S1-554385472	S3-480515570	S3	E	rank 17 <= topk but missing from candidates	
S1-740386477	S2-138421814	S2	B		
S1-740386477	S2-108898330	S2	B		
S1-740386477	S3-460447606	S3	B		
S1-740386477	S3-498910578	S3	B		
S1-740386477	S2-988417665	S2	B		
S1-573665616	S2-654879907	S2	D		62.0
S1-886027015	S2-46366956	S2	A		
S1-531417061	S3-740064453	S3	A		
S1-243998105	S3-825528687	S3	D		63.0
S1-243998105	S2-982357230	S2	D		51.0
S1-243998105	S2-460154917	S2	D		50.0
S1-243998105	S2-741371366	S2	D		52.0
S1-471936191	S3-554574617	S3	B		
S1-401154331	S3-178918585	S3	B		
S1-181431616	S3-880679348	S3	B		
S1-652990687	S3-426972124	S3	B		
S1-337626976	S2-622787641	S2	D		75.0
S1-337626976	S3-427135586	S3	D		71.0
S1-337626976	S2-396282063	S2	D		79.0
S1-337626976	S3-544900388	S3	D		73.0
S1-337626976	S2-603985891	S2	D		72.0
S1-337626976	S2-750223358	S2	D		81.0
S1-905130046	S2-102494729	S2	B		
S1-905130046	S2-179480829	S2	B		
S1-950211479	S3-214889761	S3	A		
S1-950211479	S2-446947093	S2	B		
S1-940721882	S2-675021918	S2	E	rank 19 <= topk but missing from candidates	
S1-249548975	S3-470981793	S3	D		116.0
S1-315798723	S3-468898981	S3	B		
S1-697105229	S3-823830005	S3	B		
S1-697105229	S3-841353482	S3	B		
S1-697105229	S2-804943792	S2	D		64.0
S1-780338644	S2-154348457	S2	B		
S1-96225480	S2-30413598	S2	B		
S1-96225480	S2-397437226	S2	D		56.0
S1-829658971	S3-580482473	S3	B		
S1-275229933	S3-630216030	S3	A		
S1-275229933	S3-561442638	S3	B		
S1-216094749	S2-245754104	S2	A		
S1-405617533	S3-682311899	S3	A		
S1-917125250	S3-404304250	S3	D		63.0
S1-540464637	S2-488396037	S2	D		113.0
S1-634877079	S3-489642313	S3	B		
S1-210575619	S3-592147308	S3	D		32.0
S1-473865603	S2-898246637	S2	A		
S1-795808526	S2-38695946	S2	D		66.0
S1-176003152	S3-194850580	S3	D		67.0
S1-22627511	S2-78622279	S2	E	rank 30 <= topk but missing from candidates	
S1-637267384	S2-449281207	S2	B		
S1-749823232	S2-14897090	S2	D		173.0
S1-420030176	S3-597032578	S3	D		111.0
S1-129812802	S2-553471094	S2	B		
S1-129812802	S3-121459657	S3	D		90.0
S1-129812802	S2-548525120	S2	B		
S1-269444381	S3-132443276	S3	D		80.0
S1-427031550	S3-600118093	S3	B		
S1-872647504	S3-467934931	S3	B		
S1-872647504	S3-372923765	S3	B		
S1-872647504	S2-30826629	S2	A		
S1-872647504	S2-770329448	S2	A		
S1-872647504	S2-493052249	S2	D		90.0
S1-803427086	S3-329676370	S3	B		
S1-803427086	S3-429268888	S3	B		
S1-267482379	S3-698735253	S3	A		
S1-267482379	S3-858103116	S3	D		86.0
S1-267482379	S3-412158526	S3	D		39.0
S1-267482379	S2-793268215	S2	D		84.0
S1-425779866	S3-819835627	S3	D		47.0
S1-425779866	S2-779321120	S2	D		55.0
S1-927741295	S2-683327260	S2	B		
S1-697641531	S3-797183290	S3	A		
S1-517891726	S3-252235210	S3	B		
S1-32520046	S3-396542491	S3	B		
S1-178999463	S2-924807048	S2	D		44.0
S1-303469712	S3-278933850	S3	B		
S1-475025479	S3-819239122	S3	E	rank 16 <= topk but missing from candidates	
S1-166148736	S3-151186769	S3	D		51.0
S1-260456948	S3-6960791	S3	D		42.0
S1-673291761	S3-901131381	S3	B		
S1-867012513	S3-218099824	S3	B		
S1-49568402	S3-388511311	S3	D		70.0
S1-450442742	S3-9493325	S3	D		44.0
S1-694630091	S3-276914271	S3	D		64.0
S1-877647172	S3-128428543	S3	A		
S1-223185294	S3-255002302	S3	B		
S1-247155449	S3-313813633	S3	D		91.0
S1-247155449	S2-17584430	S2	D		70.0
S1-247155449	S3-864902	S3	B		
S1-876313624	S3-143859603	S3	A		
S1-876885307	S3-219269667	S3	B		
S1-876885307	S3-219406256	S3	B		
S1-876885307	S2-696018697	S2	D		54.0
S1-876885307	S2-740631973	S2	D		53.0
S1-212112279	S3-927833654	S3	B		
S1-57053089	S2-500348907	S2	D		133.0
S1-597118370	S2-167127505	S2	D		60.0
S1-597118370	S3-802817571	S3	D		59.0
S1-158422513	S2-475085348	S2	B		
S1-593853562	S3-967904303	S3	D		47.0
S1-948585170	S3-922829495	S3	A		
S1-948585170	S3-694325094	S3	B		
S1-753250132	S2-88905729	S2	B		
S1-753250132	S2-663460214	S2	B		
S1-631274394	S3-37841154	S3	A		
S1-96496763	S3-255919544	S3	B		
S1-96496763	S3-305898288	S3	D		89.0
S1-96496763	S2-556037608	S2	A		
S1-63324596	S3-333337055	S3	D		77.0
S1-156434817	S3-931043099	S3	D		37.0
S1-844468688	S3-665354403	S3	B		
S1-850137346	S2-51781737	S2	D		42.0
S1-569813675	S2-522742349	S2	B		
S1-585717093	S2-724781393	S2	B		
S1-924121870	S3-737244159	S3	B		
S1-45040344	S3-670120423	S3	B		
S1-177785742	S3-464032469	S3	B		
S1-177785742	S2-609770078	S2	E	rank 25 <= topk but missing from candidates	
S1-177785742	S3-300742652	S3	B		
S1-806658575	S2-629285843	S2	E	rank 24 <= topk but missing from candidates	
S1-806658575	S3-81974939	S3	D		54.0
S1-75349817	S3-809713476	S3	D		51.0
S1-472950316	S2-388464495	S2	A		
S1-472950316	S3-933753890	S3	B		
S1-472950316	S2-703240916	S2	B		
S1-472950316	S2-522292246	S2	A		
S1-472950316	S2-504045458	S2	A		
S1-104481756	S3-143795821	S3	D		69.0
S1-104481756	S2-427813721	S2	A		
S1-114013178	S3-303534417	S3	B		
S1-114013178	S2-445198051	S2	B		
S1-114013178	S3-260142832	S3	B		
S1-114013178	S2-793505204	S2	B		
S1-114013178	S3-555455334	S3	B		
S1-743993298	S3-326058359	S3	B		
S1-423225208	S3-20843609	S3	D		51.0
S1-423225208	S3-32955849	S3	D		89.0
S1-464598355	S3-234546736	S3	D		64.0
S1-460862597	S3-952707676	S3	D		95.0
S1-272422986	S3-329412880	S3	D		64.0
S1-272422986	S3-433473574	S3	D		45.0
S1-272422986	S3-209746748	S3	D		33.0
S1-835848993	S2-306162314	S2	B		
S1-835848993	S3-114538429	S3	B		
S1-191302331	S2-439925024	S2	B		
S1-982922290	S2-561630981	S2	D		59.0
S1-995402189	S2-440310355	S2	D		119.0
S1-122184307	S2-579203582	S2	D		36.0
S1-849649984	S3-740074448	S3	B		
S1-849649984	S3-482429339	S3	B		
S1-393945817	S2-177574756	S2	D		74.0
S1-236550124	S3-428527952	S3	D		81.0
S1-925201369	S2-675377726	S2	D		59.0
S1-767533647	S3-164487817	S3	A		
S1-119549152	S2-263827828	S2	B		
S1-137112433	S3-759029323	S3	E	rank 17 <= topk but missing from candidates	
S1-333668018	S3-484928413	S3	B		
S1-307600314	S3-311873041	S3	B		
S1-273133669	S3-125884340	S3	D		55.0
S1-338642633	S2-865910203	S2	B		
S1-338642633	S3-626608827	S3	E	rank 24 <= topk but missing from candidates	
S1-91367899	S3-26802891	S3	E	rank 26 <= topk but missing from candidates	
S1-724432443	S2-537981789	S2	B		
S1-573618998	S2-719125450	S2	D		129.0
S1-573618998	S3-648369159	S3	E	rank 24 <= topk but missing from candidates	
S1-573618998	S2-533893836	S2	D		44.0
S1-465570474	S3-530442014	S3	E	rank 22 <= topk but missing from candidates	
S1-465570474	S3-144280472	S3	E	rank 10 <= topk but missing from candidates	
S1-911825904	S3-174483513	S3	A		
S1-911825904	S2-691761163	S2	B		
S1-911825904	S3-337792911	S3	B		
S1-263756931	S2-745224407	S2	D		32.0
S1-992301211	S3-136645253	S3	D		75.0
S1-354248228	S2-975477799	S2	D		230.0
S1-340022202	S3-936055526	S3	B		
S1-229683992	S2-990930781	S2	B		
S1-64064616	S3-634055652	S3	B		
S1-64064616	S3-504603419	S3	D		66.0
S1-270325980	S3-653035176	S3	A		
S1-948604659	S3-552444892	S3	B		
S1-146414290	S3-869012503	S3	D		93.0
S1-618991701	S2-186372218	S2	E	rank 18 <= topk but missing from candidates	
S1-618991701	S2-20486239	S2	E	rank 17 <= topk but missing from candidates	
S1-645168886	S2-519756225	S2	D		52.0
S1-861483726	S2-785490740	S2	B		
S1-477593532	S3-857898966	S3	B		
S1-598325801	S3-91387595	S3	D		157.0
S1-344515926	S3-499242323	S3	A		
S1-630317935	S3-387627802	S3	E	rank 18 <= topk but missing from candidates	
S1-124753368	S3-115814883	S3	B		
S1-309403041	S2-743242949	S2	B		
S1-992219523	S3-137951568	S3	D		73.0
S1-632048154	S2-804527842	S2	B		
S1-632048154	S3-29445862	S3	D		66.0
S1-632048154	S3-553319742	S3	B		
S1-248723653	S3-628456967	S3	B		
S1-743963944	S2-222723211	S2	D		151.0
S1-375867569	S2-626085716	S2	E	rank 22 <= topk but missing from candidates	
S1-923451000	S3-969853908	S3	A		
S1-200479878	S3-908827474	S3	B		
S1-472715891	S3-115615389	S3	D		48.0
S1-272284746	S3-399656653	S3	D		34.0
S1-694729444	S2-459683233	S2	D		130.0
S1-99397132	S3-382178254	S3	D		38.0
S1-188650726	S3-102999785	S3	B		
S1-188650726	S3-13737897	S3	B		
S1-188650726	S2-303319030	S2	B		
S1-945526465	S3-32039316	S3	D		46.0
S1-594497707	S2-339336192	S2	D		53.0
S1-594497707	S3-969676756	S3	D		54.0
S1-594497707	S3-48627366	S3	D		38.0
S1-241426422	S3-199088298	S3	B		
S1-281531185	S2-83533345	S2	B		
S1-274619839	S3-350078499	S3	D		89.0
S1-956044072	S3-527494320	S3	B		
S1-462518224	S3-811143477	S3	A		
S1-371911596	S3-153025376	S3	D		108.0
S1-371911596	S2-364370263	S2	D		31.0
S1-545391185	S2-470441321	S2	A		
S1-811894402	S2-165886722	S2	B		
S1-449774179	S3-781782348	S3	D		38.0
S1-305734056	S3-613139981	S3	B		
S1-365677270	S3-527218662	S3	A		
S1-365677270	S3-752080652	S3	A		
S1-365677270	S2-606631533	S2	A		
S1-365677270	S2-406788289	S2	D		33.0
S1-667538335	S2-711940820	S2	D		138.0
S1-4911398	S2-350334135	S2	D		72.0
S1-541209759	S2-728928069	S2	D		93.0
S1-541209759	S2-188601768	S2	D		92.0
S1-541209759	S3-961684241	S3	D		94.0
S1-681881259	S3-66088973	S3	D		124.0
S1-1065453	S3-522361699	S3	A		
S1-1065453	S3-558370154	S3	B		
S1-750234760	S2-855482536	S2	D		48.0
S1-543460621	S3-952521615	S3	B		
S1-543460621	S3-656175787	S3	B		
S1-919024467	S3-404050040	S3	D		44.0
S1-102620935	S2-559293327	S2	D		36.0
S1-102620935	S3-762945983	S3	D		32.0
S1-725616114	S3-89706981	S3	A		
S1-725616114	S3-815727086	S3	B		
S1-725616114	S2-987877155	S2	A		
S1-617850224	S3-111175394	S3	D		51.0
S1-94270730	S2-192637326	S2	B		
S1-701970012	S3-253519267	S3	B		
S1-701970012	S2-737356253	S2	B		
S1-701970012	S3-876884131	S3	B		
S1-321649161	S3-904860973	S3	D		37.0
S1-441573394	S2-172398449	S2	D		118.0
S1-218762707	S3-277374995	S3	D		96.0
S1-693922469	S3-593530981	S3	B		
S1-693922469	S3-642572186	S3	D		50.0
S1-228658091	S2-720486005	S2	D		53.0
S1-508627238	S3-883505228	S3	D		49.0
S1-144623650	S2-766383543	S2	B		
S1-624164212	S3-290413802	S3	B		
S1-630835314	S3-613611293	S3	D		53.0
S1-630835314	S3-424215830	S3	D		72.0
S1-148341533	S3-422258345	S3	B		
S1-430303310	S3-289371251	S3	B		
S1-464700680	S3-45944720	S3	D		59.0
S1-11791980	S3-438255941	S3	D		38.0
S1-507821673	S3-781405325	S3	A		
S1-507821673	S2-528315471	S2	A		
S1-507821673	S3-649020154	S3	A		
S1-737763276	S2-561916174	S2	D		52.0
S1-461277978	S3-876624713	S3	D		49.0
S1-461277978	S3-915025889	S3	B		
S1-817500960	S2-830370053	S2	A		
S1-639623770	S2-233678592	S2	D		59.0
S1-368500561	S2-97272938	S2	B		
S1-106567391	S2-142826725	S2	B		
S1-106567391	S2-948567330	S2	B		
S1-985409133	S2-626969724	S2	D		90.0
S1-94094369	S3-449945976	S3	A		
S1-94094369	S2-670316450	S2	D		72.0
S1-82181365	S2-919993479	S2	A		
S1-82181365	S3-972702172	S3	A		
S1-198479339	S3-201169859	S3	B		
S1-92437206	S3-756263287	S3	D		100.0
S1-92437206	S2-252171286	S2	D		105.0
S1-990135533	S3-89192692	S3	B		
S1-127775381	S2-791324268	S2	B		
S1-127513793	S2-374725530	S2	D		74.0
S1-127513793	S2-39119082	S2	D		89.0
S1-380259613	S2-244510246	S2	B		
S1-427694289	S3-610339898	S3	D		135.0
S1-178611415	S2-495330450	S2	B		
S1-178611415	S3-895607253	S3	B		
S1-178611415	S2-549796957	S2	B		
S1-406881012	S3-971059718	S3	D		54.0
S1-406881012	S2-453344798	S2	D		50.0
S1-523990161	S3-425731343	S3	D		37.0
S1-523990161	S2-697650190	S2	B		
S1-507175005	S3-750165375	S3	A		
S1-795370382	S2-430747735	S2	B		
S1-243196117	S2-506952166	S2	B		
S1-243196117	S3-321572792	S3	B		
S1-203627457	S2-31536885	S2	B		
S1-109958898	S3-11852874	S3	D		91.0
S1-986970467	S2-746649756	S2	B		
S1-986970467	S2-532957224	S2	B		
S1-986970467	S2-299309991	S2	B		
S1-986970467	S3-14104090	S3	B		
S1-816568516	S3-864365791	S3	D		71.0
S1-201915232	S3-34082557	S3	E	rank 7 <= topk but missing from candidates	
S1-603573031	S3-786938780	S3	B		
S1-836940264	S2-585214183	S2	D		57.0
S1-182287293	S2-232116679	S2	D		60.0
S1-182287293	S2-165395056	S2	D		61.0
S1-182287293	S2-623197512	S2	D		59.0
S1-466645567	S2-368151492	S2	D		106.0
S1-466645567	S3-47349636	S3	D		108.0
S1-466645567	S2-162637195	S2	D		65.0
S1-466645567	S2-429063633	S2	D		34.0
S1-158979883	S3-462275477	S3	A		
S1-660968372	S3-801867455	S3	D		75.0
S1-660968372	S3-952645862	S3	B		
S1-660968372	S3-752235629	S3	B		
S1-660968372	S3-807939215	S3	B		
S1-84265276	S2-69257871	S2	D		87.0
S1-84265276	S3-244877785	S3	A		
S1-838455990	S3-734120891	S3	B		
S1-377014522	S2-521209436	S2	B		
S1-526468370	S3-520597438	S3	D		35.0
S1-111925838	S2-385387661	S2	B		
S1-590642231	S3-219923796	S3	B		
S1-220372291	S3-660925747	S3	B		
S1-974069622	S3-138724560	S3	A		
S1-185732600	S3-166011441	S3	B		
S1-185732600	S3-918999521	S3	D		31.0
S1-661046619	S3-618385885	S3	A		
S1-697302013	S2-443395821	S2	B		
S1-367275527	S3-142286404	S3	D		47.0
S1-80112932	S2-390238124	S2	B		
S1-822399464	S3-104496789	S3	B		
S1-829050554	S3-670472506	S3	A		
S1-190698407	S3-421850001	S3	D		61.0
S1-491854786	S2-586681276	S2	B		
S1-491854786	S3-405789248	S3	B		
S1-770456430	S2-429317623	S2	B		
S1-49961004	S3-765555677	S3	D		100.0
S1-49961004	S3-615357538	S3	D		73.0
S1-49961004	S2-355964705	S2	D		50.0
S1-424687940	S3-390155666	S3	B		
S1-788304388	S3-489232211	S3	D		137.0
S1-788304388	S2-409306090	S2	D		135.0
S1-812812948	S2-969647325	S2	D		37.0
S1-812812948	S2-81485846	S2	D		38.0
S1-30055781	S3-520764979	S3	A		
S1-983256874	S2-63489910	S2	B		
S1-108338144	S3-721631721	S3	A		
S1-208137874	S2-892140464	S2	B		
S1-208137874	S3-614037148	S3	B		
S1-208137874	S3-438465408	S3	B		
S1-636332373	S3-892468158	S3	B		
S1-339484427	S2-524590162	S2	A		
S1-693097927	S2-316052863	S2	B		
S1-91330849	S3-736114927	S3	B		
S1-91330849	S3-46158122	S3	B		
S1-855951313	S3-911166020	S3	E	rank 25 <= topk but missing from candidates	
S1-855951313	S2-408963242	S2	E	rank 15 <= topk but missing from candidates	
S1-910370353	S3-579777214	S3	D		76.0
S1-84044412	S2-606090470	S2	D		69.0
S1-622715754	S3-413834093	S3	B		
S1-473895207	S2-4372479	S2	D		31.0
S1-483424708	S2-185090741	S2	D		58.0
S1-483424708	S3-700208185	S3	B		
S1-983334105	S3-883323626	S3	B		
S1-983334105	S3-778838562	S3	A		
S1-983334105	S3-178926424	S3	A		
S1-998664986	S3-928866299	S3	D		85.0
S1-489742981	S2-893311961	S2	B		
S1-868669026	S2-937600151	S2	D		133.0
S1-868669026	S3-246542081	S3	A		
S1-834390527	S2-13836320	S2	B		
S1-710097767	S2-215817051	S2	B		
S1-482752814	S2-69448981	S2	B		
S1-482752814	S3-357935247	S3	B		
S1-8766086	S3-488162973	S3	B		
S1-339471470	S3-551874914	S3	B		
S1-339471470	S2-376241704	S2	A		
S1-748524205	S3-525443643	S3	D		121.0
S1-748524205	S2-600265741	S2	B		
S1-599258597	S3-185424146	S3	B		
S1-599258597	S2-358886991	S2	D		146.0
S1-599258597	S3-420149215	S3	B		
S1-301062168	S3-415289034	S3	B		
S1-430316757	S3-567473861	S3	B		
S1-784651162	S2-940726338	S2	D		46.0
S1-134548701	S3-125892336	S3	D		31.0
S1-841396197	S3-428595486	S3	E	rank 17 <= topk but missing from candidates	
S1-841396197	S2-209737213	S2	D		45.0
S1-755745275	S2-79679253	S2	E	rank 25 <= topk but missing from candidates	
S1-664413201	S3-743780297	S3	E	rank 7 <= topk but missing from candidates	
S1-664413201	S3-399135482	S3	E	rank 25 <= topk but missing from candidates	
S1-324868454	S3-974882417	S3	D		51.0
S1-599999863	S2-369170005	S2	D		41.0
S1-40707156	S2-480570528	S2	A		
S1-467600309	S2-576593449	S2	D		66.0
S1-119307481	S2-913157512	S2	B		
S1-543270750	S2-716685685	S2	A		
S1-543270750	S3-587355921	S3	B		
S1-203219749	S3-325288839	S3	E	rank 21 <= topk but missing from candidates	
S1-203219749	S3-506486549	S3	D		63.0
S1-203219749	S2-295006576	S2	D		74.0
S1-203219749	S2-391234083	S2	B		
S1-11278348	S2-436676108	S2	D		57.0
S1-442499807	S2-509854651	S2	D		142.0
S1-60501019	S3-282708699	S3	B		
S1-209608724	S2-558052873	S2	D		169.0
S1-579530746	S2-767275536	S2	A		
S1-424706988	S3-630907826	S3	B		
S1-127259380	S2-788605282	S2	D		38.0
S1-654763788	S3-257109785	S3	A		
S1-651079258	S2-868091831	S2	D		130.0
S1-651079258	S3-50640926	S3	D		113.0
S1-249235181	S3-294128483	S3	A		
S1-325795161	S3-536783769	S3	D		56.0
S1-373512631	S3-23071695	S3	B		
S1-661261244	S3-520057098	S3	D		33.0
S1-1672496	S3-150126644	S3	D		75.0
S1-187301793	S3-583097209	S3	E	rank 12 <= topk but missing from candidates	
S1-795755909	S2-84511042	S2	E	rank 19 <= topk but missing from candidates	
S1-795755909	S2-304027670	S2	E	rank 8 <= topk but missing from candidates	
S1-795755909	S2-278809956	S2	E	rank 24 <= topk but missing from candidates	
S1-53791668	S3-991930736	S3	D		151.0
S1-46223654	S3-555403269	S3	D		48.0
S1-53980391	S2-666764293	S2	D		112.0
S1-94545685	S3-215443886	S3	B		
S1-138299400	S2-626488169	S2	D		64.0
S1-138299400	S2-89647361	S2	E	rank 27 <= topk but missing from candidates	
S1-321945094	S3-534796040	S3	B		
S1-655546842	S3-696785716	S3	B		
S1-458911169	S3-528268218	S3	A		
S1-634801818	S2-619254022	S2	B		
S1-270470433	S3-825548609	S3	B		
S1-978515946	S2-54670340	S2	B		
S1-831552817	S3-901452511	S3	B		
S1-831552817	S3-132079025	S3	B		
S1-808383625	S3-890767868	S3	B		
S1-808383625	S2-261807395	S2	E	rank 26 <= topk but missing from candidates	
S1-808383625	S3-4343797	S3	A		
S1-204856094	S3-981961394	S3	A		
S1-72220957	S3-265653992	S3	D		113.0
S1-72220957	S3-33393316	S3	D		78.0
S1-620231425	S3-905267318	S3	D		40.0
S1-620231425	S2-901435997	S2	B		
S1-750394461	S2-686352721	S2	D		78.0
S1-908396640	S3-800888429	S3	B		
S1-908396640	S3-500731863	S3	B		
S1-203928359	S3-593972726	S3	D		65.0
S1-747241157	S2-128856297	S2	D		119.0
S1-535924247	S3-980329905	S3	D		115.0
S1-844097791	S2-202127698	S2	D		95.0
S1-844097791	S2-331728960	S2	D		148.0
S1-487072268	S2-129225173	S2	B		
S1-223942703	S2-746221130	S2	D		77.0
S1-223942703	S2-141632415	S2	B		
S1-372988542	S3-628201706	S3	B		
S1-251322093	S3-761760713	S3	A		
S1-345984602	S2-391628026	S2	B		
S1-766740174	S3-780068963	S3	D		48.0
S1-766740174	S3-192035902	S3	D		61.0
S1-766740174	S3-200012789	S3	B		
S1-766740174	S3-833663146	S3	B		
S1-496094153	S2-169186002	S2	D		63.0
S1-582969218	S3-73107797	S3	D		59.0
S1-582969218	S2-718098665	S2	D		102.0
S1-330944554	S2-513986225	S2	B		
S1-616461870	S2-197035209	S2	D		54.0
S1-868042571	S2-944846240	S2	D		136.0
S1-976889756	S3-808353557	S3	B		
S1-879882397	S3-480453714	S3	B		
S1-228259184	S2-835407300	S2	B		
S1-761899001	S3-225460840	S3	B		
S1-884458144	S2-857640037	S2	B		
S1-80806677	S3-474042394	S3	D		42.0
S1-316844924	S2-38670275	S2	D		48.0
S1-314924443	S3-433471298	S3	D		120.0
S1-314924443	S3-577606957	S3	D		40.0
S1-707654315	S2-946907995	S2	B		
S1-707654315	S3-187513104	S3	B		
S1-118398870	S2-406659563	S2	D		89.0
S1-847507798	S3-321286304	S3	D		31.0
S1-273120641	S2-369443889	S2	A		
S1-763350397	S2-761777876	S2	D		35.0
S1-287952518	S3-313922384	S3	A		
S1-82420952	S3-189441703	S3	D		70.0
S1-82420952	S3-556180915	S3	E	rank 17 <= topk but missing from candidates	
S1-841660986	S2-415799824	S2	B		
S1-841660986	S3-822336616	S3	A		
S1-282970908	S2-853630996	S2	D		33.0
S1-127463800	S3-597274520	S3	B		
S1-127463800	S3-54439574	S3	D		63.0
S1-897312951	S3-917148283	S3	B		
S1-897312951	S3-291052094	S3	B		
S1-415872397	S2-333875012	S2	A		
S1-341622728	S2-196208945	S2	B		
S1-259565763	S2-232401394	S2	D		129.0
S1-670234190	S3-742553505	S3	B		
S1-337815775	S3-432715711	S3	D		55.0
S1-888483233	S3-313168825	S3	E	rank 23 <= topk but missing from candidates	
S1-663222148	S3-64355609	S3	D		76.0
S1-476706224	S3-846375139	S3	A		
S1-860365355	S2-240215277	S2	D		68.0
S1-860365355	S3-116346055	S3	D		74.0
S1-485395591	S2-894810141	S2	B		
S1-776608172	S2-563301932	S2	A		
S1-803320094	S3-836724741	S3	D		43.0
S1-25212653	S2-951894424	S2	A		
S1-25212653	S2-985528546	S2	A		
S1-388691935	S3-582429585	S3	D		99.0
S1-388691935	S3-733616013	S3	E	rank 24 <= topk but missing from candidates	
S1-232726042	S2-381463980	S2	A		
S1-961111170	S2-496032461	S2	B		
S1-668417571	S3-934788545	S3	B		
S1-507732978	S2-751052128	S2	D		68.0
S1-532198176	S2-256143383	S2	B		
S1-469563283	S3-612076747	S3	B		
S1-506367423	S3-953441046	S3	D		45.0
S1-506367423	S3-466254826	S3	D		39.0
S1-881689238	S3-856728714	S3	D		49.0
S1-928647563	S2-601500925	S2	D		68.0
S1-766017714	S3-317225987	S3	D		35.0
S1-181877721	S3-134711816	S3	B		
S1-111561967	S3-226103570	S3	D		33.0
S1-111561967	S2-56247864	S2	B		
S1-876391163	S2-894868266	S2	B		
S1-447703671	S3-797304521	S3	B		
S1-497991611	S2-80372220	S2	B		
S1-497991611	S2-425124984	S2	A		
S1-640653871	S3-319442318	S3	A		
S1-640791613	S2-683942099	S2	D		68.0
S1-686421675	S3-79391393	S3	A		
S1-742342651	S2-16449418	S2	D		50.0
S1-819976594	S3-572676258	S3	A		
S1-819976594	S2-251851518	S2	A		
S1-62347502	S2-320765066	S2	D		44.0
S1-875773720	S2-733473569	S2	D		73.0
S1-875773720	S2-66759025	S2	D		75.0
S1-249529000	S3-154836144	S3	B		
S1-522315893	S3-926980104	S3	E	rank 14 <= topk but missing from candidates	
S1-616250802	S2-440260615	S2	D		60.0
S1-616250802	S2-86237022	S2	D		74.0
S1-81549077	S3-450637987	S3	E	rank 12 <= topk but missing from candidates	
S1-81549077	S2-845415328	S2	A		
S1-349308771	S2-699925024	S2	D		188.0
S1-307998885	S3-304373259	S3	D		35.0
S1-51508696	S2-199469763	S2	D		146.0
S1-641250351	S3-142534806	S3	D		41.0
S1-214027375	S3-932095995	S3	D		49.0
S1-564386679	S3-952693237	S3	D		77.0
S1-629621362	S2-787764564	S2	B		
S1-223023114	S3-988366053	S3	B		
S1-410698641	S2-330522070	S2	B		
S1-591359342	S3-63665511	S3	A		
S1-1079978	S2-301147970	S2	B		
S1-382767839	S3-988962911	S3	B		
S1-61677288	S2-545063912	S2	B		
S1-61677288	S3-253872421	S3	D		45.0
S1-450484874	S2-986216103	S2	D		115.0
S1-450484874	S2-798763147	S2	E	rank 12 <= topk but missing from candidates	
S1-307228077	S3-413605349	S3	B		
S1-730872573	S2-998792537	S2	D		37.0
S1-829695767	S3-862799493	S3	D		47.0
S1-829695767	S3-486975535	S3	D		45.0
S1-573817719	S3-896695693	S3	E	rank 17 <= topk but missing from candidates	
S1-991714510	S3-853916209	S3	B		
S1-441830272	S2-357036456	S2	B		
S1-590769240	S3-360532654	S3	D		59.0
S1-472464839	S3-381211827	S3	B		
S1-306003007	S2-725905188	S2	D		71.0
S1-306003007	S2-790489784	S2	D		96.0
S1-922649768	S3-673333562	S3	B		
S1-390161967	S2-234841316	S2	B		
S1-390161967	S3-933993515	S3	D		51.0
S1-390161967	S3-10494428	S3	B		
S1-111643905	S2-175125127	S2	D		62.0
S1-111643905	S2-327151353	S2	D		67.0
S1-111643905	S2-600046549	S2	B		
S1-111643905	S2-458186528	S2	D		73.0
S1-344632333	S3-654765946	S3	D		48.0
S1-640496946	S3-854033873	S3	D		65.0
S1-640496946	S3-780348552	S3	D		75.0
S1-196872312	S3-939901851	S3	B		
S1-167256770	S2-565138556	S2	D		42.0
S1-167256770	S2-456360184	S2	D		41.0
S1-406649558	S2-829807526	S2	D		57.0
S1-406649558	S2-788784345	S2	D		56.0
S1-791163484	S3-538131797	S3	D		125.0
S1-879774860	S3-216481723	S3	A		
S1-381938330	S2-438049113	S2	D		51.0
S1-236752484	S2-734508968	S2	D		55.0
S1-482751025	S2-810861678	S2	D		73.0
S1-82969018	S3-653579367	S3	E	rank 28 <= topk but missing from candidates	
S1-22350556	S3-391988546	S3	B		
S1-241972085	S3-364410042	S3	B		
S1-856220076	S2-476811269	S2	D		35.0
S1-845512924	S3-157707477	S3	B		
S1-295550059	S2-380526719	S2	A		
S1-832379210	S2-280335588	S2	B		
S1-885892118	S3-225584717	S3	B		
S1-885892118	S3-339819645	S3	B		
S1-238649968	S2-279971631	S2	A		
S1-784531991	S3-416176438	S3	D		77.0
S1-449465455	S3-137493638	S3	D		81.0
S1-586597258	S3-787932383	S3	D		87.0
S1-261776328	S2-707534882	S2	B		
S1-744338711	S3-301442637	S3	A		
S1-484945403	S3-682609266	S3	A		
S1-967722365	S3-562990186	S3	A		
S1-793075484	S2-126120737	S2	D		32.0
S1-884445986	S2-241632910	S2	D		36.0
S1-884445986	S3-581793141	S3	B		
S1-371460152	S2-901961248	S2	B		
S1-371460152	S3-973253478	S3	B		
S1-660913072	S2-590123421	S2	D		52.0
S1-660913072	S2-263538298	S2	E	rank 27 <= topk but missing from candidates	
S1-504921934	S2-188720463	S2	B		
S1-504921934	S2-10918744	S2	B		
S1-649318476	S2-890698052	S2	D		35.0
S1-649318476	S3-445075366	S3	B		
S1-649318476	S3-476424798	S3	D		103.0
S1-357329023	S2-807399033	S2	B		
S1-357329023	S2-574671666	S2	B		
S1-988516196	S2-604842009	S2	B		
S1-915022305	S2-355615365	S2	A		
S1-761585587	S2-586234138	S2	D		83.0
S1-716442915	S3-355978425	S3	B		
S1-291991311	S2-439359291	S2	B		
S1-821523654	S2-641561614	S2	D		73.0
S1-545839168	S2-982077727	S2	B		
S1-360909582	S3-928751934	S3	D		68.0
S1-360909582	S3-941669819	S3	D		81.0
S1-980395056	S3-499530510	S3	A		
S1-980395056	S2-917663471	S2	B		
S1-33022604	S3-969177281	S3	B		
S1-626449312	S3-82652443	S3	E	rank 20 <= topk but missing from candidates	
S1-853862695	S2-997765625	S2	B		
S1-560224154	S2-504839313	S2	B		
S1-319623651	S2-355734390	S2	B		
S1-286061787	S2-889787343	S2	B		
S1-494028959	S2-451307096	S2	D		48.0
S1-29661695	S2-631994227	S2	B		
S1-360683127	S2-137685217	S2	A		
S1-292766321	S3-892376483	S3	B		
S1-132535915	S2-609030108	S2	D		34.0
S1-132535915	S2-541802277	S2	D		33.0
S1-457749209	S2-60785372	S2	B		
S1-457749209	S3-789250995	S3	D		53.0
S1-457749209	S3-777440971	S3	B		
S1-943979179	S2-545161304	S2	D		67.0
S1-313311092	S3-88599492	S3	D		34.0
S1-861316759	S3-173790640	S3	D		32.0
S1-320732032	S3-279891399	S3	B		
S1-320732032	S3-442804724	S3	B		
S1-320732032	S3-324947831	S3	B		
S1-320732032	S3-496693989	S3	B		
S1-35560397	S3-6279520	S3	B		
S1-748169501	S2-561966199	S2	B		
S1-593073622	S2-654882406	S2	D		49.0
S1-370305562	S3-576320400	S3	B		
S1-328853830	S2-425128084	S2	D		80.0
S1-541474812	S3-634199821	S3	B		
S1-902188196	S3-277759335	S3	A		
S1-967223914	S3-927303955	S3	B		
S1-864241690	S2-145490232	S2	B		
S1-238737960	S3-581863948	S3	B		
S1-843913308	S3-214434871	S3	B		
S1-620257501	S3-298154490	S3	D		83.0
S1-926322589	S3-25121543	S3	B		
S1-249319405	S3-203648491	S3	B		
S1-894916221	S2-956298739	S2	B		
S1-234437198	S3-667045267	S3	B		
S1-511388403	S3-247171041	S3	B		
S1-356244987	S3-713786719	S3	B		
S1-880497172	S2-328531682	S2	D		39.0
S1-907102985	S2-728756194	S2	B		
S1-907102985	S2-130880493	S2	B		
S1-709953132	S3-820613818	S3	D		69.0
S1-787181809	S2-188383693	S2	B		
S1-787181809	S2-697760432	S2	D		38.0
S1-225318115	S2-230790968	S2	D		59.0
S1-677218174	S2-657766626	S2	D		43.0
S1-507711091	S2-692460496	S2	D		66.0
S1-37783236	S3-676321433	S3	B		
S1-182989353	S3-848789842	S3	B		
S1-656010044	S2-735504038	S2	B		
S1-568887110	S3-439716260	S3	B		
S1-141043631	S2-743651052	S2	D		35.0
S1-153092128	S2-653293419	S2	B		
S1-775360127	S2-492248622	S2	D		84.0
S1-696561321	S3-797667925	S3	D		40.0
S1-46809405	S3-366095828	S3	A		
S1-779678822	S2-141928667	S2	D		50.0
S1-212206797	S3-513119948	S3	E	rank 28 <= topk but missing from candidates	
S1-871785372	S3-461504388	S3	B		
S1-997168834	S2-51452381	S2	B		
S1-804413718	S3-111310641	S3	D		41.0
S1-529644479	S2-107619564	S2	B		
S1-786138952	S2-798664420	S2	B		
S1-17357278	S3-577632655	S3	B		
S1-14161680	S3-449452709	S3	B		
S1-346706931	S3-23065241	S3	B		
S1-291983930	S2-704581984	S2	B		
S1-234554185	S2-565510940	S2	B		
S1-309524583	S3-336124278	S3	B		
S1-904761931	S2-30923442	S2	B		
S1-547643963	S2-794215979	S2	B		
S1-484659365	S3-66009550	S3	B		
S1-901107061	S3-381378661	S3	E	rank 25 <= topk but missing from candidates	
S1-916926941	S2-333112042	S2	D		37.0
S1-916926941	S3-480892438	S3	D		36.0
S1-560220771	S2-251156648	S2	E	rank 27 <= topk but missing from candidates	
S1-560220771	S2-773316983	S2	D		61.0
S1-686045986	S3-897953088	S3	A		
S1-686045986	S2-690164373	S2	A		
S1-541235918	S2-925738238	S2	B		
S1-463377891	S2-667638979	S2	B		
S1-590903108	S3-899742117	S3	B		
S1-370242333	S2-81748017	S2	B		
S1-398819844	S3-229603751	S3	D		39.0
S1-402955520	S3-933802670	S3	B		
S1-58045829	S3-307546637	S3	D		36.0
S1-511480005	S2-461751981	S2	A		
S1-93144444	S2-77295672	S2	A		
S1-734679368	S3-59894373	S3	B		
S1-917842279	S2-140990043	S2	B		
S1-975895304	S3-963899685	S3	B		
S1-121190115	S2-434841199	S2	B		
S1-577174878	S2-428992320	S2	D		62.0
S1-410481266	S3-59400643	S3	D		67.0
S1-879264715	S2-597425945	S2	E	rank 13 <= topk but missing from candidates	
S1-879264715	S3-751649127	S3	B		
S1-733104941	S2-3008218	S2	A		
S1-460691767	S3-442462471	S3	B		
S1-528218710	S3-174435227	S3	B		
S1-131143183	S2-677932993	S2	B		
S1-611974312	S3-353320653	S3	D		46.0
S1-713906732	S2-148545515	S2	B		
S1-602633348	S2-735849655	S2	D		100.0
S1-638634908	S2-771742005	S2	D		55.0
S1-187299577	S2-239570286	S2	B		
S1-910678005	S3-868214671	S3	B		
S1-261255823	S3-262891496	S3	B		
S1-614767405	S3-11615439	S3	B		
S1-675693572	S3-299998330	S3	D		41.0
S1-213693378	S2-464298920	S2	A		
S1-980911620	S2-298417348	S2	B		
S1-717341616	S3-43569444	S3	D		112.0
S1-68352667	S2-221553790	S2	B		
S1-207114608	S3-526027371	S3	D		69.0
S1-479499953	S3-450268897	S3	A		
S1-831919391	S3-783139363	S3	B		
S1-616537359	S3-272382098	S3	B		
S1-635316471	S2-781232076	S2	B		
S1-943490224	S2-295539588	S2	D		55.0
S1-943490224	S2-396872891	S2	B		
S1-91513945	S3-298727381	S3	B		
S1-269790942	S2-470780445	S2	D		36.0
S1-612473855	S2-929324689	S2	B		
S1-364994597	S3-210446344	S3	B		
S1-255910947	S3-565771692	S3	B		
S1-337129818	S2-988881508	S2	B		
S1-713785739	S3-554113126	S3	B		
S1-437030857	S3-709162547	S3	E	rank 25 <= topk but missing from candidates	
S1-1731757	S3-4086286	S3	A		
S1-225708934	S3-584863816	S3	D		68.0
S1-955508820	S2-501809137	S2	D		50.0
S1-470708888	S2-143942061	S2	B		
S1-425245150	S2-33379555	S2	B		
S1-478199493	S3-973729399	S3	B		
S1-542281801	S3-65154121	S3	D		52.0
S1-918639590	S3-697123285	S3	D		48.0
S1-147622357	S3-47808379	S3	A		
S1-937623158	S3-467186874	S3	B		
S1-426000063	S2-720948021	S2	B		
S1-414620373	S3-531684202	S3	D		39.0
S1-852062175	S2-608481089	S2	D		76.0
S1-364727725	S3-623739917	S3	D		96.0
S1-683365834	S3-640194346	S3	D		97.0
S1-173100084	S2-257903122	S2	D		33.0
S1-987383945	S3-430618186	S3	B		
S1-287706632	S3-758967090	S3	B		
S1-230797396	S3-98885591	S3	B		
S1-515068420	S3-386599237	S3	D		33.0
S1-136224555	S2-460473202	S2	B		
S1-37539666	S2-561970647	S2	A		
S1-367128781	S3-989133284	S3	B		
S1-266371280	S3-380297966	S3	B		
S1-39951181	S3-368674782	S3	A		
S1-327945732	S3-503031414	S3	E	rank 28 <= topk but missing from candidates	
S1-890385840	S3-492728856	S3	B		
S1-802211713	S2-264428461	S2	B		
S1-583175467	S2-948490551	S2	B		
S1-333201362	S3-616761805	S3	D		39.0
S1-446533540	S3-457788241	S3	D		34.0
S1-446533540	S3-147359787	S3	B		
S1-446533540	S3-457219739	S3	D		35.0
S1-63279188	S2-996392076	S2	B		
S1-63279188	S3-554613390	S3	D		54.0
S1-225128427	S2-275521680	S2	A		
S1-257613369	S3-468340341	S3	D		62.0
S1-488301474	S2-69119286	S2	B		
S1-210126441	S3-327778815	S3	B		
S1-210126441	S3-63568063	S3	B		
S1-627885555	S3-436141416	S3	D		65.0
S1-267343626	S2-872253230	S2	D		34.0
S1-267343626	S2-652981747	S2	D		32.0
S1-267343626	S2-531266807	S2	B		
S1-6339509	S3-233129285	S3	B		
S1-190486016	S2-429082579	S2	B		
S1-385568250	S2-474137930	S2	A		
S1-810101473	S2-624453066	S2	E	rank 22 <= topk but missing from candidates	
S1-354286561	S2-443289456	S2	B		
S1-290594651	S3-747290729	S3	B		
S1-124533097	S2-680941033	S2	B		
S1-715736824	S3-254624220	S3	B		
S1-452484579	S2-788013326	S2	B		
S1-203765012	S3-385429661	S3	A		
S1-958995869	S3-898181543	S3	B		
S1-58144039	S3-699718514	S3	B		
S1-541125152	S2-494730820	S2	D		37.0
S1-794206777	S2-281196640	S2	B		
S1-425517918	S2-140060210	S2	B		
S1-265825533	S3-254564608	S3	E	rank 6 <= topk but missing from candidates	
S1-402708402	S3-886513008	S3	B		
S1-952890029	S2-287699932	S2	D		59.0
S1-486345548	S3-331005042	S3	E	rank 8 <= topk but missing from candidates	
S1-153594873	S2-828794086	S2	B		
S1-584203313	S3-734276813	S3	B		
S1-615816948	S2-133478426	S2	B		
S1-974185132	S3-397536321	S3	B		
S1-597345538	S2-222568892	S2	B		
S1-704039486	S2-338502680	S2	B		
S1-483366848	S2-221319082	S2	D		50.0
S1-999896780	S2-73618542	S2	B		
S1-673235499	S2-915235211	S2	D		47.0
S1-673235499	S3-731277404	S3	D		49.0
S1-792759385	S2-510684153	S2	B		
S1-112810476	S3-577561100	S3	A		
S1-750218650	S2-277851647	S2	E	rank 28 <= topk but missing from candidates	
S1-946418092	S2-930033935	S2	D		35.0
S1-671591631	S2-824867141	S2	B		
S1-324868566	S3-319996022	S3	B		
S1-875843129	S2-570252827	S2	B		
S1-828627887	S2-201954135	S2	B		
S1-116075906	S2-190205564	S2	B		
S1-241484133	S3-258128630	S3	B		
S1-459504938	S2-654911692	S2	B		
S1-427928515	S3-836108214	S3	B		
S1-625228896	S2-805793260	S2	B		
S1-356135755	S2-386325025	S2	D		34.0
S1-356135755	S2-626210018	S2	D		36.0
S1-356135755	S2-983928002	S2	D		35.0
S1-397404353	S3-866356513	S3	B		
S1-746012723	S3-580624721	S3	B		
S1-746012723	S2-881166575	S2	D		31.0
S1-795442430	S2-680080064	S2	D		120.0
S1-413646573	S2-766255629	S2	D		34.0
S1-315514551	S2-278904070	S2	A		
S1-142618039	S3-654984906	S3	B		
S1-789735385	S3-265167774	S3	D		81.0
S1-524477222	S3-245812055	S3	B		
S1-522466758	S2-858588	S2	B		
S1-767091190	S2-995315904	S2	B		
S1-582690145	S2-590362322	S2	D		90.0
S1-710083813	S3-185489379	S3	B		
S1-371046238	S2-617509866	S2	D		39.0
S1-87157603	S2-542114087	S2	D		50.0
S1-589794173	S2-908786770	S2	A		
S1-899409256	S2-256799778	S2	B		
S1-364828224	S3-208871361	S3	A		
S1-478347574	S2-596249913	S2	D		79.0
S1-822914400	S2-987002155	S2	B		
S1-397081545	S2-368418225	S2	B		
S1-366605381	S2-221928070	S2	B		
S1-102305575	S3-405352076	S3	D		55.0
S1-428349139	S3-881782227	S3	B		
S1-428349139	S3-999754725	S3	B		
S1-922738644	S3-228154222	S3	B		
S1-372403481	S3-885319092	S3	B		
S1-75442282	S2-546992979	S2	B		
S1-721898139	S2-382184856	S2	D		45.0
S1-254434396	S2-871353347	S2	B		
S1-254434396	S2-903572395	S2	B		
S1-357609687	S2-59088036	S2	E	rank 16 <= topk but missing from candidates	
S1-357609687	S2-182621302	S2	D		32.0
S1-747204765	S3-253417996	S3	D		62.0
S1-218744607	S3-157130058	S3	D		37.0
S1-429912878	S2-964779854	S2	B		
S1-429912878	S2-317377850	S2	B		
S1-963171553	S3-227193434	S3	D		33.0
S1-428788627	S3-549524008	S3	B		
S1-738864287	S2-855858803	S2	B		
S1-139384949	S3-384115077	S3	B		
S1-442903295	S3-748765454	S3	B		
S1-107066025	S2-250230870	S2	D		46.0
S1-262483753	S2-599624303	S2	D		37.0
S1-339809523	S2-692420656	S2	D		50.0
S1-853737461	S3-11883611	S3	D		64.0
S1-14071102	S3-339817700	S3	B		
S1-14071102	S3-391803913	S3	A		
S1-735438875	S2-354861110	S2	B		
S1-853555319	S2-586767413	S2	D		48.0
S1-35940565	S3-747430135	S3	D		59.0
S1-467217226	S2-152261862	S2	B		
S1-94728670	S3-896269014	S3	B		
S1-727574507	S2-879915094	S2	D		60.0
S1-259417735	S3-270310849	S3	D		37.0
S1-586124840	S3-339665649	S3	B		
S1-888129240	S3-9038577	S3	B		
S1-717116284	S3-677210299	S3	D		77.0
S1-339767234	S2-683065151	S2	B		
S1-764756757	S3-687375754	S3	B		
S1-597108600	S3-544175144	S3	D		31.0
S1-422337371	S2-28940556	S2	E	rank 30 <= topk but missing from candidates	
S1-747583991	S3-741320280	S3	B		
S1-426329725	S2-810875850	S2	B		
S1-178995833	S3-512617823	S3	B		
S1-614531092	S2-728009723	S2	B		
S1-614531092	S3-760298006	S3	E	rank 17 <= topk but missing from candidates	
S1-480994762	S2-314598253	S2	B		
S1-480994762	S3-303694383	S3	B		
S1-841537095	S2-355734914	S2	B		
S1-552322745	S3-45855765	S3	D		48.0
S1-243601682	S2-8384564	S2	B		
S1-126942550	S3-325417687	S3	D		31.0
S1-322079034	S2-772365744	S2	D		75.0
S1-233962412	S2-874153467	S2	B		
S1-784069290	S3-227628838	S3	B		
S1-784069290	S3-923866548	S3	B		
S1-138158043	S3-138673775	S3	B		
S1-179803320	S3-447657151	S3	B		
S1-587543560	S3-716582912	S3	B		
S1-416890729	S2-168212054	S2	B		
S1-574238792	S3-717675145	S3	D		32.0
S1-335956947	S3-451845166	S3	E	rank 21 <= topk but missing from candidates	
S1-195497137	S3-872605220	S3	E	rank 30 <= topk but missing from candidates	
S1-651396854	S3-495371191	S3	B		
S1-311383339	S3-990641174	S3	B		
S1-496969887	S3-322130108	S3	D		34.0
S1-604699264	S2-581670560	S2	D		44.0
S1-613141609	S2-438670228	S2	D		37.0
S1-613141609	S2-460092740	S2	D		39.0
S1-613141609	S3-158163051	S3	D		38.0
S1-359568933	S2-999322553	S2	B		
S1-776453630	S2-116320083	S2	D		36.0
S1-776453630	S2-757081968	S2	D		32.0
S1-421250879	S3-35661357	S3	B		
S1-717927429	S2-456545277	S2	B		
S1-717927429	S3-550855529	S3	B		
S1-499738675	S3-450093976	S3	B		
S1-508377898	S2-265377487	S2	B		
S1-727157430	S3-380984118	S3	D		75.0
S1-140491849	S2-519188645	S2	D		39.0
S1-467401846	S2-665281537	S2	D		38.0
S1-188163563	S2-692110398	S2	D		54.0
S1-141523310	S3-297281115	S3	B		
S1-187654755	S2-514920801	S2	B		
S1-74625959	S2-973130282	S2	B		
S1-360474425	S2-989557957	S2	B		
S1-932806904	S3-736701304	S3	B		
S1-239161033	S3-369257693	S3	D		37.0
S1-799912585	S3-605432680	S3	B		
S1-657860870	S2-280183359	S2	D		31.0
S1-657860870	S2-416901435	S2	B		
S1-27959292	S2-793204710	S2	A		
S1-784994345	S3-969744755	S3	E	rank 26 <= topk but missing from candidates	
S1-784994345	S3-66687481	S3	D		51.0
S1-464546434	S3-432083462	S3	B		
S1-790821654	S3-836344621	S3	E	rank 30 <= topk but missing from candidates	
S1-35197333	S3-605436806	S3	D		36.0
S1-876349830	S2-195726580	S2	D		37.0
S1-995549265	S2-718613990	S2	D		60.0
S1-639988625	S2-442652671	S2	D		41.0
S1-671581549	S3-91278300	S3	D		34.0
S1-299367178	S2-250009064	S2	A		
S1-492121006	S2-260816552	S2	B		
S1-500276242	S3-181700801	S3	B		
S1-652255282	S2-513871690	S2	D		40.0
S1-652255282	S3-328866525	S3	D		49.0
S1-142239285	S2-83508305	S2	B		
S1-3604177	S2-643015918	S2	B		
S1-108579557	S2-325864475	S2	B		
S1-786926871	S3-956811631	S3	B		
S1-579317839	S3-405901400	S3	B		
S1-206989466	S2-980175989	S2	B		
S1-36342070	S3-249419925	S3	B		
S1-992672673	S3-379549089	S3	B		
S1-215414104	S2-292033467	S2	B		
S1-246430487	S3-632054450	S3	D		42.0
S1-1279235	S2-537802813	S2	B		
S1-898776147	S2-298598313	S2	D		56.0
S1-386371806	S2-21786697	S2	B		
S1-258946829	S3-330879683	S3	B		
S1-997654307	S3-446134498	S3	E	rank 22 <= topk but missing from candidates	
S1-94649494	S2-99694657	S2	A		
S1-651908742	S3-233993929	S3	B		
S1-508945567	S2-657415282	S2	D		136.0
S1-315304062	S2-427267612	S2	D		74.0
S1-863662497	S3-781585387	S3	B		
S1-746969706	S2-379486570	S2	B		
S1-114372918	S2-869427876	S2	D		40.0
S1-508987379	S3-122636771	S3	D		111.0
S1-835103243	S3-234354447	S3	B		
S1-420597443	S3-196048311	S3	A		
S1-45278941	S2-343404410	S2	D		34.0
S1-126392879	S2-647477245	S2	B		
S1-477183058	S2-641419225	S2	D		32.0
S1-161867251	S3-784724880	S3	E	rank 6 <= topk but missing from candidates	
S1-305519873	S2-768610645	S2	B		
S1-808342963	S2-802612911	S2	D		56.0
S1-72446221	S2-781364785	S2	B		
S1-918944120	S2-816955317	S2	B		
S1-216166340	S3-757464531	S3	B		
S1-189089031	S3-652028190	S3	B		
S1-265823947	S2-387480053	S2	D		102.0
S1-237538701	S2-445878837	S2	B		
S1-512799029	S3-44704427	S3	A		
S1-937973026	S2-728393480	S2	B		
S1-926411709	S2-224743016	S2	D		58.0
S1-375174464	S3-114757424	S3	A		
S1-375174464	S3-215227494	S3	B		
S1-178851880	S3-639285341	S3	D		54.0
S1-237742717	S3-192903247	S3	D		47.0
S1-745102352	S3-188100342	S3	B		
S1-899937437	S2-113822693	S2	D		41.0
S1-311605027	S2-384820785	S2	B		
S1-879037212	S3-588396349	S3	B		
S1-925091073	S2-178115407	S2	A		
S1-957027485	S3-551841520	S3	B		
S1-205985874	S2-560944294	S2	B		
S1-491012124	S3-486692596	S3	A		
S1-189897000	S3-139506702	S3	E	rank 30 <= topk but missing from candidates	
S1-592163548	S2-143479486	S2	B		
S1-429850243	S2-955911680	S2	D		111.0
S1-695117288	S3-240338777	S3	D		34.0
S1-695117288	S2-364327993	S2	D		35.0
S1-496722244	S3-78866379	S3	E	rank 26 <= topk but missing from candidates	
S1-805737460	S3-351809618	S3	B		
S1-996757797	S2-696647695	S2	B		
S1-516317816	S3-761628992	S3	B		
S1-577479764	S2-426673313	S2	D		79.0
S1-698013858	S2-946470132	S2	D		58.0
S1-698013858	S3-855985408	S3	D		91.0
S1-473166654	S2-213440326	S2	D		83.0
S1-842871771	S2-799224537	S2	B		
S1-87504276	S2-397130747	S2	B		
S1-918566434	S3-906356763	S3	B		
S1-275370749	S3-485243499	S3	D		99.0
S1-125027013	S3-61098136	S3	B		
S1-125027013	S3-825062013	S3	B		
S1-401021602	S2-618470384	S2	B		
S1-334938096	S2-890698381	S2	B		
S1-183626038	S2-258748593	S2	D		44.0
S1-916760999	S2-660710862	S2	B		
S1-397364987	S3-160592149	S3	D		37.0
S1-653326193	S2-673238090	S2	B		
S1-475816556	S2-287046582	S2	B		
S1-475816556	S2-545906889	S2	B		
S1-46409474	S3-366515988	S3	B		
S1-2813978	S2-653222801	S2	D		32.0
S1-274878662	S2-317545239	S2	B		
S1-296323261	S2-881176166	S2	D		53.0
S1-850373533	S2-382219196	S2	B		
S1-893002109	S3-534459026	S3	B		
S1-716485451	S2-187877339	S2	B		
S1-393429209	S3-331623412	S3	D		37.0
S1-306795264	S2-109368346	S2	D		52.0
S1-787967602	S3-363650514	S3	B		
S1-787967602	S2-692682739	S2	B		
S1-792105443	S2-751227844	S2	D		62.0
S1-341307422	S3-537356628	S3	B		
S1-223026155	S3-6264738	S3	B		
S1-649951448	S3-373183627	S3	A		
S1-11573842	S2-157509063	S2	B		
S1-809367891	S2-842266590	S2	B		
S1-597111947	S2-857643200	S2	D		57.0
S1-252602121	S3-754557184	S3	B		
S1-549402931	S2-300424434	S2	B		
S1-549402931	S2-837142006	S2	B		
S1-953010669	S2-276707196	S2	D		56.0
S1-60045345	S2-307993406	S2	A		
S1-864332737	S2-736133564	S2	B		
S1-993086112	S2-381158602	S2	B		
S1-31919986	S3-320655612	S3	B		
S1-31919986	S3-367990590	S3	D		37.0
S1-31919986	S3-303233591	S3	D		38.0
S1-136592473	S2-715583015	S2	D		32.0
S1-962559369	S2-350729484	S2	D		34.0
S1-852509256	S2-841293274	S2	D		59.0
S1-852509256	S3-576115557	S3	A		
S1-20017029	S3-521303232	S3	B		
S1-689814104	S3-155009901	S3	B		
S1-107873994	S2-66216199	S2	B		
S1-652927364	S2-681386990	S2	D		34.0
S1-315429766	S3-702680876	S3	D		59.0
S1-274586263	S3-467896571	S3	B		
S1-195884120	S3-691928403	S3	B		
S1-426749327	S2-102258657	S2	D		100.0
S1-57469005	S3-159853321	S3	B		
S1-376608440	S3-939351490	S3	B		
S1-811112745	S2-293033416	S2	B		
S1-399314055	S3-902077712	S3	E	rank 14 <= topk but missing from candidates	
S1-342675193	S2-859598552	S2	D		56.0
S1-941774508	S3-981472816	S3	D		32.0
S1-426430466	S3-548580287	S3	A		
S1-68737672	S2-989475752	S2	B		
S1-406180128	S2-107907638	S2	D		56.0
S1-272718689	S3-494067452	S3	D		50.0
S1-632560553	S2-114785754	S2	B		
S1-768955463	S2-884457889	S2	B		
S1-618146255	S3-922949381	S3	B		
S1-530224838	S2-285246999	S2	B		
S1-309636712	S2-861125753	S2	A		
S1-318725388	S3-609681767	S3	B		
S1-853007340	S2-876970862	S2	D		37.0
S1-662083195	S3-6766923	S3	B		
S1-315895770	S3-943480402	S3	A		
S1-315895770	S3-583588135	S3	A		
S1-411778891	S2-478389379	S2	B		
S1-580186331	S2-720030937	S2	D		52.0
S1-272337573	S2-902283926	S2	D		103.0
S1-224420193	S2-66115786	S2	D		46.0
S1-665513216	S2-710311922	S2	B		
S1-490783057	S2-113291465	S2	A		
S1-30983743	S2-647839091	S2	B		
S1-746650130	S3-226715102	S3	B		
S1-822550117	S2-322350471	S2	A		
S1-110852113	S3-814820373	S3	A		
S1-188196676	S3-57464096	S3	B		
S1-37167988	S2-699988624	S2	B		
S1-853686314	S2-577987476	S2	D		63.0
S1-871925751	S3-108315900	S3	E	rank 18 <= topk but missing from candidates	
S1-535011878	S3-691174042	S3	B		
S1-885988979	S3-52818672	S3	B		
S1-913846258	S3-179728893	S3	A		
S1-58508912	S3-165030752	S3	D		34.0
S1-58508912	S2-821409607	S2	B		
S1-158464605	S2-12606613	S2	B		
S1-465561654	S3-533621139	S3	D		56.0
S1-679275311	S3-554460503	S3	B		
S1-962126207	S2-371035506	S2	B		
S1-948410343	S3-863002117	S3	B		
S1-921615722	S3-724415657	S3	D		54.0
S1-142030387	S3-815994903	S3	D		53.0
S1-669955204	S3-75751563	S3	D		41.0
S1-493521356	S3-390448443	S3	A		
S1-787501880	S3-631025451	S3	B		
S1-105766743	S2-792364288	S2	D		31.0
S1-46229376	S3-634276498	S3	B		
S1-615524531	S3-770472588	S3	B		
S1-405284670	S3-589357206	S3	D		94.0
S1-992038684	S3-269196145	S3	D		71.0
S1-206962329	S2-42336027	S2	D		100.0
S1-740886960	S2-147947125	S2	B		
S1-93458172	S3-632765795	S3	B		
S1-762787539	S2-223805874	S2	B		
S1-762787539	S3-256500968	S3	B		
S1-863847519	S2-180553608	S2	D		72.0
S1-635283168	S3-774378655	S3	E	rank 17 <= topk but missing from candidates	
S1-466558426	S3-516530031	S3	B		
S1-508239920	S3-479955899	S3	D		44.0
S1-296555680	S3-756465732	S3	B		
S1-480855600	S2-566979072	S2	B		
S1-334470585	S2-10269890	S2	B		
S1-260131186	S2-843220879	S2	B		
S1-856709574	S2-765593587	S2	B		
S1-856709574	S2-623809790	S2	B		
S1-414061034	S2-559189879	S2	B		
S1-430555668	S3-838647559	S3	B		
S1-772939696	S3-386222818	S3	B		
S1-450773974	S3-980747839	S3	B		
S1-208746753	S2-475322460	S2	D		40.0
S1-623795359	S3-379101448	S3	D		101.0
S1-51839138	S2-570111525	S2	B		
S1-21758002	S2-76157010	S2	B		
S1-78205714	S2-443879759	S2	B		
S1-851385474	S3-439290116	S3	E	rank 14 <= topk but missing from candidates	
S1-53894849	S2-185718211	S2	B		
S1-175455806	S3-245509258	S3	B		
S1-175455806	S2-886283141	S2	B		
S1-860747495	S2-896881426	S2	A		
S1-860747495	S2-74909829	S2	B		
S1-872144730	S2-884885071	S2	A		
S1-469545312	S2-610626339	S2	D		59.0
S1-623802828	S3-202900115	S3	B		
S1-83643470	S3-824416055	S3	D		60.0
S1-711552040	S2-798632673	S2	B		
S1-534093665	S3-727663856	S3	B		
S1-835911644	S3-712627329	S3	B		
S1-105210814	S2-377097289	S2	B		
S1-269857819	S2-67631096	S2	B		
S1-15671732	S2-820733589	S2	B		
S1-320862710	S3-326913972	S3	D		40.0
S1-499108546	S3-668257697	S3	D		59.0
S1-634677082	S3-727100666	S3	B		
S1-908743489	S3-996304712	S3	D		73.0
S1-460367162	S2-969500146	S2	B		
S1-79751771	S3-996390380	S3	A		
S1-306634109	S2-848430283	S2	D		103.0
S1-298226950	S2-47373663	S2	D		41.0
S1-425324575	S3-811322396	S3	D		58.0
S1-153401997	S2-397422733	S2	D		48.0
S1-153401997	S3-401568026	S3	B		
S1-52542576	S2-696210534	S2	B		
S1-818696354	S2-389305423	S2	B		
S1-233585923	S2-924678888	S2	D		125.0
S1-233585923	S3-405510458	S3	B		
S1-162430663	S2-990706340	S2	B		
S1-230865501	S2-918456506	S2	D		35.0
S1-873138579	S3-206690585	S3	D		57.0
S1-851608619	S2-125584359	S2	D		131.0
S1-851608619	S2-789941754	S2	D		96.0
S1-518454047	S3-874310016	S3	E	rank 26 <= topk but missing from candidates	
S1-268119966	S2-667841264	S2	B		
S1-717176884	S3-38709625	S3	D		41.0
S1-532405009	S3-881229367	S3	A		
S1-424542093	S3-826654916	S3	D		35.0
S1-814367324	S2-267894456	S2	B		
S1-814367324	S3-556986846	S3	B		
S1-20590247	S3-148452720	S3	B		
S1-448106330	S3-771501180	S3	B		
S1-412608453	S2-112683029	S2	D		32.0
S1-412608453	S2-159066254	S2	D		31.0
S1-337272129	S2-241774387	S2	B		
S1-337937986	S3-449626232	S3	D		50.0
S1-504089548	S2-348150302	S2	B		
S1-914571	S2-552984130	S2	B		
S1-458948328	S2-173267595	S2	D		84.0
S1-738053526	S3-69203510	S3	D		47.0
S1-356103030	S2-529599121	S2	B		
S1-72728613	S3-979755940	S3	D		95.0
S1-935623466	S3-75774684	S3	B		
S1-972732521	S3-178423076	S3	D		70.0
S1-230317163	S3-147549226	S3	B		
S1-761471886	S2-706678357	S2	B		
S1-912809570	S3-695762672	S3	D		54.0
S1-354725408	S3-152288543	S3	B		
S1-935627940	S2-212409396	S2	B		
S1-416240241	S2-773681158	S2	B		
S1-156551011	S2-492414970	S2	D		43.0
S1-245136862	S3-993042960	S3	B		
S1-508721643	S2-949820789	S2	D		47.0
S1-608971364	S3-356919139	S3	D		44.0
S1-568944944	S2-898545443	S2	D		33.0
S1-862385277	S2-626916178	S2	B		
S1-862385277	S2-465947243	S2	B		
S1-760521863	S3-721857800	S3	B		
S1-784306008	S2-476899344	S2	B		
S1-222750165	S2-938660095	S2	B		
S1-252361511	S3-704314356	S3	B		
S1-960021670	S2-912073229	S2	B		
S1-487891560	S2-476939328	S2	D		31.0
S1-90529660	S2-698534734	S2	B		
S1-273700712	S2-196740073	S2	D		43.0
S1-13510015	S3-756804216	S3	B		
S1-13510015	S3-81097449	S3	B		
S1-918409327	S3-34836963	S3	B		
S1-74280122	S3-51447366	S3	B		
S1-682895115	S2-659747302	S2	B		
S1-276723236	S2-879816040	S2	D		32.0
S1-362764589	S3-757165507	S3	B		
S1-991062454	S3-335627834	S3	B		
S1-999404338	S3-989076212	S3	D		45.0
S1-465490291	S2-688702410	S2	D		40.0
S1-465490291	S3-162369472	S3	B		
S1-422553832	S3-508192860	S3	B		
S1-9858925	S2-159123212	S2	B		
S1-763793588	S3-893697295	S3	B		
S1-565108531	S2-763979140	S2	B		
S1-212171409	S3-977117699	S3	B		
S1-544087667	S3-291648340	S3	D		92.0
S1-388106313	S2-760299117	S2	A		
S1-231469913	S2-791937266	S2	B		
S1-977793116	S2-313154651	S2	B		
S1-379847522	S2-358056365	S2	D		56.0
S1-13239752	S2-231862033	S2	B		
S1-341671476	S2-274840185	S2	B		
S1-253713946	S3-67476429	S3	D		33.0
S1-864922921	S2-62068170	S2	D		156.0
S1-786832969	S2-172733692	S2	D		100.0
S1-633960891	S2-944128357	S2	D		55.0
S1-600218080	S2-115251127	S2	E	rank 26 <= topk but missing from candidates	
S1-742140784	S2-198898139	S2	B		
S1-485209120	S3-115165067	S3	D		58.0
S1-30449546	S2-121633639	S2	B		
S1-774612911	S3-879799963	S3	B		
S1-549048171	S2-248734411	S2	B		
S1-350605191	S2-741268234	S2	D		103.0
S1-523779219	S3-894274670	S3	D		34.0
S1-523779219	S3-28290885	S3	E	rank 22 <= topk but missing from candidates	
S1-523779219	S2-143870220	S2	D		35.0
S1-509902511	S3-488976927	S3	D		65.0
S1-202199777	S2-666134637	S2	B		
S1-755680011	S2-377465455	S2	E	rank 15 <= topk but missing from candidates	
S1-543174118	S2-485129104	S2	D		36.0
S1-543174118	S3-314102609	S3	E	rank 26 <= topk but missing from candidates	
S1-253620537	S2-803380687	S2	D		36.0
S1-535664850	S2-627636278	S2	B		
S1-874818363	S2-349141643	S2	A		
S1-998044526	S2-599249430	S2	B		
S1-130564895	S2-489204322	S2	B		
S1-934848042	S3-911287229	S3	B		
S1-934848042	S3-431879768	S3	B		
S1-33756235	S2-510918644	S2	B		
S1-443345742	S2-893613775	S2	B		
S1-274089251	S2-924374733	S2	D		62.0
S1-632630409	S2-948385748	S2	D		48.0
S1-632630409	S2-110022502	S2	D		49.0
S1-632630409	S3-743367251	S3	B		
S1-632630409	S3-237025072	S3	D		42.0
S1-885980964	S2-419732845	S2	D		44.0
S1-885980964	S2-322477462	S2	D		32.0
S1-760718965	S2-264098913	S2	B		
S1-617583817	S2-43590825	S2	B		
S1-644283435	S3-185451005	S3	B		
S1-349019754	S2-800566391	S2	A		
S1-508951622	S3-958642971	S3	B		
S1-953642780	S3-17603838	S3	B		
S1-518902115	S3-34448748	S3	B		
S1-38979787	S3-184600987	S3	B		
S1-806637133	S2-681222417	S2	E	rank 13 <= topk but missing from candidates	
S1-617829764	S2-300838090	S2	B		
S1-141108613	S2-61730870	S2	B		
S1-441651434	S2-586956845	S2	B		
S1-606579724	S3-628852546	S3	D		47.0
S1-27527611	S2-4853738	S2	B		
S1-927864124	S3-773417466	S3	D		33.0
S1-821533066	S2-590165178	S2	E	rank 28 <= topk but missing from candidates	
S1-463761042	S3-598400444	S3	B		
S1-463761042	S3-438033546	S3	B		
S1-463761042	S2-63717315	S2	B		
S1-2238135	S2-261526984	S2	B		
S1-288967046	S2-682760612	S2	D		39.0
S1-288967046	S2-797182475	S2	B		
S1-996764123	S3-586357959	S3	B		
S1-228847582	S3-117490007	S3	D		35.0
S1-361035243	S3-691779934	S3	B		
S1-773578261	S2-814483591	S2	B		
S1-439914990	S2-961696493	S2	B		
S1-296905053	S2-555027443	S2	B		
S1-868776988	S3-593132011	S3	D		48.0
S1-571566267	S2-849252538	S2	B		
S1-390819486	S3-214691831	S3	B		
S1-841955390	S2-731782136	S2	B		
S1-841955390	S3-734226568	S3	B		
S1-11568747	S3-837122684	S3	B		
S1-388555706	S2-548001533	S2	D		31.0
S1-968369268	S3-665804196	S3	B		
S1-397161488	S2-724620650	S2	B		
S1-900775707	S2-934785009	S2	D		45.0
S1-939933761	S3-283075625	S3	E	rank 28 <= topk but missing from candidates	
S1-352400480	S2-752016059	S2	B		
S1-990868624	S3-332530983	S3	A		
S1-881193758	S2-172496352	S2	B		
S1-665577432	S2-977570256	S2	D		50.0
S1-982657698	S3-39301681	S3	B		
S1-314584867	S3-730311631	S3	D		95.0
S1-314584867	S3-115403457	S3	D		99.0
S1-810060403	S3-271497418	S3	E	rank 13 <= topk but missing from candidates	
S1-480372023	S2-56525406	S2	D		94.0
S1-480372023	S2-850046266	S2	B		
S1-985661922	S2-995005400	S2	D		35.0
S1-165678164	S3-389817184	S3	A		
S1-632363195	S2-244791677	S2	D		75.0
S1-452675692	S3-532039457	S3	B		
S1-528576902	S2-348985154	S2	B		
S1-461951140	S2-744079037	S2	B		
S1-508031206	S2-526199071	S2	D		41.0
S1-779460474	S3-928434095	S3	B		
S1-80473235	S2-382138125	S2	E	rank 29 <= topk but missing from candidates	
S1-303799385	S3-57701164	S3	B		
S1-833109893	S3-719672884	S3	E	rank 29 <= topk but missing from candidates	
S1-532881377	S2-934946400	S2	B		
S1-218835175	S3-314544355	S3	B		
S1-634890641	S3-903846606	S3	B		
S1-188896983	S3-375489983	S3	E	rank 6 <= topk but missing from candidates	
S1-844695327	S2-130584338	S2	B		
S1-463759724	S2-459889783	S2	B		
S1-750986324	S3-891497241	S3	D		64.0
S1-242773813	S3-962011932	S3	B		
S1-88153142	S3-555418612	S3	B		
S1-705414302	S3-473446226	S3	B		
S1-513653193	S3-989556627	S3	D		81.0
S1-211549149	S3-222696670	S3	D		72.0
S1-577068041	S3-1624805	S3	D		33.0
S1-709408614	S2-718547417	S2	D		47.0
S1-875673782	S3-436283491	S3	D		83.0
S1-454032052	S2-231805845	S2	A		
S1-783203060	S3-411263096	S3	A		
S1-272200667	S3-472832631	S3	B		
S1-394087393	S3-547322880	S3	B		
S1-326883184	S3-148539586	S3	A		
S1-326883184	S3-800555136	S3	A		
S1-788958583	S2-278503631	S2	D		54.0
S1-360909073	S2-89638992	S2	B		
S1-273535303	S2-700535135	S2	B		
S1-574994830	S2-758990153	S2	B		
S1-337342312	S3-494340572	S3	B		
S1-489469378	S2-349214144	S2	B		
S1-244068037	S3-543791725	S3	B		
S1-343055036	S2-971798399	S2	E	rank 24 <= topk but missing from candidates	
S1-477873527	S2-405591659	S2	B		
S1-788400434	S3-201503300	S3	B		
S1-147559530	S2-827673006	S2	B		
S1-910874256	S2-362032717	S2	B		
S1-892052747	S2-300567006	S2	D		56.0
S1-270938060	S2-368863809	S2	A		
S1-914296404	S2-319664911	S2	D		36.0
S1-483144212	S3-473622450	S3	B		
S1-364991590	S3-636278021	S3	D		52.0
S1-831839388	S3-909998242	S3	D		38.0
S1-842957114	S2-735019976	S2	B		
S1-912906059	S3-484469913	S3	B		
S1-912906059	S3-942839704	S3	D		121.0
S1-968306313	S2-624092854	S2	B		
S1-574334304	S3-997389659	S3	E	rank 14 <= topk but missing from candidates	
S1-991477674	S3-80133165	S3	D		38.0
S1-948238810	S3-13871956	S3	D		37.0
S1-483397175	S3-437673606	S3	B		
S1-998890449	S3-569544420	S3	D		49.0
S1-681140136	S3-426219022	S3	B		
S1-443419337	S2-315033620	S2	B		
S1-675522066	S2-858276185	S2	B		
S1-552814854	S2-652703706	S2	B		
S1-552814854	S2-451808061	S2	B		
S1-948288763	S3-325559569	S3	B		
S1-805053083	S3-920808765	S3	A		
S1-182705066	S3-124814543	S3	A		
S1-601411371	S2-153962938	S2	E	rank 30 <= topk but missing from candidates	
S1-367082836	S3-300863606	S3	B		
S1-738610703	S2-43114008	S2	B		
S1-329069897	S3-38800151	S3	D		55.0
S1-983172300	S3-728333910	S3	B		
S1-43472968	S2-323168241	S2	B		
S1-43472968	S3-162359813	S3	D		119.0
S1-809511546	S3-441151441	S3	E	rank 14 <= topk but missing from candidates	
S1-160109977	S3-646675336	S3	B		
S1-357987534	S3-564743650	S3	D		69.0
S1-441688010	S3-72397754	S3	B		
S1-885821769	S3-322627696	S3	B		
S1-729057893	S3-383148425	S3	B		
S1-363596796	S3-382946100	S3	E	rank 24 <= topk but missing from candidates	
S1-529355566	S3-317204729	S3	B		
S1-191582817	S3-968910226	S3	B		
S1-765949335	S2-619632030	S2	B		
S1-774270681	S3-365335091	S3	D		75.0
S1-936119005	S3-186710889	S3	B		
S1-651568556	S2-521419170	S2	E	rank 28 <= topk but missing from candidates	
S1-258338009	S2-198982401	S2	D		47.0
S1-792505899	S2-362826254	S2	B		
S1-267798774	S3-228418726	S3	D		37.0
S1-659903408	S3-571230978	S3	D		59.0
S1-426844979	S3-409397918	S3	B		
S1-318749106	S3-916543250	S3	E	rank 15 <= topk but missing from candidates	
S1-742483137	S2-79258403	S2	B		
S1-384436607	S3-869134045	S3	B		
S1-384436607	S2-568660827	S2	B		
S1-474683219	S2-321287316	S2	D		48.0
S1-474683219	S2-125054119	S2	E	rank 11 <= topk but missing from candidates	
S1-920487543	S3-317888437	S3	B		
S1-125666996	S3-68821798	S3	B		
S1-24814157	S2-733728896	S2	B		
S1-878392069	S3-775221793	S3	D		50.0
S1-878392069	S3-940093869	S3	D		49.0
S1-83954091	S2-431949188	S2	D		37.0
S1-83954091	S3-453588491	S3	D		40.0
S1-108659295	S3-493975714	S3	D		56.0
S1-146243487	S3-742815870	S3	D		37.0
S1-146243487	S3-489488797	S3	A		
S1-41852095	S3-440285011	S3	D		73.0
S1-41852095	S2-172938871	S2	D		70.0
S1-542784628	S3-690923976	S3	B		
S1-995097244	S2-478064573	S2	B		
S1-828100883	S2-431561042	S2	B		
S1-19660693	S3-838344519	S3	B		
S1-19660693	S2-514639144	S2	B		
S1-134107851	S2-374306813	S2	B		
S1-679102347	S3-825770691	S3	B		
S1-991649810	S3-428031162	S3	D		42.0
S1-181282041	S2-796388724	S2	D		39.0
S1-367618271	S2-324245625	S2	D		34.0
S1-327745726	S3-651202749	S3	B		
S1-883405429	S2-180979734	S2	B		
S1-883405429	S2-766371866	S2	B		
S1-162784642	S2-430688309	S2	B		
S1-162784642	S2-243258615	S2	B		
S1-648376479	S3-87215067	S3	B		
S1-838381468	S2-358714851	S2	B		
S1-283123375	S3-922334670	S3	D		66.0
S1-456042975	S3-264846850	S3	B		
S1-900349364	S3-619937636	S3	B		
S1-833368012	S3-870766720	S3	A		
S1-839469970	S2-183711834	S2	D		53.0
S1-744340134	S2-121128722	S2	B		
S1-259955774	S3-956683100	S3	B		
S1-289021659	S3-697697930	S3	B		
S1-295926215	S3-65775986	S3	B		
S1-811293795	S2-207762384	S2	B		
S1-973950251	S2-767533489	S2	B		
S1-44473655	S2-431589427	S2	B		
S1-79384357	S3-793324772	S3	D		34.0
S1-79384357	S3-714814151	S3	D		81.0
S1-890229773	S2-241318415	S2	B		
S1-665666207	S2-183912123	S2	D		56.0
S1-537602095	S3-557339755	S3	B		
S1-74365644	S2-919036728	S2	B		
S1-802008723	S3-892501309	S3	D		112.0
S1-878757152	S2-569229377	S2	D		79.0
S1-222045293	S2-147013685	S2	E	rank 20 <= topk but missing from candidates	
S1-731054324	S2-789127764	S2	B		
S1-379064075	S2-614374417	S2	B		
S1-518243474	S3-605703742	S3	B		
S1-329204669	S3-290806320	S3	B		
S1-483615425	S2-255489578	S2	E	rank 22 <= topk but missing from candidates	
S1-184170017	S3-418827282	S3	B		
S1-364267410	S2-602121016	S2	B		
S1-531055592	S3-196761192	S3	B		
S1-738643602	S2-93086342	S2	B		
S1-392514938	S3-739473672	S3	B		
S1-205626437	S2-656579249	S2	A		
S1-655944736	S2-617965928	S2	D		66.0
S1-160072755	S2-597329924	S2	B		
S1-796103172	S2-233302984	S2	B		
S1-609883631	S2-530174437	S2	B		
S1-4958288	S2-494114229	S2	D		52.0
S1-600028267	S3-677611334	S3	B		
S1-508309664	S2-921758763	S2	B		
S1-990779204	S3-593960072	S3	B		
S1-277911807	S3-732179042	S3	A		
S1-87291093	S2-532677263	S2	D		132.0
S1-861967785	S2-345650820	S2	B		
S1-655611317	S2-574222669	S2	A		
S1-383897771	S2-200854993	S2	E	rank 25 <= topk but missing from candidates	
S1-268987147	S2-683823710	S2	D		62.0
S1-931304339	S3-748703155	S3	D		61.0
S1-17298738	S3-915835732	S3	B		
S1-540186822	S2-721419968	S2	B		
S1-565401474	S3-602040828	S3	D		38.0
S1-996783468	S2-157884843	S2	B		
S1-602321905	S2-848935498	S2	B		
S1-135498952	S2-696295212	S2	A		
S1-29469143	S3-401809940	S3	B		
S1-913681554	S3-80836243	S3	D		32.0
S1-704937066	S3-779899	S3	A		
S1-855708923	S3-957292828	S3	B		
S1-531873707	S3-959727380	S3	D		61.0
S1-425045749	S3-787115838	S3	B		
S1-495246507	S2-243483178	S2	B		
S1-288841782	S3-311048993	S3	D		38.0
S1-545123396	S2-920664077	S2	B		
S1-545123396	S3-871966538	S3	B		
S1-622618468	S3-766373436	S3	D		31.0
S1-622618468	S3-493438796	S3	E	rank 30 <= topk but missing from candidates	
S1-622618468	S3-790782829	S3	D		57.0
S1-732353361	S2-416096882	S2	B		
S1-571368165	S3-782480045	S3	A		
S1-758702145	S3-698859822	S3	D		99.0
S1-267530688	S2-765219564	S2	D		54.0
S1-334648	S2-38345958	S2	B		
S1-334648	S2-191139442	S2	A		
S1-218932346	S3-39642371	S3	B		
S1-217644894	S3-553704242	S3	B		
S1-217644894	S3-399728528	S3	D		59.0
S1-217644894	S2-12862387	S2	B		
S1-232394863	S2-990597458	S2	B		
S1-439134572	S3-170577039	S3	D		81.0
S1-810193636	S3-691135895	S3	B		
S1-789661993	S2-7925252	S2	B		
S1-73743786	S2-541039819	S2	B		
S1-83503497	S3-146051750	S3	B		
S1-697605297	S3-713475231	S3	B		
S1-322879943	S2-410910173	S2	B		
S1-81324132	S3-531612124	S3	B		
S1-921369539	S3-90828048	S3	B		
S1-540312679	S3-475580977	S3	D		41.0
S1-540312679	S3-636074505	S3	D		43.0
S1-540312679	S2-515106478	S2	D		40.0
S1-611082801	S2-446231001	S2	E	rank 23 <= topk but missing from candidates	
S1-352105353	S3-585036177	S3	D		58.0
S1-352252758	S3-786611173	S3	A		
S1-352252758	S3-39628447	S3	A		
S1-510389471	S2-351241366	S2	D		69.0
S1-85575782	S3-966450394	S3	B		
S1-568373107	S3-908346802	S3	B		
S1-493700031	S3-992641034	S3	A		
S1-237502793	S2-135373812	S2	B		
S1-493393487	S2-75849661	S2	B		
S1-169856852	S3-289801192	S3	B		
S1-125479176	S3-338219569	S3	A		
S1-173214832	S3-197165959	S3	D		40.0
S1-642526878	S2-857675176	S2	A		
S1-719592968	S2-255626052	S2	B		
S1-54323281	S2-307041783	S2	D		52.0
S1-90574061	S3-785155277	S3	D		36.0
S1-898009087	S2-703502225	S2	B		
S1-140301380	S3-532292537	S3	D		33.0
S1-404418269	S2-40218957	S2	D		76.0
S1-801886079	S3-97225690	S3	B		
S1-633553720	S3-241931314	S3	B		
S1-916701765	S3-254111096	S3	B		
S1-367366485	S2-561016201	S2	D		35.0
S1-822456858	S2-384721965	S2	D		100.0
S1-898350484	S3-895102734	S3	A		
S1-898350484	S3-175531659	S3	A		
S1-7554441	S3-186603628	S3	B		
S1-621010977	S3-465163656	S3	D		53.0
S1-795704011	S2-291242677	S2	A		
S1-211455880	S3-943381900	S3	B		
S1-560279977	S2-782242246	S2	B		
S1-364631189	S3-756306372	S3	E	rank 20 <= topk but missing from candidates	
S1-295904383	S2-719619005	S2	A		
S1-295904383	S2-639902729	S2	A		
S1-902515351	S2-109800893	S2	B		
S1-467288774	S2-782344614	S2	D		50.0
S1-901626593	S3-615908217	S3	B		
S1-334602482	S3-381609786	S3	B		
S1-529616290	S3-430624429	S3	D		31.0
S1-529616290	S2-312177310	S2	D		32.0
S1-638086048	S3-395488862	S3	B		
S1-657405064	S3-4363457	S3	B		
S1-657405064	S3-416449835	S3	B		
S1-415205545	S3-727590531	S3	B		
S1-719021432	S3-305931470	S3	B		
S1-483676170	S2-766144595	S2	B		
S1-158604386	S3-403049209	S3	B		
S1-158604386	S2-799856515	S2	B		
S1-579951101	S2-847269888	S2	D		40.0
S1-762271604	S3-765562758	S3	B		
S1-389304014	S3-779833247	S3	B		
S1-389304014	S3-321712083	S3	B		
S1-389304014	S3-343567100	S3	D		31.0
S1-50677058	S3-706931977	S3	B		
S1-477039646	S3-826734504	S3	D		53.0
S1-97758784	S2-796891645	S2	D		74.0
S1-97758784	S2-760248595	S2	B		
S1-256665885	S2-435478003	S2	B		
S1-276359266	S3-636024600	S3	B		
S1-525326324	S3-610428870	S3	D		43.0
S1-425257735	S3-60575971	S3	B		
S1-306204291	S3-814548869	S3	B		
S1-44677689	S3-139220720	S3	B		
S1-477711575	S2-152461374	S2	B		
S1-357942200	S3-628992651	S3	B		
S1-177006502	S3-24845628	S3	D		33.0
S1-688710934	S2-581998631	S2	B		
S1-33051419	S2-74801201	S2	A		
S1-540927437	S3-75012935	S3	D		77.0
S1-621808643	S3-675067182	S3	B		
S1-933048082	S3-55014613	S3	B		
S1-377250389	S3-35898697	S3	D		37.0
S1-756911826	S2-713198548	S2	B		
S1-221763361	S2-347414158	S2	D		42.0
S1-495462442	S3-423307705	S3	B		
S1-597338170	S2-608933479	S2	D		67.0
S1-880664408	S3-889098659	S3	D		35.0
S1-943386421	S2-953650120	S2	B		
S1-616489340	S2-852196272	S2	B		
S1-125590592	S2-990926158	S2	D		72.0
S1-825095281	S2-299400021	S2	B		
S1-457481456	S2-351754943	S2	D		59.0
S1-660012193	S3-140227774	S3	E	rank 28 <= topk but missing from candidates	
S1-842548382	S2-374942970	S2	B		
S1-944512964	S3-547661857	S3	B		
S1-640028804	S3-147327153	S3	B		
S1-258089633	S3-427995299	S3	B		
S1-665093038	S2-106927705	S2	D		51.0
S1-718460720	S3-898695518	S3	A		
S1-611984986	S3-839853498	S3	B		
S1-283048677	S3-390480649	S3	B		
S1-85689295	S3-170659070	S3	B		
S1-223153997	S3-970440865	S3	B		
S1-217377312	S3-636983265	S3	B		
S1-217377312	S3-788972569	S3	D		61.0
S1-173233637	S3-501586917	S3	B		
S1-553666729	S3-562364720	S3	D		46.0
S1-553666729	S2-27948184	S2	D		39.0
S1-517961460	S2-161689268	S2	B		
S1-593457497	S3-602599663	S3	B		
S1-331449211	S3-833768905	S3	A		
S1-974604764	S3-320398894	S3	B		
S1-139077410	S2-931125846	S2	D		45.0
S1-268269154	S3-842642360	S3	B		
S1-121411904	S2-31514401	S2	B		
S1-174415774	S2-927340921	S2	E	rank 7 <= topk but missing from candidates	
S1-174415774	S2-841425009	S2	D		39.0
S1-817697394	S3-50315984	S3	B		
S1-817697394	S3-413340254	S3	B		
S1-523794694	S3-194229076	S3	B		
S1-445917727	S2-13169198	S2	D		186.0
S1-445917727	S2-250438221	S2	D		190.0
S1-634923030	S2-363409454	S2	D		35.0
S1-634923030	S3-439915806	S3	D		36.0
S1-541121711	S3-637186837	S3	D		91.0
S1-491515491	S2-921911430	S2	D		85.0
S1-491515491	S3-180815285	S3	D		60.0
S1-491515491	S3-210198041	S3	B		
S1-732487806	S2-289072087	S2	B		
S1-909677809	S2-697902620	S2	D		46.0
S1-360976139	S2-815002764	S2	D		38.0
S1-404349356	S3-564849668	S3	A		
S1-254917971	S3-752827706	S3	D		58.0
S1-343265544	S2-373178874	S2	D		39.0
S1-436498692	S3-794138340	S3	D		33.0
S1-436498692	S3-743983405	S3	D		36.0
S1-436498692	S2-968280329	S2	D		34.0
S1-199405335	S2-568415084	S2	D		112.0
S1-526544083	S3-975331889	S3	D		75.0
S1-646257350	S3-648552203	S3	D		32.0
S1-646257350	S2-2845286	S2	E	rank 23 <= topk but missing from candidates	
S1-475888190	S2-763285690	S2	B		
S1-283559279	S3-870067566	S3	D		40.0
S1-248503872	S3-221588537	S3	B		
S1-843361458	S2-715776976	S2	B		
S1-569921237	S2-598298971	S2	B		
S1-388021974	S3-223813428	S3	B		
S1-836359790	S3-813531253	S3	B		
S1-142350799	S2-558368870	S2	B		
S1-401548955	S3-241277578	S3	D		48.0
S1-634989214	S2-493195893	S2	B		
S1-720703255	S2-723587026	S2	B		
S1-986916863	S2-848910739	S2	D		44.0
S1-986916863	S2-669090927	S2	D		43.0
S1-361979461	S3-87424382	S3	D		38.0
S1-264856929	S3-579987077	S3	B		
S1-831689967	S2-988498002	S2	B		
S1-786196025	S2-894333179	S2	B		
S1-150204998	S2-977136150	S2	B		
S1-150204998	S3-930394804	S3	B		
S1-366370733	S2-328414637	S2	B		
S1-978785342	S2-63182656	S2	B		
S1-268088294	S3-48256116	S3	D		46.0
S1-297087341	S3-383908116	S3	E	rank 25 <= topk but missing from candidates	
S1-97658210	S2-913430176	S2	A		
S1-730704350	S2-709629981	S2	B		
S1-681620121	S2-530931291	S2	B		
S1-584934320	S3-232951487	S3	D		59.0
S1-327346092	S3-213171769	S3	A		
S1-992930833	S3-955458369	S3	B		
S1-672120303	S3-318651297	S3	D		49.0
S1-469810662	S3-584684435	S3	A		
S1-494054588	S2-852253837	S2	B		
S1-194050419	S3-65625342	S3	D		57.0
S1-55066940	S3-680493211	S3	B		
S1-74375596	S2-255531166	S2	D		44.0
S1-870361259	S2-285181699	S2	B		
S1-393841218	S3-380453828	S3	D		96.0
S1-866862937	S3-851479308	S3	E	rank 14 <= topk but missing from candidates	
S1-10060941	S3-772283339	S3	B		
S1-880672007	S2-44778990	S2	B		
S1-929744928	S3-411381772	S3	B		
S1-739310497	S2-723776927	S2	B		
S1-689040693	S2-175808763	S2	E	rank 12 <= topk but missing from candidates	
S1-148792557	S2-834873751	S2	B		
S1-310306388	S2-705634286	S2	B		
S1-454016849	S2-692934666	S2	B		
S1-64416936	S3-329611586	S3	B		
S1-191442890	S2-2629868	S2	B		
S1-707681808	S2-733758855	S2	A		
S1-627869140	S2-965160696	S2	B		
S1-369522959	S2-736273708	S2	B		
S1-369522959	S3-124645767	S3	B		
S1-884596754	S3-524348269	S3	B		
S1-51654293	S2-203575054	S2	B		
S1-926072360	S3-925123790	S3	B		
S1-921567939	S3-759220415	S3	B		
S1-921567939	S3-629620031	S3	D		36.0
S1-397891427	S2-302270292	S2	B		
S1-953191038	S2-942426470	S2	D		60.0
S1-836874320	S3-475124772	S3	A		
S1-208181857	S2-296812743	S2	A		
S1-18761476	S3-849544081	S3	D		48.0
S1-765499737	S3-446947618	S3	B		
S1-314421236	S2-128334178	S2	B		
S1-952772794	S3-492724660	S3	B		
S1-973140277	S2-851770211	S2	D		35.0
S1-601522210	S2-534669783	S2	B		
S1-608735057	S2-721119666	S2	B		
S1-590182494	S3-195626071	S3	D		45.0
S1-887259626	S2-327092907	S2	D		31.0
S1-651855211	S3-171257994	S3	B		
S1-612768327	S3-963728272	S3	D		46.0
S1-748996783	S2-71618140	S2	B		
S1-363762610	S3-691830241	S3	D		43.0
S1-989854830	S2-737098219	S2	A		
S1-319946213	S2-637318630	S2	B		
S1-780846931	S2-79026425	S2	A		
S1-562074496	S3-207922354	S3	B		
S1-562074496	S3-702908680	S3	B		
S1-939079355	S2-877072394	S2	B		
S1-591135655	S3-861269418	S3	B		
S1-591135655	S2-627260308	S2	E	rank 18 <= topk but missing from candidates	
S1-45780990	S2-318770379	S2	B		
S1-808424842	S3-192495171	S3	B		
S1-62064756	S2-973097294	S2	B		
S1-296847654	S3-117932136	S3	D		51.0
S1-782057533	S2-189113845	S2	D		42.0
S1-782057533	S3-239365866	S3	D		41.0
S1-209158534	S2-246374055	S2	D		41.0
S1-209158534	S3-500175725	S3	D		44.0
S1-436755958	S3-579131185	S3	A		
S1-686916003	S3-476873009	S3	B		
S1-926055986	S2-792153330	S2	B		
S1-631720293	S2-510213712	S2	B		
S1-118979603	S2-8319596	S2	E	rank 22 <= topk but missing from candidates	
S1-662668559	S2-392966270	S2	B		
S1-662668559	S3-743422264	S3	B		
S1-136666028	S3-607490949	S3	B		
S1-31853489	S2-646640403	S2	D		35.0
S1-338955586	S2-309693298	S2	D		66.0
S1-862559944	S2-889408843	S2	B		
S1-942143832	S2-711953289	S2	B		
S1-942143832	S3-963318283	S3	B		
S1-84343972	S3-475826810	S3	B		
S1-285872585	S2-46648931	S2	B		
S1-972350888	S3-2381626	S3	E	rank 26 <= topk but missing from candidates	
S1-964908366	S2-614100191	S2	D		34.0
S1-964908366	S2-791700314	S2	D		33.0
S1-21198250	S3-986880970	S3	B		
S1-178487887	S3-976603393	S3	A		
S1-385072283	S2-487901069	S2	D		92.0
S1-261887143	S3-637392064	S3	B		
S1-940612744	S3-487440800	S3	B		
S1-124132123	S2-591466863	S2	A		
S1-937467086	S2-477914587	S2	B		
S1-937467086	S3-764654814	S3	B		
S1-657548526	S2-295897519	S2	B		
S1-837667179	S3-250926642	S3	B		
S1-923822540	S3-357524435	S3	D		33.0
S1-320720085	S2-550638560	S2	B		
S1-771123119	S3-682340294	S3	D		34.0
S1-870445605	S2-153865640	S2	B		
S1-339165806	S2-848007240	S2	D		89.0
S1-812850102	S3-221784847	S3	D		101.0
S1-96147064	S2-517640072	S2	E	rank 30 <= topk but missing from candidates	
S1-357210881	S3-296408837	S3	B		
S1-583273348	S2-915896796	S2	B		
S1-460742237	S2-897502673	S2	B		
S1-699975239	S3-762205652	S3	D		31.0
S1-893845214	S2-60968337	S2	B		
S1-523616500	S2-295481704	S2	B		
S1-523616500	S3-98054228	S3	D		32.0
S1-36643960	S2-383955209	S2	B		
S1-866638250	S2-845823088	S2	B		
S1-233924348	S3-979351199	S3	B		
S1-196854207	S3-509420494	S3	D		35.0
S1-347806233	S2-416680703	S2	B		
S1-945234623	S2-863275876	S2	B		
S1-353211214	S2-854178583	S2	E	rank 29 <= topk but missing from candidates	
S1-417196626	S3-752125519	S3	B		
S1-579559935	S2-806355705	S2	B		
S1-412051684	S2-865605743	S2	B		
S1-891554825	S3-10506861	S3	B		
S1-521141140	S2-116186906	S2	B		
S1-164966157	S2-473507601	S2	E	rank 23 <= topk but missing from candidates	
S1-150577409	S3-555944066	S3	B		
S1-410138684	S3-390633851	S3	B		
S1-875526785	S2-196270274	S2	D		39.0
S1-875526785	S3-839198244	S3	D		40.0
S1-742525891	S2-810546738	S2	B		
S1-297572393	S2-616965099	S2	A		
S1-953084727	S2-382924650	S2	B		
S1-208472820	S2-519073560	S2	B		
S1-378616869	S3-526301388	S3	B		
S1-873347695	S2-149588525	S2	D		61.0
S1-426313485	S2-12280194	S2	A		
S1-10068661	S3-347216876	S3	D		46.0
S1-513368928	S3-831924966	S3	D		65.0
S1-20767800	S2-915474405	S2	D		44.0
S1-214470486	S2-748962168	S2	B		
S1-893756893	S3-331553433	S3	B		
S1-515798778	S3-772443720	S3	A		
S1-102723082	S3-745635559	S3	D		43.0
S1-671937191	S2-142059283	S2	A		
S1-906870803	S3-183000936	S3	B		
S1-173277631	S2-648259222	S2	D		37.0
S1-173277631	S3-953577210	S3	D		38.0
S1-838302792	S2-946936387	S2	B		
S1-461982768	S3-155916456	S3	B		
S1-648227113	S2-58131867	S2	D		36.0
S1-331450758	S2-883617775	S2	D		80.0
S1-356548776	S3-155206268	S3	D		42.0
S1-261742597	S2-300108042	S2	D		65.0
S1-790599703	S3-42071941	S3	B		
S1-369646663	S3-698442820	S3	D		37.0
S1-776024867	S3-164319965	S3	B		
S1-975584275	S2-555343245	S2	B		
S1-975584275	S3-537203275	S3	D		61.0
S1-970239314	S3-640706264	S3	D		45.0
S1-616686209	S3-372301614	S3	E	rank 26 <= topk but missing from candidates	
S1-616686209	S3-434926865	S3	D		38.0
S1-977863845	S3-639654984	S3	D		36.0
S1-748828861	S3-610437187	S3	D		124.0
S1-404410729	S2-882279881	S2	D		79.0
S1-852503488	S3-737104834	S3	B		
S1-917374012	S2-336521246	S2	B		
S1-203111228	S3-655648690	S3	B		
S1-664189432	S2-540141024	S2	B		
S1-103117388	S2-401564373	S2	D		32.0
S1-696727914	S2-768055925	S2	D		33.0
S1-415331320	S2-382914835	S2	B		
S1-896927641	S2-848517126	S2	B		
S1-636990561	S3-606982967	S3	B		
S1-413275182	S3-315683073	S3	B		
S1-718801388	S3-217502334	S3	B		
S1-170976972	S3-736285211	S3	D		78.0
S1-341838247	S3-373704234	S3	D		39.0
S1-268929957	S3-463627263	S3	E	rank 23 <= topk but missing from candidates	
S1-365935088	S3-496195469	S3	E	rank 11 <= topk but missing from candidates	
S1-19724378	S2-736208871	S2	B		
S1-751596082	S3-810898955	S3	D		45.0
S1-344253114	S3-838884640	S3	B		
S1-663358022	S3-847662493	S3	D		46.0
S1-782476964	S2-45639111	S2	B		
S1-714480946	S2-953571	S2	B		
S1-988610039	S3-490596962	S3	D		36.0
S1-988610039	S2-75922992	S2	D		33.0
S1-243073123	S2-71315704	S2	E	rank 20 <= topk but missing from candidates	
S1-243073123	S3-881755460	S3	B		
S1-579424343	S3-311785376	S3	B		
S1-788055972	S3-170325348	S3	B		
S1-816255389	S3-870694282	S3	B		
S1-699765313	S2-345531752	S2	D		33.0
S1-336006979	S2-101408782	S2	D		35.0
S1-336006979	S3-922585704	S3	E	rank 30 <= topk but missing from candidates	
S1-565435674	S3-385180689	S3	D		59.0
S1-828920006	S3-767528789	S3	D		50.0
S1-186366595	S2-773752374	S2	B		
S1-735675281	S3-918486387	S3	D		31.0
S1-174812342	S3-975777568	S3	B		
S1-934441697	S3-298499868	S3	B		
S1-942140780	S2-180947820	S2	B		
S1-910291	S2-830631791	S2	B		
S1-399281165	S2-116302964	S2	A		
S1-747629701	S3-259167163	S3	B		
S1-61981104	S3-464694650	S3	B		
S1-768414423	S2-138254584	S2	B		
S1-299426948	S3-687026531	S3	D		31.0
S1-775654390	S3-241160716	S3	B		
S1-928397715	S3-291591208	S3	D		34.0
S1-801172411	S3-708129109	S3	B		
S1-801172411	S2-617373	S2	B		
S1-973885621	S2-595400620	S2	D		39.0
S1-973885621	S2-850851591	S2	D		61.0
S1-876380435	S2-80616431	S2	D		34.0
S1-64882388	S2-786059632	S2	D		55.0
S1-731800306	S2-22988882	S2	B		
S1-937918285	S2-274339540	S2	B		
S1-679260776	S2-310334217	S2	D		35.0
S1-289902951	S2-423191010	S2	B		
S1-703480992	S2-701594164	S2	D		54.0
S1-703480992	S2-293200511	S2	D		47.0
S1-916336236	S2-643464628	S2	D		44.0
S1-907269316	S2-871777592	S2	B		
S1-111845358	S2-274173469	S2	A		
S1-55362967	S3-706325049	S3	D		41.0
S1-398993142	S2-623358962	S2	B		
S1-505746867	S3-538260101	S3	A		
S1-740548718	S2-522739748	S2	B		
S1-242419733	S2-710029663	S2	B		
S1-242419733	S2-294781419	S2	D		50.0
S1-116099954	S2-763089633	S2	B		
S1-383094607	S3-850489596	S3	B		
S1-131698649	S2-288235583	S2	D		109.0
S1-32179321	S3-558924033	S3	D		46.0
S1-757357861	S3-396361370	S3	B		
S1-287612988	S3-465541466	S3	D		47.0
S1-145175425	S3-837475220	S3	B		
S1-867083360	S2-876496298	S2	B		
S1-126483851	S2-782047875	S2	B		
S1-761338125	S3-325940811	S3	B		
S1-308825567	S3-73840239	S3	D		53.0
S1-275872427	S3-773198950	S3	D		61.0
S1-135519635	S3-130404545	S3	B		
S1-287676307	S2-447623778	S2	D		68.0
S1-97366351	S3-899689884	S3	D		32.0
S1-817813549	S2-355487952	S2	B		
S1-754971953	S3-12590157	S3	B		
S1-537364422	S2-964359286	S2	B		
S1-471506746	S3-272910791	S3	D		106.0
S1-221712963	S3-341438756	S3	B		
S1-550455933	S2-493323895	S2	B		
S1-550455933	S3-672716903	S3	B		
S1-550455933	S2-620718258	S2	B		
S1-685178478	S3-247118959	S3	E	rank 22 <= topk but missing from candidates	
S1-477253748	S2-655378209	S2	D		42.0
S1-829073306	S2-483090859	S2	E	rank 16 <= topk but missing from candidates	
S1-679163899	S3-20485760	S3	B		
S1-678623942	S3-596385691	S3	D		44.0
S1-678623942	S3-482559590	S3	E	rank 16 <= topk but missing from candidates	
S1-299536930	S2-618528705	S2	E	rank 19 <= topk but missing from candidates	
S1-746500327	S2-520554741	S2	D		46.0
S1-991764083	S2-872679464	S2	B		
S1-456938333	S3-67639057	S3	E	rank 30 <= topk but missing from candidates	
S1-852868510	S3-571267488	S3	D		31.0
S1-852868510	S2-957898545	S2	D		45.0
S1-247843033	S2-495361225	S2	B		
S1-905805449	S2-671344407	S2	B		
S1-319644326	S2-988526359	S2	B		
S1-521539668	S3-437125465	S3	B		
S1-924992953	S3-619801982	S3	D		80.0
S1-924992953	S3-556972436	S3	D		36.0
S1-976457728	S3-588277368	S3	E	rank 30 <= topk but missing from candidates	
S1-636620907	S3-706375514	S3	B		
S1-208636336	S3-682506115	S3	D		40.0
S1-208636336	S3-319944314	S3	B		
S1-631230593	S3-820538123	S3	D		67.0
S1-864244926	S2-205968612	S2	D		36.0
S1-864244926	S3-662867903	S3	D		71.0
S1-784250352	S2-861229829	S2	B		
S1-216189349	S2-39207322	S2	D		43.0
S1-937834458	S3-164558317	S3	B		
S1-937834458	S2-986853173	S2	D		31.0
S1-307848200	S2-756853719	S2	B		
S1-158038064	S3-618533389	S3	D		51.0
S1-341856856	S2-169786680	S2	B		
S1-815736039	S2-34880078	S2	A		
S1-165480191	S2-2566410	S2	B		
S1-746134738	S3-36364292	S3	B		
S1-203602357	S2-106484517	S2	D		55.0
S1-41882597	S3-220569959	S3	D		105.0
S1-921661310	S2-471719985	S2	D		77.0
S1-381994573	S3-518916691	S3	D		33.0
S1-918658250	S3-615429621	S3	A		
S1-772656521	S3-838021984	S3	B		
S1-105342498	S3-193355823	S3	B		
S1-41718909	S2-265649931	S2	B		
S1-448536077	S2-812350036	S2	B		
S1-988674605	S2-115559558	S2	B		
S1-499113371	S3-254962901	S3	B		
S1-946213753	S2-370825529	S2	B		
S1-886830589	S2-986201245	S2	D		103.0
S1-68898113	S3-216488902	S3	D		41.0
S1-651946652	S3-392816421	S3	B		
S1-510285844	S2-112426612	S2	B		
S1-949123696	S2-406936214	S2	B		
S1-949123696	S2-433728808	S2	B		
S1-223901280	S3-463768485	S3	B		
S1-191704939	S3-512345225	S3	E	rank 30 <= topk but missing from candidates	
S1-814034626	S3-839553259	S3	A		
S1-863284129	S3-420681071	S3	B		
S1-498909033	S3-826315464	S3	D		45.0
S1-841693173	S3-607600153	S3	B		
S1-841693173	S2-962819692	S2	B		
S1-265530620	S2-824837113	S2	B		
S1-529453597	S2-326143031	S2	D		37.0
S1-440255838	S2-497933116	S2	B		
S1-411092506	S3-3654003	S3	B		
S1-411092506	S3-247945723	S3	B		
S1-399758618	S3-162974513	S3	B		
S1-950506863	S2-173382050	S2	B		
S1-197756842	S3-795046745	S3	D		54.0
S1-197756842	S2-885832260	S2	D		47.0
S1-558546479	S3-442841757	S3	A		
S1-558546479	S3-746865623	S3	D		48.0
S1-558546479	S3-312730026	S3	D		36.0
S1-89723824	S2-382705262	S2	D		54.0
S1-892289237	S3-79055071	S3	B		
S1-455306698	S3-644683505	S3	A		
S1-72700948	S2-997641051	S2	D		38.0
S1-306272198	S3-708597413	S3	B		
S1-988825075	S2-523286832	S2	D		41.0
S1-705317762	S2-256098214	S2	B		
S1-465343604	S3-274666432	S3	A		
S1-476821115	S3-714642203	S3	B		
S1-591326599	S3-648728551	S3	B		
S1-296180167	S2-425776074	S2	B		
S1-28804999	S3-782111771	S3	B		
S1-899877060	S3-545604449	S3	D		59.0
S1-682500567	S3-14395985	S3	B		
S1-386258562	S3-736764181	S3	B		
S1-705720350	S2-239817650	S2	A		
S1-865778372	S2-342966640	S2	B		
S1-44497681	S2-639726232	S2	B		
S1-221094991	S2-705155218	S2	B		
S1-340324947	S2-796889760	S2	B		
S1-111933342	S3-652513420	S3	B		
S1-576096517	S3-300243386	S3	B		
S1-818355626	S2-529996063	S2	B		
S1-675940922	S2-677996275	S2	D		43.0
S1-828690459	S3-554423024	S3	D		33.0
S1-498863141	S2-811614886	S2	B		
S1-498863141	S3-448704217	S3	D		77.0
S1-760243059	S3-84289963	S3	B		
S1-760243059	S3-4742517	S3	B		
S1-638562587	S2-870093848	S2	B		
S1-224294111	S2-245262158	S2	D		32.0
S1-695977028	S2-145635477	S2	B		
S1-678121987	S2-698075300	S2	B		
S1-616379574	S3-151805913	S3	D		96.0
S1-253925667	S2-863686791	S2	D		33.0
S1-253925667	S2-674802859	S2	B		
S1-400066789	S3-437480429	S3	D		31.0
S1-230356074	S2-920217221	S2	B		
S1-151023411	S2-389447975	S2	B		
S1-356722797	S2-11244767	S2	D		38.0
S1-356722797	S3-103355741	S3	B		
S1-795265194	S2-644397573	S2	B		
S1-490301981	S2-213907912	S2	D		34.0
S1-776677901	S2-156285024	S2	A		
S1-830976888	S2-954994036	S2	D		76.0
S1-764341646	S2-443576995	S2	D		68.0
S1-781317464	S3-225731561	S3	D		42.0
S1-93447707	S2-939536234	S2	D		69.0
S1-565096950	S3-685659237	S3	D		85.0
S1-498431096	S2-561582565	S2	B		
S1-8337500	S3-378719602	S3	B		
S1-808655792	S2-350585600	S2	E	rank 20 <= topk but missing from candidates	
S1-808655792	S3-346713175	S3	B		
S1-308159812	S3-187444452	S3	B		
S1-372657202	S2-730023145	S2	B		
S1-682040268	S3-190287286	S3	B		
S1-133785353	S3-232393745	S3	B		
S1-939600980	S3-613160450	S3	D		41.0
S1-331580305	S2-830474905	S2	D		67.0
S1-549370963	S2-308249435	S2	B		
S1-747492871	S3-724363442	S3	B		
S1-49096610	S3-531235265	S3	D		31.0
S1-919717569	S2-170808356	S2	B		
S1-919717569	S2-677092162	S2	B		
S1-826430348	S3-9978126	S3	D		77.0
S1-826430348	S2-613088275	S2	A		
S1-307153323	S2-229340139	S2	B		
S1-985204836	S2-539341953	S2	D		51.0
S1-462359387	S2-962937342	S2	B		
S1-383146182	S3-870860735	S3	E	rank 30 <= topk but missing from candidates	
S1-889859712	S2-646098685	S2	D		36.0
S1-708260284	S3-586023182	S3	B		
S1-196490854	S3-65887972	S3	B		
S1-874960358	S3-434237956	S3	A		
S1-807332089	S2-928047079	S2	D		31.0
S1-807332089	S2-584785260	S2	D		42.0
S1-384903641	S2-32601578	S2	D		49.0
S1-935928178	S3-122976681	S3	B		
S1-324698039	S2-136492379	S2	B		
S1-753994675	S3-331554346	S3	B		
S1-429078621	S3-409147885	S3	B		
S1-892503669	S2-429499455	S2	D		76.0
S1-715480056	S2-496713072	S2	B		
S1-592837090	S2-943523572	S2	D		104.0
S1-592837090	S2-588428901	S2	B		
S1-267429187	S2-968509659	S2	B		
S1-775227260	S2-401694455	S2	B		
S1-134249455	S3-601175871	S3	D		39.0
S1-134249455	S2-744461458	S2	A		
S1-181947149	S2-895344442	S2	D		103.0
S1-984797326	S2-939564840	S2	B		
S1-604298329	S2-933064002	S2	B		
S1-44681826	S2-889328680	S2	B		
S1-757435263	S3-291599661	S3	B		
S1-729612298	S2-345112409	S2	B		
S1-422181333	S2-848309843	S2	B		
S1-852300666	S2-990563657	S2	D		102.0
S1-978676773	S3-139801599	S3	B		
S1-667331886	S2-820362250	S2	B		
S1-491774090	S3-391721659	S3	B		
S1-830990940	S3-199820537	S3	B		
S1-331199154	S3-671330189	S3	B		
S1-533862515	S3-390219497	S3	B		
S1-322358593	S2-712930954	S2	B		
S1-600615887	S3-730999565	S3	D		47.0
S1-911237620	S3-720571086	S3	D		41.0
S1-391677763	S2-200549862	S2	B		
S1-901822106	S3-844663921	S3	B		
S1-547986828	S2-182477190	S2	D		31.0
S1-57470662	S2-686205419	S2	B		
S1-741822828	S2-527743137	S2	D		82.0
S1-726790473	S2-286808149	S2	D		54.0
S1-726790473	S2-786037471	S2	D		31.0
S1-726790473	S2-193682771	S2	D		50.0
S1-102535285	S3-294099366	S3	B		
S1-354935639	S3-182140377	S3	B		
S1-743058901	S2-692525339	S2	B		
S1-892298434	S2-660133949	S2	B		
S1-603478539	S3-854006538	S3	A		
S1-300955154	S3-131098862	S3	D		43.0
S1-998457049	S3-535641665	S3	D		37.0
S1-998457049	S2-221677013	S2	A		
S1-998457049	S3-916807128	S3	B		
S1-750669216	S2-166564645	S2	D		80.0
S1-815170536	S2-141847588	S2	D		43.0
S1-815170536	S3-462325458	S3	D		42.0
S1-135944213	S2-938268636	S2	D		80.0
S1-665847152	S3-840790494	S3	D		40.0
S1-609192277	S2-767714906	S2	B		
S1-76136181	S2-562442654	S2	B		
S1-148339683	S2-127653376	S2	D		43.0
S1-68890383	S3-467185866	S3	D		45.0
S1-394874679	S2-357878672	S2	B		
S1-194397932	S3-781477289	S3	A		
S1-194397932	S2-135491668	S2	D		134.0
S1-745309800	S3-588671746	S3	B		
S1-897522103	S3-288539703	S3	D		36.0
S1-14678416	S3-701754393	S3	B		
S1-909391645	S2-775581241	S2	D		38.0
S1-909391645	S3-544172573	S3	E	rank 13 <= topk but missing from candidates	
S1-909391645	S3-961060942	S3	D		55.0
S1-549761442	S3-518547511	S3	D		45.0
S1-501295946	S3-542394137	S3	B		
S1-143159913	S2-317166240	S2	D		58.0
S1-143159913	S2-472082965	S2	D		60.0
S1-143159913	S2-628457164	S2	D		59.0
S1-355393139	S3-321058082	S3	B		
S1-194544441	S3-271747714	S3	B		
S1-358565296	S2-611747189	S2	D		64.0
S1-479770212	S2-507191011	S2	B		
S1-793713713	S3-571182932	S3	D		58.0
S1-594688257	S3-202967420	S3	B		
S1-500601577	S2-81932747	S2	D		92.0
S1-399208357	S3-690549315	S3	D		32.0
S1-642117064	S3-352221607	S3	B		
S1-8677696	S3-102617488	S3	B		
S1-769677509	S3-618251136	S3	E	rank 14 <= topk but missing from candidates	
S1-56928802	S2-27034687	S2	B		
S1-322263285	S3-753523018	S3	D		33.0
S1-791941603	S2-242104839	S2	D		64.0
S1-997515022	S2-516304693	S2	A		
S1-997515022	S2-845345197	S2	A		
S1-944278099	S2-841712150	S2	B		
S1-100080764	S2-266833744	S2	B		
S1-710727789	S3-457225475	S3	B		
S1-424908735	S3-386552578	S3	B		
S1-866822193	S3-900345967	S3	B		
S1-368949123	S2-668781259	S2	D		78.0
S1-854595017	S3-248589357	S3	D		34.0
S1-854595017	S3-918687270	S3	D		33.0
S1-75573790	S2-194936804	S2	B		
S1-282407989	S2-671452435	S2	B		
S1-282407989	S2-375225211	S2	B		
S1-847210351	S2-950202876	S2	B		
S1-924052288	S2-982883735	S2	B		
S1-268409895	S3-972327140	S3	A		
S1-986391348	S3-785695526	S3	D		48.0
S1-474777855	S3-10602068	S3	B		
S1-888795012	S2-771745381	S2	B		
S1-526378384	S2-949242373	S2	B		
S1-508957136	S2-141416949	S2	B		
S1-274024693	S2-510080764	S2	A		
S1-692793014	S3-994781786	S3	B		
S1-692793014	S3-129093683	S3	B		
S1-692793014	S3-358439315	S3	B		
S1-692793014	S3-937881765	S3	B		
S1-566980996	S3-850465773	S3	E	rank 26 <= topk but missing from candidates	
S1-424325118	S2-112279163	S2	B		
S1-541647809	S2-307573447	S2	D		108.0
S1-975464487	S2-150298493	S2	B		
S1-558230004	S2-839525735	S2	B		
S1-934450840	S3-651861612	S3	B		
S1-313590046	S3-558203966	S3	B		
S1-313590046	S3-604482343	S3	B		
S1-931308603	S2-629638686	S2	B		
S1-527060248	S2-747808084	S2	B		
S1-940023932	S2-221465383	S2	B		
S1-432958181	S2-837863878	S2	D		33.0
S1-661034298	S3-72712565	S3	B		
S1-137098279	S3-346380900	S3	B		
S1-545086723	S3-392732773	S3	A		
S1-678344045	S3-561799743	S3	B		
S1-110641454	S2-481616379	S2	A		
S1-227236434	S2-553387978	S2	E	rank 18 <= topk but missing from candidates	
S1-9084781	S2-708535582	S2	E	rank 17 <= topk but missing from candidates	
S1-346626745	S3-263437039	S3	B		
S1-683167347	S2-106144863	S2	B		
S1-530321900	S2-585143835	S2	B		
S1-295500110	S2-67816231	S2	B		
S1-295500110	S2-317697246	S2	E	rank 15 <= topk but missing from candidates	
S1-141363584	S2-962987889	S2	B		
S1-141363584	S2-741117519	S2	B		
S1-377322372	S3-783954405	S3	B		
S1-843301838	S3-526273661	S3	B		
S1-913015352	S2-717100717	S2	B		
S1-913015352	S2-74485226	S2	B		
S1-656831225	S2-156329063	S2	D		54.0
S1-723615274	S2-600443725	S2	B		
S1-507213458	S2-223659303	S2	B		
S1-507213458	S2-490049045	S2	B		
S1-450478929	S3-248780975	S3	A		
S1-971258611	S3-648525181	S3	D		101.0
S1-972900404	S2-849910788	S2	D		64.0
S1-504325385	S2-212548175	S2	B		
S1-504325385	S2-498407916	S2	B		
S1-504325385	S2-330584481	S2	B		
S1-489864246	S3-568158229	S3	B		
S1-400787589	S3-498126559	S3	D		40.0
S1-400787589	S3-748422650	S3	D		35.0
S1-527520346	S3-182061954	S3	B		
S1-238850671	S2-159167497	S2	B		
S1-594651635	S2-250603036	S2	B		
S1-521815134	S2-462722256	S2	D		35.0
S1-220028083	S3-582342499	S3	D		123.0
S1-444932466	S2-15240240	S2	B		
S1-801532065	S3-952281246	S3	B		
S1-943651677	S2-815448680	S2	D		39.0
S1-943651677	S2-159057096	S2	D		67.0
S1-943651677	S2-611354380	S2	D		43.0
S1-605515604	S2-267040990	S2	B		
S1-748420936	S3-225589930	S3	B		
S1-748420936	S2-185315713	S2	B		
S1-619586561	S3-438630432	S3	A		
S1-619586561	S2-78151422	S2	D		70.0
S1-619586561	S3-301409888	S3	D		33.0
S1-174718025	S2-108272382	S2	B		
S1-511794812	S3-45696037	S3	B		
S1-781744417	S3-355309214	S3	B		
S1-781744417	S2-378604155	S2	B		
S1-271701798	S3-165574150	S3	B		
S1-271701798	S2-232188954	S2	B		
S1-473353926	S2-241629350	S2	B		
S1-419763099	S2-506848636	S2	B		
S1-197780296	S2-126542960	S2	D		44.0
S1-173649240	S3-538882911	S3	B		
S1-173649240	S2-910175518	S2	B		
S1-115975068	S3-824162331	S3	D		31.0
S1-131068321	S3-654188290	S3	D		39.0
S1-131068321	S3-334310930	S3	D		111.0
S1-984671008	S3-509333465	S3	B		
S1-356995368	S2-817718048	S2	B		
S1-85540382	S2-243882273	S2	B		
S1-85540382	S2-208334019	S2	B		
S1-202852795	S2-972558649	S2	D		71.0
S1-202852795	S2-468952346	S2	B		
S1-553077035	S2-921139611	S2	B		
S1-534088524	S2-806347574	S2	B		
S1-287831542	S2-211866693	S2	D		48.0
S1-429493762	S2-48964027	S2	B		
S1-224361572	S2-996189061	S2	D		48.0
S1-224361572	S2-749525439	S2	D		53.0
S1-421888143	S2-718227612	S2	A		
S1-689536362	S2-752492774	S2	B		
S1-293031776	S2-54046769	S2	B		
S1-201034609	S3-335541096	S3	B		
S1-290338322	S3-41290727	S3	B		
S1-393084142	S2-789196903	S2	B		
S1-119799450	S2-448308282	S2	D		69.0
S1-302765056	S3-667853762	S3	B		
S1-688687208	S3-435917805	S3	D		46.0
S1-437705680	S2-66140672	S2	D		33.0
S1-854735980	S3-418048915	S3	B		
S1-931182656	S3-755350986	S3	B		
S1-928068704	S2-270149832	S2	B		
S1-47232263	S3-451646808	S3	B		
S1-229597116	S3-676917116	S3	B		
S1-781628793	S3-913578374	S3	B		
S1-468533376	S3-984461832	S3	A		
S1-394958581	S3-841370612	S3	B		
S1-803813659	S2-46530711	S2	D		52.0
S1-445646201	S2-506513862	S2	B		
S1-676829270	S3-447927263	S3	D		51.0
S1-535994695	S2-402915067	S2	D		58.0
S1-206840461	S3-657869980	S3	B		
S1-737952064	S3-840597415	S3	B		
S1-582699903	S3-232565257	S3	E	rank 12 <= topk but missing from candidates	
S1-976834006	S3-355397747	S3	B		
S1-330308197	S3-712583397	S3	A		
S1-330308197	S2-254754497	S2	B		
S1-854970177	S3-64823157	S3	A		
S1-270720821	S3-689390819	S3	B		
S1-374618764	S2-297331339	S2	D		51.0
S1-627999043	S2-337413085	S2	B		
S1-370525537	S2-876462761	S2	B		
S1-550151008	S2-562442703	S2	B		
S1-495950110	S2-103575820	S2	B		
S1-765097270	S3-530868015	S3	B		
S1-765097270	S2-96935580	S2	B		
S1-491510840	S3-889020749	S3	D		33.0
S1-81710618	S2-889722719	S2	D		74.0
S1-81710618	S2-506273358	S2	B		
S1-755049609	S2-19963089	S2	B		
S1-109370998	S2-96049139	S2	D		36.0
S1-474555350	S2-275201559	S2	D		31.0
S1-474555350	S2-422493940	S2	B		
S1-692526555	S2-906607169	S2	D		36.0
S1-211549271	S2-874812202	S2	D		56.0
S1-641446294	S3-310497768	S3	D		66.0
S1-708091489	S2-505717573	S2	D		48.0
S1-681629923	S3-437566280	S3	D		55.0
S1-132276584	S2-51884749	S2	B		
S1-206897815	S3-472629255	S3	D		48.0
S1-261823922	S2-958057765	S2	B		
S1-652549587	S3-862003616	S3	A		
S1-816651898	S3-810553064	S3	B		
S1-905702702	S3-39017130	S3	B		
S1-380490841	S3-244527134	S3	B		
S1-902725053	S3-385075093	S3	D		32.0
S1-580836589	S2-984691249	S2	D		53.0
S1-580836589	S2-560071682	S2	D		47.0
S1-749700846	S3-798215674	S3	B		
S1-591858660	S2-232401721	S2	B		
S1-48096575	S3-81373665	S3	B		
S1-895764331	S3-464565900	S3	B		
S1-113451542	S3-544751186	S3	B		
S1-694906774	S3-739052278	S3	B		
S1-694906774	S3-762630681	S3	B		
S1-694906774	S2-640919290	S2	B		
S1-690880022	S3-575389209	S3	B		
S1-337498631	S3-742899765	S3	B		
S1-280823939	S3-893810015	S3	D		95.0
S1-97737795	S2-727330227	S2	B		
S1-268147680	S3-949489359	S3	D		46.0
S1-926514688	S2-427389391	S2	B		
S1-411557105	S3-347041764	S3	B		
S1-246549546	S3-740172655	S3	B		
S1-838264392	S2-203255306	S2	D		31.0
S1-989697739	S2-629120356	S2	A		
S1-520304024	S3-676323044	S3	D		42.0
S1-427729757	S2-396887816	S2	B		
S1-427729757	S2-289521833	S2	B		
S1-532570111	S2-77304708	S2	B		
S1-162870517	S2-878200896	S2	B		
S1-5317748	S3-276961678	S3	E	rank 26 <= topk but missing from candidates	
S1-493441105	S2-237093033	S2	B		
S1-359820183	S2-792072766	S2	B		
S1-975989433	S2-692785909	S2	B		
S1-215925946	S3-690694364	S3	B		
S1-331634520	S2-770833205	S2	D		59.0
S1-129475241	S2-366182271	S2	B		
S1-435405489	S3-185538719	S3	E	rank 26 <= topk but missing from candidates	
S1-596603093	S2-703105342	S2	D		49.0
S1-793685517	S3-674483081	S3	B		
S1-439173318	S3-245339561	S3	B		
S1-825042102	S3-684478466	S3	B		
S1-515693657	S2-526919351	S2	B		
S1-460783466	S2-970675209	S2	B		
S1-464470331	S3-123294667	S3	B		
S1-551369170	S3-389519311	S3	B		
S1-659905156	S3-346316647	S3	B		
S1-661090289	S2-919703535	S2	B		
S1-896946949	S3-718413385	S3	B		
S1-385805402	S2-558336011	S2	D		64.0
S1-385805402	S2-917421219	S2	D		68.0
S1-375481804	S2-384880538	S2	D		47.0
S1-945203338	S2-808980582	S2	D		38.0
S1-945203338	S3-126401635	S3	D		39.0
S1-945203338	S2-836544667	S2	D		49.0
S1-661215211	S3-883592796	S3	E	rank 28 <= topk but missing from candidates	
S1-597660349	S2-408733756	S2	B		
S1-892646135	S3-515416176	S3	B		
S1-892646135	S2-794386944	S2	B		
S1-71781676	S3-645593408	S3	B		
S1-362395237	S2-706729473	S2	B		
S1-920707424	S2-826958288	S2	D		31.0
S1-814098546	S3-42484856	S3	D		32.0
S1-43898081	S3-768411020	S3	B		
S1-708223287	S3-359504897	S3	B		
S1-354485030	S3-951265518	S3	A		
S1-323109388	S3-92512102	S3	B		
S1-790457686	S3-653860795	S3	B		
S1-260308798	S2-22502456	S2	B		
S1-5379411	S3-504265485	S3	E	rank 29 <= topk but missing from candidates	
S1-816003151	S3-297863798	S3	B		
S1-852019379	S2-728392911	S2	B		
S1-458573584	S2-489812240	S2	A		
S1-717327545	S3-524560727	S3	B		
S1-717327545	S3-257470322	S3	B		
S1-867416380	S3-43481289	S3	D		33.0
S1-470580701	S2-778808999	S2	A		
S1-494284030	S3-66991216	S3	B		
S1-676351621	S3-100231393	S3	D		52.0
S1-141126718	S3-230054344	S3	B		
S1-886651772	S3-931931093	S3	B		
S1-373714038	S3-628633782	S3	D		65.0
S1-267508664	S3-452320039	S3	D		33.0
S1-871045468	S2-727402517	S2	B		
S1-502687368	S3-99096087	S3	B		
S1-586593925	S3-839119700	S3	D		57.0
S1-820325550	S2-555093289	S2	B		
S1-676880764	S3-526114398	S3	D		58.0
S1-637435833	S3-955777996	S3	E	rank 22 <= topk but missing from candidates	
S1-605687832	S2-249521040	S2	B		
S1-888083467	S3-812324350	S3	D		37.0
S1-403162663	S3-728704591	S3	A		
S1-892575029	S2-704108940	S2	E	rank 16 <= topk but missing from candidates	
S1-236743581	S2-403766955	S2	D		55.0
S1-236743581	S2-706860606	S2	D		54.0
S1-534866726	S2-641328968	S2	B		
S1-534866726	S2-798646097	S2	B		
S1-26325632	S2-33933396	S2	B		
S1-834943997	S3-649357435	S3	A		
S1-543695950	S2-849022425	S2	B		
S1-82021948	S3-703039523	S3	B		
S1-229959103	S2-943286459	S2	B		
S1-229959103	S2-31940797	S2	B		
S1-111075918	S3-167392193	S3	D		45.0
S1-340882639	S2-382048162	S2	B		
S1-26978888	S3-721251309	S3	B		
S1-778110450	S3-885583733	S3	D		63.0
S1-577375430	S3-240380996	S3	B		
S1-331716784	S2-353491434	S2	B		
S1-517005107	S2-309428883	S2	A		
S1-777628489	S3-735055018	S3	D		74.0
S1-659095432	S3-937668223	S3	B		
S1-659095432	S3-853418750	S3	E	rank 21 <= topk but missing from candidates	
S1-528962474	S2-996221027	S2	B		
S1-52883701	S2-634149405	S2	D		107.0
S1-958680245	S3-683701069	S3	D		69.0
S1-583230475	S2-401678438	S2	D		41.0
S1-583230475	S3-464754659	S3	D		42.0
S1-771267287	S3-231328903	S3	B		
S1-551083354	S3-787405256	S3	D		40.0
S1-243066592	S2-792072113	S2	D		85.0
S1-167106963	S2-111468900	S2	D		40.0
S1-340745793	S3-334755143	S3	B		
S1-577859880	S2-441661311	S2	B		
S1-215852790	S3-796348382	S3	D		53.0
S1-867788459	S3-473434911	S3	D		42.0
S1-491009274	S3-995672188	S3	B		
S1-901270594	S2-103114778	S2	D		31.0
S1-509913209	S3-929913842	S3	D		38.0
S1-888192813	S3-763329857	S3	D		45.0
S1-186504992	S2-734457535	S2	B		
S1-701093919	S3-314886668	S3	B		
S1-423968736	S2-174796060	S2	D		34.0
S1-593084861	S2-453848854	S2	D		34.0
S1-690622881	S2-949834824	S2	B		
S1-664739651	S2-251698002	S2	B		
S1-905373394	S2-383127276	S2	B		
S1-368944385	S2-545991737	S2	D		123.0
S1-644355390	S3-334547404	S3	E	rank 29 <= topk but missing from candidates	
S1-645027747	S3-128658710	S3	B		
S1-232584290	S2-143246458	S2	B		
S1-232584290	S2-258909152	S2	B		
S1-544259461	S3-529529508	S3	B		
S1-943972852	S3-337343273	S3	B		
S1-590396321	S3-701198918	S3	D		34.0
S1-414029143	S3-896530731	S3	D		31.0
S1-723836653	S2-159458462	S2	D		56.0
S1-723836653	S3-1580671	S3	D		55.0
S1-359489844	S3-622541932	S3	B		
S1-749478301	S3-503871918	S3	B		
S1-749478301	S3-51022444	S3	B		
S1-749478301	S2-126716799	S2	B		
S1-434896905	S3-230467349	S3	A		
S1-434896905	S3-864397575	S3	A		
S1-574308285	S3-875723263	S3	D		60.0
S1-948239913	S3-114881130	S3	B		
S1-378451737	S2-45684485	S2	A		
S1-421018744	S3-330986751	S3	D		90.0
S1-368520181	S2-141949473	S2	B		
S1-359375923	S3-436388275	S3	B		
S1-323098883	S3-178917636	S3	D		38.0
S1-126483316	S3-123863503	S3	E	rank 24 <= topk but missing from candidates	
S1-429305636	S2-517202840	S2	B		
S1-782629798	S2-988890824	S2	B		
S1-986786386	S3-193276883	S3	B		
S1-797753702	S2-493081133	S2	B		
S1-514225227	S2-778020854	S2	D		62.0
S1-814630500	S3-496147944	S3	A		
S1-178832501	S3-75946310	S3	D		37.0
S1-178832501	S3-942424864	S3	D		39.0
S1-579559388	S3-585830957	S3	B		
S1-337874821	S3-309503605	S3	B		
S1-141838614	S3-451174397	S3	B		
S1-619810239	S2-975533678	S2	B		
S1-720372564	S3-149048968	S3	B		
S1-856758507	S3-217599068	S3	A		
S1-848890840	S2-756254324	S2	B		
S1-986763069	S3-348683432	S3	B		
S1-701972633	S2-204913142	S2	A		
S1-1791621	S3-210988719	S3	D		32.0
S1-788892254	S2-939271737	S2	B		
S1-460146464	S2-658885763	S2	B		
S1-208584762	S2-182437324	S2	B		
S1-665234349	S3-306692590	S3	D		40.0
S1-169652599	S3-730924846	S3	B		
S1-822305526	S2-93165323	S2	B		
S1-822305526	S2-921724876	S2	B		
S1-301096466	S3-765016877	S3	D		79.0
S1-301096466	S2-639544923	S2	B		
S1-733134862	S3-86157894	S3	B		
S1-311648138	S3-540352245	S3	B		
S1-520980369	S3-512196440	S3	D		68.0
S1-520980369	S3-293344069	S3	D		69.0
S1-556644125	S2-664572141	S2	D		37.0
S1-352613852	S3-811159058	S3	B		
S1-327538851	S3-521693041	S3	B		
S1-747420091	S2-658587134	S2	A		
S1-533690451	S3-139867093	S3	B		
S1-944312291	S3-453658602	S3	D		32.0
S1-216997813	S2-460112293	S2	B		
S1-367507649	S3-176509369	S3	B		
S1-419608658	S2-231288713	S2	B		
S1-419608658	S3-281821908	S3	B		
S1-114426269	S2-760174358	S2	D		39.0
S1-662518961	S2-221950957	S2	B		
S1-456325895	S3-501856783	S3	B		
S1-1268485	S2-524290353	S2	A		
S1-891208703	S2-940469887	S2	B		
S1-120649432	S2-243186880	S2	B		
S1-720789175	S3-53656112	S3	B		
S1-623700746	S2-51694467	S2	B		
S1-466011735	S3-746788370	S3	B		
S1-944492291	S3-868261586	S3	B		
S1-962387700	S2-943839340	S2	A		
S1-379082782	S2-779843084	S2	B		
S1-580033459	S2-747770548	S2	B		
S1-440126694	S3-970801636	S3	A		
S1-954023495	S3-585351311	S3	B		
S1-669153116	S2-335582610	S2	D		60.0
S1-405222573	S2-440902046	S2	B		
S1-613330502	S2-951575966	S2	A		
S1-429620363	S2-896276315	S2	A		
S1-306579547	S2-770514214	S2	D		64.0
S1-306579547	S2-216433428	S2	D		32.0
S1-306579547	S3-650453513	S3	E	rank 30 <= topk but missing from candidates	
S1-350151255	S3-502652289	S3	B		
S1-539158932	S2-234999321	S2	B		
S1-917087241	S3-489982205	S3	B		
S1-584445499	S2-471420355	S2	B		
S1-413834494	S2-59389415	S2	B		
S1-653553005	S3-476974658	S3	B		
S1-826085771	S2-947380115	S2	D		40.0
S1-650400089	S3-865017372	S3	B		
S1-789405803	S2-828218936	S2	D		35.0
S1-789405803	S2-737638307	S2	D		34.0
S1-955543197	S2-429553534	S2	B		
S1-289148559	S2-587353255	S2	D		95.0
S1-996510340	S3-122873512	S3	B		
S1-996510340	S2-653458971	S2	B		
S1-870608695	S2-609842215	S2	B		
S1-607572123	S3-42611599	S3	B		
S1-288257099	S2-831497243	S2	B		
S1-665833569	S2-536585539	S2	D		96.0
S1-567751212	S3-386619932	S3	B		
S1-447603804	S3-409492903	S3	B		
S1-943334567	S2-557212992	S2	B		
S1-754342076	S2-987996653	S2	D		42.0
S1-607105907	S3-80236768	S3	B		
S1-44111564	S2-789911636	S2	B		
S1-751243730	S2-702086390	S2	B		
S1-210338316	S3-662902384	S3	B		
S1-346867717	S3-539292425	S3	B		
S1-843938886	S3-156613121	S3	B		
S1-870617008	S3-342431307	S3	B		
S1-482288795	S2-98135167	S2	D		45.0
S1-86865805	S2-410887227	S2	B		
S1-201195460	S3-140674634	S3	D		39.0
S1-999835207	S2-482489685	S2	D		43.0
S1-59045413	S2-413494287	S2	B		
S1-952011525	S3-476022724	S3	B		
S1-437060880	S2-958345125	S2	B		
S1-965062438	S3-135265047	S3	D		41.0
S1-294394853	S2-286170030	S2	B		
S1-433582829	S2-413645854	S2	B		
S1-550117585	S3-194547023	S3	B		
S1-550117585	S3-394700585	S3	D		31.0
S1-496564248	S3-618742268	S3	D		89.0
S1-523827015	S2-185152999	S2	E	rank 23 <= topk but missing from candidates	
S1-887367111	S3-197034026	S3	A		
S1-467691392	S2-847939295	S2	B		
S1-467691392	S3-375879177	S3	B		
S1-467691392	S3-958407896	S3	B		
S1-351070633	S2-582612912	S2	D		43.0
S1-87885101	S2-283016245	S2	B		
S1-658654720	S3-387096220	S3	B		
S1-886842397	S3-649499843	S3	B		
S1-692731517	S3-138548530	S3	B		
S1-692731517	S3-803498709	S3	B		
S1-852806890	S3-492765315	S3	D		33.0
S1-368022661	S2-386301839	S2	B		
S1-33031778	S2-444629720	S2	B		
S1-156568769	S2-814320285	S2	D		54.0
S1-618098065	S3-187614093	S3	B		
S1-618098065	S3-346480539	S3	B		
S1-400161991	S2-259474647	S2	B		
S1-451741377	S3-924667001	S3	B		
S1-175502429	S2-89053985	S2	D		37.0
S1-942014421	S3-470343802	S3	B		
S1-597277296	S2-231177745	S2	B		
S1-307814948	S3-656056058	S3	D		33.0
S1-408757770	S3-221100986	S3	B		
S1-107724729	S2-823015105	S2	B		
S1-23135050	S2-339643173	S2	B		
S1-499379005	S3-483476685	S3	B		
S1-378202180	S2-653596897	S2	D		61.0
S1-338289690	S2-446950371	S2	D		51.0
S1-354873220	S2-846429528	S2	B		
S1-106958473	S3-537634758	S3	B		
S1-202709203	S3-877494320	S3	B		
S1-251901922	S3-272095500	S3	B		
S1-959137830	S2-141098547	S2	D		83.0
S1-959137830	S3-121828079	S3	D		43.0
S1-248208660	S3-415688590	S3	A		
S1-23612930	S2-853130460	S2	B		
S1-723326681	S2-987693708	S2	B		
S1-723326681	S3-39568163	S3	B		
S1-88352881	S3-900262722	S3	B		
S1-47240460	S2-994188931	S2	B		
S1-164079707	S2-676127347	S2	D		62.0
S1-602026776	S2-21630418	S2	B		
S1-691546664	S2-926621797	S2	B		
S1-135412130	S3-36185549	S3	B		
S1-199757005	S3-539478525	S3	B		
S1-144872655	S3-507787176	S3	D		81.0
S1-575634798	S2-16957350	S2	B		
S1-575634798	S2-213490917	S2	B		
S1-255925383	S3-811830145	S3	B		
S1-412805726	S3-998858731	S3	D		36.0
S1-280277665	S2-774891183	S2	B		
S1-748619102	S3-697589311	S3	B		
S1-748619102	S3-508753163	S3	B		
S1-368481876	S2-701460292	S2	A		
S1-564285168	S2-886193399	S2	B		
S1-909479728	S2-102107194	S2	B		
S1-456206546	S2-240336337	S2	D		57.0
S1-920363643	S2-898625062	S2	B		
S1-180525336	S3-143959229	S3	B		
S1-157649014	S2-540422433	S2	A		
S1-595786729	S2-540622612	S2	B		
S1-948494279	S3-730556265	S3	B		
S1-81215126	S3-268887096	S3	B		
S1-838886127	S2-888637778	S2	D		41.0
S1-780136231	S3-464641132	S3	B		
S1-347890366	S2-879504893	S2	B		
S1-722539618	S3-585825126	S3	B		
S1-883698159	S3-315162121	S3	E	rank 22 <= topk but missing from candidates	
S1-588635966	S2-100289179	S2	B		
S1-312663758	S3-673987536	S3	B		
S1-397095777	S2-411971855	S2	B		
S1-397630300	S3-293627592	S3	B		
S1-459124072	S2-254858466	S2	B		
S1-784948455	S2-315713789	S2	A		
S1-842892181	S2-826776343	S2	B		
S1-295527304	S2-361642724	S2	D		37.0
S1-773721589	S3-373302468	S3	B		
S1-781262367	S2-596923471	S2	B		
S1-568250538	S2-454072831	S2	A		
S1-867678606	S2-873355479	S2	B		
S1-105451803	S2-975570763	S2	D		62.0
S1-385969865	S3-235638742	S3	D		46.0
S1-258799605	S2-667492703	S2	B		
S1-545238426	S2-286758473	S2	B		
S1-95612357	S2-845786159	S2	A		
S1-776054751	S3-283452081	S3	D		102.0
S1-430499593	S3-139903833	S3	D		35.0
S1-22383520	S2-675290876	S2	B		
S1-906715161	S3-977812887	S3	B		
S1-380272734	S3-521065452	S3	B		
S1-380272734	S3-836193648	S3	B		
S1-566279614	S3-290683067	S3	A		
S1-538755799	S3-790265485	S3	B		
S1-509833393	S2-242155316	S2	B		
S1-639824878	S2-626632799	S2	E	rank 18 <= topk but missing from candidates	
S1-33973230	S2-924825632	S2	B		
S1-33973230	S2-880462091	S2	B		
S1-737406563	S3-385730843	S3	B		
S1-979396919	S2-788704650	S2	A		
S1-777040379	S3-385876171	S3	B		
S1-21079786	S3-208078156	S3	B		
S1-414508673	S3-164390906	S3	B		
S1-414508673	S2-863794671	S2	D		76.0
S1-123601	S2-513891720	S2	D		68.0
S1-951172962	S2-192524520	S2	B		
S1-117088099	S2-927654118	S2	B		
S1-152973234	S3-878849354	S3	B		
S1-813311109	S3-786985109	S3	B		
S1-219798880	S3-204028520	S3	E	rank 23 <= topk but missing from candidates	
S1-219798880	S2-390379693	S2	D		36.0
S1-518630338	S3-910705415	S3	D		47.0
S1-336933702	S3-666521665	S3	B		
S1-59893568	S3-334868259	S3	D		63.0
S1-537959629	S2-629526747	S2	D		63.0
S1-220024445	S2-840636170	S2	B		
S1-741581336	S3-994700652	S3	E	rank 30 <= topk but missing from candidates	
S1-741581336	S3-196518221	S3	D		32.0
S1-308957784	S3-248905035	S3	B		
S1-355746848	S2-432914307	S2	D		35.0
S1-830225510	S3-757805132	S3	B		
S1-580769912	S2-403899656	S2	B		
S1-531703342	S3-321887060	S3	D		36.0
S1-37386982	S2-586140772	S2	B		
S1-505689613	S3-443662756	S3	D		50.0
S1-984774204	S2-66139176	S2	D		50.0
S1-73892603	S3-814244311	S3	B		
S1-830092583	S2-512892092	S2	D		80.0
S1-467232952	S3-759104885	S3	D		73.0
S1-193600318	S3-144122790	S3	B		
S1-69600177	S3-251706445	S3	B		
S1-178647279	S2-36783681	S2	B		
S1-934182276	S2-622779660	S2	B		
S1-934182276	S2-29569280	S2	B		
S1-959152230	S3-787475640	S3	D		43.0
S1-218344188	S2-733403297	S2	B		
S1-603785396	S2-610652785	S2	B		
S1-98608590	S3-580511794	S3	B		
S1-561847337	S3-102265499	S3	A		
S1-561847337	S3-313863077	S3	A		
S1-836087020	S2-846667966	S2	B		
S1-496125122	S3-816009202	S3	B		
S1-241146820	S2-290805378	S2	B		
S1-170897614	S3-137027863	S3	D		69.0
S1-884356294	S3-803614508	S3	D		41.0
S1-884356294	S2-377613564	S2	D		54.0
S1-598876552	S3-991751723	S3	B		
S1-391582929	S3-96674217	S3	B		
S1-433136026	S3-706468614	S3	B		
S1-782048601	S3-714975825	S3	B		
S1-369954558	S2-645924920	S2	B		
S1-214372962	S2-504445070	S2	E	rank 29 <= topk but missing from candidates	
S1-214372962	S3-8992262	S3	E	rank 22 <= topk but missing from candidates	
S1-214372962	S3-348018682	S3	D		56.0
S1-578749306	S2-606532050	S2	B		
S1-354353171	S2-334406481	S2	B		
S1-477902181	S2-639420507	S2	B		
S1-860493857	S2-870987249	S2	B		
S1-844239041	S2-383782329	S2	B		
S1-753636125	S3-339467962	S3	B		
S1-336719340	S2-532158252	S2	B		
S1-195432089	S3-838720496	S3	B		
S1-284064338	S2-632892267	S2	B		
S1-305347388	S3-775687387	S3	B		
S1-102447742	S3-735067867	S3	B		
S1-335355490	S3-902017296	S3	B		
S1-210937585	S2-934647376	S2	D		154.0
S1-219134094	S2-479225136	S2	B		
S1-988089583	S3-708933948	S3	A		
S1-422766565	S2-957493388	S2	A		
S1-806304614	S2-445677727	S2	E	rank 28 <= topk but missing from candidates	
S1-525520957	S3-164508312	S3	D		104.0
S1-684296084	S3-953241405	S3	B		
S1-17196662	S2-431806113	S2	B		
S1-660194902	S3-788081161	S3	B		
S1-418346536	S3-863156795	S3	B		
S1-886101731	S2-852389199	S2	B		
S1-954228288	S3-862391659	S3	B		
S1-566322160	S3-798349193	S3	D		36.0
S1-587631273	S2-260378847	S2	B		
S1-614958413	S3-360868014	S3	D		32.0
S1-143030403	S3-657428810	S3	B		
S1-314779783	S3-201068589	S3	A		
S1-922771472	S3-105356578	S3	B		
S1-533389217	S2-977560840	S2	B		
S1-520163818	S3-544044155	S3	D		82.0
S1-520163818	S2-592239301	S2	D		98.0
S1-520163818	S2-983454491	S2	A		
S1-719593722	S2-863162446	S2	A		
S1-143719537	S3-601309628	S3	B		
S1-272358511	S2-9102161	S2	D		38.0
S1-706561902	S3-246561283	S3	D		116.0
S1-415941140	S2-525533298	S2	A		
S1-534729513	S2-14868216	S2	B		
S1-534729513	S2-734326918	S2	B		
S1-112404784	S3-670917179	S3	B		
S1-476240500	S2-770891936	S2	B		
S1-660212046	S3-721441410	S3	D		38.0
S1-578526566	S2-465508414	S2	B		
S1-269986124	S3-93301642	S3	D		67.0
S1-790608961	S3-102606661	S3	D		35.0
S1-790608961	S3-471423011	S3	D		38.0
S1-942529148	S2-342802552	S2	B		
S1-680860923	S2-878413549	S2	B		
S1-342533306	S2-496627732	S2	D		32.0
S1-355699261	S3-730005049	S3	D		79.0
S1-804939762	S3-770470138	S3	D		83.0
S1-906537721	S2-914587274	S2	A		
S1-695514820	S2-962572608	S2	B		
S1-398318994	S3-842290023	S3	B		
S1-575798390	S3-542191692	S3	A		
S1-989118271	S3-983722926	S3	A		
S1-605191584	S3-947199482	S3	B		
S1-926670725	S2-490963212	S2	B		
S1-494974338	S2-681860019	S2	B		
S1-348150762	S2-13526534	S2	A		
S1-787351641	S3-347165847	S3	B		
S1-394501899	S2-605493518	S2	B		
S1-141266136	S2-566806508	S2	A		
S1-977729509	S3-877749903	S3	B		
S1-263834716	S3-939850254	S3	A		
S1-141452080	S2-589305301	S2	D		77.0
S1-122263413	S2-421981464	S2	A		
S1-965282034	S2-680343693	S2	E	rank 23 <= topk but missing from candidates	
S1-470188871	S3-596502940	S3	D		38.0
S1-210496853	S3-548541679	S3	B		
S1-531870783	S2-270309787	S2	B		
S1-74716352	S3-642333956	S3	A		
S1-169480962	S3-389651491	S3	B		
S1-468968920	S3-895596548	S3	B		
S1-462043882	S3-350918082	S3	D		80.0
S1-562846391	S3-151353172	S3	B		
S1-112304371	S3-578642272	S3	B		
S1-102738923	S3-908883596	S3	B		
S1-871524996	S2-655954863	S2	D		122.0
S1-54708266	S2-314332004	S2	E	rank 14 <= topk but missing from candidates	
S1-639396467	S3-970567102	S3	D		36.0
S1-866408370	S3-940776302	S3	D		50.0
S1-530379179	S2-798863077	S2	B		
S1-476989910	S3-591119392	S3	D		62.0
S1-722039423	S3-222238768	S3	B		
S1-523919736	S3-743606945	S3	D		32.0
S1-520103003	S2-811786534	S2	B		
S1-772802480	S3-743128692	S3	B		
S1-475294942	S3-776636331	S3	B		
S1-186032953	S2-626646305	S2	D		71.0
S1-646497851	S3-247896547	S3	B		
S1-904721568	S3-686278166	S3	B		
S1-979151251	S3-772440952	S3	B		
S1-880383090	S3-988715794	S3	D		56.0
S1-194156387	S3-228654824	S3	E	rank 26 <= topk but missing from candidates	
S1-856522372	S3-295054862	S3	A		
S1-158865870	S2-841206741	S2	D		62.0
S1-158865870	S2-362148749	S2	B		
S1-1402220	S2-920754495	S2	B		
S1-739254556	S3-60383232	S3	B		
S1-242156005	S2-458456665	S2	B		
S1-818907151	S2-638657700	S2	E	rank 17 <= topk but missing from candidates	
S1-332533941	S3-26081160	S3	B		
S1-517440584	S3-870552474	S3	A		
S1-698412744	S3-109333718	S3	D		54.0
S1-380196764	S3-119966146	S3	B		
S1-704556514	S2-790918503	S2	D		55.0
S1-865078979	S3-72621252	S3	B		
S1-438942385	S3-909653711	S3	B		
S1-621014273	S3-255393395	S3	A		
S1-251447927	S3-944258656	S3	D		40.0
S1-517640773	S2-904381507	S2	B		
S1-517640773	S3-641187601	S3	B		
S1-136642170	S3-499636972	S3	E	rank 26 <= topk but missing from candidates	
S1-357692322	S3-975767519	S3	B		
S1-766203432	S3-174937156	S3	D		48.0
S1-809602814	S2-67366503	S2	B		
S1-853065598	S3-157736088	S3	B		
S1-618603991	S3-740647636	S3	B		
S1-543604438	S2-337028879	S2	D		48.0
S1-918688132	S2-718209345	S2	B		
S1-787517097	S3-881945667	S3	D		55.0
S1-948397970	S3-158911159	S3	B		
S1-198179420	S2-83950200	S2	B		
S1-451880158	S2-946843024	S2	B		
S1-340419940	S2-976618519	S2	B		
S1-910850593	S3-155323206	S3	B		
S1-910850593	S3-256603762	S3	D		32.0
S1-289932390	S2-973589682	S2	B		
S1-752751369	S3-587562640	S3	D		57.0
S1-329414296	S3-876961485	S3	D		37.0
S1-832451396	S2-918619808	S2	B		
S1-604574443	S3-202660311	S3	B		
S1-767084963	S3-961611684	S3	D		37.0
S1-727837601	S3-696571668	S3	B		
S1-60359872	S2-930383368	S2	B		
S1-812340268	S3-776074210	S3	B		
S1-306424043	S3-314162342	S3	B		
S1-956657104	S2-545800401	S2	D		33.0
S1-956657104	S2-736576661	S2	E	rank 23 <= topk but missing from candidates	
S1-840130461	S2-624299441	S2	B		
S1-857088796	S3-79380082	S3	D		38.0
S1-508253968	S2-2964969	S2	D		48.0
S1-691036724	S2-478828965	S2	D		42.0
S1-850938879	S3-191366219	S3	D		104.0
S1-527247037	S3-191147524	S3	B		
S1-539132242	S2-962336476	S2	B		
S1-244122847	S2-414813625	S2	D		35.0
S1-598271748	S3-694058192	S3	B		
S1-809618435	S3-550463195	S3	B		
S1-195738320	S2-612767952	S2	B		
S1-476363542	S3-354578922	S3	D		31.0
S1-247885633	S3-98499103	S3	D		63.0
S1-332549788	S3-21041583	S3	B		
S1-432164696	S3-191729232	S3	B		
S1-632103248	S2-541484379	S2	B		
S1-169079971	S3-429917426	S3	B		
S1-967890982	S2-636219558	S2	B		
S1-19096184	S3-717643133	S3	B		
S1-656559296	S3-865141140	S3	B		
S1-236073441	S3-369707275	S3	B		
S1-855752642	S2-766084331	S2	B		
S1-848685811	S3-526860910	S3	B		
S1-117143174	S2-943588548	S2	D		36.0
S1-285082173	S2-503860413	S2	B		
S1-347736309	S2-165725235	S2	B		
S1-347736309	S3-886308945	S3	B		
S1-927463778	S2-255306971	S2	D		32.0
S1-766587334	S2-55755045	S2	B		
S1-353601349	S2-197191839	S2	B		
S1-838529854	S2-762441142	S2	B		
S1-357976995	S2-301032211	S2	B		
S1-894880133	S3-892645580	S3	A		
S1-73016222	S2-826001425	S2	D		73.0
S1-90331141	S2-725248832	S2	B		
S1-546945942	S2-195400196	S2	B		
S1-944622712	S3-119285922	S3	D		42.0
S1-936362508	S2-960468835	S2	B		
S1-206411146	S2-151136208	S2	B		
S1-206411146	S3-117754958	S3	B		
S1-653790024	S2-966112454	S2	B		
S1-954416780	S2-334784846	S2	B		
S1-238046872	S3-588758880	S3	D		38.0
S1-885861408	S3-854164534	S3	D		41.0
S1-613774260	S2-969005338	S2	B		
S1-613774260	S3-201435022	S3	E	rank 24 <= topk but missing from candidates	
S1-613774260	S2-524908927	S2	B		
S1-613774260	S2-585913292	S2	B		
S1-640659245	S3-304272055	S3	D		40.0
S1-189778694	S3-875173286	S3	B		
S1-268507854	S2-860629714	S2	B		
S1-624815295	S3-982703097	S3	B		
S1-262132679	S2-879002707	S2	A		
S1-609272259	S3-591704862	S3	E	rank 29 <= topk but missing from candidates	
S1-756427431	S2-48566550	S2	B		
S1-908980353	S2-29626512	S2	D		33.0
S1-218207828	S2-385068570	S2	B		
S1-836736619	S2-452036868	S2	E	rank 21 <= topk but missing from candidates	
S1-375098539	S3-960777365	S3	D		32.0
S1-399154356	S3-675148658	S3	D		40.0
S1-784981991	S3-310426722	S3	D		72.0
S1-246511778	S2-41026488	S2	B		
S1-960595668	S3-511878748	S3	B		
S1-444101512	S3-394761298	S3	D		40.0
S1-444101512	S3-518338942	S3	D		36.0
S1-496337383	S2-924914230	S2	D		35.0
S1-120477085	S2-728118542	S2	B		
S1-120477085	S3-302743391	S3	B		
S1-650477723	S2-276064945	S2	D		73.0
S1-658416312	S2-578751326	S2	D		55.0
S1-719565764	S2-70544862	S2	B		
S1-488752794	S3-253711350	S3	D		48.0
S1-791892159	S3-831799216	S3	D		78.0
S1-171110775	S2-688002117	S2	B		
S1-574042034	S2-112065504	S2	D		77.0
S1-575683349	S2-897738972	S2	D		46.0
S1-806661522	S3-471202545	S3	D		44.0
S1-773785883	S2-774701331	S2	B		
S1-43882128	S3-606633195	S3	B		
S1-919688691	S3-619247961	S3	D		100.0
S1-919688691	S3-377765659	S3	A		
S1-221057758	S2-57593875	S2	D		70.0
S1-11307518	S3-242753025	S3	B		
S1-810672215	S2-204078709	S2	B		
S1-255895584	S3-310720611	S3	B		
S1-127044939	S2-499808490	S2	B		
S1-760365361	S3-53214515	S3	B		
S1-335396642	S3-732595865	S3	B		
S1-335396642	S3-886279688	S3	A		
S1-335396642	S3-74258657	S3	B		
S1-694978471	S3-706415007	S3	A		
S1-806308883	S3-189519365	S3	A		
S1-806308883	S2-531304183	S2	B		
S1-753104630	S3-867408932	S3	B		
S1-905299858	S2-323300743	S2	D		31.0
S1-619791402	S3-896016321	S3	D		34.0
S1-976558891	S2-981329854	S2	B		
S1-75510822	S2-783566390	S2	B		
S1-693254401	S2-547215709	S2	D		38.0
S1-43428409	S3-712662666	S3	D		31.0
S1-959070288	S2-200611213	S2	A		
S1-862086750	S2-98989187	S2	E	rank 30 <= topk but missing from candidates	
S1-201431508	S3-495771870	S3	B		
S1-247436662	S3-865414578	S3	B		
S1-98134958	S3-407181347	S3	B		
S1-247604770	S2-278948612	S2	A		
S1-202220816	S3-165062500	S3	A		
S1-964622348	S3-348137232	S3	D		33.0
S1-755962354	S3-838553306	S3	D		39.0
S1-535337425	S3-913165218	S3	E	rank 22 <= topk but missing from candidates	
S1-128654917	S3-731262275	S3	D		35.0
S1-998168044	S2-58793688	S2	B		
S1-922881533	S2-117302413	S2	B		
S1-129146049	S3-5700166	S3	A		
S1-129146049	S3-449033181	S3	B		
S1-291800840	S3-128375687	S3	B		
S1-895019824	S2-3608886	S2	D		55.0
S1-978209948	S2-626113800	S2	B		
S1-469136481	S2-776638659	S2	B		
S1-277496600	S2-133163756	S2	D		48.0
S1-528925365	S2-409710919	S2	D		49.0
S1-602655325	S3-8055423	S3	B		
S1-533889034	S3-500896617	S3	D		49.0
S1-533889034	S3-300265483	S3	B		
S1-414956484	S2-60779288	S2	D		65.0
S1-5752090	S3-41983806	S3	D		77.0
S1-145689321	S2-402948059	S2	E	rank 24 <= topk but missing from candidates	
S1-945912962	S2-682095122	S2	B		
S1-50014228	S3-558556144	S3	B		
S1-268514173	S2-508193305	S2	B		
S1-56231555	S3-261219028	S3	A		
S1-173674929	S2-536027338	S2	B		
S1-338265092	S3-571066865	S3	D		40.0
S1-407702627	S3-632967797	S3	B		
S1-638115626	S3-482824649	S3	B		
S1-301222325	S3-901718189	S3	B		
S1-541374419	S3-760809067	S3	B		
S1-204661112	S3-224296401	S3	E	rank 30 <= topk but missing from candidates	
S1-204661112	S3-207103456	S3	E	rank 22 <= topk but missing from candidates	
S1-262490024	S2-379638218	S2	B		
S1-262490024	S3-875785269	S3	B		
S1-903540532	S3-199770382	S3	D		50.0
S1-229602796	S3-764695934	S3	B		
S1-978692735	S2-13553354	S2	D		39.0
S1-791193530	S2-953761676	S2	B		
S1-983313698	S3-570650818	S3	B		
S1-166841632	S3-527964835	S3	D		32.0
S1-685131986	S3-358878372	S3	D		46.0
S1-425493929	S3-703203569	S3	B		
S1-902387364	S2-356900022	S2	B		
S1-369633485	S3-843376676	S3	A		
S1-634939136	S2-122383613	S2	D		61.0
S1-553330192	S2-522660684	S2	B		
S1-895985547	S3-173626939	S3	D		37.0
S1-183307456	S2-566582330	S2	D		117.0
S1-772787837	S3-471172206	S3	B		
S1-936339560	S2-816324576	S2	D		41.0
S1-931535703	S2-819739129	S2	B		
S1-816276253	S3-573292498	S3	D		43.0
S1-587285219	S2-259269897	S2	E	rank 26 <= topk but missing from candidates	
S1-587285219	S2-382431386	S2	B		
S1-708087729	S2-779527002	S2	B		
S1-557045623	S2-301564831	S2	B		
S1-557045623	S2-65930343	S2	B		
S1-516463618	S3-476720239	S3	B		
S1-720931277	S3-899990679	S3	D		41.0
S1-402050325	S3-656604737	S3	D		31.0
S1-123811934	S3-439369347	S3	B		
S1-721693852	S2-545415363	S2	B		
S1-743673301	S3-908140672	S3	E	rank 6 <= topk but missing from candidates	
S1-303656520	S3-296057649	S3	B		
S1-303656520	S2-883375381	S2	B		
S1-514774760	S3-264981866	S3	B		
S1-344163211	S3-556714064	S3	B		
S1-418367295	S3-496934673	S3	A		
S1-570111417	S2-628157428	S2	D		36.0
S1-378824698	S2-47175127	S2	D		65.0
S1-378824698	S2-665791273	S2	D		72.0
S1-310117955	S2-661791283	S2	B		
S1-945670719	S3-223210557	S3	D		45.0
S1-928493106	S3-132479898	S3	B		
S1-524597952	S3-624234080	S3	B		
S1-942827374	S3-390058216	S3	D		69.0
S1-405062808	S2-713594276	S2	B		
S1-23582878	S3-157903707	S3	B		
S1-419984624	S3-239341412	S3	B		
S1-301251371	S3-177390406	S3	B		
S1-311530204	S2-542430777	S2	B		
S1-807821401	S2-660384385	S2	A		
S1-685956198	S3-275166092	S3	D		55.0
S1-297910744	S2-905183978	S2	B		
S1-849883152	S2-723965750	S2	B		
S1-731689172	S2-56381886	S2	D		63.0
S1-459347577	S3-73045493	S3	B		
S1-459347577	S3-547426160	S3	B		
S1-851612489	S3-960100954	S3	D		69.0
S1-99032149	S2-866164927	S2	D		35.0
S1-49541833	S2-290845191	S2	B		
S1-45767826	S3-214287400	S3	B		
S1-600190828	S3-82303133	S3	B		
S1-659531381	S3-888610791	S3	D		54.0
S1-924279862	S3-494262772	S3	D		50.0
S1-784640284	S3-707475840	S3	D		85.0
S1-852283536	S2-526757888	S2	D		70.0
S1-176980987	S3-953471890	S3	B		
S1-408313272	S2-469922093	S2	B		
S1-408313272	S3-309085885	S3	B		
S1-732712083	S2-175032021	S2	B		
S1-541311829	S3-961772715	S3	E	rank 30 <= topk but missing from candidates	
S1-839186846	S3-857803973	S3	B		
S1-500762275	S2-773561152	S2	D		107.0
S1-182732311	S2-314068193	S2	D		49.0
S1-777725790	S3-306782992	S3	D		80.0
S1-720708572	S3-66540903	S3	D		40.0
S1-720708572	S3-464617855	S3	D		39.0
S1-525662750	S3-122367362	S3	B		
S1-525662750	S2-374334895	S2	D		52.0
S1-89637806	S2-26097188	S2	A		
S1-689698799	S2-783734824	S2	B		
S1-982335794	S3-962466671	S3	D		40.0
S1-982335794	S3-850889275	S3	D		39.0
S1-524888117	S3-693033857	S3	B		
S1-31636764	S3-92923171	S3	D		31.0
S1-834413926	S3-543205861	S3	B		
S1-54033516	S2-322269929	S2	D		84.0
S1-832260665	S2-202788570	S2	B		
S1-150454097	S2-548778438	S2	D		48.0
S1-131349424	S2-635743491	S2	D		62.0
S1-83900459	S2-189367010	S2	D		60.0
S1-292025004	S2-729325133	S2	B		
S1-586583578	S3-321258481	S3	B		
S1-876870215	S3-525272401	S3	B		
S1-41102665	S3-532485804	S3	D		80.0
S1-142116485	S2-303102401	S2	D		35.0
S1-520547597	S3-704800777	S3	B		
S1-302308549	S2-964273145	S2	D		33.0
S1-999875649	S3-772849981	S3	B		
S1-883367478	S2-544524638	S2	B		
S1-492567567	S3-855042055	S3	B		
S1-492567567	S3-740033889	S3	B		
S1-910089380	S2-500666109	S2	D		33.0
S1-89788528	S3-52733559	S3	D		73.0
S1-289413727	S3-69584558	S3	B		
S1-664042588	S3-632922276	S3	B		
S1-80943978	S2-916652134	S2	D		47.0
S1-529560605	S3-634627444	S3	E	rank 20 <= topk but missing from candidates	
S1-11011421	S2-745263335	S2	B		
S1-649276088	S2-578366578	S2	B		
S1-594435254	S2-855134357	S2	B		
S1-500723277	S3-683945754	S3	D		39.0
S1-500723277	S3-371310914	S3	D		38.0
S1-316610190	S2-193182673	S2	B		
S1-653262846	S3-738296684	S3	D		44.0
S1-185008535	S3-95848519	S3	B		
S1-960575691	S3-476200427	S3	D		59.0
S1-685057573	S3-183308518	S3	B		
S1-926772044	S2-139381900	S2	B		
S1-541710711	S3-607948019	S3	B		
S1-908696326	S3-915195931	S3	B		
S1-334128153	S3-314300229	S3	D		38.0
S1-602705351	S2-500371918	S2	B		
S1-931442335	S2-523450744	S2	B		
S1-816411174	S2-579089418	S2	D		59.0
S1-816411174	S3-572606186	S3	B		
S1-499807803	S3-772644862	S3	E	rank 19 <= topk but missing from candidates	
S1-422783460	S2-84200775	S2	D		32.0
S1-77481255	S3-991292505	S3	D		33.0
S1-646024635	S3-153901489	S3	B		
S1-130900116	S2-735602881	S2	D		38.0
S1-708871548	S3-190806308	S3	D		38.0
S1-160180690	S3-187891615	S3	B		
S1-539026082	S3-728030037	S3	D		38.0
S1-667599157	S2-283327694	S2	B		
S1-737105943	S3-821977916	S3	D		70.0
S1-576467489	S3-762109525	S3	E	rank 14 <= topk but missing from candidates	
S1-926625579	S3-722110488	S3	B		
S1-867050946	S2-994724043	S2	B		
S1-271092534	S2-231921118	S2	D		46.0
S1-137068909	S2-408006784	S2	D		88.0
S1-650660688	S2-399912252	S2	D		57.0
S1-893017746	S3-895774500	S3	B		
S1-134432026	S3-218496894	S3	D		67.0
S1-983320160	S2-373307682	S2	B		
S1-891311223	S2-259186439	S2	A		
S1-672726807	S3-590140064	S3	D		45.0
S1-775840508	S3-958614828	S3	B		
S1-105340606	S2-425683905	S2	D		34.0
S1-416880975	S3-325771237	S3	B		
S1-301278173	S2-80747220	S2	B		
S1-871714261	S3-969744177	S3	A		
S1-567960207	S3-162322541	S3	B		
S1-567960207	S3-761771923	S3	B		
S1-932679667	S3-27403278	S3	D		137.0
S1-918923212	S2-292290453	S2	B		
S1-284706248	S3-108664724	S3	D		73.0
S1-147805888	S3-893210409	S3	A		
S1-53930499	S3-411910206	S3	B		
S1-997765765	S2-358368657	S2	B		
S1-113565834	S3-215552215	S3	B		
S1-246649369	S2-609391120	S2	D		35.0
S1-377956717	S3-768150252	S3	B		
S1-465275592	S2-146982968	S2	B		
S1-993544904	S2-255146923	S2	B		
S1-270069463	S2-102888003	S2	B		
S1-270069463	S3-650839071	S3	A		
S1-270069463	S3-822853250	S3	D		45.0
S1-270069463	S3-935194914	S3	B		
S1-853961420	S2-667632485	S2	D		62.0
S1-623156765	S3-766510101	S3	B		
S1-623156765	S2-323436227	S2	B		
S1-203700587	S2-144953608	S2	B		
S1-541960869	S3-20815279	S3	B		
S1-907145575	S3-197642282	S3	B		
S1-907145575	S3-580889141	S3	B		
S1-830118868	S3-271169965	S3	D		33.0
S1-649181736	S2-120046497	S2	D		31.0
S1-782700755	S2-903498792	S2	B		
S1-556058340	S3-632754538	S3	B		
S1-500144698	S2-141496492	S2	B		
S1-256245040	S2-621600466	S2	D		58.0
S1-585491916	S3-314755123	S3	B		
S1-461638591	S3-294470851	S3	A		
S1-921805863	S2-143822680	S2	B		
S1-299183193	S2-217345804	S2	E	rank 28 <= topk but missing from candidates	
S1-949340448	S2-999561354	S2	B		
S1-105187835	S3-502406850	S3	E	rank 19 <= topk but missing from candidates	
S1-416832323	S2-10405668	S2	D		60.0
S1-538941985	S2-998850072	S2	B		
S1-116066333	S3-234119719	S3	D		38.0
S1-116066333	S2-784688338	S2	D		39.0
S1-43790591	S2-234924798	S2	B		
S1-627951837	S2-647351556	S2	B		
S1-941511046	S2-772014881	S2	B		
S1-514342661	S3-10913120	S3	D		128.0
S1-819084868	S2-596548502	S2	D		62.0
S1-887319853	S3-789639694	S3	B		
S1-77101921	S2-503886926	S2	B		
S1-339541789	S2-907877158	S2	D		112.0
S1-930270698	S2-173587242	S2	B		
S1-271967990	S2-841366286	S2	D		32.0
S1-769463801	S3-430066695	S3	B		
S1-174968004	S2-738300231	S2	B		
S1-831236631	S2-306821761	S2	D		44.0
S1-428653904	S3-34805000	S3	B		
S1-428653904	S3-859346252	S3	B		
S1-948482741	S2-39916256	S2	D		84.0
S1-406587781	S3-656437140	S3	A		
S1-823441597	S3-519148474	S3	D		63.0
S1-876004881	S3-219925592	S3	B		
S1-876004881	S2-689190885	S2	B		
S1-823093556	S3-408222359	S3	D		67.0
S1-738521445	S3-565465315	S3	B		
S1-705338419	S3-79899619	S3	B		
S1-151805443	S3-535169932	S3	D		34.0
S1-970832261	S3-553173585	S3	D		55.0
S1-327162396	S2-817926585	S2	D		44.0
S1-738166799	S3-851015251	S3	B		
S1-483742023	S3-326873691	S3	A		
S1-759731574	S3-244460315	S3	B		
S1-749959002	S3-472190388	S3	B		
S1-130616289	S3-146213598	S3	B		
S1-384095272	S3-545165023	S3	B		
S1-384095272	S3-527730437	S3	B		
S1-182977511	S3-87296380	S3	D		80.0
S1-356161613	S3-588871522	S3	B		
S1-214216413	S3-933332954	S3	A		
S1-935112172	S3-307255194	S3	E	rank 28 <= topk but missing from candidates	
S1-670222425	S3-649268818	S3	B		
S1-142524974	S2-522126199	S2	A		
S1-554769349	S3-882395660	S3	E	rank 23 <= topk but missing from candidates	
S1-588319183	S3-337974080	S3	B		
S1-383261130	S2-778357162	S2	B		
S1-599404610	S2-67540475	S2	B		
S1-369477564	S2-863089527	S2	B		
S1-812470372	S2-8095518	S2	D		82.0
S1-170623631	S2-187919549	S2	D		95.0
S1-129414719	S3-823395177	S3	B		
S1-597398449	S2-440199365	S2	B		
S1-968005178	S2-437622203	S2	B		
S1-526914045	S3-861954726	S3	B		
S1-589878386	S2-526709327	S2	D		55.0
S1-183383355	S2-843814467	S2	B		
S1-881337966	S2-70859001	S2	D		57.0
S1-386005651	S3-820250760	S3	B		
S1-457429006	S3-936094690	S3	D		48.0
S1-447891281	S2-253209941	S2	B		
S1-590329572	S3-849448395	S3	B		
S1-590329572	S3-245294646	S3	D		37.0
S1-294349667	S3-443957760	S3	B		
S1-987488084	S2-463157518	S2	B		
S1-987488084	S2-709981053	S2	B		
S1-987488084	S3-592285191	S3	A		
S1-927544044	S3-193163289	S3	B		
S1-347097261	S3-370155891	S3	D		31.0
S1-209222796	S2-950423190	S2	A		
S1-275194313	S3-858463258	S3	D		67.0
S1-885176690	S3-154914675	S3	D		116.0
S1-712609400	S3-877260309	S3	B		
S1-862137351	S3-813452232	S3	B		
S1-213130281	S2-319103616	S2	B		
S1-683302534	S2-577167579	S2	B		
S1-876975011	S3-874286279	S3	B		
S1-326172289	S2-205411958	S2	B		
S1-961360659	S3-128860772	S3	B		
S1-193848774	S2-581554937	S2	B		
S1-565750965	S2-400270300	S2	B		
S1-900098753	S3-356743799	S3	B		
S1-196230168	S2-74975071	S2	B		
S1-825691855	S3-282120371	S3	D		36.0
S1-825691855	S3-42666628	S3	D		32.0
S1-915092351	S3-62057426	S3	B		
S1-402196169	S2-814991880	S2	B		
S1-867500668	S2-388418152	S2	D		84.0
S1-298653448	S2-436641747	S2	B		
S1-891225291	S3-741090860	S3	B		
S1-256627282	S2-810095850	S2	B		
S1-774770546	S2-601464858	S2	B		
S1-352790975	S3-612367543	S3	B		
S1-56691920	S2-52884244	S2	B		
S1-718595853	S3-473686345	S3	B		
S1-805848093	S2-744595958	S2	B		
S1-731265419	S2-9009215	S2	B		
S1-147445807	S3-576700301	S3	D		32.0
S1-140889332	S2-348473468	S2	D		87.0
S1-910999190	S3-553602222	S3	B		
S1-45062099	S2-386183657	S2	D		41.0
S1-45062099	S2-533168317	S2	D		43.0
S1-45062099	S3-202785574	S3	D		32.0
S1-45062099	S3-143100622	S3	D		31.0
S1-210039961	S2-988574422	S2	B		
S1-621911143	S2-44162708	S2	B		
S1-221476698	S3-161681189	S3	B		
S1-993659953	S3-864085078	S3	B		
S1-960480909	S3-718168050	S3	B		
S1-88956301	S2-469441175	S2	B		
S1-88956301	S2-903263810	S2	B		
S1-117573903	S3-925542282	S3	B		
S1-86220612	S3-700404407	S3	A		
S1-843640272	S3-650276566	S3	B		
S1-307767174	S2-944698908	S2	A		
S1-307767174	S3-851306158	S3	D		43.0
S1-946333855	S3-34324169	S3	B		
S1-521676307	S3-616944492	S3	D		34.0
S1-985333371	S3-789765848	S3	B		
S1-848067658	S3-249002145	S3	B		
S1-937417577	S2-619795176	S2	B		
S1-930992687	S3-917393637	S3	B		
S1-930992687	S3-793053326	S3	B		
S1-331824200	S2-338510827	S2	B		
S1-498831042	S3-709539625	S3	A		
S1-789920148	S3-687827917	S3	D		57.0
S1-952565976	S3-680464034	S3	D		53.0
S1-977213401	S2-515098109	S2	B		
S1-183831648	S3-692615243	S3	B		
S1-815832219	S3-329315996	S3	D		55.0
S1-815832219	S2-443349601	S2	D		54.0
S1-243612468	S2-253856192	S2	B		
S1-554504870	S2-552956609	S2	B		
S1-503998710	S2-646568402	S2	B		
S1-550787718	S2-681450639	S2	B		
S1-550787718	S3-630400446	S3	B		
S1-168469403	S3-939160338	S3	B		
S1-557164272	S3-617195782	S3	B		
S1-522427052	S3-109824671	S3	A		
S1-99482219	S3-860020716	S3	B		
S1-577930216	S3-771906289	S3	D		44.0
S1-424239884	S3-161340417	S3	B		
S1-39667912	S3-446162814	S3	B		
S1-39667912	S2-274682742	S2	B		
S1-177979844	S3-598007735	S3	B		
S1-951302970	S2-288199135	S2	B		
S1-519041490	S3-593076757	S3	B		
S1-418995324	S2-313514179	S2	D		63.0
S1-585020796	S3-22049455	S3	A		
S1-530883109	S2-42688073	S2	B		
S1-616151333	S2-500454729	S2	B		
S1-486192917	S3-766265979	S3	A		
S1-968964572	S3-276212324	S3	B		
S1-879309667	S2-544073210	S2	A		
S1-603115412	S3-104033942	S3	B		
S1-140305410	S2-641737479	S2	B		
S1-870349124	S3-529048913	S3	A		
S1-870349124	S3-855192272	S3	D		50.0
S1-870349124	S3-570861777	S3	E	rank 21 <= topk but missing from candidates	
S1-346356354	S2-317425463	S2	B		
S1-101182299	S2-32076280	S2	D		50.0
S1-392436845	S2-662978022	S2	D		83.0
S1-713417262	S2-316501710	S2	A		
S1-219547445	S3-412573906	S3	B		
S1-36169497	S3-414989233	S3	B		
S1-777966077	S2-237874636	S2	A		
S1-777966077	S2-898627858	S2	E	rank 20 <= topk but missing from candidates	
S1-910746027	S3-313431912	S3	B		
S1-910746027	S3-141791310	S3	B		
S1-910746027	S3-973754426	S3	B		
S1-538658634	S2-599520330	S2	B		
S1-890423481	S3-257558949	S3	B		
S1-680601813	S3-895544214	S3	B		
S1-591078876	S2-270838840	S2	A		
S1-726614977	S2-103933763	S2	B		
S1-455002266	S3-103711622	S3	D		78.0
S1-274640363	S3-482009486	S3	D		47.0
S1-368027301	S3-567492682	S3	D		50.0
S1-704990004	S3-591627123	S3	A		
S1-475883057	S3-834282320	S3	B		
S1-746419765	S3-972868475	S3	D		45.0
S1-627618312	S3-61428446	S3	B		
S1-690077347	S3-501249596	S3	D		46.0
S1-690077347	S3-100663671	S3	D		45.0
S1-739908986	S3-411735815	S3	B		
S1-739908986	S2-506569895	S2	B		
S1-972432610	S2-757829151	S2	B		
S1-822534607	S2-463057615	S2	B		
S1-600506267	S2-748554377	S2	A		
S1-90713310	S3-882444018	S3	B		
S1-325352503	S2-47801405	S2	B		
S1-720099183	S2-962140781	S2	A		
S1-805667710	S2-336465729	S2	D		41.0
S1-904251628	S2-827716473	S2	D		51.0
S1-904251628	S3-505321047	S3	E	rank 29 <= topk but missing from candidates	
S1-904251628	S2-705446606	S2	D		53.0
S1-958146160	S2-927030312	S2	B		
S1-90414713	S2-708280496	S2	A		
S1-923743662	S3-832772014	S3	D		31.0
S1-82685409	S2-76698228	S2	B		
S1-582232114	S2-666161973	S2	D		150.0
S1-122299123	S2-944008580	S2	B		
S1-95651485	S2-20001616	S2	E	rank 12 <= topk but missing from candidates	
S1-711315943	S2-95368669	S2	B		
S1-191766313	S3-956657119	S3	D		104.0
S1-990161710	S2-751061251	S2	B		
S1-287963771	S2-993188921	S2	E	rank 12 <= topk but missing from candidates	
S1-287963771	S2-360498136	S2	D		68.0
S1-139367092	S2-292043617	S2	D		44.0
S1-395951986	S2-605177423	S2	B		
S1-609246894	S2-681561231	S2	D		42.0
S1-928561412	S3-105355683	S3	B		
S1-596961098	S2-582151492	S2	B		
S1-39629295	S2-440065360	S2	D		53.0
S1-299116711	S2-642733793	S2	A		
S1-238914318	S3-213359587	S3	B		
S1-238914318	S2-384955527	S2	B		
S1-364127790	S3-754268859	S3	A		
S1-59420622	S3-611579941	S3	B		
S1-912105220	S2-437148512	S2	D		66.0
S1-73278469	S3-103254716	S3	A		
S1-945570348	S2-526145829	S2	B		
S1-749265448	S2-541928047	S2	D		31.0
S1-749265448	S2-720584834	S2	B		
S1-471329356	S3-10994886	S3	D		106.0
S1-302825781	S2-868724856	S2	B		
S1-18479784	S3-878387357	S3	B		
S1-717282352	S2-566224564	S2	B		
S1-92439462	S3-483535650	S3	D		114.0
S1-207147304	S2-922311930	S2	B		
S1-898237776	S3-380698609	S3	B		
S1-488355165	S3-591221336	S3	D		48.0
S1-488355165	S2-183200036	S2	D		47.0
S1-923914879	S3-343273209	S3	D		62.0
S1-269054303	S3-752662940	S3	B		
S1-489921584	S3-505267102	S3	A		
S1-186203395	S3-838249912	S3	B		
S1-843273494	S3-259295237	S3	D		68.0
S1-412511976	S3-765794615	S3	B		
S1-435190822	S2-245207728	S2	D		42.0
S1-284400921	S3-37473244	S3	B		
S1-627561271	S2-75820389	S2	D		61.0
S1-322986708	S2-155023316	S2	B		
S1-268112709	S2-841287110	S2	D		48.0
S1-192395536	S2-836426006	S2	A		
S1-297980541	S3-836557177	S3	B		
S1-124632378	S2-556230852	S2	D		52.0
S1-491178396	S3-203798649	S3	B		
S1-491178396	S3-80098599	S3	B		
S1-692131263	S3-270636042	S3	D		55.0
S1-525567347	S2-872468941	S2	B		
S1-946329531	S3-822628590	S3	B		
S1-625082115	S2-637452133	S2	B		
S1-848637899	S3-235486734	S3	B		
S1-531023605	S2-301331464	S2	D		55.0
S1-21999885	S3-634218478	S3	D		69.0
S1-820007499	S2-137146109	S2	D		39.0
S1-444198860	S3-636582018	S3	A		
S1-244625833	S2-413002743	S2	D		33.0
S1-120036348	S2-959775945	S2	D		83.0
S1-295337976	S3-518073265	S3	B		
S1-554596627	S3-365580899	S3	B		
S1-729787469	S3-670575054	S3	A		
S1-791518093	S2-615910914	S2	B		
S1-198307340	S3-23531048	S3	E	rank 17 <= topk but missing from candidates	
S1-498730139	S2-246442077	S2	B		
S1-322021713	S3-337964887	S3	B		
S1-80654556	S2-307649192	S2	E	rank 4 <= topk but missing from candidates	
S1-199780495	S3-737161688	S3	B		
S1-63794581	S2-170505323	S2	D		70.0
S1-288180426	S2-462799591	S2	D		32.0
S1-660737782	S2-88359075	S2	B		
S1-365924638	S3-567134345	S3	B		
S1-30857957	S2-528373901	S2	D		68.0
S1-419699795	S2-702187780	S2	B		
S1-212702199	S2-776623246	S2	B		
S1-853413634	S2-717484428	S2	D		59.0
S1-243220488	S2-102017908	S2	B		
S1-422663873	S2-265127358	S2	B		
S1-422663873	S3-700113109	S3	B		
S1-109978892	S3-549689010	S3	B		
S1-693157612	S3-515994962	S3	B		
S1-694752561	S2-756536270	S2	B		
S1-805995910	S3-376924656	S3	B		
S1-537386303	S2-924925852	S2	B		
S1-554500937	S3-586189817	S3	B		
S1-106984027	S2-854033650	S2	B		
S1-762844807	S3-169195318	S3	B		
S1-643031993	S3-866349861	S3	E	rank 29 <= topk but missing from candidates	
S1-239408770	S2-432401204	S2	B		
S1-6240517	S2-58813724	S2	D		65.0
S1-529723049	S2-381150341	S2	B		
S1-701179951	S2-884642224	S2	B		
S1-285689335	S2-593941752	S2	B		
S1-364186907	S2-23469004	S2	E	rank 26 <= topk but missing from candidates	
S1-310284094	S3-483503010	S3	B		
S1-70150730	S2-852758370	S2	B		
S1-175053012	S2-218342053	S2	D		63.0
S1-438722686	S2-445629064	S2	B		
S1-643032268	S2-912079043	S2	A		
S1-643032268	S2-653603703	S2	D		35.0
S1-817598309	S2-560795538	S2	D		57.0
S1-655330890	S3-40161367	S3	E	rank 10 <= topk but missing from candidates	
S1-334137323	S3-818038363	S3	A		
S1-634548157	S3-434679298	S3	D		37.0
S1-659106251	S2-843406732	S2	B		
S1-661411155	S3-315582738	S3	D		42.0
S1-417793444	S2-991812616	S2	B		
S1-424843254	S2-502610207	S2	B		
S1-424843254	S2-712326007	S2	B		
S1-424843254	S3-453077577	S3	B		
S1-992677380	S3-363043710	S3	E	rank 25 <= topk but missing from candidates	
S1-594282975	S2-955864937	S2	B		
S1-512720373	S3-58958594	S3	B		
S1-731265966	S3-641533887	S3	D		33.0
S1-213745104	S3-121077353	S3	D		61.0
S1-566213416	S2-795327065	S2	B		
S1-566213416	S3-513233272	S3	B		
S1-578367001	S3-501777411	S3	A		
S1-690602227	S2-28073821	S2	B		
S1-559456484	S2-280003589	S2	D		44.0
S1-392372445	S3-542759082	S3	D		33.0
S1-50960829	S3-410510667	S3	B		
S1-302241739	S3-714258187	S3	B		
S1-548712402	S2-310724295	S2	D		32.0
S1-548712402	S2-193030680	S2	D		53.0
S1-874596253	S3-691975699	S3	B		
S1-893509806	S3-640801662	S3	B		
S1-818100365	S3-393802899	S3	B		
S1-733207784	S2-634176397	S2	B		
S1-356136936	S3-217397640	S3	B		
S1-297313554	S3-859257545	S3	B		
S1-634148937	S3-437395071	S3	B		
S1-427476208	S3-242825859	S3	B		
S1-712729471	S3-642396157	S3	B		
S1-712729471	S3-366604716	S3	B		
S1-346920245	S2-254261435	S2	B		
S1-445712624	S2-1513530	S2	D		47.0
S1-114735754	S2-905361839	S2	B		
S1-114735754	S3-418882692	S3	D		59.0
S1-235772327	S3-235385216	S3	B		
S1-356308298	S3-430808246	S3	D		81.0
S1-609398663	S2-879733632	S2	B		
S1-280058424	S3-947354416	S3	B		
S1-726338474	S3-261099718	S3	D		39.0
S1-636504130	S3-617601710	S3	B		
S1-820490683	S2-851390898	S2	B		
S1-652351136	S3-843648490	S3	D		107.0
S1-693777651	S3-919716753	S3	D		48.0
S1-881525046	S3-62478993	S3	D		51.0
S1-626885593	S2-526953672	S2	B		
S1-803909175	S2-104766818	S2	B		
S1-269411847	S2-168494792	S2	B		
S1-903498545	S3-596659213	S3	B		
S1-240475370	S3-500066789	S3	B		
S1-534777203	S2-825818024	S2	B		
S1-56054985	S3-787341277	S3	B		
S1-52970703	S3-369143937	S3	B		
S1-954431659	S2-749184549	S2	D		64.0
S1-652958894	S3-493809228	S3	B		
S1-836249535	S2-465116225	S2	B		
S1-196127607	S3-434490342	S3	D		72.0
S1-443737418	S2-522878495	S2	B		
S1-157899760	S2-809269543	S2	D		32.0
S1-910656607	S2-630387834	S2	D		46.0
S1-348321959	S3-234687703	S3	D		31.0
S1-205972190	S2-765294131	S2	E	rank 23 <= topk but missing from candidates	
S1-432844232	S3-964250589	S3	B		
S1-387349947	S2-430082270	S2	B		
S1-408177763	S3-573460361	S3	B		
S1-384127902	S2-610401552	S2	D		58.0
S1-690510590	S3-70355597	S3	D		42.0
S1-690510590	S3-438273011	S3	D		49.0
S1-513388266	S2-745559696	S2	B		
S1-533229260	S3-623339711	S3	B		
S1-105872448	S3-132451138	S3	B		
S1-258370314	S2-161258742	S2	A		
S1-32116448	S2-460527831	S2	B		
S1-894746229	S3-444625859	S3	B		
S1-117759557	S3-850262878	S3	E	rank 27 <= topk but missing from candidates	
S1-356922109	S3-291319268	S3	B		
S1-644166769	S2-1213834	S2	B		
S1-502833444	S2-541043528	S2	B		
S1-80001059	S3-376380147	S3	D		52.0
S1-635875383	S2-210537363	S2	A		
S1-266873875	S3-592603813	S3	D		46.0
S1-860574984	S2-248941293	S2	A		
S1-529438668	S3-272007585	S3	B		
S1-810523895	S3-435834276	S3	B		
S1-719455393	S3-546374099	S3	D		54.0
S1-716451136	S3-601709706	S3	B		
S1-716451136	S3-915954872	S3	B		
S1-806320517	S2-824420666	S2	B		
S1-739725666	S3-778037833	S3	A		
S1-363708060	S3-649273321	S3	B		
S1-74687517	S3-646197125	S3	D		39.0
S1-74687517	S3-100662543	S3	D		82.0
S1-401624182	S3-610053995	S3	E	rank 27 <= topk but missing from candidates	
S1-607985672	S2-12397347	S2	A		
S1-792925747	S2-812595741	S2	B		
S1-619533141	S2-37373593	S2	E	rank 24 <= topk but missing from candidates	
S1-381660289	S3-238112183	S3	D		35.0
S1-233539552	S2-114852986	S2	D		43.0
S1-223069751	S3-850936410	S3	B		
S1-169695574	S2-431926232	S2	B		
S1-650843576	S3-521090612	S3	D		31.0
S1-878113682	S2-621961377	S2	B		
S1-64819421	S3-725223176	S3	B		
S1-246848593	S3-316493960	S3	E	rank 27 <= topk but missing from candidates	
S1-124647178	S2-355365891	S2	B		
S1-862080082	S2-473425016	S2	D		36.0
S1-601911189	S2-310325406	S2	B		
S1-766264790	S2-383883457	S2	B		
S1-10369729	S3-312611163	S3	B		
S1-716814140	S3-979333041	S3	B		
S1-866232989	S2-673776663	S2	D		54.0
S1-861880882	S2-719497442	S2	B		
S1-777759370	S3-927255269	S3	B		
S1-249820397	S2-389042012	S2	D		50.0
S1-960080151	S3-456017511	S3	B		
S1-764660327	S2-412937401	S2	A		
S1-300721875	S2-226738971	S2	B		
S1-56172570	S2-906507427	S2	B		
S1-30656974	S3-828696788	S3	B		
S1-30656974	S3-94510993	S3	B		
S1-222541739	S2-965204101	S2	B		
S1-673729946	S2-299207510	S2	B		
S1-116189756	S2-925925343	S2	D		51.0
S1-152264162	S2-974276808	S2	B		
S1-288691684	S2-995201574	S2	B		
S1-694936503	S3-171298616	S3	D		53.0
S1-807763900	S3-952309962	S3	D		45.0
S1-99646885	S2-753584651	S2	D		132.0
S1-632474327	S3-908913102	S3	B		
S1-220440282	S3-629902116	S3	B		
S1-943064803	S3-330985825	S3	D		32.0
S1-897097987	S2-88574145	S2	B		
S1-897097987	S3-688512673	S3	B		
S1-544076950	S3-394745267	S3	B		
S1-799614213	S3-384183787	S3	E	rank 30 <= topk but missing from candidates	
S1-364785404	S3-979199214	S3	B		
S1-535696588	S3-246583517	S3	D		32.0
S1-535696588	S3-921945891	S3	D		34.0
S1-766961457	S3-653675460	S3	B		
S1-692717601	S2-265198284	S2	B		
S1-624062670	S2-931728659	S2	D		47.0
S1-624062670	S2-183820019	S2	D		61.0
S1-343050250	S3-136784234	S3	B		
S1-485218006	S2-379074794	S2	B		
S1-568015626	S3-409408005	S3	B		
S1-186970417	S3-563296116	S3	D		68.0
S1-306787162	S3-994489854	S3	B		
S1-974863793	S2-555814506	S2	B		
S1-974863793	S3-527695264	S3	A		
S1-890070757	S3-443982059	S3	B		
S1-61591652	S2-760965312	S2	D		35.0
S1-779432382	S2-33660903	S2	D		107.0
S1-509170206	S2-935529480	S2	B		
S1-986143065	S2-850298416	S2	B		
S1-627058345	S2-574584160	S2	D		89.0
S1-120237640	S3-168139917	S3	D		100.0
S1-748835556	S3-229670390	S3	D		63.0
S1-380337678	S3-933233928	S3	B		
S1-573999849	S3-84189745	S3	B		
S1-329267963	S2-725949526	S2	B		
S1-869616024	S3-726363344	S3	D		75.0
S1-818557480	S3-138859838	S3	B		
S1-677539021	S3-826109506	S3	B		
S1-564281094	S3-759276500	S3	D		42.0
S1-286618508	S2-292432160	S2	B		
S1-218578432	S3-521994530	S3	E	rank 28 <= topk but missing from candidates	
S1-218578432	S3-625673879	S3	D		51.0
S1-220625662	S3-261922497	S3	B		
S1-558370333	S3-480665630	S3	B		
S1-558370333	S3-450871812	S3	B		
S1-918676496	S2-109999298	S2	E	rank 26 <= topk but missing from candidates	
S1-529522447	S2-714565017	S2	B		
S1-131943535	S3-502923004	S3	B		
S1-131943535	S2-712983931	S2	A		
S1-471960051	S2-345543478	S2	B		
S1-542394464	S2-601563278	S2	D		37.0
S1-896456149	S3-636445855	S3	B		
S1-761782513	S3-124536912	S3	D		73.0
S1-174796326	S3-820384087	S3	B		
S1-707315654	S2-812778158	S2	D		32.0
S1-107164519	S3-668081212	S3	B		
S1-511390596	S3-86033802	S3	D		39.0
S1-511390596	S3-27679942	S3	D		41.0
S1-728319811	S2-582971433	S2	B		
S1-611380598	S2-113829338	S2	D		35.0
S1-811302601	S3-249956338	S3	B		
S1-831623787	S2-77083569	S2	E	rank 29 <= topk but missing from candidates	
S1-746836130	S3-775736177	S3	B		
S1-237873586	S2-645481999	S2	D		35.0
S1-827421346	S3-733429066	S3	A		
S1-626418972	S2-94091055	S2	D		45.0
S1-519892082	S2-51134983	S2	B		
S1-37025553	S3-95701822	S3	B		
S1-409867719	S3-750118703	S3	B		
S1-450501257	S3-249934970	S3	B		
S1-598607224	S3-364677392	S3	D		63.0
S1-908049179	S3-412106229	S3	B		
S1-219351311	S2-237966626	S2	E	rank 14 <= topk but missing from candidates	
S1-702552049	S2-523900714	S2	D		69.0
S1-758879666	S3-54879483	S3	D		37.0
S1-324869004	S3-584602284	S3	B		
S1-569424882	S2-19530691	S2	B		
S1-569424882	S2-756721011	S2	B		
S1-736622992	S2-950385191	S2	B		
S1-948963604	S3-123902892	S3	D		85.0
S1-83485619	S3-764935709	S3	B		
S1-595776949	S2-304585124	S2	B		
S1-595776949	S2-19230948	S2	B		
S1-988475232	S3-850656488	S3	B		
S1-429424545	S2-308580134	S2	B		
S1-438794773	S2-801881875	S2	B		
S1-680788803	S3-289398370	S3	B		
S1-667321219	S3-125673481	S3	B		
S1-727409736	S3-668846584	S3	B		
S1-982122564	S3-582240676	S3	B		
S1-982122564	S3-675091298	S3	B		
S1-673205146	S2-636561231	S2	B		
S1-36694658	S2-78457852	S2	A		
S1-515350918	S3-681517243	S3	B		
S1-300554483	S3-366020490	S3	B		
S1-946983584	S2-42238082	S2	D		66.0
S1-226834257	S2-657911237	S2	B		
S1-226834257	S2-795671038	S2	B		
S1-31754665	S3-487257087	S3	B		
S1-408726541	S2-775077111	S2	D		34.0
S1-619210949	S2-889804832	S2	A		
S1-15988586	S2-340379198	S2	B		
S1-728516149	S2-554269145	S2	B		
S1-765033749	S2-424469530	S2	B		
S1-914355786	S2-986351869	S2	B		
S1-834503588	S3-123369108	S3	B		
S1-705769622	S3-892746872	S3	B		
S1-478980057	S3-468625240	S3	B		
S1-653548039	S2-225438464	S2	D		81.0
S1-562948926	S3-502522112	S3	B		
S1-319262310	S2-443944818	S2	D		34.0
S1-983010046	S2-881883936	S2	B		
S1-983010046	S3-745160692	S3	B		
S1-893746299	S3-522205337	S3	B		
S1-98640605	S2-386942523	S2	D		74.0
S1-627412995	S2-957088598	S2	B		
S1-627412995	S2-102927558	S2	B		
S1-607094206	S2-356128188	S2	B		
S1-604063665	S3-779567954	S3	B		
S1-285080708	S2-569246208	S2	B		
S1-543130806	S3-565839712	S3	B		
S1-453482221	S3-602096419	S3	D		85.0
S1-570505903	S2-355857488	S2	B		
S1-298472283	S3-618288707	S3	B		
S1-666245764	S2-247361489	S2	B		
S1-478924894	S2-135202011	S2	B		
S1-342550868	S2-178099404	S2	B		
S1-420805989	S3-432453836	S3	D		34.0
S1-164351688	S3-74038721	S3	B		
S1-217472786	S3-225195928	S3	B		
S1-516776391	S2-733481150	S2	B		
S1-866583911	S3-844714533	S3	B		
S1-175308411	S2-768815345	S2	B		
S1-523968645	S3-336260014	S3	D		64.0
S1-908872683	S2-321696080	S2	B		
S1-659773898	S3-990278151	S3	A		
S1-659773898	S2-364043826	S2	B		
S1-384944113	S2-319856012	S2	D		119.0
S1-67277753	S2-111365810	S2	B		
S1-149958418	S2-795630976	S2	B		
S1-878264639	S2-717620083	S2	B		
S1-50374856	S2-772556455	S2	B		
S1-776460307	S2-42267230	S2	D		45.0
S1-272367476	S2-459226838	S2	D		39.0
S1-658174282	S2-728693111	S2	A		
S1-309870453	S2-666313154	S2	B		
S1-723026700	S3-925678609	S3	D		93.0
S1-808616455	S2-575247955	S2	D		42.0
S1-802828407	S3-59504512	S3	D		33.0
S1-802828407	S2-86162578	S2	D		49.0
S1-971220264	S2-672077917	S2	B		
S1-449675451	S3-959657292	S3	B		
S1-684977821	S3-352276398	S3	B		
S1-311459095	S3-112824139	S3	B		
S1-982768784	S3-897588718	S3	D		40.0
S1-873980935	S3-54747821	S3	B		
S1-873819517	S2-809076213	S2	B		
S1-124643830	S3-700236361	S3	B		
S1-458591196	S3-51838473	S3	D		45.0
S1-628905965	S2-617848523	S2	D		57.0
S1-512861785	S2-187061102	S2	B		
S1-85175963	S2-79361205	S2	D		62.0
S1-677217240	S3-605223866	S3	D		32.0
S1-457983608	S3-380252631	S3	B		
S1-457983608	S3-965641791	S3	D		59.0
S1-356396634	S2-863726119	S2	B		
S1-367705752	S3-173739755	S3	A		
S1-100985594	S2-856999853	S2	B		
S1-685909211	S3-110412231	S3	B		
S1-223224808	S2-969175199	S2	B		
S1-890629149	S2-723986047	S2	B		
S1-731791108	S3-198251408	S3	A		
S1-318193599	S2-765779850	S2	B		
S1-318193599	S3-957763991	S3	B		
S1-560943552	S2-338985621	S2	A		
S1-123511631	S2-183622719	S2	B		
S1-382241249	S3-197313060	S3	D		72.0
S1-92197619	S2-774592519	S2	B		
S1-92197619	S2-999353282	S2	B		
S1-308096593	S2-890027997	S2	A		
S1-315024668	S2-700730962	S2	B		
S1-825374154	S2-565392552	S2	A		
S1-251372141	S3-791407768	S3	B		
S1-984444214	S3-189408131	S3	D		34.0
S1-602574130	S2-482617544	S2	D		75.0
S1-170237242	S3-971880337	S3	B		
S1-170237242	S2-774023443	S2	B		
S1-920874206	S2-350376931	S2	B		
S1-699026171	S2-480647121	S2	B		
S1-276409953	S2-904436144	S2	B		
S1-276409953	S3-780366619	S3	B		
S1-276409953	S3-61704596	S3	B		
S1-574920536	S3-60127942	S3	D		74.0
S1-574920536	S2-185398238	S2	D		58.0
S1-522592259	S3-569838917	S3	B		
S1-83215164	S2-107758393	S2	B		
S1-39419777	S2-737569506	S2	B		
S1-125932079	S2-591423333	S2	B		
S1-125932079	S2-538561635	S2	B		
S1-690760155	S3-669278619	S3	D		47.0
S1-478119446	S2-173934136	S2	B		
S1-373413131	S2-604516119	S2	B		
S1-746609988	S2-881580734	S2	D		93.0
S1-670368104	S2-764729652	S2	D		32.0
S1-282186522	S3-388965758	S3	B		
S1-296925625	S2-13587423	S2	B		
S1-478799357	S2-523375433	S2	D		79.0
S1-200081607	S2-383354146	S2	B		
S1-659117	S3-432729792	S3	B		
S1-761809250	S2-193015368	S2	B		
S1-992724928	S3-447875252	S3	D		76.0
S1-819134171	S2-842040104	S2	E	rank 28 <= topk but missing from candidates	
S1-427013155	S2-760416763	S2	E	rank 27 <= topk but missing from candidates	
S1-457611634	S3-130471484	S3	D		62.0
S1-457611634	S3-199124615	S3	D		55.0
S1-171782357	S3-378557469	S3	D		31.0
S1-767405817	S3-602691845	S3	D		64.0
S1-767405817	S3-145268085	S3	D		98.0
S1-767405817	S2-8503471	S2	B		
S1-886019209	S2-135110319	S2	D		56.0
S1-929301057	S3-778492648	S3	B		
S1-945912561	S3-740042282	S3	A		
S1-588246568	S3-560474259	S3	B		
S1-836108718	S3-802045357	S3	B		
S1-316134840	S2-769733800	S2	B		
S1-308476977	S3-460107907	S3	B		
S1-288989089	S3-191211851	S3	B		
S1-972063125	S2-129074437	S2	D		51.0
S1-751118913	S2-610001288	S2	D		32.0
S1-822622187	S2-801464770	S2	B		
S1-549067530	S2-26237715	S2	D		34.0
S1-560544317	S3-238948078	S3	B		
S1-837715087	S3-567516339	S3	B		
S1-555821393	S2-375176817	S2	B		
S1-244553877	S3-747262066	S3	B		
S1-332230160	S3-217143962	S3	B		
S1-160563993	S2-899166280	S2	D		124.0
S1-225515496	S3-971661567	S3	B		
S1-637174609	S3-107387656	S3	B		
S1-141425769	S3-568790594	S3	D		35.0
S1-335045370	S2-281552764	S2	D		31.0
S1-502814058	S3-384671447	S3	B		
S1-246153946	S2-871555884	S2	D		66.0
S1-125738295	S3-589538731	S3	B		
S1-324249264	S2-604948039	S2	B		
S1-532870246	S3-542824574	S3	B		
S1-965157143	S3-46171538	S3	D		42.0
S1-965157143	S3-713422768	S3	A		
S1-965157143	S2-642067220	S2	D		41.0
S1-578143246	S2-986830457	S2	A		
S1-977427852	S2-64238805	S2	B		
S1-85958166	S3-229737219	S3	B		
S1-940992700	S3-260870878	S3	B		
S1-90180431	S2-41669145	S2	D		49.0
S1-235957052	S2-583419868	S2	D		81.0
S1-908395688	S2-679065507	S2	A		
S1-819415292	S3-346631012	S3	B		
S1-288898261	S3-536323158	S3	B		
S1-288898261	S3-758399408	S3	B		
S1-460190297	S3-131581218	S3	B		
S1-460190297	S2-102383975	S2	B		
S1-790845860	S3-665542722	S3	D		48.0
S1-914378073	S2-317657872	S2	B		
S1-449196736	S2-713734120	S2	B		
S1-645049966	S2-874189546	S2	D		58.0
S1-178188079	S2-757572034	S2	B		
S1-271473239	S2-935236596	S2	D		47.0
S1-554020968	S2-845739636	S2	D		43.0
S1-554020968	S2-912702929	S2	D		38.0
S1-253209536	S2-572607927	S2	B		
S1-253209536	S3-303319056	S3	B		
S1-900625463	S3-920846201	S3	B		
S1-935819816	S3-124716791	S3	B		
S1-825424488	S3-636423379	S3	B		
S1-877405138	S3-835996713	S3	B		
S1-422817120	S3-775360482	S3	D		36.0
S1-749477819	S2-72928225	S2	D		37.0
S1-959986589	S2-118620607	S2	A		
S1-986433734	S2-285446024	S2	A		
S1-140696034	S3-673727082	S3	B		
S1-421920316	S3-869664279	S3	D		79.0
S1-621057685	S3-212480779	S3	E	rank 22 <= topk but missing from candidates	
S1-772432151	S3-127704446	S3	D		41.0
S1-562355476	S3-62905802	S3	B		
S1-248997660	S3-675312663	S3	D		52.0
S1-699804286	S2-790657070	S2	B		
S1-118664613	S3-654848646	S3	D		80.0
S1-250187300	S3-69893348	S3	B		
S1-462580732	S2-834282867	S2	D		46.0
S1-797973002	S2-729150574	S2	B		
S1-761875469	S3-186029736	S3	B		
S1-761875469	S3-182424233	S3	A		
S1-875465479	S3-468189029	S3	B		
S1-408687234	S2-866038149	S2	D		40.0
S1-408687234	S2-569227223	S2	D		39.0
S1-960532327	S3-275421633	S3	D		39.0
S1-616955759	S3-584276988	S3	B		
S1-886001883	S2-535673278	S2	B		
S1-320181447	S2-971867013	S2	B		
S1-339676987	S2-494190085	S2	D		32.0
S1-608765654	S3-189057821	S3	D		71.0
S1-920247320	S3-367330586	S3	B		
S1-541735570	S3-393166991	S3	A		
S1-457253629	S2-744395359	S2	B		
S1-401503470	S3-690538855	S3	B		
S1-956226018	S2-288548512	S2	B		
S1-946123315	S2-986054567	S2	E	rank 14 <= topk but missing from candidates	
S1-411539238	S2-47108908	S2	B		
S1-881414713	S2-271433917	S2	D		48.0
S1-78927472	S2-459225996	S2	D		58.0
S1-719022179	S3-846283898	S3	A		
S1-934355677	S3-562325902	S3	A		
S1-128835661	S3-770109679	S3	D		50.0
S1-128835661	S2-179860955	S2	D		82.0
S1-79727505	S3-429473031	S3	A		
S1-971297575	S2-145881455	S2	B		
S1-978131995	S3-968554641	S3	B		
S1-438502708	S2-897004617	S2	B		
S1-233377713	S3-965372575	S3	B		
S1-740223251	S2-472283345	S2	D		46.0
S1-310896325	S2-708549536	S2	A		
S1-767041035	S3-344561036	S3	D		85.0
S1-396926803	S2-185221196	S2	B		
S1-871820422	S3-404655854	S3	D		33.0
S1-871820422	S2-527331371	S2	D		41.0
S1-6615359	S2-572014725	S2	B		
S1-190908918	S3-830046343	S3	B		
S1-475221750	S3-655103628	S3	D		54.0
S1-115244411	S3-606238911	S3	B		
S1-509457465	S3-158958054	S3	B		
S1-557450204	S2-886714734	S2	D		34.0
S1-502923655	S2-975347291	S2	D		65.0
S1-727924272	S3-314803984	S3	D		91.0
S1-148472975	S2-712097621	S2	A		
S1-360757510	S2-237844569	S2	B		
S1-360757510	S2-135944717	S2	B		
S1-360757510	S2-747839924	S2	B		
S1-664812680	S3-871830058	S3	B		
S1-68084971	S2-694876321	S2	B		
S1-767931715	S3-454568351	S3	D		56.0
S1-409329795	S2-7616926	S2	B		
S1-201604044	S3-999153539	S3	B		
S1-894666521	S3-816117035	S3	B		
S1-418276305	S3-943547644	S3	B		
S1-290723112	S2-576208736	S2	D		56.0
S1-196199744	S3-923832868	S3	B		
S1-389720821	S3-635588300	S3	A		
S1-899836	S3-320498533	S3	D		75.0
S1-986421159	S2-729182563	S2	B		
S1-277064185	S3-603944663	S3	D		63.0
S1-227486975	S2-381254962	S2	A		
S1-559980441	S2-210368897	S2	B		
S1-496238418	S2-942936809	S2	E	rank 21 <= topk but missing from candidates	
S1-28872785	S2-82057180	S2	B		
S1-276561270	S3-904007166	S3	B		
S1-205215739	S2-176641353	S2	D		54.0
S1-520339947	S3-289890143	S3	B		
S1-74163357	S3-303786429	S3	B		
S1-50415942	S2-904474297	S2	B		
S1-342897058	S3-152506860	S3	E	rank 29 <= topk but missing from candidates	
S1-93588294	S3-776033135	S3	A		
S1-703214381	S2-804599632	S2	B		
S1-358842218	S2-159685488	S2	D		33.0
S1-33712362	S3-626370779	S3	B		
S1-608317795	S2-321193925	S2	B		
S1-608317795	S3-298424595	S3	B		
S1-799248215	S2-185220019	S2	B		
S1-851355833	S2-569494416	S2	D		66.0
S1-465012229	S3-493431297	S3	E	rank 26 <= topk but missing from candidates	
S1-685975452	S2-446330855	S2	D		48.0
S1-900193935	S3-120248413	S3	D		33.0
S1-120316657	S3-244349155	S3	A		
S1-228148420	S2-854041286	S2	B		
S1-321403787	S3-770368944	S3	D		42.0
S1-749558046	S3-86988986	S3	B		
S1-534344418	S3-437732122	S3	E	rank 19 <= topk but missing from candidates	
S1-629101386	S3-894701498	S3	B		
S1-333672029	S2-607702033	S2	D		56.0
S1-933543085	S3-816018562	S3	D		81.0
S1-389898730	S3-126527074	S3	D		36.0
S1-763689422	S3-953170924	S3	B		
S1-30647418	S2-729164026	S2	D		47.0
S1-193321831	S2-54176171	S2	B		
S1-104008410	S2-515924736	S2	B		
S1-290615978	S3-455609172	S3	A		
S1-251748615	S3-626027631	S3	B		
S1-604970704	S2-521606553	S2	E	rank 20 <= topk but missing from candidates	
S1-769689393	S3-683598206	S3	D		61.0
S1-350966944	S3-870747611	S3	A		
S1-622609553	S2-645360275	S2	B		
S1-579714664	S3-989729562	S3	B		
S1-624485518	S3-676289030	S3	D		96.0
S1-220344785	S2-46513909	S2	D		34.0
S1-220344785	S3-521874637	S3	D		75.0
S1-473774917	S2-685318069	S2	B		
S1-573258495	S2-490059547	S2	B		
S1-909832260	S3-997363318	S3	D		57.0
S1-928605315	S2-627351389	S2	B		
S1-808169555	S3-547820088	S3	B		
S1-419432981	S2-771973150	S2	A		
S1-329267890	S3-113650478	S3	B		
S1-90252719	S2-720472883	S2	B		
S1-502439816	S3-80446680	S3	A		
S1-73381345	S2-647858853	S2	B		
S1-351617739	S2-521933745	S2	A		
S1-537397584	S3-978166914	S3	B		
S1-787948992	S3-309715263	S3	D		48.0
S1-787948992	S3-627435044	S3	D		66.0
S1-173387836	S2-317328643	S2	D		31.0
S1-484928121	S2-959842369	S2	D		44.0
S1-997117244	S3-388634476	S3	B		
S1-302938236	S2-502006375	S2	B		
S1-415494705	S2-211910898	S2	B		
S1-326844854	S2-63382826	S2	B		
S1-307346475	S3-566698790	S3	B		
S1-982841898	S2-553506408	S2	D		39.0
S1-766075183	S3-807400132	S3	B		
S1-503092497	S2-782532226	S2	B		
S1-914862256	S2-961952930	S2	B		
S1-784399392	S2-280668929	S2	B		
S1-526711381	S2-533482150	S2	B		
S1-55633647	S2-167221503	S2	D		41.0
S1-437596647	S2-579158713	S2	B		
S1-583218400	S3-533128046	S3	B		
S1-586738293	S3-46402836	S3	B		
S1-196280716	S3-796666867	S3	B		
S1-196280716	S3-306401911	S3	B		
S1-391458423	S2-131031991	S2	A		
S1-489677097	S2-834048329	S2	D		73.0
S1-875118063	S2-563618218	S2	B		
S1-787960029	S2-735572131	S2	B		
S1-626584714	S2-797384494	S2	D		45.0
S1-626584714	S3-951605544	S3	D		33.0
S1-134873372	S3-779954198	S3	B		
S1-868352545	S3-428906487	S3	B		
S1-963609047	S3-926630853	S3	A		
S1-963609047	S3-40708	S3	A		
S1-989796932	S3-616853553	S3	E	rank 16 <= topk but missing from candidates	
S1-641292409	S3-480658910	S3	E	rank 9 <= topk but missing from candidates	
S1-707616365	S3-516107837	S3	B		
S1-266246925	S2-767287280	S2	D		55.0
S1-665572870	S3-952521928	S3	D		52.0
S1-819866439	S3-641198309	S3	D		84.0
S1-600254756	S3-664181572	S3	B		
S1-526622744	S3-982366018	S3	B		
S1-510217246	S2-204663793	S2	D		34.0
S1-384364169	S3-772448246	S3	D		31.0
S1-397420382	S3-710830528	S3	B		
S1-397420382	S2-141544936	S2	B		
S1-454979536	S3-227995379	S3	B		
S1-655484748	S3-438246244	S3	B		
S1-813376089	S2-681373776	S2	B		
S1-253571595	S2-105275950	S2	B		
S1-236685593	S3-546662688	S3	B		
S1-67612779	S2-58576681	S2	B		
S1-767536582	S2-386726120	S2	D		125.0
S1-972929553	S3-552573518	S3	B		
S1-898536025	S3-421690568	S3	D		31.0
S1-747204967	S3-840058479	S3	B		
S1-531264785	S3-222919799	S3	B		
S1-620418371	S2-712818651	S2	A		
S1-620418371	S2-785847829	S2	A		
S1-245761776	S2-496089156	S2	B		
S1-81932770	S2-575979056	S2	D		43.0
S1-155443921	S2-289288776	S2	B		
S1-220306168	S2-52240244	S2	B		
S1-506819365	S3-13054076	S3	B		
S1-985590078	S3-592247542	S3	A		
S1-985590078	S3-893883574	S3	B		
S1-104222604	S2-502544541	S2	B		
S1-156699716	S3-628433088	S3	B		
S1-571004320	S3-295025610	S3	B		
S1-839796839	S3-383400595	S3	B		
S1-339811088	S2-367129093	S2	D		33.0
S1-339811088	S3-926063661	S3	D		32.0
S1-622641421	S3-122758669	S3	B		
S1-293369903	S2-771729270	S2	B		
S1-843413744	S2-441093385	S2	D		64.0
S1-93021233	S3-762688457	S3	B		
S1-430147393	S2-611629417	S2	B		
S1-430147393	S3-817596223	S3	B		
S1-471316421	S2-574990775	S2	E	rank 28 <= topk but missing from candidates	
S1-144792651	S2-751460046	S2	B		
S1-432024350	S2-779452747	S2	B		
S1-194614326	S2-325985706	S2	B		
S1-194614326	S2-426805658	S2	D		37.0
S1-562804226	S2-490627416	S2	B		
S1-625556097	S3-246501105	S3	D		33.0
S1-589324224	S2-811530649	S2	D		37.0
S1-443041598	S2-242552204	S2	A		
S1-696063198	S2-237387102	S2	B		
S1-997182984	S2-766115065	S2	D		49.0
S1-32360487	S3-165757966	S3	B		
S1-625424134	S2-316412435	S2	B		
S1-264348228	S3-838652611	S3	D		36.0
S1-270214666	S2-206068690	S2	B		
S1-678148095	S2-253794788	S2	B		
S1-991977315	S2-277627862	S2	D		43.0
S1-74236797	S3-826707379	S3	D		34.0
S1-895334639	S2-233832333	S2	D		86.0
S1-105990421	S2-288866259	S2	B		
S1-50065218	S3-130050947	S3	B		
S1-854302467	S3-508451442	S3	B		
S1-733390195	S2-354440347	S2	D		56.0
S1-836223690	S3-414024305	S3	D		52.0
S1-439795395	S2-827200808	S2	E	rank 26 <= topk but missing from candidates	
S1-986967080	S2-827952455	S2	B		
S1-531230390	S3-559667470	S3	D		47.0
S1-142621976	S3-291463261	S3	B		
S1-375442955	S3-454338590	S3	B		
S1-497471241	S3-891861096	S3	D		43.0
S1-497471241	S3-561541577	S3	B		
S1-158900776	S3-455902358	S3	B		
S1-584781438	S2-626903853	S2	A		
S1-829012865	S2-150886714	S2	A		
S1-74289153	S3-725873922	S3	B		
S1-681959736	S2-228448000	S2	D		56.0
S1-151447836	S2-181418525	S2	B		
S1-933494073	S3-563605871	S3	B		
S1-368578261	S3-205243513	S3	D		54.0
S1-476368570	S2-926179051	S2	B		
S1-351358653	S3-350326205	S3	B		
S1-777620065	S3-533487338	S3	B		
S1-804168030	S3-116192527	S3	D		78.0
S1-491822440	S2-373161795	S2	B		
S1-763861465	S3-539159715	S3	B		
S1-293651263	S3-234342907	S3	B		
S1-846565554	S3-992399628	S3	D		62.0
S1-471869035	S2-816112225	S2	B		
S1-171486627	S2-40994106	S2	B		
S1-651540754	S3-86749841	S3	B		
S1-296522775	S3-709953485	S3	B		
S1-827622122	S3-823682220	S3	A		
S1-350547505	S2-811986930	S2	E	rank 26 <= topk but missing from candidates	
S1-577733876	S3-768921439	S3	B		
S1-85715288	S2-652029960	S2	B		
S1-229074994	S3-448374450	S3	B		
S1-460442907	S3-948305731	S3	B		
S1-460442907	S3-359243784	S3	B		
S1-11618075	S2-251045067	S2	B		
S1-244006195	S3-802177763	S3	B		
S1-752226072	S2-215925541	S2	A		
S1-411060984	S3-475534043	S3	B		
S1-50580048	S3-896631916	S3	B		
S1-473333242	S3-301886195	S3	D		34.0
S1-391029271	S2-129294697	S2	B		
S1-404670751	S2-8393211	S2	B		
S1-259982367	S2-722829655	S2	B		
S1-581113194	S2-756580065	S2	D		89.0
S1-721860837	S2-914691365	S2	D		32.0
S1-721860837	S2-879962703	S2	D		34.0
S1-135515519	S3-670730589	S3	D		40.0
S1-344998843	S2-566254603	S2	D		53.0
S1-799261235	S2-118796201	S2	B		
S1-947487810	S2-354521565	S2	B		
S1-298651408	S3-783553951	S3	B		
S1-103137128	S2-145983129	S2	A		
S1-433999750	S3-957720890	S3	D		40.0
S1-759884266	S2-916420842	S2	B		
S1-564136822	S2-860105807	S2	A		
S1-510234900	S2-847837487	S2	B		
S1-233647571	S3-349811769	S3	A		
S1-717711073	S2-897358294	S2	D		46.0
S1-163712411	S2-915205599	S2	B		
S1-999780917	S3-575158235	S3	B		
S1-999780917	S2-712022711	S2	D		58.0
S1-695430352	S2-325611733	S2	B		
S1-850862712	S3-565035797	S3	B		
S1-833179612	S3-234631193	S3	D		102.0
S1-607942754	S2-867023526	S2	B		
S1-210652912	S3-368671433	S3	D		52.0
S1-45909842	S2-904176112	S2	B		
S1-473409810	S3-272197052	S3	B		
S1-146044416	S2-860720608	S2	A		
S1-146044416	S2-414241980	S2	A		
S1-559930454	S2-980577482	S2	A		
S1-283316673	S3-593225033	S3	D		48.0
S1-469795647	S3-721609714	S3	B		
S1-132460075	S2-599006078	S2	D		114.0
S1-746172685	S2-358516695	S2	D		102.0
S1-746172685	S3-722531517	S3	B		
S1-851324470	S3-456209695	S3	D		34.0
S1-327224974	S3-947056404	S3	B		
S1-175548899	S2-29433946	S2	B		
S1-342116256	S2-291704674	S2	B		
S1-419165184	S3-868726619	S3	B		
S1-867225212	S3-934156239	S3	B		
S1-636356753	S2-443930247	S2	B		
S1-558187690	S2-635347043	S2	D		51.0
S1-306645675	S3-815336654	S3	A		
S1-313305636	S3-849716777	S3	E	rank 21 <= topk but missing from candidates	
S1-703715111	S2-439979394	S2	B		
S1-285074640	S3-133985657	S3	B		
S1-601703189	S2-374171641	S2	B		
S1-818512151	S2-807822451	S2	D		39.0
S1-28164649	S3-832808394	S3	B		
S1-433853784	S3-684829185	S3	A		
S1-137286305	S3-646249663	S3	B		
S1-427492083	S2-163823698	S2	B		
S1-265903456	S2-210398734	S2	D		96.0
S1-650886244	S3-186312413	S3	A		
S1-294411184	S3-108966652	S3	A		
S1-423296729	S2-32286143	S2	E	rank 8 <= topk but missing from candidates	
S1-557518052	S3-287376550	S3	B		
S1-956899160	S2-185457598	S2	D		91.0
S1-461164442	S3-514451287	S3	E	rank 12 <= topk but missing from candidates	
S1-461164442	S3-738558263	S3	D		64.0
S1-277724433	S3-950645821	S3	B		
S1-388443054	S2-589161134	S2	B		
S1-900691220	S2-638841204	S2	D		85.0
S1-558969106	S2-318424094	S2	D		31.0
S1-130240091	S2-392813318	S2	D		38.0
S1-195355613	S3-928027356	S3	B		
S1-521137555	S2-289793189	S2	D		64.0
S1-16310348	S2-210033982	S2	B		
S1-722736897	S2-850999477	S2	B		
S1-609295236	S3-128796206	S3	D		44.0
S1-695419710	S2-32096553	S2	B		
S1-137551081	S2-840434693	S2	D		33.0
S1-716612257	S2-110658086	S2	D		31.0
S1-347763463	S2-562681799	S2	B		
S1-308433712	S3-254074548	S3	B		
S1-498273268	S3-207048111	S3	A		
S1-713213806	S2-207970734	S2	B		
S1-855192491	S3-894775416	S3	D		40.0
S1-829862498	S3-123421367	S3	B		
S1-579375623	S3-306587868	S3	B		
S1-779340340	S3-164863912	S3	B		
S1-99001230	S3-155093389	S3	D		51.0
S1-99001230	S3-72562520	S3	D		90.0
S1-566460734	S2-776284167	S2	A		
S1-764195098	S3-138679585	S3	E	rank 24 <= topk but missing from candidates	
S1-727802434	S3-136004783	S3	B		
S1-811392051	S3-615079430	S3	B		
S1-65030291	S3-16071167	S3	B		
S1-320937244	S2-688387733	S2	D		60.0
S1-689331908	S2-584966145	S2	A		
S1-365307376	S3-583513593	S3	D		48.0
S1-841602004	S2-240294777	S2	D		61.0
S1-424274725	S3-671204208	S3	D		32.0
S1-956103647	S3-400175345	S3	B		
S1-229605996	S2-520747983	S2	D		44.0
S1-864519654	S3-336670444	S3	D		64.0
S1-447875223	S3-473337550	S3	A		
S1-197375710	S3-507112067	S3	D		42.0
S1-197375710	S3-911771906	S3	D		34.0
S1-197375710	S2-592785742	S2	D		35.0
S1-226776318	S2-826786808	S2	D		34.0
S1-238434728	S3-508576240	S3	B		
S1-75676279	S2-311606858	S2	A		
S1-75676279	S2-576503517	S2	A		
S1-459641664	S3-127715221	S3	B		
S1-920543788	S3-468094530	S3	D		41.0
S1-982965073	S2-624106880	S2	D		149.0
S1-491037739	S2-504919525	S2	D		56.0
S1-185040826	S3-392464425	S3	B		
S1-837499183	S3-941236323	S3	B		
S1-751029139	S2-902458678	S2	B		
S1-819791025	S3-525196740	S3	D		36.0
S1-112836805	S3-452705807	S3	B		
S1-196748705	S3-873837199	S3	B		
S1-586030837	S2-344659278	S2	B		
S1-729166409	S2-77709744	S2	D		52.0
S1-741692144	S3-565116562	S3	B		
S1-455569164	S2-248790844	S2	B		
S1-709031318	S3-88218977	S3	B		
S1-914505319	S3-23039328	S3	B		
S1-446367559	S2-134797419	S2	B		
S1-446367559	S2-805601	S2	B		
S1-302348239	S3-661341489	S3	B		
S1-737885230	S3-168429177	S3	D		66.0
S1-737885230	S3-644306069	S3	D		49.0
S1-737885230	S3-476047309	S3	D		55.0
S1-869422463	S3-101977524	S3	B		
S1-552556173	S2-979437521	S2	D		71.0
S1-743760424	S2-231564200	S2	B		
S1-224239091	S2-895342016	S2	B		
S1-708287934	S3-40703514	S3	B		
S1-131154087	S3-106064114	S3	B		
S1-902695465	S3-650499495	S3	B		
S1-826538752	S2-908870315	S2	D		64.0
S1-453584344	S3-92399184	S3	D		59.0
S1-788432470	S3-785508201	S3	D		31.0
S1-770210542	S3-58592073	S3	D		37.0
S1-770210542	S2-206476722	S2	B		
S1-564918107	S3-887389530	S3	B		
S1-564918107	S3-452358858	S3	B		
S1-471266880	S2-308630529	S2	B		
S1-669661287	S2-384911139	S2	B		
S1-726189077	S3-956773989	S3	D		45.0
S1-866138059	S3-307506536	S3	B		
S1-714532155	S3-911594963	S3	A		
S1-13281065	S3-229747845	S3	E	rank 9 <= topk but missing from candidates	
S1-13281065	S2-303671834	S2	E	rank 16 <= topk but missing from candidates	
S1-334452173	S3-411690905	S3	D		49.0
S1-538669059	S2-8927843	S2	B		
S1-700228497	S2-236015805	S2	A		
S1-700228497	S2-95669632	S2	B		
S1-157268499	S2-26000736	S2	B		
S1-826817111	S2-680065584	S2	D		41.0
S1-826817111	S2-966176928	S2	D		73.0
S1-846755737	S3-780381435	S3	D		37.0
S1-401047775	S2-350992153	S2	B		
S1-954043022	S2-406120500	S2	D		98.0
S1-581371173	S3-847398131	S3	D		85.0
S1-865452633	S2-728084252	S2	B		
S1-463862999	S3-724731255	S3	B		
S1-868897538	S2-483464853	S2	B		
S1-72328446	S2-914398160	S2	B		
S1-872235779	S3-666612188	S3	B		
S1-910567907	S2-177318743	S2	B		
S1-910567907	S3-833116853	S3	B		
S1-515293554	S2-572841380	S2	B		
S1-686724320	S3-123074487	S3	B		
S1-736399185	S2-76736844	S2	D		35.0
S1-736399185	S2-963983665	S2	D		37.0
S1-348807954	S3-943866963	S3	B		
S1-827003344	S3-707902379	S3	B		
S1-269440877	S3-92947841	S3	A		
S1-903106380	S3-933314906	S3	D		81.0
S1-389816708	S3-967852491	S3	B		
S1-206411279	S2-102183202	S2	D		63.0
S1-261508239	S2-577231863	S2	B		
S1-495666951	S3-268826520	S3	B		
S1-389600874	S3-466601490	S3	D		102.0
S1-391240080	S3-115734951	S3	B		
S1-744698968	S3-43265332	S3	E	rank 15 <= topk but missing from candidates	
S1-334985195	S2-247612101	S2	D		72.0
S1-764032252	S3-104319134	S3	D		50.0
S1-483033538	S3-402888544	S3	B		
S1-884095328	S3-379657317	S3	D		34.0
S1-884095328	S2-534918876	S2	D		33.0
S1-345472135	S2-362344987	S2	D		52.0
S1-455888032	S2-455525860	S2	D		34.0
S1-347269205	S3-54260415	S3	B		
S1-46429716	S2-271546005	S2	E	rank 28 <= topk but missing from candidates	
S1-977478754	S3-8918802	S3	B		
S1-118471395	S2-209362393	S2	D		35.0
S1-584913553	S3-963570246	S3	D		54.0
S1-381698821	S2-388438214	S2	B		
S1-943618965	S3-818205898	S3	B		
S1-78985503	S2-217643883	S2	B		
S1-374591204	S2-397584768	S2	B		
S1-338013619	S2-229318854	S2	D		57.0
S1-278750878	S3-128159097	S3	B		
S1-302364230	S3-500150448	S3	D		70.0
S1-914839843	S3-516885816	S3	B		
S1-657307728	S2-470670644	S2	B		
S1-657307728	S3-25489512	S3	B		
S1-657307728	S3-142175499	S3	B		
S1-29050162	S2-146881752	S2	B		
S1-107667670	S3-152679429	S3	D		63.0
S1-107667670	S3-31864211	S3	D		50.0
S1-281203183	S2-479894233	S2	B		
S1-120302184	S2-226332446	S2	B		
S1-103217091	S3-602921087	S3	D		42.0
S1-883463148	S2-322324021	S2	D		64.0
S1-144752171	S2-64937016	S2	D		59.0
S1-147180288	S3-363636444	S3	D		37.0
S1-952505091	S2-943274137	S2	D		33.0
S1-51121547	S3-505074779	S3	B		
S1-51121547	S2-515520487	S2	B		
S1-51121547	S2-865981345	S2	B		
S1-372172996	S3-864631198	S3	B		
S1-395194245	S3-548906299	S3	B		
S1-988455754	S3-21180205	S3	B		
S1-682614280	S3-264317515	S3	B		
S1-387277417	S2-296749359	S2	B		
S1-625573745	S3-108668227	S3	D		33.0
S1-268522696	S2-437063810	S2	B		
S1-662165560	S3-194882402	S3	D		31.0
S1-605689974	S3-324101589	S3	D		33.0
S1-605689974	S3-499596402	S3	D		34.0
S1-385734165	S3-514352805	S3	B		
S1-2484049	S3-584015211	S3	D		50.0
S1-174130823	S3-877387505	S3	B		
S1-794052272	S3-744752045	S3	D		39.0
S1-707247601	S2-302119650	S2	B		
S1-707247601	S3-750886332	S3	B		
S1-258861862	S3-327919596	S3	B		
S1-674845145	S3-928959273	S3	D		38.0
S1-998720335	S2-38872069	S2	B		
S1-998720335	S3-274737245	S3	B		
S1-105225423	S3-341311130	S3	B		
S1-271351349	S3-500069356	S3	B		
S1-529483727	S3-383090128	S3	B		
S1-878550002	S2-521045855	S2	A		
S1-883509191	S2-652130817	S2	A		
S1-397236502	S2-674715769	S2	D		59.0
S1-439806207	S2-464023387	S2	A		
S1-974939472	S2-693930891	S2	D		109.0
S1-873711196	S3-540086820	S3	B		
S1-873711196	S2-242357215	S2	B		
S1-588951798	S2-537052529	S2	B		
S1-968132238	S2-915144241	S2	D		60.0
S1-968132238	S3-221530676	S3	D		44.0
S1-875723174	S3-661983691	S3	A		
S1-542254840	S2-222958518	S2	B		
S1-412266329	S2-104438267	S2	B		
S1-279814552	S2-10084363	S2	B		
S1-133725060	S2-199793533	S2	B		
S1-904205652	S3-374571245	S3	D		36.0
S1-790767922	S3-474464069	S3	B		
S1-48134598	S2-138435764	S2	B		
S1-606383951	S3-919854670	S3	A		
S1-597574293	S3-320220662	S3	A		
S1-745783519	S3-54183037	S3	B		
S1-381036741	S3-142775234	S3	D		41.0
S1-381036741	S2-164408512	S2	D		48.0
S1-199973230	S2-183192867	S2	B		
S1-199973230	S3-456661190	S3	B		
S1-563728058	S3-223281393	S3	D		56.0
S1-28205214	S3-948375035	S3	D		32.0
S1-28205214	S2-550801495	S2	B		
S1-54821305	S3-298258678	S3	D		63.0
S1-995296208	S3-34827692	S3	D		58.0
S1-591306393	S2-798961690	S2	B		
S1-591306393	S3-931880131	S3	B		
S1-809349148	S3-898832658	S3	B		
S1-900346478	S2-670048652	S2	A		
S1-71309293	S3-296183970	S3	B		
S1-527381450	S2-405086037	S2	B		
S1-573627366	S3-488214530	S3	B		
S1-608459222	S3-360128519	S3	D		55.0
S1-812468095	S2-301639646	S2	D		58.0
S1-142541591	S2-706565452	S2	D		35.0
S1-278083528	S3-696214368	S3	A		
S1-633156501	S3-650560981	S3	B		
S1-223573920	S3-538700565	S3	B		
S1-899997060	S2-706218764	S2	B		
S1-513016430	S3-186283071	S3	B		
S1-290409711	S3-697963912	S3	B		
S1-813827647	S3-108443082	S3	B		
S1-481534286	S2-482486496	S2	E	rank 24 <= topk but missing from candidates	
S1-481534286	S3-728322112	S3	D		106.0
S1-481534286	S2-995603118	S2	D		136.0
S1-760784952	S3-230129248	S3	D		100.0
S1-834241875	S3-945019599	S3	D		34.0
S1-122658275	S3-537238077	S3	A		
S1-70477659	S2-139668916	S2	B		
S1-700156820	S2-502403137	S2	D		55.0
S1-700156820	S3-737058487	S3	A		
S1-550085519	S2-48581674	S2	B		
S1-863392961	S2-767851959	S2	B		
S1-482689393	S3-980712106	S3	D		60.0
S1-977520974	S2-206997809	S2	B		
S1-222926918	S3-888141862	S3	B		
S1-222926918	S2-776919994	S2	B		
S1-259917227	S2-635069132	S2	B		
S1-259917227	S3-345648903	S3	B		
S1-990161268	S3-49774203	S3	B		
S1-803114901	S2-308261915	S2	D		37.0
S1-803114901	S3-841964501	S3	B		
S1-927124197	S2-54094976	S2	B		
S1-369607067	S3-261226661	S3	D		59.0
S1-157985429	S2-43420473	S2	B		
S1-770026261	S3-517461202	S3	D		39.0
S1-859968711	S3-623508423	S3	B		
S1-552121717	S2-628679611	S2	B		
S1-820678564	S3-493977962	S3	D		38.0
S1-566933430	S3-824013932	S3	A		
S1-414225589	S2-813152163	S2	A		
S1-342969997	S3-571363523	S3	B		
S1-354006456	S3-633465547	S3	B		
S1-657073165	S3-254264112	S3	D		50.0
S1-894941118	S2-491719252	S2	B		
S1-470800141	S2-646916039	S2	B		
S1-783143669	S2-277337937	S2	E	rank 26 <= topk but missing from candidates	
S1-552853895	S2-722037307	S2	D		105.0
S1-431667091	S3-995416709	S3	B		
S1-977477187	S3-923130667	S3	B		
S1-977477187	S3-276130961	S3	B		
S1-279444056	S2-622075924	S2	B		
S1-210672160	S3-944657879	S3	D		69.0
S1-214039735	S2-539235453	S2	B		
S1-965033467	S3-449765723	S3	D		55.0
S1-965033467	S3-37094194	S3	D		52.0
S1-965033467	S2-924391796	S2	D		53.0
S1-46573218	S3-387231466	S3	D		56.0
S1-473954484	S3-951817964	S3	D		47.0
S1-803360917	S3-177371263	S3	B		
S1-881919119	S3-250082827	S3	B		
S1-633995276	S3-618698152	S3	B		
S1-436364284	S3-35017073	S3	B		
S1-418511501	S2-265649208	S2	A		
S1-986465509	S2-317848556	S2	D		36.0
S1-848695926	S2-948751611	S2	D		42.0
S1-918224667	S2-908848781	S2	B		
S1-648247247	S3-496726208	S3	B		
S1-14592397	S2-548170048	S2	B		
S1-302048248	S2-492763917	S2	D		45.0
S1-766376175	S2-477707972	S2	D		36.0
S1-72488668	S2-416853940	S2	B		
S1-919489932	S3-664210406	S3	B		
S1-975549954	S3-694936487	S3	B		
S1-840520587	S2-983662727	S2	B		
S1-62491860	S3-801721767	S3	B		
S1-956096508	S3-597135680	S3	A		
S1-119707085	S2-4143667	S2	B		
S1-541517717	S2-381445487	S2	D		32.0
S1-911905044	S2-353400292	S2	B		
S1-118464768	S2-406630427	S2	D		70.0
S1-336332935	S2-73956805	S2	D		43.0
S1-336332935	S3-106226798	S3	D		41.0
S1-734873842	S3-660612027	S3	B		
S1-734873842	S3-913992890	S3	B		
S1-105672304	S3-452042547	S3	B		
S1-27120752	S2-864070137	S2	B		
S1-897857664	S3-271399647	S3	D		37.0
S1-156804841	S2-220567168	S2	B		
S1-891165358	S2-786401299	S2	B		
S1-854379756	S2-456718712	S2	B		
S1-415514254	S3-256371232	S3	B		
S1-584630560	S3-724914145	S3	B		
S1-47426986	S3-741489293	S3	B		
S1-47426986	S2-173637649	S2	D		53.0
S1-153677177	S3-37531877	S3	B		
S1-752628600	S3-100984058	S3	E	rank 25 <= topk but missing from candidates	
S1-875099998	S2-549131705	S2	B		
S1-495185478	S2-462937657	S2	B		
S1-495185478	S2-129399125	S2	B		
S1-200036695	S3-548023712	S3	D		36.0
S1-200036695	S2-723002098	S2	A		
S1-719802304	S3-852041492	S3	A		
S1-785076991	S2-237914921	S2	D		90.0
S1-547308956	S2-716351630	S2	B		
S1-449465869	S3-422437674	S3	E	rank 30 <= topk but missing from candidates	
S1-884930596	S3-637170351	S3	B		
S1-951043933	S3-860611021	S3	D		67.0
S1-409209326	S2-302590094	S2	B		
S1-548647440	S2-512725810	S2	A		
S1-29064036	S3-331620512	S3	B		
S1-506309693	S3-816311025	S3	A		
S1-749829640	S3-780845279	S3	D		66.0
S1-431491668	S2-727770028	S2	B		
S1-915573789	S3-311893462	S3	D		103.0
S1-924373212	S2-122408634	S2	B		
S1-924373212	S2-186857868	S2	B		
S1-924373212	S3-889167083	S3	B		
S1-574681423	S2-923816790	S2	B		
S1-782957556	S3-633061158	S3	A		
S1-782957556	S3-419815618	S3	A		
S1-430621316	S3-855620965	S3	D		38.0
S1-374380163	S3-802992979	S3	B		
S1-839577091	S3-896746636	S3	B		
S1-943277737	S2-987644455	S2	D		51.0
S1-267874290	S2-62813558	S2	B		
S1-865517130	S2-686943956	S2	B		
S1-865517130	S2-213433122	S2	B		
S1-423373782	S3-773267754	S3	B		
S1-233943442	S2-569755649	S2	B		
S1-867198833	S3-816014775	S3	B		
S1-876736294	S3-851683585	S3	B		
S1-19860569	S3-194435765	S3	D		50.0
S1-19860569	S2-141865301	S2	D		31.0
S1-65864153	S2-940067050	S2	B		
S1-60826534	S3-63172177	S3	B		
S1-468273534	S3-3823760	S3	D		37.0
S1-468273534	S3-166774921	S3	D		41.0
S1-137437555	S2-565975187	S2	A		
S1-69052802	S2-489785987	S2	B		
S1-69052802	S3-843245589	S3	B		
S1-69052802	S2-652531335	S2	B		
S1-259288955	S2-355475719	S2	D		43.0
S1-807751348	S3-41641854	S3	B		
S1-221688003	S3-320298150	S3	B		
S1-74967270	S2-562633961	S2	B		
S1-770709678	S3-510313964	S3	B		
S1-770709678	S2-996721808	S2	B		
S1-556332304	S3-172870000	S3	B		
S1-556332304	S2-148964896	S2	A		
S1-960444944	S3-724237822	S3	B		
S1-99655413	S2-826775392	S2	B		
S1-99655413	S3-264795482	S3	E	rank 19 <= topk but missing from candidates	
S1-662926919	S2-595429082	S2	B		
S1-966260244	S3-762124383	S3	B		
S1-405571423	S3-665190161	S3	D		83.0
S1-906928822	S2-424941083	S2	B		
S1-878853521	S2-485585985	S2	B		
S1-435851749	S3-654161535	S3	B		
S1-414452820	S3-876010392	S3	A		
S1-380229107	S3-657611085	S3	A		
S1-700663080	S2-361469509	S2	B		
S1-615615381	S3-980803702	S3	B		
S1-615615381	S3-836904846	S3	A		
S1-615615381	S3-685069994	S3	B		
S1-160872946	S2-326736638	S2	B		
S1-554434863	S3-51755448	S3	A		
S1-554434863	S3-865676593	S3	A		
S1-244749783	S2-475541721	S2	B		
S1-244749783	S3-486176256	S3	B		
S1-534630947	S2-713737010	S2	B		
S1-598807726	S2-393644888	S2	B		
S1-24116097	S2-950988045	S2	B		
S1-875973694	S2-967497364	S2	B		
S1-14772829	S2-554799539	S2	D		44.0
S1-14772829	S2-814163331	S2	D		48.0
S1-183531937	S3-232406936	S3	B		
S1-964106614	S2-969613140	S2	E	rank 25 <= topk but missing from candidates	
S1-551906912	S2-271264388	S2	B		
S1-269353555	S3-958628506	S3	D		37.0
S1-240856904	S3-231493569	S3	D		32.0
S1-278982241	S3-803867149	S3	B		
S1-911120945	S3-721545925	S3	D		64.0
S1-421145541	S3-773707049	S3	A		
S1-243956873	S2-443209743	S2	B		
S1-607104462	S2-539274328	S2	D		38.0
S1-604343797	S3-456457410	S3	D		54.0
S1-604343797	S2-988462129	S2	D		59.0
S1-479632116	S3-768356725	S3	B		
S1-105152245	S2-151638973	S2	A		
S1-383929475	S2-789803836	S2	B		
S1-453940483	S2-849231622	S2	D		60.0
S1-182128282	S2-386117884	S2	B		
S1-333686955	S2-701232521	S2	B		
S1-480575773	S2-676988244	S2	B		
S1-347153185	S3-683549070	S3	B		
S1-975635340	S3-637484855	S3	D		65.0
S1-598350683	S3-956836366	S3	B		
S1-631961800	S3-73605969	S3	A		
S1-644921203	S2-162883561	S2	A		
S1-867315235	S2-5156383	S2	B		
S1-773260853	S2-882123431	S2	D		81.0
S1-663350412	S3-977958819	S3	D		79.0
S1-663350412	S2-550837328	S2	D		38.0
S1-391733696	S3-170300377	S3	A		
S1-640895301	S2-803793576	S2	B		
S1-811321398	S2-110420032	S2	D		42.0
S1-511370978	S3-429508697	S3	B		
S1-876019558	S3-572070952	S3	B		
S1-947993333	S3-967480539	S3	B		
S1-275425078	S2-406474190	S2	E	rank 13 <= topk but missing from candidates	
S1-118856469	S2-620424924	S2	B		
S1-238393479	S2-970737706	S2	B		
S1-140896892	S3-572907727	S3	B		
S1-441428286	S2-926144628	S2	B		
S1-692981834	S2-457070770	S2	D		32.0
S1-179486894	S3-458677316	S3	B		
S1-818429148	S2-811166421	S2	A		
S1-312501053	S2-183809326	S2	B		
S1-261284292	S3-185366004	S3	A		
S1-261284292	S2-678826579	S2	B		
S1-261284292	S2-107638126	S2	B		
S1-12342453	S3-729554414	S3	B		
S1-464271756	S2-53443082	S2	D		51.0
S1-708441130	S3-789499547	S3	B		
S1-314187128	S2-879947005	S2	A		
S1-719745814	S2-952855770	S2	B		
S1-181015207	S2-425605106	S2	D		67.0
S1-855346996	S2-129323418	S2	B		
S1-135047082	S3-232416538	S3	D		66.0
S1-946469506	S2-344576447	S2	D		38.0
S1-403483889	S3-535461741	S3	D		45.0
S1-802342500	S2-47907587	S2	B		
S1-265571513	S2-181046108	S2	A		
S1-528903494	S2-216012497	S2	B		
S1-399576758	S2-161328527	S2	D		91.0
S1-269589851	S3-361325888	S3	B		
S1-830862319	S3-38449752	S3	E	rank 21 <= topk but missing from candidates	
S1-152175296	S2-113252808	S2	B		
S1-945807904	S3-392685051	S3	B		
S1-722433407	S2-442018026	S2	B		
S1-22080946	S3-689706126	S3	B		
S1-22080946	S2-293162593	S2	D		62.0
S1-546708908	S3-585685454	S3	A		
S1-713111621	S2-435041779	S2	B		
S1-997469573	S2-975253238	S2	B		
S1-467109911	S3-501128335	S3	D		32.0
S1-692045961	S3-338478409	S3	B		
S1-692045961	S2-339227442	S2	B		
S1-608807171	S2-973964735	S2	B		
S1-438985035	S3-175094669	S3	B		
S1-987515970	S3-652372547	S3	B		
S1-913030280	S3-702769622	S3	E	rank 26 <= topk but missing from candidates	
S1-818961408	S2-918776296	S2	B		
S1-851765191	S3-692521841	S3	D		38.0
S1-851765191	S3-647128089	S3	D		39.0
S1-45114314	S3-984485647	S3	A		
S1-366216958	S3-163552082	S3	B		
S1-366216958	S3-582215737	S3	D		74.0
S1-455839199	S2-162972672	S2	B		
S1-7777152	S3-972091133	S3	B		
S1-414016949	S2-652508788	S2	A		
S1-730436844	S3-139223599	S3	B		
S1-158441756	S2-904333773	S2	A		
S1-295349568	S2-669949811	S2	D		36.0
S1-170172696	S3-50613821	S3	B		
S1-911180214	S3-87949628	S3	D		37.0
S1-93171970	S2-230782457	S2	B		
S1-354000224	S2-971221380	S2	B		
S1-594009654	S2-46576442	S2	B		
S1-279909210	S2-489286545	S2	B		
S1-716569402	S3-673275474	S3	D		101.0
S1-77985376	S3-864742012	S3	B		
S1-973645084	S3-334807877	S3	B		
S1-968833374	S3-507599058	S3	B		
S1-255410248	S3-385290364	S3	E	rank 24 <= topk but missing from candidates	
S1-857351911	S2-759908932	S2	B		
S1-530051465	S2-353290996	S2	B		
S1-742421814	S2-507151254	S2	D		53.0
S1-658866822	S3-394586623	S3	B		
S1-875648070	S2-970347251	S2	D		55.0
S1-296546033	S3-163504623	S3	B		
S1-217502841	S3-263276689	S3	B		
S1-538913712	S2-525488198	S2	D		57.0
S1-758542845	S2-863326449	S2	B		
S1-484625732	S2-647998336	S2	A		
S1-452477135	S3-838972995	S3	D		75.0
S1-40460586	S2-48773216	S2	D		43.0
S1-617563661	S3-31424964	S3	B		
S1-702391180	S2-339459459	S2	B		
S1-292548814	S3-658097894	S3	D		53.0
S1-477872834	S2-165129219	S2	B		
S1-921963771	S2-826018147	S2	B		
S1-921963771	S3-83781144	S3	D		38.0
S1-555942889	S3-955762604	S3	D		87.0
S1-877414175	S2-127766299	S2	B		
S1-334766338	S3-589385192	S3	A		
S1-754452900	S2-301459017	S2	D		47.0
S1-561472904	S2-769905612	S2	B		
S1-650631583	S3-596284951	S3	B		
S1-548882867	S3-443738151	S3	B		
S1-548318894	S3-624509054	S3	B		
S1-548318894	S3-96537297	S3	B		
S1-861728538	S3-767026153	S3	B		
S1-790852379	S2-259823936	S2	B		
S1-842810998	S2-777922884	S2	B		
S1-254256245	S3-659126361	S3	B		
S1-553162451	S2-205641823	S2	D		47.0
S1-165714174	S3-991171554	S3	B		
S1-294837257	S3-171635489	S3	D		74.0
S1-727703038	S3-220571271	S3	D		44.0
S1-738116348	S2-449748714	S2	B		
S1-379517102	S3-496271616	S3	B		
S1-950677801	S3-136999027	S3	D		63.0
S1-953452554	S2-503647762	S2	B		
S1-362165355	S3-978553167	S3	B		
S1-955371455	S2-623829660	S2	D		144.0
S1-961085098	S2-876286389	S2	A		
S1-291511476	S2-250528724	S2	D		34.0
S1-738057688	S2-222448187	S2	D		39.0
S1-655280362	S3-740886407	S3	B		
S1-250560515	S2-758721716	S2	B		
S1-731314576	S3-337225256	S3	A		
S1-562954839	S3-265080242	S3	B		
S1-125973348	S3-179149601	S3	B		
S1-302375017	S3-773217823	S3	D		90.0
S1-202877649	S2-316823802	S2	B		
S1-202877649	S2-123176895	S2	B		
S1-833159020	S2-396715242	S2	B		
S1-445266746	S3-937040347	S3	B		
S1-489404770	S2-180139427	S2	E	rank 15 <= topk but missing from candidates	
S1-106465233	S2-253081957	S2	B		
S1-787627899	S2-215207002	S2	A		
S1-878461683	S2-322315135	S2	D		36.0
S1-878461683	S2-271239069	S2	D		50.0
S1-912786307	S3-420736918	S3	D		36.0
S1-778168103	S2-294385204	S2	A		
S1-685241569	S3-953052210	S3	B		
S1-755121057	S3-742771196	S3	B		
S1-128447425	S2-565919762	S2	D		99.0
S1-220931461	S2-35876062	S2	B		
S1-220931461	S3-117384074	S3	B		
S1-220931461	S2-272267115	S2	B		
S1-379222912	S3-10619454	S3	B		
S1-943024896	S3-174189916	S3	A		
S1-451211778	S2-815939944	S2	A		
S1-150374903	S3-864485159	S3	D		53.0
S1-465654387	S2-680897269	S2	B		
S1-465654387	S3-534580715	S3	B		
S1-704258332	S3-753825978	S3	D		49.0
S1-523753372	S2-12714425	S2	D		78.0
S1-801097843	S2-248769332	S2	B		
S1-118140351	S2-732405505	S2	D		70.0
S1-311447163	S3-460044243	S3	B		
S1-420765628	S3-569853775	S3	B		
S1-156714867	S2-377582733	S2	B		
S1-812506724	S3-531808897	S3	B		
S1-977329082	S2-713529109	S2	B		
S1-608840342	S3-341579871	S3	B		
S1-413900349	S2-875911865	S2	B		
S1-993155087	S3-895353949	S3	E	rank 21 <= topk but missing from candidates	
S1-129589462	S2-91740051	S2	D		127.0
S1-94757615	S2-101182558	S2	D		45.0
S1-94757615	S2-6705695	S2	D		44.0
S1-933827725	S3-51839469	S3	D		47.0
S1-645545558	S3-909077098	S3	E	rank 26 <= topk but missing from candidates	
S1-702765851	S2-624893376	S2	B		
S1-611626749	S3-854414493	S3	B		
S1-124342701	S2-765130779	S2	B		
S1-587057855	S3-724238685	S3	B		
S1-930212378	S2-933698586	S2	B		
S1-16380743	S2-139537929	S2	D		66.0
S1-16380743	S2-849245197	S2	A		
S1-513457430	S3-806817969	S3	B		
S1-806383700	S3-561296718	S3	B		
S1-13194330	S3-270003600	S3	B		
S1-943382804	S2-453562096	S2	B		
S1-885465146	S3-167588204	S3	B		
S1-740999328	S2-585801078	S2	B		
S1-858856025	S3-712654785	S3	B		
S1-858856025	S3-964412464	S3	B		
S1-118519022	S3-290593370	S3	E	rank 13 <= topk but missing from candidates	
S1-602029172	S3-630258153	S3	A		
S1-264753218	S3-810573621	S3	B		
S1-288306337	S3-767697561	S3	B		
S1-900215745	S2-117046977	S2	E	rank 24 <= topk but missing from candidates	
S1-900215745	S2-615654949	S2	D		36.0
S1-716532839	S3-418523071	S3	E	rank 18 <= topk but missing from candidates	
S1-650940480	S2-89779542	S2	D		51.0
S1-430382776	S3-207087112	S3	A		
S1-117914112	S2-813459431	S2	B		
S1-955020833	S2-55260482	S2	B		
S1-693707440	S2-744220061	S2	B		
S1-669230135	S3-205608544	S3	B		
S1-669230135	S2-599030905	S2	B		
S1-938647707	S3-59417222	S3	D		70.0
S1-113129722	S3-265146590	S3	D		81.0
S1-590064970	S3-448974367	S3	D		92.0
S1-329973562	S2-320787560	S2	D		108.0
S1-385840251	S3-566152503	S3	D		109.0
S1-738020132	S3-547441729	S3	A		
S1-628599722	S3-614269533	S3	B		
S1-196826335	S3-898395610	S3	B		
S1-762926927	S2-740121105	S2	B		
S1-468163132	S3-146105889	S3	A		
S1-607713960	S2-943755112	S2	D		62.0
S1-219511243	S2-383681564	S2	A		
S1-219511243	S2-761850854	S2	D		52.0
S1-485312535	S3-931954887	S3	B		
S1-485312535	S2-139495683	S2	B		
S1-686276370	S2-245008552	S2	D		31.0
S1-597028029	S3-187501944	S3	B		
S1-126930691	S2-147944845	S2	A		
S1-290073890	S2-134597174	S2	A		
S1-947627646	S3-153043385	S3	D		34.0
S1-476833327	S2-93076516	S2	B		
S1-830131571	S2-577004590	S2	B		
S1-526313770	S2-262827005	S2	B		
S1-441265874	S3-107069848	S3	B		
S1-532245766	S3-420523505	S3	D		33.0
S1-37505316	S2-767105163	S2	D		39.0
S1-151747052	S2-840195929	S2	B		
S1-570530420	S2-937172329	S2	B		
S1-568554367	S3-835993888	S3	B		
S1-565517808	S3-53705845	S3	D		35.0
S1-565517808	S3-818765564	S3	D		36.0
S1-609562491	S2-35775552	S2	D		35.0
S1-609562491	S3-383550103	S3	B		
S1-956008592	S2-364578171	S2	B		
S1-53470583	S2-245619573	S2	D		58.0
S1-893999912	S3-344263734	S3	D		56.0
S1-503319065	S3-584793983	S3	B		
S1-763400172	S3-259272785	S3	D		31.0
S1-557794703	S2-657863629	S2	D		31.0
S1-504446736	S3-152367899	S3	A		
S1-435211672	S2-844085519	S2	B		
S1-435211672	S3-555878703	S3	B		
S1-123164931	S3-300130265	S3	B		
S1-837769032	S2-591878704	S2	D		49.0
S1-619879354	S2-472122754	S2	B		
S1-943215552	S3-483634983	S3	B		
S1-707096686	S3-322043880	S3	E	rank 19 <= topk but missing from candidates	
S1-500482630	S2-803589249	S2	B		
S1-900656658	S3-291554601	S3	B		
S1-900656658	S3-718842456	S3	B		
S1-900656658	S3-422201095	S3	B		
S1-409458758	S3-40766697	S3	B		
S1-802989026	S3-638317871	S3	D		51.0
S1-520698388	S2-130333815	S2	B		
S1-446395070	S3-93145765	S3	D		126.0
S1-765780270	S2-494347718	S2	D		55.0
S1-64363668	S3-992831758	S3	B		
S1-469842904	S3-275222048	S3	A		
S1-796134257	S2-356293928	S2	B		
S1-552279120	S3-995422356	S3	B		
S1-545118667	S3-140903073	S3	E	rank 22 <= topk but missing from candidates	
S1-645234771	S2-121013768	S2	B		
S1-428860504	S2-824965835	S2	B		
S1-119406867	S3-370989469	S3	B		
S1-667191567	S2-39727714	S2	D		45.0
S1-667191567	S2-651560561	S2	D		62.0
S1-834233932	S2-321854147	S2	D		47.0
S1-443616928	S3-707166267	S3	E	rank 18 <= topk but missing from candidates	
S1-340894354	S3-673171207	S3	B		
S1-233619897	S3-8145588	S3	A		
S1-758791966	S3-332010187	S3	D		56.0
S1-796293878	S3-658587661	S3	D		87.0
S1-969755849	S2-938522460	S2	B		
S1-234652383	S3-770508876	S3	B		
S1-789437185	S2-679350855	S2	B		
S1-858185292	S3-629874084	S3	B		
S1-801443500	S2-383177039	S2	B		
S1-34014692	S2-552307011	S2	B		
S1-953968052	S2-557753090	S2	B		
S1-683191882	S2-901873175	S2	B		
S1-317320505	S3-585316397	S3	D		49.0
S1-155973437	S2-100351054	S2	D		38.0
S1-593502882	S3-370152416	S3	D		46.0
S1-593502882	S2-600522885	S2	D		43.0
S1-593502882	S3-835719350	S3	D		44.0
S1-951361040	S2-230549253	S2	D		36.0
S1-729126991	S3-187702959	S3	A		
S1-729126991	S2-446892834	S2	A		
S1-149557720	S3-780596061	S3	B		
S1-769072928	S2-566916373	S2	D		52.0
S1-520290083	S2-975960605	S2	A		
S1-761800902	S3-46099184	S3	D		43.0
S1-381648416	S3-453646752	S3	B		
S1-366938441	S2-346259202	S2	B		
S1-800884008	S2-933509700	S2	B		
S1-890400591	S3-175063067	S3	B		
S1-474819435	S3-419081986	S3	B		
S1-474819435	S3-151393756	S3	B		
S1-887362075	S3-715774869	S3	B		
S1-847552036	S2-507717898	S2	A		
S1-221014330	S3-122274708	S3	B		
S1-955869818	S3-97207347	S3	B		
S1-849090353	S2-909311886	S2	B		
S1-619176757	S2-186510534	S2	B		
S1-409981033	S3-19554241	S3	D		77.0
S1-917853000	S3-317515690	S3	A		
S1-917853000	S2-589091333	S2	B		
S1-917853000	S3-270894391	S3	A		
S1-993924961	S3-321703638	S3	B		
S1-485688232	S3-689587031	S3	B		
S1-72569045	S3-760614767	S3	D		57.0
S1-633002450	S3-838901692	S3	B		
S1-103335643	S3-988318029	S3	B		
S1-123716001	S2-906140404	S2	B		
S1-51685715	S2-628010102	S2	B		
S1-952818290	S2-654732601	S2	E	rank 13 <= topk but missing from candidates	
S1-952818290	S2-79595250	S2	B		
S1-360291429	S2-810615515	S2	B		
S1-748328132	S2-718510612	S2	B		
S1-988172799	S3-74227302	S3	A		
S1-131212310	S2-308728594	S2	B		
S1-131043898	S2-622054824	S2	B		
S1-484791571	S2-117226087	S2	A		
S1-484791571	S3-54244968	S3	D		46.0
S1-80279560	S3-456815505	S3	B		
S1-402329664	S3-216018747	S3	B		
S1-810622589	S2-111592736	S2	B		
S1-898945785	S3-401490760	S3	B		
S1-697931451	S3-253099037	S3	A		
S1-515427056	S2-487389937	S2	D		125.0
S1-893395317	S3-882374763	S3	B		
S1-95008672	S3-268141710	S3	B		
S1-354280571	S2-274985663	S2	B		
S1-571035714	S2-795507583	S2	B		
S1-371403436	S3-804700636	S3	B		
S1-861280645	S2-157137865	S2	B		
S1-351515879	S2-866325381	S2	B		
S1-558805942	S2-687242951	S2	D		142.0
S1-282723577	S2-526999202	S2	E	rank 22 <= topk but missing from candidates	
S1-329128533	S3-914525443	S3	B		
S1-64435743	S3-215095968	S3	B		
S1-772490540	S3-669947966	S3	A		
S1-326477812	S2-508179154	S2	D		48.0
S1-55610759	S3-669539648	S3	B		
S1-637905149	S3-812900512	S3	B		
S1-195497728	S2-313664202	S2	A		
S1-254488758	S2-797325199	S2	B		
S1-175997633	S3-237574215	S3	B		
S1-3897314	S2-873290746	S2	B		
S1-571360989	S3-711822158	S3	B		
S1-933107706	S3-483265885	S3	B		
S1-671244951	S2-420811631	S2	D		41.0
S1-969696152	S2-391945514	S2	D		67.0
S1-906372081	S2-131337072	S2	B		
S1-986592181	S2-170544475	S2	D		117.0
S1-981366370	S2-388528441	S2	D		47.0
S1-338467690	S3-290364687	S3	B		
S1-582980689	S2-30867236	S2	B		
S1-557910823	S3-401375874	S3	B		
S1-557910823	S3-16410249	S3	D		67.0
S1-456938635	S2-307283186	S2	D		51.0
S1-996247567	S3-196888992	S3	B		
S1-928605414	S3-490230078	S3	D		76.0
S1-928605414	S2-24356698	S2	B		
S1-148207708	S2-799549685	S2	B		
S1-889460078	S2-98286828	S2	B		
S1-198268036	S3-344320185	S3	D		69.0
S1-622876648	S3-329266825	S3	A		
S1-335602809	S2-690776238	S2	B		
S1-288076090	S3-860857360	S3	B		
S1-814233149	S2-978963354	S2	B		
S1-585928092	S2-100129044	S2	D		36.0
S1-558222157	S2-325038011	S2	D		50.0
S1-81578399	S2-929577910	S2	B		
S1-172604609	S2-243889312	S2	B		
S1-172604609	S3-786798282	S3	D		40.0
S1-860467758	S2-741814290	S2	B		
S1-658482533	S2-116568778	S2	B		
S1-55945072	S3-236901760	S3	A		
S1-617813306	S2-159573608	S2	B		
S1-293307119	S2-212400612	S2	B		
S1-44911802	S2-522922523	S2	B		
S1-232820496	S3-466652513	S3	D		47.0
S1-78164808	S2-985948345	S2	B		
S1-223954971	S2-694262381	S2	D		88.0
S1-101487245	S3-578621558	S3	B		
S1-872042310	S2-531222011	S2	B		
S1-13382172	S3-198012083	S3	E	rank 8 <= topk but missing from candidates	
S1-160348505	S3-912615347	S3	D		95.0
S1-223894068	S3-660959129	S3	A		
S1-938187406	S2-718004224	S2	B		
S1-238412082	S3-372731738	S3	E	rank 29 <= topk but missing from candidates	
S1-762698475	S3-583391230	S3	B		
S1-342624920	S2-861176906	S2	B		
S1-860648406	S3-845720531	S3	B		
S1-860648406	S2-66195895	S2	B		
S1-983616419	S2-772838800	S2	B		
S1-563719799	S3-263759359	S3	B		
S1-77198776	S3-215063316	S3	B		
S1-776556662	S3-991474053	S3	A		
S1-672604575	S3-906725548	S3	B		
S1-226484415	S2-920567037	S2	B		
S1-657916379	S3-896471221	S3	B		
S1-379297386	S2-906240578	S2	B		
S1-379297386	S2-447417302	S2	B		
S1-59978640	S3-197928642	S3	B		
S1-27775450	S2-990968053	S2	B		
S1-149272897	S3-495298041	S3	B		
S1-200452294	S2-283184697	S2	B		
S1-64926194	S2-503577682	S2	B		
S1-870810135	S3-676085321	S3	A		
S1-471225063	S2-329462746	S2	D		122.0
S1-530954975	S2-281496088	S2	A		
S1-391676583	S3-945286092	S3	B		
S1-721058945	S3-866727007	S3	D		57.0
S1-721058945	S3-980475592	S3	E	rank 19 <= topk but missing from candidates	
S1-734904471	S2-325390581	S2	B		
S1-928238674	S2-108006658	S2	B		
S1-811835966	S3-485282503	S3	D		57.0
S1-566068890	S3-656781186	S3	B		
S1-272039900	S3-353553779	S3	A		
S1-310244772	S3-716736799	S3	B		
S1-436551780	S3-421227876	S3	A		
S1-509852274	S3-288970281	S3	B		
S1-244796149	S2-245288992	S2	D		58.0
S1-8088280	S3-984735604	S3	B		
S1-551253556	S2-900941160	S2	B		
S1-382557277	S3-169061837	S3	E	rank 29 <= topk but missing from candidates	
S1-119805103	S3-584823153	S3	B		
S1-278549434	S3-509143698	S3	D		36.0
S1-561231970	S2-437631504	S2	B		
S1-57877660	S2-309207642	S2	D		52.0
S1-744210061	S3-886066746	S3	B		
S1-744210061	S3-354004768	S3	B		
S1-814254713	S3-215774143	S3	B		
S1-741024069	S3-603452621	S3	D		50.0
S1-744232696	S2-400723910	S2	A		
S1-790963184	S3-844282421	S3	D		46.0
S1-91872953	S3-478912103	S3	B		
S1-80219213	S3-43551196	S3	B		
S1-268724123	S2-619609466	S2	B		
S1-926968582	S2-894000049	S2	E	rank 26 <= topk but missing from candidates	
S1-926968582	S2-699029716	S2	B		
S1-312913100	S3-797109051	S3	D		90.0
S1-371831743	S2-772068359	S2	D		38.0
S1-422676697	S3-233422591	S3	B		
S1-403081719	S2-301755252	S2	B		
S1-135931457	S3-727865560	S3	B		
S1-372710510	S3-197201248	S3	B		
S1-840158465	S3-560655152	S3	B		
S1-893188230	S3-228105840	S3	D		35.0
S1-893188230	S3-846506990	S3	B		
S1-921455919	S3-110156684	S3	B		
S1-32083097	S2-534271996	S2	B		
S1-498064146	S3-611225248	S3	E	rank 29 <= topk but missing from candidates	
S1-36674065	S2-74414567	S2	B		
S1-965616994	S2-820021073	S2	B		
S1-358737072	S3-507985042	S3	E	rank 23 <= topk but missing from candidates	
S1-358737072	S2-599935324	S2	D		37.0
S1-739298497	S2-13388044	S2	D		110.0
S1-521506824	S3-573394823	S3	B		
S1-507755393	S2-258092775	S2	B		
S1-791797237	S3-189570842	S3	D		37.0
S1-620659515	S2-110045633	S2	D		139.0
S1-715169001	S2-196980624	S2	B		
S1-670365367	S3-764289255	S3	B		
S1-757206815	S2-678515374	S2	B		
S1-540204943	S3-537525110	S3	B		
S1-540204943	S2-554598372	S2	B		
S1-340253206	S2-406965517	S2	D		60.0
S1-349260053	S3-322298725	S3	B		
S1-349260053	S2-416453988	S2	B		
S1-752470374	S2-602938345	S2	B		
S1-576720335	S3-678619224	S3	D		36.0
S1-633727741	S2-270437822	S2	D		60.0
S1-627356109	S2-888357555	S2	B		
S1-113178788	S3-369082855	S3	B		
S1-186124051	S3-651498386	S3	A		
S1-19454375	S2-307451092	S2	D		90.0
S1-150202238	S3-14005867	S3	D		75.0
S1-150202238	S3-206673107	S3	D		81.0
S1-651605637	S3-243703286	S3	B		
S1-347940661	S2-989458148	S2	A		
S1-835818548	S3-553035369	S3	D		40.0
S1-187472372	S3-210541845	S3	D		57.0
S1-852432790	S2-671721405	S2	B		
S1-637446075	S3-611066319	S3	B		
S1-450802463	S2-304161252	S2	B		
S1-367313443	S2-146711048	S2	B		
S1-377427311	S3-320438739	S3	A		
S1-693379876	S3-276056417	S3	B		
S1-444811755	S3-552468842	S3	B		
S1-121090159	S2-314667481	S2	D		102.0
S1-121090159	S3-355991515	S3	B		
S1-143610948	S3-974829292	S3	B		
S1-528655273	S3-64387901	S3	B		
S1-528655273	S2-387960421	S2	D		39.0
S1-528655273	S3-573294303	S3	D		40.0
S1-858085126	S3-922553483	S3	D		76.0
S1-591823573	S2-611948597	S2	D		41.0
S1-647736323	S2-237929080	S2	B		
S1-962665021	S3-713365879	S3	B		
S1-610526339	S3-991543973	S3	B		
S1-591877856	S3-889402701	S3	B		
S1-871409335	S2-651489347	S2	B		
S1-371280607	S3-681990934	S3	B		
S1-223954810	S3-258295670	S3	B		
S1-754343893	S2-869940779	S2	B		
S1-794058096	S2-615677108	S2	B		
S1-375487749	S3-184651728	S3	B		
S1-789045763	S2-523323155	S2	B		
S1-221837002	S3-194315027	S3	B		
S1-670397100	S2-908082839	S2	B		
S1-687097266	S2-571323930	S2	B		
S1-133600296	S3-299049262	S3	A		
S1-864115498	S3-454986673	S3	B		
S1-350685465	S3-939203462	S3	E	rank 19 <= topk but missing from candidates	
S1-406025574	S2-119201944	S2	D		61.0
S1-921608754	S3-75424569	S3	D		47.0
S1-921608754	S2-839887422	S2	D		31.0
S1-400758040	S3-739229140	S3	B		
S1-941261455	S3-190088276	S3	D		42.0
S1-110104341	S2-709352359	S2	B		
S1-986111166	S2-812246019	S2	B		
S1-708582663	S2-590718858	S2	D		35.0
S1-975736743	S2-240111630	S2	D		83.0
S1-975736743	S2-493258654	S2	B		
S1-573942172	S3-904256800	S3	B		
S1-882391704	S2-884819894	S2	E	rank 17 <= topk but missing from candidates	
S1-350009582	S2-244973680	S2	D		84.0
S1-454521601	S3-541769430	S3	D		46.0
S1-454521601	S2-533760013	S2	D		68.0
S1-177596974	S2-237224471	S2	D		83.0
S1-749871570	S2-940327150	S2	A		
S1-851608587	S2-267269636	S2	B		
S1-97639825	S2-5159748	S2	D		51.0
S1-140443584	S3-856459646	S3	B		
S1-169211211	S2-732743184	S2	B		
S1-169211211	S3-738908489	S3	B		
S1-447464168	S3-623558903	S3	D		37.0
S1-329459993	S3-992862008	S3	D		47.0
S1-736182729	S3-74157406	S3	D		83.0
S1-882575025	S3-978085465	S3	D		86.0
S1-746814581	S2-231383946	S2	B		
S1-182053544	S2-447273581	S2	D		43.0
S1-636541200	S3-975548481	S3	D		45.0
S1-438034854	S3-355330838	S3	D		78.0
S1-84023320	S3-94674351	S3	B		
S1-793010099	S2-93608551	S2	D		40.0
S1-45346548	S3-424754114	S3	B		
S1-96337514	S2-802351413	S2	B		
S1-515478962	S3-203132175	S3	B		
S1-751874962	S3-291779969	S3	B		
S1-777543302	S3-622468373	S3	B		
S1-924130202	S3-295499896	S3	B		
S1-341363266	S2-317767211	S2	B		
S1-682189274	S3-977711388	S3	A		
S1-834132794	S3-889895859	S3	B		
S1-77803463	S2-123537477	S2	B		
S1-227688486	S2-757196016	S2	B		
S1-439168236	S3-526756231	S3	D		84.0
S1-429145550	S2-751772302	S2	D		40.0
S1-609423163	S2-867503611	S2	B		
S1-609423163	S2-573347162	S2	B		
S1-370260587	S2-615925645	S2	B		
S1-3829352	S3-411695301	S3	B		
S1-512391671	S2-255472285	S2	B		
S1-720379412	S3-256270053	S3	D		31.0
S1-153747778	S3-188463525	S3	B		
S1-153747778	S2-120773041	S2	B		
S1-153747778	S3-604265556	S3	B		
S1-572714379	S2-564879467	S2	B		
S1-890631664	S2-580415760	S2	D		38.0
S1-460843278	S3-472447548	S3	B		
S1-354345362	S2-159274266	S2	B		
S1-8393656	S3-142647569	S3	D		78.0
S1-926650691	S2-461102187	S2	A		
S1-597857728	S3-925059565	S3	B		
S1-470387886	S2-543690908	S2	B		
S1-470387886	S3-969990331	S3	B		
S1-704998259	S2-410979076	S2	B		
S1-255744662	S3-205831981	S3	D		100.0
S1-169410599	S3-398949976	S3	B		
S1-676875907	S3-73119906	S3	B		
S1-317710068	S3-532591667	S3	B		
S1-607359134	S2-139589710	S2	B		
S1-281400436	S3-832582501	S3	D		31.0
S1-704430546	S3-477676878	S3	D		47.0
S1-33692775	S3-924786503	S3	B		
S1-278956028	S3-974935100	S3	A		
S1-882755902	S3-589654187	S3	E	rank 28 <= topk but missing from candidates	
S1-942932885	S3-763114135	S3	D		48.0
S1-512618817	S2-669759721	S2	B		
S1-934896156	S2-220926908	S2	B		
S1-760584119	S2-323825406	S2	B		
S1-573670219	S2-379860931	S2	B		
S1-707462466	S2-837129159	S2	D		54.0
S1-707462466	S3-673994695	S3	B		
S1-139638779	S2-770360092	S2	D		38.0
S1-725297854	S3-890669934	S3	B		
S1-524714741	S2-282365451	S2	E	rank 11 <= topk but missing from candidates	
S1-118230774	S3-572694764	S3	D		63.0
S1-129233343	S2-342690484	S2	D		49.0
S1-437242839	S3-932994102	S3	B		
S1-835960293	S2-873099668	S2	A		
S1-237211614	S2-127763533	S2	D		37.0
S1-451326280	S2-189737485	S2	D		55.0
S1-355210798	S2-500894376	S2	B		
S1-400487175	S3-32409299	S3	B		
S1-741112926	S3-425741021	S3	B		
S1-402448172	S2-53749659	S2	B		
S1-214543757	S3-354371261	S3	B		
S1-655476394	S2-318005048	S2	B		
S1-286486267	S2-155658290	S2	B		
S1-286486267	S2-802687903	S2	B		
S1-687689409	S3-828932458	S3	E	rank 28 <= topk but missing from candidates	
S1-637449159	S2-149495524	S2	E	rank 29 <= topk but missing from candidates	
S1-214635584	S2-999844724	S2	B		
S1-721000966	S2-278436717	S2	B		
S1-955289241	S3-217940694	S3	D		44.0
S1-571813389	S2-238854168	S2	D		46.0
S1-807169974	S2-791321135	S2	B		
S1-858640838	S2-639491061	S2	E	rank 17 <= topk but missing from candidates	
S1-931964424	S3-841138271	S3	B		
S1-931964424	S3-260756806	S3	D		72.0
S1-117150507	S2-703059126	S2	D		73.0
S1-426031793	S2-429003345	S2	B		
S1-688418215	S3-130692926	S3	B		
S1-469319169	S2-240611484	S2	B		
S1-989193564	S2-243985114	S2	D		47.0
S1-98028074	S2-321396290	S2	B		
S1-98028074	S3-871261619	S3	B		
S1-685659507	S3-813780662	S3	B		
S1-321607252	S2-563498616	S2	D		53.0
S1-514013791	S3-71979776	S3	D		31.0
S1-163980674	S2-598540339	S2	B		
S1-651312009	S2-234674434	S2	B		
S1-417653496	S3-494107958	S3	D		31.0
S1-788234394	S2-997454161	S2	B		
S1-788234394	S2-562583786	S2	B		
S1-786744706	S2-10213369	S2	B		
S1-81401049	S2-735852380	S2	B		
S1-640486308	S2-187528025	S2	B		
S1-640486308	S3-535886472	S3	B		
S1-640486308	S3-211825421	S3	A		
S1-75631414	S2-767482611	S2	B		
S1-327172475	S3-956829447	S3	B		
S1-417947762	S3-331557904	S3	D		43.0
S1-374319511	S3-849552138	S3	B		
S1-359609676	S2-982742531	S2	B		
S1-730538642	S2-560255777	S2	D		110.0
S1-679308636	S3-112093756	S3	A		
S1-931772564	S2-976854340	S2	B		
S1-328631030	S3-982420083	S3	D		49.0
S1-932377454	S3-544971441	S3	B		
S1-693344071	S2-271189897	S2	D		52.0
S1-636519927	S3-126184302	S3	A		
S1-701568800	S2-397582994	S2	A		
S1-768301475	S3-630053677	S3	B		
S1-328617171	S3-891005895	S3	B		
S1-328617171	S2-947306716	S2	B		
S1-958913947	S3-454759131	S3	B		
S1-829662832	S2-404396147	S2	B		
S1-42235678	S2-74293498	S2	E	rank 11 <= topk but missing from candidates	
S1-406453965	S3-895087738	S3	D		53.0
S1-146050019	S2-434418833	S2	B		
S1-146050019	S2-872846848	S2	B		
S1-289930901	S2-41694341	S2	D		39.0
S1-60674970	S2-165344005	S2	B		
S1-372122034	S2-389111435	S2	B		
S1-413780601	S2-712293871	S2	B		
S1-231212091	S2-746825274	S2	D		65.0
S1-614006585	S3-192991927	S3	B		
S1-55161737	S2-931171838	S2	B		
S1-893902045	S3-753151392	S3	B		
S1-829922699	S2-834006165	S2	E	rank 8 <= topk but missing from candidates	
S1-829922699	S3-103733832	S3	D		76.0
S1-681253731	S3-592129615	S3	B		
S1-965980357	S2-673267836	S2	D		91.0
S1-144748187	S2-921645598	S2	B		
S1-390397	S2-27286557	S2	B		
S1-3832103	S3-115093835	S3	E	rank 21 <= topk but missing from candidates	
S1-204584947	S2-81057371	S2	B		
S1-736747590	S3-291945466	S3	D		35.0
S1-499808245	S2-929982321	S2	B		
S1-499808245	S2-396756484	S2	B		
S1-499808245	S2-408990931	S2	B		
S1-921413056	S2-317680526	S2	B		
S1-79421489	S3-757515116	S3	A		
S1-194015983	S3-347523473	S3	D		77.0
S1-142852277	S2-538020511	S2	B		
S1-212323161	S3-334531198	S3	B		
S1-570240367	S3-842901928	S3	B		
S1-392182679	S3-75658107	S3	D		32.0
S1-814026473	S2-503814224	S2	B		
S1-938993822	S3-146366201	S3	E	rank 26 <= topk but missing from candidates	
S1-242886650	S3-942076370	S3	D		52.0
S1-340118636	S2-374994956	S2	D		32.0
S1-9910793	S3-226633853	S3	D		31.0
S1-548470144	S2-515670647	S2	D		70.0
S1-92418028	S2-808367749	S2	B		
S1-806862935	S2-427769725	S2	B		
S1-190044139	S3-783120921	S3	B		
S1-534566007	S3-392245836	S3	D		36.0
S1-33836522	S2-281424225	S2	B		
S1-777827343	S3-191264226	S3	E	rank 28 <= topk but missing from candidates	
S1-704843442	S3-373297741	S3	B		
S1-455891965	S2-759519460	S2	B		
S1-250999669	S2-600541071	S2	D		78.0
S1-148623542	S3-11985042	S3	B		
S1-148623542	S3-242283842	S3	B		
S1-499311870	S2-808725216	S2	B		
S1-31700546	S3-774292297	S3	D		111.0
S1-19063942	S2-70632858	S2	D		54.0
S1-802713991	S3-666900287	S3	B		
S1-946028608	S2-291950445	S2	B		
S1-740980250	S2-66439128	S2	B		
S1-740980250	S2-543482954	S2	B		
S1-764188651	S2-364743455	S2	D		40.0
S1-330106134	S3-927879115	S3	A		
S1-330106134	S2-984870044	S2	B		
S1-376976070	S2-84365352	S2	B		
S1-739381690	S2-142923561	S2	E	rank 22 <= topk but missing from candidates	
S1-205258688	S2-111930722	S2	A		
S1-951725509	S3-903871723	S3	D		78.0
S1-495962507	S2-279693880	S2	B		
S1-477548302	S3-480555570	S3	E	rank 27 <= topk but missing from candidates	
S1-630413646	S3-187494971	S3	D		41.0
S1-989516328	S2-311836533	S2	B		
S1-184875582	S3-845526087	S3	B		
S1-582327794	S2-645641789	S2	B		
S1-122041789	S2-421419213	S2	E	rank 28 <= topk but missing from candidates	
S1-720442248	S2-480532356	S2	B		
S1-687531631	S3-630129933	S3	D		63.0
S1-863538046	S2-350595198	S2	B		
S1-388924257	S2-690451198	S2	B		
S1-49144944	S3-938593162	S3	B		
S1-566289998	S3-504092180	S3	B		
S1-782526603	S3-214165102	S3	B		
S1-621804474	S2-827582597	S2	D		34.0
S1-25740869	S2-818523613	S2	B		
S1-218352672	S3-367286461	S3	B		
S1-918954076	S3-261403753	S3	D		36.0
S1-397108399	S3-478459948	S3	B		
S1-397108399	S2-207169782	S2	B		
S1-421608544	S3-886542933	S3	B		
S1-421608544	S3-865674306	S3	B		
S1-465599000	S2-797540650	S2	B		
S1-493272077	S3-246102734	S3	B		
S1-323100238	S2-166054425	S2	D		53.0
S1-551572370	S2-622644314	S2	B		
S1-30177759	S2-71577093	S2	D		31.0
S1-260313710	S2-20853668	S2	A		
S1-392281005	S3-281911140	S3	B		
S1-684826103	S2-329639691	S2	B		
S1-800549191	S3-814833282	S3	D		34.0
S1-681487491	S3-581633903	S3	D		65.0
S1-37370286	S3-499136962	S3	B		
S1-767054076	S2-540637059	S2	B		
S1-513039969	S2-572643614	S2	A		
S1-6377092	S2-686606648	S2	B		
S1-6377092	S2-75744364	S2	B		
S1-624410034	S2-376011685	S2	B		
S1-957260749	S2-602757928	S2	A		
S1-300221090	S3-977136004	S3	D		39.0
S1-301309637	S2-254710294	S2	A		
S1-204181401	S2-246809124	S2	B		
S1-818493891	S3-50922364	S3	D		97.0
S1-876713446	S2-278503106	S2	B		
S1-769239334	S2-453085618	S2	B		
S1-28976865	S2-241867449	S2	B		
S1-750281412	S2-887931841	S2	B		
S1-609689193	S2-183038981	S2	B		
S1-752451041	S2-789748389	S2	B		
S1-154459134	S2-406545338	S2	B		
S1-775528011	S3-790969350	S3	B		
S1-404392286	S2-79950121	S2	B		
S1-404392286	S2-413753320	S2	B		
S1-72031934	S2-243737837	S2	B		
S1-761648678	S3-160627557	S3	B		
S1-106213595	S3-531405840	S3	B		
S1-264212275	S3-858047970	S3	B		
S1-549152265	S3-825123344	S3	B		
S1-490828178	S3-753270686	S3	B		
S1-490828178	S3-582376580	S3	B		
S1-434236938	S2-839875708	S2	B		
S1-434236938	S2-330055869	S2	B		
S1-720872036	S2-153498367	S2	B		
S1-3454518	S3-606731419	S3	B		
S1-826141291	S3-98726534	S3	B		
S1-22749361	S2-920415361	S2	B		
S1-22749361	S2-773744324	S2	E	rank 19 <= topk but missing from candidates	
S1-22749361	S2-993203062	S2	E	rank 30 <= topk but missing from candidates	
S1-469197046	S2-776047312	S2	B		
S1-839473596	S3-264653998	S3	B		
S1-451362485	S3-882332133	S3	B		
S1-119271886	S2-121565383	S2	B		
S1-240617469	S3-265196908	S3	B		
S1-240617469	S2-868536926	S2	A		
S1-328237930	S2-475453524	S2	B		
S1-770367721	S2-748471102	S2	D		116.0
S1-255781514	S2-302176615	S2	D		38.0
S1-255781514	S3-641240233	S3	E	rank 21 <= topk but missing from candidates	
S1-404450252	S3-942096350	S3	B		
S1-298998343	S3-384644537	S3	A		
S1-638600961	S2-469931894	S2	B		
S1-638600961	S2-216131308	S2	B		
S1-244886966	S3-554241148	S3	D		52.0
S1-253814957	S2-187590252	S2	B		
S1-199955086	S2-803173260	S2	B		
S1-277795988	S2-585420023	S2	A		
S1-20838995	S2-988755169	S2	B		
S1-227251558	S3-792279532	S3	D		50.0
S1-732350276	S2-835855505	S2	B		
S1-792197046	S2-165490950	S2	B		
S1-216080348	S3-828334697	S3	B		
S1-817770994	S2-196795573	S2	D		132.0
S1-273913407	S3-589153896	S3	D		89.0
S1-854919670	S2-672349156	S2	B		
S1-501590679	S3-651397533	S3	B		
S1-457063139	S2-363371083	S2	B		
S1-408398228	S3-220412133	S3	B		
S1-395891310	S2-79530038	S2	B		
S1-929753626	S3-719088468	S3	B		
S1-971851405	S2-898335797	S2	B		
S1-572053143	S3-792854431	S3	A		
S1-114839050	S2-753451373	S2	D		70.0
S1-361968127	S3-67418704	S3	A		
S1-192674616	S2-588144203	S2	B		
S1-934257542	S2-19486610	S2	D		35.0
S1-566444155	S3-305788811	S3	B		
S1-93277979	S2-585750474	S2	B		
S1-93277979	S2-583429888	S2	B		
S1-202712303	S2-455844148	S2	B		
S1-261582651	S2-665193968	S2	B		
S1-473298359	S3-459248951	S3	A		
S1-387108660	S2-13279583	S2	B		
S1-607983560	S2-336627805	S2	B		
S1-825019916	S2-143350981	S2	B		
S1-825019916	S3-676050399	S3	B		
S1-739518802	S2-155657216	S2	B		
S1-900238876	S2-581856995	S2	D		72.0
S1-313307209	S3-290667015	S3	D		33.0
S1-94745104	S2-309264909	S2	B		
S1-318346423	S2-407749852	S2	B		
S1-190715025	S3-823442563	S3	B		
S1-48975860	S3-518979994	S3	D		49.0
S1-496837725	S3-129224672	S3	B		
S1-985339562	S2-279172214	S2	B		
S1-107275420	S3-539105321	S3	B		
S1-389510092	S3-706800645	S3	B		
S1-228781710	S3-552911041	S3	B		
S1-300078066	S2-44526344	S2	B		
S1-978946065	S3-244160805	S3	B		
S1-858192276	S3-851220197	S3	B		
S1-265986133	S3-850189745	S3	B		
S1-580176327	S2-694024020	S2	B		
S1-349325146	S2-267615789	S2	B		
S1-927260726	S2-731245558	S2	B		
S1-266474885	S3-36664539	S3	B		
S1-266474885	S3-639706835	S3	B		
S1-655764116	S2-706689781	S2	B		
S1-655764116	S2-929071720	S2	B		
S1-918753989	S2-592637096	S2	B		
S1-860391248	S3-367060991	S3	B		
S1-799265271	S3-426663606	S3	B		
S1-938340400	S2-81066349	S2	B		
S1-370450157	S3-731438266	S3	D		37.0
S1-293781087	S2-198090336	S2	B		
S1-634861107	S3-804284891	S3	D		57.0
S1-444243587	S3-991178114	S3	A		
S1-6094130	S3-458248512	S3	B		
S1-206827413	S2-721315323	S2	A		
S1-730379315	S2-984007073	S2	B		
S1-82980844	S3-417552595	S3	D		38.0
S1-273945611	S2-776426012	S2	B		
S1-460762408	S2-67090505	S2	B		
S1-254702567	S3-584899038	S3	B		
S1-807531288	S2-967326223	S2	D		76.0
S1-217072356	S2-400149208	S2	D		46.0
S1-217072356	S2-610920838	S2	D		39.0
S1-686564449	S3-451574661	S3	B		
S1-617397629	S3-246907421	S3	B		
S1-50921161	S2-596741489	S2	B		
S1-728416898	S3-251024610	S3	B		
S1-202262035	S2-139845007	S2	D		50.0
S1-236248030	S2-743708368	S2	B		
S1-181121175	S2-218540881	S2	B		
S1-985585381	S2-799136367	S2	B		
S1-840340385	S3-980329194	S3	B		
S1-617640560	S3-102065439	S3	D		32.0
S1-621469402	S3-615263624	S3	B		
S1-124847981	S2-759414090	S2	D		52.0
S1-900170269	S2-658731280	S2	B		
S1-82854457	S3-146795552	S3	D		49.0
S1-851010929	S2-746078846	S2	B		
S1-318189176	S3-492327450	S3	D		37.0
S1-318189176	S2-271364386	S2	D		36.0
S1-666999730	S2-959728747	S2	A		
S1-204303168	S2-2397847	S2	B		
S1-240814300	S2-653989281	S2	B		
S1-287582880	S2-185452592	S2	B		
S1-941650428	S3-831989035	S3	D		41.0
S1-781266858	S3-596603873	S3	B		
S1-6832017	S3-751098493	S3	E	rank 11 <= topk but missing from candidates	
S1-6832017	S3-467786886	S3	E	rank 19 <= topk but missing from candidates	
S1-813301538	S3-923125093	S3	D		39.0
S1-555532911	S2-501190719	S2	B		
S1-555532911	S3-815505498	S3	B		
S1-447957347	S3-577895619	S3	B		
S1-206172785	S3-774287693	S3	B		
S1-477605887	S2-790454762	S2	B		
S1-56405533	S2-44397244	S2	A		
S1-341979638	S3-604881560	S3	D		45.0
S1-415416722	S3-863648525	S3	B		
S1-11448513	S3-680882349	S3	D		36.0
S1-662810449	S3-626123566	S3	B		
S1-440453133	S2-855022569	S2	A		
S1-919914116	S2-295549251	S2	D		81.0
S1-919914116	S2-528183794	S2	D		47.0
S1-638570791	S3-899029943	S3	D		32.0
S1-202202595	S2-253554714	S2	B		
S1-765708847	S2-329067072	S2	B		
S1-351201335	S3-786596690	S3	B		
S1-351201335	S2-37343216	S2	B		
S1-68654749	S2-854339806	S2	D		38.0
S1-272845122	S3-589150872	S3	A		
S1-237666130	S3-217517370	S3	A		
S1-237666130	S2-632076865	S2	D		50.0
S1-237666130	S2-545831660	S2	D		47.0
S1-894921171	S2-827794843	S2	A		
S1-381891440	S3-520223719	S3	B		
S1-450420747	S3-109769478	S3	D		64.0
S1-600066681	S3-646103619	S3	B		
S1-951542137	S2-725856853	S2	B		
S1-916532153	S2-56337284	S2	B		
S1-220317041	S3-337286621	S3	B		
S1-427308478	S3-628471821	S3	B		
S1-288511037	S2-725557921	S2	D		51.0
S1-288511037	S3-837020614	S3	D		33.0
S1-651553598	S3-139845810	S3	D		69.0
S1-339101228	S2-543248697	S2	D		73.0
S1-778828628	S3-333123290	S3	D		63.0
S1-123702939	S3-676851927	S3	B		
S1-442609353	S3-563354802	S3	E	rank 11 <= topk but missing from candidates	
S1-442609353	S2-309775200	S2	B		
S1-708857779	S2-575623533	S2	B		
S1-845949301	S2-952385552	S2	B		
S1-216802125	S2-723441704	S2	B		
S1-823962418	S3-899582669	S3	D		58.0
S1-727152947	S2-641093453	S2	B		
S1-497898918	S3-857360795	S3	A		
S1-663107188	S3-942904380	S3	D		80.0
S1-380973651	S3-79173840	S3	E	rank 21 <= topk but missing from candidates	
S1-115102866	S3-382519560	S3	D		49.0
S1-286148204	S2-653464358	S2	B		
S1-310077115	S2-714382720	S2	D		40.0
S1-20328818	S3-329772346	S3	B		
S1-38503298	S2-190782168	S2	B		
S1-767987714	S2-125577037	S2	D		34.0
S1-712022599	S2-670155734	S2	D		78.0
S1-289939401	S3-414595996	S3	B		
S1-57214683	S3-299256265	S3	D		43.0
S1-984181961	S3-76986920	S3	D		40.0
S1-230973960	S3-927626048	S3	A		
S1-475543728	S3-253368682	S3	B		
S1-246403608	S3-762551774	S3	B		
S1-540473475	S2-301828759	S2	D		56.0
S1-837590931	S2-917901761	S2	D		49.0
S1-923196428	S3-465006263	S3	D		37.0
S1-529266882	S3-743651194	S3	D		35.0
S1-650337460	S2-185783263	S2	D		134.0
S1-445653397	S3-266064034	S3	B		
S1-550689409	S3-531202418	S3	B		
S1-862342312	S2-56207644	S2	B		
S1-620687335	S2-331071	S2	B		
S1-85957650	S2-430482863	S2	B		
S1-337591937	S3-432443023	S3	B		
S1-259383419	S3-838270000	S3	B		
S1-327051297	S3-679700409	S3	B		
S1-341031947	S3-360570603	S3	B		
S1-509416390	S3-662933575	S3	B		
S1-682688460	S2-599846081	S2	E	rank 26 <= topk but missing from candidates	
S1-188686838	S2-555179045	S2	B		
S1-647259599	S2-454836919	S2	B		
S1-542917330	S3-863045886	S3	A		
S1-639769328	S2-908514048	S2	B		
S1-66149384	S3-276446228	S3	B		
S1-91450042	S3-847612284	S3	B		
S1-576258604	S3-465152312	S3	B		
S1-651024984	S2-601259273	S2	D		41.0
S1-651024984	S3-15167324	S3	D		43.0
S1-651024984	S3-338137557	S3	D		42.0
S1-793191074	S3-607797948	S3	D		115.0
S1-94854419	S2-752929759	S2	B		
S1-960611720	S2-943180867	S2	B		
S1-169285150	S3-650043215	S3	E	rank 19 <= topk but missing from candidates	
S1-775884620	S3-265939462	S3	D		83.0
S1-392296514	S2-619130467	S2	B		
S1-640973684	S2-176513772	S2	D		41.0
S1-431671044	S3-350391168	S3	B		
S1-124181083	S2-226342687	S2	B		
S1-743526614	S3-644050010	S3	B		
S1-484110071	S3-870479471	S3	D		52.0
S1-412925832	S2-67954694	S2	B		
S1-294825281	S2-989698742	S2	B		
S1-55068111	S2-529194376	S2	B		
S1-804635315	S3-84521368	S3	B		
S1-911212874	S2-241509540	S2	D		40.0
S1-585255607	S2-56220665	S2	A		
S1-883496843	S2-491699466	S2	B		
S1-847783518	S3-535687963	S3	B		
S1-232315338	S3-577597845	S3	D		54.0
S1-232315338	S2-821415115	S2	B		
S1-255921634	S2-101828043	S2	B		
S1-772266728	S2-79788732	S2	B		
S1-460260387	S3-592310441	S3	D		94.0
S1-314821413	S3-29928593	S3	D		34.0
S1-369116239	S2-723738451	S2	B		
S1-980693507	S3-731000898	S3	B		
S1-351244972	S3-222575315	S3	D		32.0
S1-167683043	S3-324040215	S3	D		53.0
S1-862380219	S2-545871737	S2	E	rank 12 <= topk but missing from candidates	
S1-862380219	S2-368147153	S2	E	rank 26 <= topk but missing from candidates	
S1-862380219	S2-98661904	S2	D		39.0
S1-937220389	S3-479623904	S3	B		
S1-414879420	S2-410550088	S2	B		
S1-172602114	S3-460559854	S3	B		
S1-678160124	S3-881101962	S3	B		
S1-12619158	S3-812860757	S3	B		
S1-439617964	S2-465322269	S2	A		
S1-786605515	S2-312324597	S2	D		37.0
S1-141514530	S3-667840465	S3	B		
S1-931587380	S2-821633531	S2	B		
S1-579822341	S2-941334085	S2	D		37.0
S1-278841656	S3-80050413	S3	B		
S1-595971878	S2-850903364	S2	B		
S1-803690836	S2-565676656	S2	D		37.0
S1-803690836	S3-86685989	S3	B		
S1-578191471	S3-737857127	S3	B		
S1-702749769	S2-590314778	S2	B		
S1-287492203	S2-239136331	S2	B		
S1-287492203	S3-240190476	S3	B		
S1-915294965	S2-16746687	S2	B		
S1-198528987	S2-162737704	S2	A		
S1-852198547	S2-772283337	S2	D		72.0
S1-366235935	S3-880433383	S3	B		
S1-68374533	S2-683599655	S2	B		
S1-975566314	S2-873735401	S2	D		56.0
S1-465391174	S3-974260435	S3	D		38.0
S1-107330855	S3-883735703	S3	A		
S1-74597922	S2-687692828	S2	B		
S1-132958574	S3-500577449	S3	B		
S1-310045799	S2-238182189	S2	B		
S1-398330205	S3-36041919	S3	B		
S1-442077070	S3-946924161	S3	D		48.0
S1-476076669	S3-885929685	S3	D		48.0
S1-839440196	S2-908304285	S2	A		
S1-178782064	S3-137591171	S3	B		
S1-138862306	S3-616711097	S3	B		
S1-502428704	S2-311911478	S2	B		
S1-502428704	S2-540845546	S2	B		
S1-502428704	S3-497655930	S3	B		
S1-92688292	S3-137467483	S3	D		52.0
S1-752576570	S2-795344821	S2	B		
S1-641460909	S2-891959473	S2	B		
S1-704213277	S3-443822524	S3	B		
S1-253129908	S2-443966076	S2	A		
S1-253129908	S3-742344579	S3	A		
S1-602629498	S3-164158326	S3	D		35.0
S1-645205289	S3-729759319	S3	D		43.0
S1-193348150	S3-294173761	S3	B		
S1-193348150	S2-215658306	S2	B		
S1-101918456	S3-776424558	S3	D		53.0
S1-990045572	S3-24437264	S3	D		40.0
S1-397622965	S3-835360897	S3	B		
S1-349957273	S2-419918460	S2	B		
S1-275512633	S2-88274073	S2	B		
S1-329193269	S2-124367730	S2	B		
S1-642888817	S2-190081857	S2	B		
S1-437218447	S3-969202701	S3	B		
S1-17953282	S2-428824023	S2	E	rank 29 <= topk but missing from candidates	
S1-459206958	S3-798472093	S3	D		58.0
S1-628746599	S2-220954826	S2	B		
S1-815702502	S2-627138559	S2	B		
S1-62404783	S2-857062360	S2	B		
S1-331251451	S3-612668310	S3	D		36.0
S1-651007983	S2-481959587	S2	B		
S1-5686065	S2-795355037	S2	B		
S1-881756416	S3-754385208	S3	B		
S1-41537885	S3-370548436	S3	D		44.0
S1-648813522	S3-315795595	S3	B		
S1-513529866	S2-552918538	S2	D		75.0
S1-601496746	S3-269699094	S3	B		
S1-530251227	S3-674421762	S3	B		
S1-123885966	S3-601356076	S3	D		57.0
S1-827237453	S2-500224249	S2	B		
S1-827237453	S2-435208601	S2	B		
S1-97576031	S2-527890642	S2	D		76.0
S1-424235840	S3-151243220	S3	D		65.0
S1-804418556	S2-92697978	S2	B		
S1-513456690	S2-687450306	S2	D		130.0
S1-897299326	S2-558627718	S2	D		46.0
S1-897299326	S3-543077332	S3	B		
S1-897299326	S3-126285425	S3	B		
S1-16420258	S3-864761225	S3	B		
S1-827655400	S3-181830521	S3	D		45.0
S1-719177102	S2-143878587	S2	D		39.0
S1-31463240	S2-772038306	S2	D		94.0
S1-590714494	S2-469218879	S2	B		
S1-491477148	S2-371718854	S2	B		
S1-916653019	S3-546447099	S3	D		65.0
S1-235115579	S3-7681312	S3	E	rank 19 <= topk but missing from candidates	
S1-506209215	S2-358413208	S2	B		
S1-333255949	S3-610873067	S3	B		
S1-206151186	S2-96663199	S2	D		39.0
S1-212822882	S2-78183091	S2	D		62.0
S1-62671692	S3-162754992	S3	B		
S1-448822303	S3-578774640	S3	A		
S1-343486044	S3-92540525	S3	D		46.0
S1-343486044	S3-383705037	S3	D		53.0
S1-214479448	S3-73995716	S3	B		
S1-733212231	S3-545829337	S3	B		
S1-613306924	S3-920731584	S3	B		
S1-869219987	S2-366884505	S2	D		53.0
S1-869219987	S2-372154030	S2	D		37.0
S1-444181936	S3-294931667	S3	B		
S1-444181936	S2-47285659	S2	B		
S1-596078411	S2-26661368	S2	D		47.0
S1-192978286	S2-377201507	S2	B		
S1-813933451	S3-809562622	S3	B		
S1-661446917	S3-106915114	S3	D		84.0
S1-989017219	S2-128155225	S2	D		53.0
S1-941589786	S2-761160428	S2	D		46.0
S1-759614332	S2-118969444	S2	B		
S1-759614332	S2-319137319	S2	B		
S1-63077292	S2-506598793	S2	B		
S1-804284949	S3-821961150	S3	D		42.0
S1-304402031	S3-474174707	S3	B		
S1-257518522	S3-57091573	S3	E	rank 18 <= topk but missing from candidates	
S1-810115684	S3-32284226	S3	B		
S1-170955022	S3-270653613	S3	B		
S1-68671378	S2-13775904	S2	B		
S1-304240957	S2-4474693	S2	B		
S1-627557882	S2-857699854	S2	A		
S1-628848685	S3-453158945	S3	A		
S1-566124030	S3-333010211	S3	B		
S1-615297623	S3-59267258	S3	D		53.0
S1-49871757	S2-23711706	S2	E	rank 12 <= topk but missing from candidates	
S1-960266601	S2-641018236	S2	B		
S1-108879886	S3-749278918	S3	B		
S1-545832784	S3-266851864	S3	D		31.0
S1-251506166	S2-614721384	S2	B		
S1-251506166	S3-123843487	S3	B		
S1-398691238	S2-873279428	S2	D		53.0
S1-960057073	S3-679191163	S3	B		
S1-174253305	S3-493071843	S3	D		37.0
S1-490661309	S2-814371343	S2	B		
S1-221060575	S3-132787927	S3	B		
S1-239529284	S3-842089421	S3	D		34.0
S1-46140002	S3-853870403	S3	A		
S1-964554881	S2-255156450	S2	A		
S1-629282409	S2-13565132	S2	A		
S1-912603779	S3-817054277	S3	D		57.0
S1-461475387	S3-362875294	S3	D		63.0
S1-962668514	S2-282845507	S2	B		
S1-595601170	S3-134139060	S3	B		
S1-530408351	S2-818478060	S2	B		
S1-966458093	S2-599452215	S2	B		
S1-538334819	S2-710790062	S2	A		
S1-242067945	S3-307019565	S3	A		
S1-828381618	S3-520416108	S3	D		34.0
S1-203465497	S3-307618258	S3	D		40.0
S1-423169988	S3-746716207	S3	D		109.0
S1-183250032	S2-965300038	S2	B		
S1-336522235	S2-338971752	S2	B		
S1-426434071	S3-709051174	S3	B		
S1-811355281	S3-470686999	S3	B		
S1-832854361	S3-180053678	S3	D		31.0
S1-333994788	S2-554784136	S2	D		66.0
S1-162266301	S2-975072526	S2	B		
S1-474932376	S3-306427739	S3	B		
S1-275549441	S3-887688231	S3	D		48.0
S1-799148826	S3-449298716	S3	B		
S1-236000393	S2-714029147	S2	B		
S1-646004138	S3-149582632	S3	B		
S1-573244530	S2-555073678	S2	D		43.0
S1-274887046	S2-32210038	S2	D		70.0
S1-274887046	S2-87924862	S2	B		
S1-407885926	S2-625069594	S2	B		
S1-407885926	S2-472646180	S2	B		
S1-334349234	S2-267341771	S2	B		
S1-873597157	S2-299377078	S2	D		41.0
S1-510286592	S2-147945173	S2	B		
S1-940785596	S3-995019663	S3	D		53.0
S1-635587311	S3-635705951	S3	B		
S1-926775544	S3-127206819	S3	B		
S1-130936146	S2-553874637	S2	D		70.0
S1-276842016	S3-197828135	S3	B		
S1-284391649	S3-629300872	S3	A		
S1-284391649	S3-742013419	S3	D		42.0
S1-250606368	S3-172101614	S3	E	rank 28 <= topk but missing from candidates	
S1-577042231	S2-754693493	S2	D		46.0
S1-43952515	S3-741770948	S3	B		
S1-718430257	S3-339666380	S3	E	rank 16 <= topk but missing from candidates	
S1-718430257	S3-94146245	S3	D		61.0
S1-522292443	S2-380286711	S2	B		
S1-59318943	S3-916577890	S3	B		
S1-78566274	S3-44392054	S3	B		
S1-116104048	S3-167370599	S3	A		
S1-360966282	S2-667576516	S2	B		
S1-360966282	S2-372493348	S2	B		
S1-360966282	S2-985699737	S2	B		
S1-466352317	S2-815313427	S2	B		
S1-981284530	S2-306024492	S2	D		35.0
S1-981284530	S3-101367569	S3	D		86.0
S1-504212397	S3-51323905	S3	D		50.0
S1-504212397	S2-735432847	S2	B		
S1-952072843	S2-795474432	S2	B		
S1-835749611	S2-908440268	S2	B		
S1-89446493	S2-483324370	S2	B		
S1-850627203	S3-998626286	S3	D		123.0
S1-850627203	S2-115626818	S2	D		33.0
S1-664015415	S3-336373060	S3	B		
S1-612374000	S3-452775719	S3	B		
S1-487683346	S3-489836690	S3	B		
S1-79217232	S3-117722859	S3	D		57.0
S1-217355548	S3-857316916	S3	B		
S1-375396699	S3-859938039	S3	E	rank 17 <= topk but missing from candidates	
S1-229617165	S2-744238275	S2	B		
S1-42477957	S2-620924465	S2	B		
S1-367712728	S3-66716887	S3	D		86.0
S1-654572775	S2-545333017	S2	B		
S1-730299960	S3-666336895	S3	B		
S1-578847436	S3-409780676	S3	B		
S1-380872581	S3-366795319	S3	D		46.0
S1-871396124	S2-23233080	S2	D		48.0
S1-159025054	S2-353729011	S2	B		
S1-177287495	S2-749871422	S2	B		
S1-177287495	S3-84967673	S3	B		
S1-177287495	S2-450967963	S2	B		
S1-951666770	S2-897516733	S2	B		
S1-499208918	S2-160218437	S2	A		
S1-949289050	S3-723413801	S3	A		
S1-566535364	S3-57331979	S3	B		
S1-138048182	S2-968809489	S2	B		
S1-334676392	S2-780930821	S2	B		
S1-326563499	S3-829448521	S3	B		
S1-682355117	S2-555590470	S2	A		
S1-991531339	S3-934532031	S3	B		
S1-995545230	S3-148828772	S3	D		74.0
S1-655526323	S2-392420506	S2	B		
S1-247837838	S3-661168040	S3	B		
S1-297573505	S3-998921936	S3	B		
S1-883939424	S2-876322285	S2	B		
S1-903294936	S3-757119119	S3	D		36.0
S1-903294936	S3-973909534	S3	D		37.0
S1-579122381	S3-513617572	S3	B		
S1-629613780	S3-2051761	S3	D		36.0
S1-304545032	S2-808005864	S2	B		
S1-691983752	S3-773506561	S3	B		
S1-124357973	S2-491407303	S2	B		
S1-852276830	S2-331869857	S2	A		
S1-525801432	S2-835352943	S2	B		
S1-87876377	S3-672758411	S3	B		
S1-442457295	S3-772028191	S3	B		
S1-550695511	S2-746161970	S2	B		
S1-659452394	S3-714224998	S3	D		62.0
S1-259904689	S3-357703778	S3	D		44.0
S1-731655031	S3-918479473	S3	D		63.0
S1-736680034	S2-915687690	S2	D		39.0
S1-122752807	S3-453752791	S3	D		63.0
S1-13371822	S2-578178122	S2	B		
S1-118891089	S2-126784678	S2	B		
S1-34350738	S2-878182901	S2	B		
S1-509580410	S2-636851122	S2	D		36.0
S1-598497685	S3-471957214	S3	B		
S1-716780705	S3-181813681	S3	B		
S1-871076248	S3-649597608	S3	D		74.0
S1-492901407	S3-939783178	S3	B		
S1-882867031	S2-470698737	S2	D		77.0
S1-842404715	S2-11454292	S2	B		
S1-131376143	S2-43437125	S2	B		
S1-878324898	S2-216997920	S2	B		
S1-623636043	S3-173102737	S3	B		
S1-46198321	S3-81107621	S3	A		
S1-46198321	S3-970000670	S3	A		
S1-822436321	S3-205253723	S3	B		
S1-863117767	S2-370318554	S2	B		
S1-260288281	S3-800328238	S3	B		
S1-726427529	S3-878554119	S3	B		
S1-935468252	S3-55635839	S3	D		43.0
S1-450224916	S3-40592219	S3	A		
S1-596909234	S3-780152856	S3	B		
S1-125525538	S3-102808781	S3	A		
S1-717251877	S2-16990155	S2	B		
S1-844275196	S3-322189484	S3	B		
S1-274900670	S3-780142797	S3	B		
S1-227298039	S2-977923636	S2	B		
S1-708312179	S3-62093779	S3	B		
S1-346643050	S2-116160482	S2	B		
S1-807502923	S3-564430424	S3	B		
S1-602271263	S3-997067416	S3	D		88.0
S1-400118454	S2-256255908	S2	A		
S1-21304833	S3-48859162	S3	B		
S1-431433785	S2-544353876	S2	B		
S1-945601973	S3-648231284	S3	B		
S1-830712054	S3-835945018	S3	B		
S1-830712054	S3-508603032	S3	B		
S1-830712054	S2-489410993	S2	B		
S1-850411326	S3-964523553	S3	D		43.0
S1-228572302	S3-82751195	S3	B		
S1-658182603	S3-141602158	S3	D		33.0
S1-471740107	S2-57519093	S2	B		
S1-471740107	S3-547567425	S3	B		
S1-966960755	S3-799703430	S3	B		
S1-419478415	S3-782446933	S3	B		
S1-584626810	S2-919801759	S2	D		46.0
S1-947322394	S3-619379096	S3	A		
S1-743286543	S3-849414368	S3	D		65.0
S1-437681497	S2-563996173	S2	B		
S1-587673636	S2-542530776	S2	B		
S1-377701525	S2-951402273	S2	A		
S1-377701525	S3-535469642	S3	B		
S1-171113065	S3-181900953	S3	D		34.0
S1-306660741	S3-303264800	S3	B		
S1-306660741	S2-290641524	S2	B		
S1-525669063	S2-135020786	S2	D		98.0
S1-792734487	S2-716573549	S2	B		
S1-374904512	S2-849801292	S2	B		
S1-700017095	S2-350670060	S2	B		
S1-893215643	S2-452490065	S2	A		
S1-969842200	S3-131730474	S3	A		
S1-292877751	S2-113215505	S2	B		
S1-999494086	S2-185162990	S2	B		
S1-50279731	S3-686360778	S3	B		
S1-821262758	S3-132540676	S3	B		
S1-864441571	S2-146598346	S2	B		
S1-810116520	S2-477785276	S2	B		
S1-71169715	S3-323073075	S3	B		
S1-446108084	S2-921296324	S2	B		
S1-446108084	S3-43715388	S3	B		
S1-739903387	S2-551919624	S2	D		115.0
S1-529890724	S3-690830134	S3	B		
S1-529890724	S2-247376744	S2	B		
S1-945987700	S2-579754807	S2	B		
S1-204584712	S3-537220656	S3	D		99.0
S1-644041811	S2-220801243	S2	B		
S1-727607158	S3-80471815	S3	B		
S1-317866391	S2-66073116	S2	B		
S1-997561225	S2-966247643	S2	B		
S1-636765023	S3-562102583	S3	D		36.0
S1-640434680	S3-892575500	S3	D		35.0
S1-496840770	S3-770751510	S3	B		
S1-490509614	S3-771451024	S3	B		
S1-17086041	S2-565649311	S2	B		
S1-334641890	S3-941297924	S3	D		36.0
S1-170579197	S2-62606786	S2	D		70.0
S1-915468921	S2-413362936	S2	B		
S1-798991026	S3-124291400	S3	B		
S1-798991026	S2-13539108	S2	B		
S1-476799876	S3-73095245	S3	E	rank 6 <= topk but missing from candidates	
S1-148647053	S2-743445552	S2	D		38.0
S1-485677790	S3-210146633	S3	A		
S1-671816145	S3-42429923	S3	B		
S1-701134113	S3-743711246	S3	E	rank 21 <= topk but missing from candidates	
S1-988197298	S2-477317863	S2	B		
S1-27151091	S3-28133198	S3	D		63.0
S1-642823744	S2-455178088	S2	B		
S1-530792942	S3-363927673	S3	A		
S1-581050713	S2-322804052	S2	D		31.0
S1-364001702	S2-229086026	S2	D		73.0
S1-444644348	S3-834066056	S3	D		67.0
S1-927333411	S2-966674018	S2	D		48.0
S1-39775061	S3-207843121	S3	A		
S1-267369539	S2-407443447	S2	A		
S1-854959064	S3-987033543	S3	B		
S1-110780598	S2-459573396	S2	A		
S1-110780598	S2-823808112	S2	B		
S1-110780598	S2-280261345	S2	A		
S1-361957650	S2-699766245	S2	B		
S1-361957650	S3-142083058	S3	B		
S1-92571690	S2-29735589	S2	D		104.0
S1-92571690	S3-997360668	S3	D		47.0
S1-588924251	S2-917479814	S2	B		
S1-559729843	S3-485091312	S3	B		
S1-732531949	S2-154608322	S2	B		
S1-674010125	S3-607931364	S3	D		85.0
S1-674010125	S2-320605756	S2	D		47.0
S1-962435808	S3-218840899	S3	B		
S1-651139324	S3-888160147	S3	B		
S1-610502435	S3-725504530	S3	B		
S1-510846073	S2-307118796	S2	D		52.0
S1-187037968	S2-206526038	S2	B		
S1-204815016	S2-861750527	S2	B		
S1-340512033	S3-496808527	S3	D		35.0
S1-993194663	S3-755292315	S3	B		
S1-741937741	S3-740272880	S3	B		
S1-993888091	S2-797942059	S2	B		
S1-993888091	S2-308365923	S2	B		
S1-121475217	S2-248158379	S2	B		
S1-121475217	S2-727277767	S2	B		
S1-625813226	S3-750390056	S3	B		
S1-465566658	S2-432133188	S2	A		
S1-843168520	S3-748409586	S3	B		
S1-814734920	S2-947261406	S2	B		
S1-50088916	S2-845275143	S2	B		
S1-735842329	S3-913194344	S3	E	rank 20 <= topk but missing from candidates	
S1-34271466	S2-254692605	S2	D		85.0
S1-904835791	S2-490676863	S2	B		
S1-999069158	S3-418700034	S3	B		
S1-711235060	S2-546377728	S2	B		
S1-84066211	S2-14925807	S2	D		97.0
S1-128473061	S3-445657923	S3	E	rank 30 <= topk but missing from candidates	
S1-641888913	S3-638344908	S3	B		
S1-339828678	S3-625270553	S3	D		40.0
S1-479500593	S2-337710498	S2	D		36.0
S1-211408403	S2-421126482	S2	B		
S1-735604844	S3-369246096	S3	D		54.0
S1-194633557	S2-600140658	S2	A		
S1-132673291	S2-370662370	S2	B		
S1-940559340	S2-474289563	S2	B		
S1-232685752	S2-192124987	S2	B		
S1-232685752	S2-35036163	S2	B		
S1-30040958	S2-984892830	S2	B		
S1-482637439	S3-981042987	S3	D		63.0
S1-482637439	S3-540440069	S3	D		66.0
S1-707411072	S3-638855637	S3	B		
S1-566725326	S2-568537883	S2	B		
S1-159870299	S3-841120242	S3	B		
S1-14618077	S3-825206037	S3	B		
S1-639544152	S2-211604590	S2	B		
S1-521469780	S2-745103535	S2	A		
S1-521469780	S3-275791471	S3	D		58.0
S1-622809521	S2-702255367	S2	B		
S1-758771738	S3-317378000	S3	B		
S1-143578206	S2-251483775	S2	B		
S1-650311789	S2-66140813	S2	D		67.0
S1-287533645	S2-495504379	S2	B		
S1-560648334	S2-879377154	S2	B		
S1-944210534	S3-157494249	S3	B		
S1-107907330	S2-878415127	S2	B		
S1-73940656	S2-276599628	S2	B		
S1-12917868	S2-328813538	S2	B		
S1-286928920	S2-425624570	S2	B		
S1-596816488	S3-233051653	S3	B		
S1-730324569	S2-819254886	S2	B		
S1-336601180	S3-312106052	S3	B		
S1-53074094	S2-365705760	S2	B		
S1-33639439	S2-368738208	S2	D		57.0
S1-625812635	S3-906924934	S3	B		
S1-518550798	S2-969902412	S2	B		
S1-116483278	S3-657624212	S3	D		48.0
S1-116483278	S3-916065500	S3	D		128.0
S1-116483278	S2-881546463	S2	D		112.0
S1-953857321	S3-138580601	S3	B		
S1-771933460	S3-199056648	S3	D		38.0
S1-472467240	S3-779983100	S3	B		
S1-218452341	S2-383684349	S2	B		
S1-633159277	S3-348283212	S3	B		
S1-269880351	S2-346110735	S2	B		
S1-737349027	S2-906595606	S2	B		
S1-545432855	S3-33255896	S3	B		
S1-565975460	S2-192011214	S2	B		
S1-235793269	S3-276819155	S3	B		
S1-29647158	S3-901024727	S3	B		
S1-570343815	S2-474787175	S2	B		
S1-460982927	S3-53240913	S3	B		
S1-760342412	S2-696075114	S2	D		52.0
S1-504923659	S3-119707935	S3	B		
S1-232194071	S2-839695567	S2	D		89.0
S1-607160064	S3-104860061	S3	B		
S1-792671257	S2-797337509	S2	B		
S1-766729978	S2-493810750	S2	B		
S1-766729978	S2-341580728	S2	D		57.0
S1-261563600	S3-858372827	S3	B		
S1-769266450	S3-504475721	S3	D		66.0
S1-57096441	S3-565899856	S3	B		
S1-616048187	S2-328650175	S2	B		
S1-674069197	S3-172546191	S3	B		
S1-54681776	S3-305022830	S3	E	rank 30 <= topk but missing from candidates	
S1-149042884	S3-239645000	S3	A		
S1-991557555	S3-576223845	S3	B		
S1-522455598	S3-234964898	S3	D		84.0
S1-574616513	S2-926168399	S2	D		64.0
S1-687004504	S2-549454974	S2	B		
S1-687004504	S2-387948988	S2	B		
S1-132438332	S3-843427691	S3	A		
S1-98558593	S3-180218654	S3	D		33.0
S1-98558593	S3-276399631	S3	D		86.0
S1-417606750	S3-273018039	S3	A		
S1-437152393	S3-735770376	S3	D		59.0
S1-65317240	S3-629408838	S3	B		
S1-960004073	S2-989561218	S2	B		
S1-350042029	S3-756636683	S3	B		
S1-355633225	S2-999773072	S2	D		61.0
S1-386188127	S3-614673248	S3	B		
S1-556186526	S3-479578740	S3	B		
S1-642044814	S2-861593619	S2	B		
S1-862696563	S2-328356193	S2	A		
S1-921428979	S2-505003601	S2	A		
S1-547008700	S2-112442161	S2	D		94.0
S1-882667163	S2-713657075	S2	B		
S1-670976186	S3-33399207	S3	A		
S1-941869914	S3-623363434	S3	B		
S1-556095702	S2-476146902	S2	B		
S1-535790577	S2-640753281	S2	B		
S1-457425608	S2-542565124	S2	B		
S1-255022439	S3-777793540	S3	B		
S1-185155686	S3-642944139	S3	D		47.0
S1-922164157	S3-992875929	S3	D		33.0
S1-481488469	S2-290981017	S2	B		
S1-790779430	S2-955122021	S2	A		
S1-845823397	S3-851602584	S3	B		
S1-442793867	S3-52936292	S3	B		
S1-925265846	S2-854068530	S2	B		
S1-969999574	S2-129359983	S2	B		
S1-612026277	S3-833095957	S3	B		
S1-320928515	S2-105158299	S2	B		
S1-193827527	S2-151677972	S2	B		
S1-840730525	S2-656098508	S2	D		40.0
S1-840730525	S2-265390559	S2	D		41.0
S1-987925949	S3-471485593	S3	B		
S1-987925949	S3-872316411	S3	B		
S1-655902608	S2-116040574	S2	B		
S1-828675149	S3-866785125	S3	A		
S1-432542475	S3-498051050	S3	A		
S1-990703262	S2-987792786	S2	B		
S1-990703262	S3-168739157	S3	B		
S1-77328389	S2-468314528	S2	B		
S1-108075925	S2-787094048	S2	B		
S1-42421240	S2-944340535	S2	B		
S1-826055745	S3-911695387	S3	B		
S1-960338135	S3-216394230	S3	B		
S1-932013407	S3-664722841	S3	D		33.0
S1-319177710	S2-768119769	S2	B		
S1-682909851	S3-161415181	S3	B		
S1-924697499	S3-229491234	S3	D		59.0
S1-887209795	S3-584098880	S3	B		
S1-782500940	S2-996697494	S2	B		
S1-782500940	S2-250352950	S2	A		
S1-782500940	S2-251281277	S2	B		
S1-312269197	S3-877776546	S3	D		132.0
S1-21963167	S3-312152422	S3	B		
S1-834256609	S3-658894682	S3	B		
S1-609841142	S2-676380513	S2	B		
S1-840028044	S2-252151033	S2	B		
S1-190318688	S3-852836600	S3	B		
S1-442864443	S2-982439600	S2	B		
S1-394364904	S2-670594619	S2	B		
S1-317176868	S2-827932242	S2	B		
S1-867852411	S2-429260967	S2	D		59.0
S1-503867700	S3-937960301	S3	B		
S1-232702934	S3-557506581	S3	B		
S1-836717807	S3-793885003	S3	D		50.0
S1-820812395	S2-168069018	S2	B		
S1-858360329	S3-201526663	S3	D		53.0
S1-391787539	S3-331878926	S3	B		
S1-391787539	S3-437620542	S3	B		
S1-988526257	S2-854283549	S2	B		
S1-988526257	S2-968247775	S2	D		37.0
S1-782661781	S2-813766035	S2	B		
S1-815832760	S3-576300002	S3	B		
S1-649240494	S3-765901653	S3	B		
S1-923423972	S2-775738231	S2	D		57.0
S1-151144835	S2-796712365	S2	B		
S1-329292820	S2-667206048	S2	B		
S1-273603385	S3-600583288	S3	D		91.0
S1-385685824	S2-689799038	S2	D		44.0
S1-715282015	S2-320774806	S2	B		
S1-960390090	S3-507165810	S3	B		
S1-448275454	S2-178328383	S2	B		
S1-100242465	S2-629194757	S2	B		
S1-736587695	S2-482707915	S2	B		
S1-660317411	S3-521304430	S3	B		
S1-177938704	S3-156090366	S3	B		
S1-573731152	S3-767233144	S3	D		64.0
S1-372587287	S3-488962495	S3	B		
S1-16871021	S3-366340433	S3	D		41.0
S1-16871021	S2-251401382	S2	A		
S1-556149484	S2-180171771	S2	B		
S1-367233010	S2-327739974	S2	B		
S1-963050856	S3-399387449	S3	B		
S1-107239732	S3-813882538	S3	B		
S1-156986337	S3-313217600	S3	E	rank 13 <= topk but missing from candidates	
S1-235917600	S2-334517760	S2	B		
S1-892502210	S2-583456801	S2	B		
S1-177469099	S2-299059663	S2	B		
S1-80158105	S3-195379079	S3	B		
S1-987053638	S2-330984673	S2	B		
S1-147256222	S2-293996180	S2	B		
S1-279241484	S3-370918466	S3	B		
S1-303171093	S2-178478804	S2	D		144.0
S1-303171093	S2-567128147	S2	D		138.0
S1-685093696	S3-439504303	S3	D		58.0
S1-262848316	S3-801657607	S3	B		
S1-925783851	S3-97485665	S3	B		
S1-577170022	S3-683730039	S3	E	rank 12 <= topk but missing from candidates	
S1-580621092	S3-226618713	S3	D		34.0
S1-169535130	S3-868092792	S3	D		35.0
S1-458610502	S3-375618642	S3	D		60.0
S1-291564516	S3-479544466	S3	D		61.0
S1-439868203	S2-392082111	S2	B		
S1-361845470	S3-250431288	S3	B		
S1-911161985	S3-176860668	S3	D		96.0
S1-462707236	S3-603633213	S3	A		
S1-727297457	S3-492056796	S3	B		
S1-221866690	S3-500509006	S3	B		
S1-842786797	S2-927957877	S2	B		
S1-843183894	S3-225506413	S3	B		
S1-646967794	S3-221383264	S3	D		65.0
S1-651639568	S2-213904782	S2	D		96.0
S1-651639568	S2-91126038	S2	D		87.0
S1-694742905	S2-861024356	S2	B		
S1-694742905	S3-260501237	S3	B		
S1-441862673	S2-465341814	S2	B		
S1-489769433	S2-550505115	S2	D		49.0
S1-489769433	S3-440469040	S3	D		48.0
S1-579267995	S2-837000995	S2	B		
S1-969941040	S2-901893818	S2	B		
S1-878809022	S2-30505746	S2	D		45.0
S1-269046235	S3-330164099	S3	E	rank 17 <= topk but missing from candidates	
S1-615892953	S3-470175535	S3	B		
S1-792156352	S2-855584455	S2	D		45.0
S1-555738675	S2-151049206	S2	B		
S1-840058889	S3-729730891	S3	A		
S1-723755332	S2-156303392	S2	B		
S1-666053669	S3-15250392	S3	B		
S1-642342818	S2-549914137	S2	B		
S1-273833451	S2-677205138	S2	B		
S1-157231123	S3-626959341	S3	B		
S1-58813473	S3-760043371	S3	D		38.0
S1-709874112	S2-423273908	S2	B		
S1-795502617	S2-902823911	S2	B		
S1-886108666	S2-413964400	S2	D		49.0
S1-853356288	S2-193504829	S2	B		
S1-616151478	S3-51157859	S3	E	rank 16 <= topk but missing from candidates	
S1-548896026	S2-826021775	S2	B		
S1-346651475	S2-357793577	S2	D		51.0
S1-675486099	S3-329563366	S3	D		95.0
S1-7282517	S2-702646683	S2	B		
S1-658421704	S2-111489035	S2	B		
S1-430297142	S2-253889173	S2	D		93.0
S1-914050271	S3-281946766	S3	B		
S1-785540577	S3-384059000	S3	D		47.0
S1-771263131	S3-998122591	S3	D		42.0
S1-334895548	S3-372072014	S3	B		
S1-85707400	S2-193632638	S2	B		
S1-614538636	S3-823955906	S3	A		
S1-557694256	S3-651901372	S3	D		49.0
S1-891834755	S3-69082469	S3	D		48.0
S1-488642055	S2-817507365	S2	B		
S1-763359465	S2-756884902	S2	B		
S1-383929113	S2-655935449	S2	B		
S1-939573988	S3-70103770	S3	B		
S1-939573988	S3-277457367	S3	B		
S1-298438839	S2-211305183	S2	B		
S1-380572851	S2-624824081	S2	B		
S1-315612593	S3-549085316	S3	B		
S1-365682059	S3-139330319	S3	E	rank 13 <= topk but missing from candidates	
S1-365682059	S2-767741944	S2	D		54.0
S1-840895173	S3-170611696	S3	D		108.0
S1-623911124	S2-952363947	S2	B		
S1-988902377	S2-539250686	S2	D		91.0
S1-563197787	S3-315694536	S3	D		85.0
S1-332489060	S2-542044665	S2	A		
S1-448028251	S3-874516354	S3	B		
S1-832704467	S3-289928571	S3	D		51.0
S1-251753860	S3-642500692	S3	B		
S1-342308946	S2-729398863	S2	D		82.0
S1-342308946	S2-224276172	S2	B		
S1-716283829	S2-794838049	S2	B		
S1-817277159	S2-341069356	S2	D		96.0
S1-219660711	S3-685660527	S3	A		
S1-803247052	S2-748809741	S2	A		
S1-938553415	S2-744930022	S2	B		
S1-26707685	S2-172545568	S2	D		33.0
S1-872663801	S2-596704241	S2	B		
S1-125020804	S2-906050486	S2	B		
S1-459079236	S3-736988588	S3	B		
S1-459079236	S3-812582175	S3	B		
S1-422745699	S3-277112989	S3	A		
S1-153965420	S3-499603708	S3	D		78.0
S1-541816388	S2-173399153	S2	D		71.0
S1-314454787	S2-388084376	S2	D		37.0
S1-314454787	S2-673979190	S2	D		36.0
S1-478750920	S2-965393854	S2	B		
S1-970722164	S3-665934833	S3	A		
S1-390873472	S3-719641005	S3	B		
S1-479382446	S2-47578184	S2	A		
S1-405821950	S2-415501981	S2	D		77.0
S1-933727350	S2-135602640	S2	D		38.0
S1-622133800	S2-894196687	S2	B		
S1-19250100	S3-387109323	S3	B		
S1-255733293	S3-355580735	S3	B		
S1-213006064	S3-658337523	S3	B		
S1-649759583	S2-718042575	S2	B		
S1-550133969	S2-525470403	S2	B		
S1-390116856	S2-800579524	S2	E	rank 30 <= topk but missing from candidates	
S1-833816603	S3-114057923	S3	D		49.0
S1-293535750	S3-134667805	S3	B		
S1-814314775	S3-677198592	S3	D		45.0
S1-552896603	S3-585168734	S3	B		
S1-922296379	S2-763236166	S2	D		50.0
S1-581901847	S3-123365010	S3	B		
S1-544353288	S2-804394240	S2	B		
S1-861836959	S2-323690100	S2	B		
S1-290223893	S3-813695693	S3	A		
S1-478382126	S2-286390372	S2	B		
S1-622904602	S2-803265236	S2	B		
S1-986104706	S2-158888173	S2	B		
S1-115231140	S3-937488962	S3	B		
S1-945708159	S2-967066186	S2	B		
S1-480439342	S3-166637315	S3	B		
S1-409314437	S3-612447211	S3	B		
S1-408037899	S3-953555383	S3	D		32.0
S1-816033527	S2-665030649	S2	B		
S1-153274835	S3-547998791	S3	D		53.0
S1-103645202	S2-604717678	S2	B		
S1-767258847	S2-966741667	S2	D		66.0
S1-44764748	S3-57829742	S3	B		
S1-680469148	S2-417047313	S2	B		
S1-323218499	S2-672283736	S2	B		
S1-588803912	S2-538725169	S2	B		
S1-550735615	S3-227917939	S3	B		
S1-743667166	S3-691198714	S3	B		
S1-29444216	S2-971715208	S2	B		
S1-455476074	S3-367322118	S3	B		
S1-266066419	S2-204984267	S2	A		
S1-746793475	S2-607623674	S2	B		
S1-607348765	S2-840715321	S2	B		
S1-162281342	S2-46985459	S2	E	rank 9 <= topk but missing from candidates	
S1-52606827	S2-342878373	S2	A		
S1-226833945	S3-789099034	S3	D		79.0
S1-846307935	S3-934429303	S3	B		
S1-489201552	S3-462264206	S3	B		
S1-466701330	S3-902233107	S3	B		
S1-697707477	S2-390891994	S2	B		
S1-697707477	S3-45764960	S3	D		31.0
S1-9531341	S3-535232412	S3	B		
S1-628137978	S2-519517458	S2	D		86.0
S1-638607257	S2-443327476	S2	B		
S1-73497866	S3-402235365	S3	B		
S1-642839034	S3-669484203	S3	B		
S1-390563384	S3-655599477	S3	B		
S1-923403560	S3-992903694	S3	E	rank 26 <= topk but missing from candidates	
S1-207881464	S2-926498764	S2	B		
S1-773160627	S3-250885359	S3	D		134.0
S1-143706951	S2-163107366	S2	B		
S1-707408403	S2-814190078	S2	A		
S1-37895089	S3-970562811	S3	D		34.0
S1-453966192	S2-745798541	S2	B		
S1-423420679	S3-109499994	S3	D		43.0
S1-834255891	S2-757147994	S2	A		
S1-620599197	S2-426572059	S2	B		
S1-725424879	S2-227208356	S2	B		
S1-217401236	S3-648222568	S3	D		107.0
S1-812264797	S2-873935961	S2	B		
S1-961464595	S3-908808080	S3	E	rank 4 <= topk but missing from candidates	
S1-273644395	S3-942077125	S3	B		
S1-174931958	S3-820952809	S3	D		60.0
S1-954289001	S2-713714375	S2	B		
S1-32096872	S3-790146319	S3	D		49.0
S1-32096872	S3-626685381	S3	D		48.0
S1-654845539	S3-996262760	S3	B		
S1-137469288	S3-826540731	S3	A		
S1-302890149	S3-179292423	S3	D		94.0
S1-796975952	S3-854556135	S3	D		54.0
S1-608886432	S3-988071205	S3	D		33.0
S1-587782228	S2-241770604	S2	E	rank 30 <= topk but missing from candidates	
S1-546776571	S2-654941235	S2	B		
S1-649406892	S2-149789083	S2	B		
S1-196943867	S2-813651785	S2	D		60.0
S1-883058385	S3-265261882	S3	B		
S1-859177307	S3-457456443	S3	D		55.0
S1-605162981	S3-700215492	S3	D		58.0
S1-605162981	S3-209193796	S3	D		32.0
S1-580924963	S2-411108607	S2	D		43.0
S1-137949529	S3-734817469	S3	B		
S1-806453045	S2-583336136	S2	B		
S1-295020477	S3-239356901	S3	D		52.0
S1-363594207	S3-18097026	S3	E	rank 17 <= topk but missing from candidates	
S1-517190425	S2-144184333	S2	B		
S1-36520005	S2-839128938	S2	B		
S1-564190319	S3-336958287	S3	B		
S1-563388631	S3-9122243	S3	D		94.0
S1-242420946	S3-454225285	S3	D		64.0
S1-633720359	S3-543807467	S3	B		
S1-617177282	S2-279796335	S2	B		
S1-401300437	S3-362015002	S3	D		57.0
S1-460910085	S2-562745713	S2	B		
S1-638293272	S2-620261773	S2	B		
S1-638293272	S2-847358887	S2	D		60.0
S1-757090615	S2-410722906	S2	B		
S1-330288706	S3-175611511	S3	A		
S1-795343296	S3-613125646	S3	D		154.0
S1-244586960	S2-837082115	S2	D		128.0
S1-816454489	S2-153583463	S2	B		
S1-171045210	S3-151555098	S3	B		
S1-171045210	S3-163842529	S3	A		
S1-997238194	S3-940982648	S3	D		40.0
S1-902688388	S2-86617958	S2	B		
S1-668450738	S3-204613980	S3	B		
S1-133035000	S2-269142227	S2	B		
S1-816121329	S2-80128282	S2	B		
S1-232179038	S3-68068714	S3	D		93.0
S1-546531804	S3-100706808	S3	B		
S1-522416694	S2-253755355	S2	B		
S1-587970493	S2-871056914	S2	D		36.0
S1-596230295	S2-271426511	S2	B		
S1-112299011	S2-71090845	S2	A		
S1-119058338	S2-191889098	S2	B		
S1-353359550	S3-714171419	S3	D		124.0
S1-819692099	S3-449959997	S3	D		125.0
S1-500420008	S2-463477298	S2	D		57.0
S1-223533176	S3-386723587	S3	B		
S1-387001097	S3-334378117	S3	B		
S1-343473280	S2-468161645	S2	B		
S1-359560080	S2-635168794	S2	B		
S1-575709000	S3-619233244	S3	B		
S1-575709000	S2-611912681	S2	B		
S1-813643430	S2-797408545	S2	D		48.0
S1-869287996	S2-79026100	S2	A		
S1-516855209	S2-481297465	S2	D		44.0
S1-516855209	S3-327526299	S3	B		
S1-423610784	S2-143125046	S2	D		36.0
S1-206938596	S3-803012138	S3	B		
S1-935853036	S3-280468327	S3	B		
S1-533499122	S3-418334638	S3	B		
S1-342863745	S3-454275461	S3	B		
S1-16526239	S2-504314333	S2	D		32.0
S1-785109772	S3-11531177	S3	D		59.0
S1-785109772	S2-365443948	S2	D		52.0
S1-218137356	S3-726777179	S3	B		
S1-218137356	S3-192435860	S3	B		
S1-779771367	S3-148748734	S3	D		47.0
S1-779771367	S2-440262392	S2	A		
S1-165512771	S2-642873240	S2	B		
S1-816992181	S3-838041753	S3	B		
S1-834203757	S3-79387347	S3	D		35.0
S1-474289524	S2-369002902	S2	B		
S1-208360600	S3-813197799	S3	D		39.0
S1-96387031	S3-558247356	S3	A		
S1-297569039	S2-719933946	S2	B		
S1-792024853	S3-755355932	S3	D		35.0
S1-728839790	S2-672502074	S2	B		
S1-220901938	S3-903186615	S3	B		
S1-419227579	S2-334824135	S2	D		69.0
S1-669921703	S3-327666042	S3	B		
S1-669921703	S2-167755909	S2	D		40.0
S1-437290404	S2-393734720	S2	B		
S1-437290404	S2-678784022	S2	B		
S1-184555909	S3-990283552	S3	B		
S1-864438291	S3-712737042	S3	B		
S1-864438291	S2-56384811	S2	B		
S1-655648045	S2-847171021	S2	E	rank 28 <= topk but missing from candidates	
S1-919289384	S2-293991392	S2	B		
S1-355825506	S2-374947851	S2	B		
S1-895216997	S2-223007384	S2	B		
S1-895216997	S3-583164648	S3	B		
S1-895216997	S3-684544109	S3	B		
S1-1104364	S3-39013596	S3	B		
S1-1104364	S2-169493552	S2	B		
S1-585224440	S3-165029624	S3	B		
S1-331405087	S2-839313194	S2	D		36.0
S1-135840557	S3-666403991	S3	B		
S1-872615936	S3-95289793	S3	B		
S1-242679852	S2-228677597	S2	B		
S1-381139619	S2-830994490	S2	A		
S1-599369235	S3-566258969	S3	D		58.0
S1-712564886	S3-908391590	S3	B		
S1-738533026	S2-373278762	S2	D		40.0
S1-355671854	S2-627938324	S2	D		103.0
S1-808069371	S3-673371668	S3	A		
S1-622439163	S3-595182334	S3	D		34.0
S1-652268393	S3-706955538	S3	B		
S1-956482416	S3-995285110	S3	B		
S1-861475764	S2-730970460	S2	B		
S1-683385853	S2-71531762	S2	A		
S1-871868678	S2-953605953	S2	B		
S1-222548757	S2-360684895	S2	B		
S1-245851932	S3-328595469	S3	B		
S1-991395115	S3-578516069	S3	D		85.0
S1-991395115	S2-74656053	S2	D		83.0
S1-991395115	S3-466387716	S3	D		82.0
S1-538658254	S2-774732688	S2	D		45.0
S1-370622475	S3-622673053	S3	B		
S1-533297723	S2-619456009	S2	D		39.0
S1-533297723	S3-480158042	S3	D		34.0
S1-869599973	S3-887397249	S3	D		36.0
S1-91689988	S3-783791627	S3	A		
S1-725686145	S3-97262796	S3	D		53.0
S1-731785677	S2-143440267	S2	B		
S1-955427559	S3-30365732	S3	B		
S1-594728463	S3-815690993	S3	D		75.0
S1-186749051	S3-252319832	S3	B		
S1-944033055	S3-35122807	S3	B		
S1-383536032	S3-685785985	S3	D		61.0
S1-570332063	S2-870683861	S2	B		
S1-43324322	S3-950696309	S3	D		50.0
S1-202267581	S2-387353910	S2	B		
S1-202267581	S3-363182587	S3	B		
S1-696628895	S3-705019704	S3	B		
S1-961614256	S2-835409129	S2	D		31.0
S1-211737492	S2-3830069	S2	B		
S1-885265402	S2-915095655	S2	B		
S1-811143387	S3-800527217	S3	B		
S1-443533422	S2-59956823	S2	D		40.0
S1-554766869	S3-301017467	S3	D		70.0
S1-135008651	S3-185443309	S3	D		59.0
S1-643546445	S3-538637786	S3	D		33.0
S1-859756784	S3-642759626	S3	B		
S1-480414399	S2-111528033	S2	A		
S1-977275150	S3-208116686	S3	B		
S1-509718235	S2-608133959	S2	D		62.0
S1-929414061	S3-945808502	S3	D		43.0
S1-662211737	S2-453928207	S2	B		
S1-54832240	S3-85128985	S3	B		
S1-456217437	S3-26411005	S3	D		33.0
S1-759691171	S3-468692360	S3	B		
S1-181567641	S3-470602516	S3	B		
S1-75503355	S3-356169858	S3	B		
S1-323945542	S3-85754338	S3	B		
S1-426390319	S2-542154575	S2	B		
S1-159660051	S2-490707051	S2	B		
S1-360707842	S3-503448863	S3	B		
S1-6914471	S2-718611965	S2	B		
S1-6914471	S2-527279211	S2	D		40.0
S1-328968942	S2-918445280	S2	B		
S1-280564046	S2-558417272	S2	D		50.0
S1-308817628	S3-836918737	S3	D		46.0
S1-338189231	S3-419746850	S3	E	rank 27 <= topk but missing from candidates	
S1-705026111	S3-47529880	S3	B		
S1-55675520	S2-560354596	S2	B		
S1-337504134	S3-688870041	S3	D		67.0
S1-943652053	S2-981362448	S2	B		
S1-770729960	S2-864128970	S2	A		
S1-435314007	S3-672944357	S3	B		
S1-355685172	S2-463135251	S2	B		
S1-350803232	S3-51611200	S3	B		
S1-350803232	S2-203099942	S2	D		63.0
S1-42700848	S2-265963871	S2	B		
S1-42700848	S3-759971438	S3	B		
S1-524243028	S2-456365499	S2	D		62.0
S1-295690511	S2-927482274	S2	A		
S1-542850300	S2-639653633	S2	B		
S1-736686038	S2-33156089	S2	D		37.0
S1-399812631	S2-995517140	S2	B		
S1-23182114	S3-240572757	S3	B		
S1-23182114	S3-408795579	S3	B		
S1-703414861	S3-12056388	S3	D		34.0
S1-369617998	S3-388593331	S3	A		
S1-369617998	S3-959934702	S3	A		
S1-819341431	S2-871030322	S2	B		
S1-542569764	S2-574836403	S2	B		
S1-542569764	S2-98095299	S2	B		
S1-542569764	S2-944130104	S2	B		
S1-471910238	S2-871642407	S2	D		69.0
S1-870169500	S3-509995325	S3	B		
S1-790262598	S3-392512539	S3	E	rank 20 <= topk but missing from candidates	
S1-897642667	S2-288766272	S2	B		
S1-40470747	S3-87499553	S3	D		58.0
S1-166236062	S2-887436616	S2	D		110.0
S1-617761390	S3-818601298	S3	B		
S1-617761390	S3-938135096	S3	B		
S1-781978775	S3-621766089	S3	B		
S1-36033776	S3-132606253	S3	B		
S1-399073953	S2-753731338	S2	E	rank 29 <= topk but missing from candidates	
S1-315380037	S3-343511211	S3	D		34.0
S1-306163035	S3-540356199	S3	D		41.0
S1-221710833	S2-684457608	S2	D		74.0
S1-221710833	S3-393434750	S3	D		44.0
S1-469937409	S2-237628284	S2	B		
S1-227229651	S3-917400857	S3	D		62.0
S1-44353059	S3-352120982	S3	D		68.0
S1-35633086	S3-93634370	S3	D		46.0
S1-517343753	S3-175446157	S3	B		
S1-637160617	S2-585910974	S2	B		
S1-430116631	S3-465578598	S3	B		
S1-429698902	S2-532492750	S2	D		37.0
S1-429698902	S3-603680142	S3	A		
S1-298356859	S3-708238995	S3	D		31.0
S1-222580018	S2-471653116	S2	D		33.0
S1-825473441	S2-413591749	S2	B		
S1-454812080	S2-963901162	S2	B		
S1-273062073	S3-365401649	S3	B		
S1-334039773	S3-303651166	S3	D		92.0
S1-497793200	S3-796001362	S3	B		
S1-104649301	S2-29477137	S2	B		
S1-306176221	S3-776238185	S3	D		44.0
S1-466252866	S2-620266605	S2	B		
S1-712244749	S3-508485633	S3	B		
S1-362911243	S2-775844535	S2	B		
S1-63887491	S3-979676865	S3	B		
S1-536812435	S2-830649900	S2	A		
S1-558123269	S2-425108012	S2	D		33.0
S1-756084237	S3-427219703	S3	A		
S1-261242558	S3-866438514	S3	B		
S1-36211433	S3-776800894	S3	E	rank 30 <= topk but missing from candidates	
S1-667996147	S3-205253266	S3	E	rank 16 <= topk but missing from candidates	
S1-432181293	S2-544266877	S2	B		
S1-432181293	S2-418652113	S2	B		
S1-432181293	S2-271765090	S2	B		
S1-717998918	S3-329371006	S3	B		
S1-822995592	S2-137487178	S2	B		
S1-930528869	S2-69867676	S2	B		
S1-375662900	S2-555826443	S2	B		
S1-497477692	S3-403986395	S3	D		41.0
S1-153156955	S3-971089448	S3	B		
S1-495386742	S2-351857151	S2	D		34.0
S1-364220507	S3-415736973	S3	B		
S1-729743963	S2-717951185	S2	D		31.0
S1-379909434	S3-298999233	S3	E	rank 28 <= topk but missing from candidates	
S1-299120608	S3-924358831	S3	D		130.0
S1-595170238	S2-756404315	S2	B		
S1-595170238	S2-164438052	S2	D		45.0
S1-411968934	S2-366946297	S2	D		37.0
S1-599683062	S3-489178919	S3	D		56.0
S1-417559084	S3-215878356	S3	D		90.0
S1-490534912	S3-136044341	S3	A		
S1-29461917	S3-85116636	S3	B		
S1-962816670	S3-858760923	S3	A		
S1-250866691	S2-686351252	S2	B		
S1-682928763	S2-632346759	S2	A		
S1-236178120	S3-200760767	S3	B		
S1-118867599	S3-37328368	S3	B		
S1-591881089	S2-204814408	S2	A		
S1-744588232	S2-658358807	S2	B		
S1-218226493	S2-868496255	S2	E	rank 21 <= topk but missing from candidates	
S1-762315462	S2-468660450	S2	B		
S1-26426762	S3-605362790	S3	A		
S1-76045798	S3-695241935	S3	B		
S1-415571347	S3-632108058	S3	B		
S1-16532664	S2-18304406	S2	A		
S1-944506536	S2-44999219	S2	D		61.0
S1-208104351	S3-721506557	S3	B		
S1-378979442	S2-143516152	S2	E	rank 15 <= topk but missing from candidates	
S1-466441007	S2-495067470	S2	A		
S1-293247408	S3-825851392	S3	B		
S1-574071560	S2-122567476	S2	D		58.0
S1-801370521	S3-566488937	S3	B		
S1-688351915	S2-385547169	S2	B		
S1-296223564	S3-160271322	S3	D		38.0
S1-387083276	S3-71531021	S3	D		55.0
S1-896086782	S3-899846808	S3	B		
S1-896086782	S3-299769995	S3	B		
S1-911541680	S3-307212434	S3	D		91.0
S1-127763851	S2-539507153	S2	D		32.0
S1-341790413	S3-46356245	S3	B		
S1-35397031	S3-835423888	S3	B		
S1-896455323	S3-976686047	S3	A		
S1-845840482	S2-523595846	S2	D		43.0
S1-325439804	S2-740571572	S2	D		107.0
S1-325439804	S2-551906313	S2	D		36.0
S1-929425565	S3-135115733	S3	E	rank 19 <= topk but missing from candidates	
S1-929425565	S3-666268737	S3	E	rank 20 <= topk but missing from candidates	
S1-925078648	S3-801015649	S3	D		41.0
S1-94302422	S3-906683840	S3	A		
S1-359608082	S3-421878616	S3	B		
S1-15145070	S2-319249638	S2	D		53.0
S1-200376189	S2-104598897	S2	E	rank 27 <= topk but missing from candidates	
S1-129052206	S2-385606672	S2	B		
S1-195550298	S2-831171653	S2	D		95.0
S1-299471084	S2-829443779	S2	B		
S1-218444771	S2-176904896	S2	B		
S1-26013170	S2-177824301	S2	B		
S1-616465875	S2-350258807	S2	B		
S1-868037745	S2-69862501	S2	B		
S1-688362390	S3-691929913	S3	B		
S1-344648086	S3-654742165	S3	B		
S1-836440846	S2-752933366	S2	B		
S1-608429496	S2-510710488	S2	D		56.0
S1-800948524	S2-513683787	S2	B		
S1-577697311	S3-174401581	S3	B		
S1-789020142	S2-881570474	S2	B		
S1-729528052	S3-904522422	S3	E	rank 22 <= topk but missing from candidates	
S1-729528052	S2-971696336	S2	D		33.0
S1-169278581	S3-864828326	S3	B		
S1-740096397	S3-289255025	S3	B		
S1-57372336	S2-567429298	S2	B		
S1-69424857	S3-304693100	S3	A		
S1-706390555	S3-982034052	S3	A		
S1-688809729	S2-18746337	S2	D		88.0
S1-705971471	S2-257458652	S2	B		
S1-448900446	S2-722881835	S2	B		
S1-711874693	S2-760996298	S2	D		47.0
S1-919801695	S2-860716139	S2	B		
S1-649038957	S3-181424949	S3	D		67.0
S1-818463290	S3-92764855	S3	B		
S1-325319258	S3-859667761	S3	B		
S1-33398807	S3-545820036	S3	D		66.0
S1-804400462	S3-139721177	S3	D		52.0
S1-815372536	S3-654774711	S3	B		
S1-419255113	S2-115526460	S2	E	rank 27 <= topk but missing from candidates	
S1-419255113	S3-503132842	S3	D		32.0
S1-162509168	S2-900724218	S2	B		
S1-257460460	S3-408307564	S3	B		
S1-48350732	S3-698682851	S3	B		
S1-385297173	S3-477288735	S3	B		
S1-718508218	S2-506964924	S2	B		
S1-752821458	S2-58613325	S2	D		42.0
S1-752821458	S2-178171575	S2	D		43.0
S1-788637605	S2-937673288	S2	D		138.0
S1-977884435	S3-810365767	S3	B		
S1-454073394	S2-805289398	S2	B		
S1-454073394	S2-575436074	S2	A		
S1-843322317	S2-761883729	S2	B		
S1-843322317	S3-986843092	S3	B		
S1-828619995	S3-45292719	S3	B		
S1-570607597	S3-489318148	S3	D		52.0
S1-577142541	S2-695995297	S2	B		
S1-568366357	S3-61070636	S3	B		
S1-261924071	S3-473783617	S3	B		
S1-102747990	S2-131024101	S2	B		
S1-981903799	S2-922176186	S2	B		
S1-913040169	S3-516377427	S3	E	rank 30 <= topk but missing from candidates	
S1-710590651	S3-400096763	S3	B		
S1-196452603	S3-248500066	S3	B		
S1-66174044	S3-786257702	S3	B		
S1-730249338	S3-704005897	S3	B		
S1-496425537	S3-562260482	S3	D		62.0
S1-95059540	S2-658758861	S2	B		
S1-134512560	S2-132183792	S2	B		
S1-664779268	S3-538826041	S3	D		98.0
S1-580446497	S2-893315017	S2	A		
S1-580446497	S3-944117233	S3	A		
S1-829074527	S3-625136578	S3	D		62.0
S1-574095903	S3-558799800	S3	E	rank 20 <= topk but missing from candidates	
S1-420926867	S2-372051403	S2	B		
S1-214876719	S3-785724340	S3	B		
S1-785826303	S2-516886361	S2	D		38.0
S1-538320134	S2-387980167	S2	A		
S1-548014944	S2-380659500	S2	B		
S1-836990474	S2-531535072	S2	D		47.0
S1-82946972	S3-552569375	S3	B		
S1-82946972	S2-361583329	S2	B		
S1-725104464	S3-421632991	S3	D		52.0
S1-725104464	S3-740146555	S3	D		51.0
S1-63694024	S2-957378396	S2	B		
S1-467565104	S2-984293164	S2	B		
S1-660184162	S2-203038249	S2	B		
S1-146441732	S3-420690160	S3	B		
S1-775616578	S2-802323673	S2	A		
S1-128799093	S2-696398807	S2	D		53.0
S1-764558605	S3-393341055	S3	B		
S1-45496049	S3-871465536	S3	D		68.0
S1-158407838	S2-836701022	S2	B		
S1-158407838	S2-376238211	S2	B		
S1-21616653	S3-720906574	S3	B		
S1-24393084	S2-609488676	S2	B		
S1-67244899	S2-698669270	S2	B		
S1-215517804	S3-209969303	S3	E	rank 21 <= topk but missing from candidates	
S1-465771424	S3-468147664	S3	D		40.0
S1-782597466	S3-124254388	S3	D		42.0
S1-239769759	S2-528375887	S2	B		
S1-260792998	S3-633458160	S3	D		58.0
S1-818668647	S3-442335398	S3	B		
S1-818668647	S2-59990269	S2	B		
S1-425468612	S2-544978954	S2	B		
S1-983063483	S2-898742524	S2	E	rank 21 <= topk but missing from candidates	
S1-102042596	S2-894238218	S2	B		
S1-175845434	S2-933466701	S2	D		125.0
S1-221202526	S3-253959307	S3	E	rank 20 <= topk but missing from candidates	
S1-630661074	S2-909104730	S2	B		
S1-801013779	S3-168104266	S3	D		106.0
S1-740183519	S2-97987476	S2	A		
S1-622951926	S2-413272184	S2	B		
S1-622951926	S3-561991927	S3	B		
S1-622951926	S2-665260405	S2	B		
S1-159649047	S3-358439386	S3	B		
S1-125358994	S2-20785270	S2	B		
S1-332898031	S3-408248924	S3	B		
S1-884030563	S2-225587678	S2	B		
S1-922176794	S3-457270738	S3	B		
S1-193133043	S3-576625890	S3	B		
S1-372996096	S2-29503196	S2	B		
S1-386200384	S3-274649642	S3	D		31.0
S1-386200384	S2-569565565	S2	D		32.0
S1-910513965	S2-81893503	S2	B		
S1-527887458	S2-321849204	S2	D		51.0
S1-655115918	S3-155873705	S3	B		
S1-29611794	S3-560635546	S3	B		
S1-583487132	S3-475907187	S3	B		
S1-447526644	S2-25440037	S2	B		
S1-920102929	S2-759238272	S2	B		
S1-976587241	S2-538956800	S2	B		
S1-939588003	S2-749408794	S2	D		89.0
S1-290614956	S3-677640827	S3	A		
S1-235693984	S3-105813999	S3	B		
S1-299991753	S3-865995559	S3	B		
S1-515616760	S3-465050773	S3	B		
S1-709473449	S2-583684791	S2	B		
S1-596708658	S2-560765882	S2	B		
S1-876956631	S3-153858013	S3	B		
S1-166799229	S3-383696369	S3	D		40.0
S1-201956712	S2-514910737	S2	D		39.0
S1-127305071	S2-45153043	S2	D		54.0
S1-974294232	S2-467991476	S2	B		
S1-405049291	S2-119364169	S2	B		
S1-534859724	S2-842979245	S2	B		
S1-573133231	S3-726467438	S3	D		38.0
S1-28563667	S3-565341090	S3	B		
S1-198790550	S2-376612582	S2	D		132.0
S1-198790550	S2-74844165	S2	D		131.0
S1-198790550	S3-384739385	S3	D		130.0
S1-198790550	S3-416563049	S3	B		
S1-618442687	S3-254182497	S3	D		34.0
S1-745435093	S3-92490963	S3	A		
S1-568532837	S2-670299076	S2	B		
S1-618487569	S2-99043929	S2	D		122.0
S1-754855212	S2-525736903	S2	B		
S1-754855212	S3-981053113	S3	E	rank 28 <= topk but missing from candidates	
S1-689088868	S3-754806446	S3	A		
S1-533282833	S3-548813694	S3	A		
S1-94265346	S3-894544774	S3	A		
S1-59511141	S2-712532258	S2	B		
S1-200828502	S2-655675970	S2	B		
S1-466171354	S2-397425220	S2	D		35.0
S1-423187307	S2-442920868	S2	A		
S1-211127258	S3-346210565	S3	D		33.0
S1-766244638	S2-355107026	S2	D		41.0
S1-147545705	S3-775368593	S3	B		
S1-531803359	S3-45474359	S3	B		
S1-153268223	S3-118391840	S3	B		
S1-205591657	S2-301253994	S2	B		
S1-414922032	S3-562603846	S3	B		
S1-821120151	S3-716998597	S3	A		
S1-428763274	S3-441096812	S3	E	rank 27 <= topk but missing from candidates	
S1-764915625	S2-959557033	S2	A		
S1-764915625	S3-405205449	S3	D		39.0
S1-614314956	S3-206873954	S3	B		
S1-577109074	S2-291878354	S2	B		
S1-151984672	S2-564342624	S2	D		33.0
S1-144755551	S3-926079605	S3	B		
S1-745568670	S3-155328885	S3	A		
S1-888413391	S3-893954136	S3	D		62.0
S1-888413391	S2-658917535	S2	D		34.0
S1-322758837	S3-159363091	S3	B		
S1-891181128	S3-419705939	S3	B		
S1-891181128	S3-735142845	S3	B		
S1-938964243	S2-926790290	S2	D		40.0
S1-282134476	S2-26405234	S2	B		
S1-559698332	S3-961348069	S3	B		
S1-636977386	S3-233840252	S3	B		
S1-829903185	S3-55146317	S3	B		
S1-607392198	S3-294734124	S3	D		87.0
S1-333229766	S3-463289372	S3	B		
S1-755143601	S3-503715613	S3	B		
S1-755143601	S3-295033397	S3	B		
S1-555203016	S3-766432751	S3	B		
S1-287216381	S2-174077743	S2	E	rank 28 <= topk but missing from candidates	
S1-287216381	S2-554548015	S2	B		
S1-103249709	S3-454842639	S3	B		
S1-95094049	S3-858941274	S3	B		
S1-499709068	S2-468060172	S2	B		
S1-175219313	S2-736468645	S2	B		
S1-89602664	S3-405438847	S3	B		
S1-748368418	S2-566709239	S2	B		
S1-753873804	S3-761441147	S3	A		
S1-344595742	S3-38238258	S3	A		
S1-150883057	S2-9171234	S2	D		55.0
S1-684687937	S3-253462374	S3	B		
S1-84782140	S2-430176640	S2	D		37.0
S1-924525070	S3-495247740	S3	D		113.0
S1-879059592	S3-493717078	S3	D		35.0
S1-879059592	S3-775221515	S3	D		36.0
S1-944811256	S3-147923743	S3	B		
S1-874622693	S3-634448652	S3	E	rank 11 <= topk but missing from candidates	
S1-121505234	S3-482550857	S3	D		54.0
S1-412473937	S2-958446596	S2	D		121.0
S1-412473937	S2-757199637	S2	D		127.0
S1-446443538	S3-261436208	S3	B		
S1-91133430	S3-356819030	S3	D		42.0
S1-231989601	S2-23570188	S2	B		
S1-492605779	S3-927200546	S3	B		
S1-445778999	S3-611161718	S3	E	rank 29 <= topk but missing from candidates	
S1-621534956	S3-764216023	S3	D		93.0
S1-621534956	S3-867951419	S3	E	rank 28 <= topk but missing from candidates	
S1-187765936	S3-243862333	S3	D		41.0
S1-991841534	S2-702056729	S2	B		
S1-200012094	S3-131504001	S3	D		55.0
S1-78983751	S2-487374571	S2	B		
S1-92615138	S2-522477928	S2	B		
S1-500935606	S2-630660950	S2	D		34.0
S1-20321577	S3-424079933	S3	D		33.0
S1-20321577	S3-427320454	S3	B		
S1-876548062	S3-464460386	S3	A		
S1-99044370	S3-211971643	S3	A		
S1-372521211	S2-951584653	S2	B		
S1-372521211	S2-749704392	S2	B		
S1-276736110	S3-69412017	S3	B		
S1-787383129	S3-653174319	S3	B		
S1-889882678	S2-70030199	S2	B		
S1-419823171	S3-487093321	S3	A		
S1-97350403	S3-936799906	S3	B		
S1-311879047	S3-429865938	S3	A		
S1-315007490	S3-872406453	S3	B		
S1-413434154	S3-415705107	S3	B		
S1-114760044	S2-927940603	S2	B		
S1-73505668	S3-338481714	S3	D		36.0
S1-73505668	S3-964990976	S3	D		42.0
S1-363112864	S3-599347442	S3	B		
S1-815167923	S3-19768485	S3	B		
S1-915027693	S2-377825490	S2	B		
S1-660177129	S2-539294558	S2	B		
S1-358654944	S3-172612238	S3	D		31.0
S1-310926303	S3-243632899	S3	B		
S1-261592389	S3-767302452	S3	B		
S1-770095773	S2-666683864	S2	B		
S1-23650091	S3-196765584	S3	D		39.0
S1-468388827	S3-78835471	S3	A		
S1-463113159	S3-723075368	S3	D		34.0
S1-463113159	S2-668603182	S2	B		
S1-463113159	S2-136311424	S2	E	rank 9 <= topk but missing from candidates	
S1-242913191	S2-244903132	S2	D		70.0
S1-906785429	S3-361150100	S3	D		38.0
S1-578077507	S3-344103405	S3	D		88.0
S1-564878909	S2-914826896	S2	B		
S1-634528782	S2-521260647	S2	B		
S1-634528782	S3-217955163	S3	B		
S1-900765788	S3-142968225	S3	B		
S1-804948942	S2-338657140	S2	B		
S1-196703769	S3-577422675	S3	B		
S1-267022340	S2-667811823	S2	A		
S1-235831333	S2-991518386	S2	B		
S1-914166053	S3-232319241	S3	D		33.0
S1-325559197	S2-393718292	S2	B		
S1-2125838	S2-180006868	S2	D		32.0
S1-2125838	S3-832034482	S3	D		33.0
S1-2125838	S2-71701682	S2	D		31.0
S1-752079871	S2-183510536	S2	D		42.0
S1-520530464	S2-145899043	S2	B		
S1-390767605	S3-437560235	S3	D		96.0
S1-965229369	S2-551245207	S2	E	rank 16 <= topk but missing from candidates	
S1-238080343	S2-566916844	S2	B		
S1-537403569	S3-554933663	S3	B		
S1-537403569	S3-666328793	S3	B		
S1-847276833	S3-939149589	S3	B		
S1-817989659	S3-97909993	S3	B		
S1-817989659	S2-587356121	S2	D		55.0
S1-513109825	S2-640461986	S2	E	rank 18 <= topk but missing from candidates	
S1-710310219	S3-953241035	S3	D		87.0
S1-54980417	S3-374448290	S3	B		
S1-492454924	S3-139619438	S3	B		
S1-7953143	S3-461285275	S3	B		
S1-536191758	S3-350229844	S3	B		
S1-238199897	S2-342791344	S2	B		
S1-463940536	S2-935721546	S2	B		
S1-892719236	S2-256693325	S2	D		70.0
S1-143852568	S3-988106458	S3	B		
S1-843877892	S2-514997001	S2	D		73.0
S1-140298538	S2-604152098	S2	D		69.0
S1-407272732	S3-690646534	S3	D		41.0
S1-761600598	S3-964363321	S3	B		
S1-793449862	S2-113721781	S2	B		
S1-921485577	S2-189288205	S2	B		
S1-408335204	S3-597747226	S3	D		124.0
S1-198188040	S2-921653119	S2	D		88.0
S1-629902174	S3-999392691	S3	A		
S1-63997827	S3-277211273	S3	B		
S1-507896351	S3-164706287	S3	B		
S1-913117945	S2-991099782	S2	E	rank 19 <= topk but missing from candidates	
S1-822268160	S2-121141312	S2	D		90.0
S1-713955813	S3-633075517	S3	D		33.0
S1-72437385	S2-245640903	S2	B		
S1-779139071	S3-193667035	S3	D		44.0
S1-637003341	S2-172501408	S2	A		
S1-452778113	S3-110876308	S3	B		
S1-839263119	S2-360742493	S2	B		
S1-953999898	S2-69463848	S2	D		48.0
S1-435670831	S3-407168151	S3	E	rank 30 <= topk but missing from candidates	
S1-891120644	S3-535146696	S3	D		73.0
S1-735492000	S2-150530560	S2	D		38.0
S1-794313636	S2-624828132	S2	B		
S1-772349100	S2-862554590	S2	B		
S1-975657527	S3-812960924	S3	B		
S1-856860206	S2-151748454	S2	B		
S1-60434003	S3-937788882	S3	B		
S1-943379804	S2-364276370	S2	B		
S1-604629040	S2-929155214	S2	B		
S1-720380525	S2-648497992	S2	D		36.0
S1-811231106	S2-328882008	S2	B		
S1-203263169	S3-826883646	S3	B		
S1-260938353	S3-913562129	S3	B		
S1-928003170	S2-356585452	S2	B		
S1-127875812	S3-517973558	S3	B		
S1-127875812	S2-338556967	S2	B		
S1-795475895	S2-22116616	S2	B		
S1-97941861	S3-231296477	S3	B		
S1-97941861	S2-967240268	S2	B		
S1-36839473	S3-913279833	S3	B		
S1-933760172	S3-958930106	S3	B		
S1-375406269	S2-234585302	S2	D		96.0
S1-458534248	S3-466716372	S3	D		57.0
S1-960123264	S2-496107141	S2	A		
S1-100496516	S3-910134432	S3	D		31.0
S1-290958949	S2-822031592	S2	B		
S1-958936474	S2-574993070	S2	E	rank 20 <= topk but missing from candidates	
S1-958936474	S2-858615206	S2	D		38.0
S1-937469771	S3-157802588	S3	B		
S1-677007231	S2-847394024	S2	B		
S1-865631374	S3-627600308	S3	B		
S1-865631374	S2-719569568	S2	D		122.0
S1-41855336	S2-291431599	S2	B		
S1-174754477	S3-120363647	S3	D		45.0
S1-127148535	S3-846771280	S3	D		40.0
S1-990490368	S3-171371649	S3	B		
S1-558166565	S2-268636389	S2	A		
S1-456475713	S2-984714252	S2	B		
S1-410513622	S3-833702055	S3	B		
S1-102990534	S3-83563365	S3	B		
S1-808157112	S2-702670732	S2	D		53.0
S1-102493035	S2-112531767	S2	D		86.0
S1-789544388	S3-627044523	S3	D		69.0
S1-623941375	S3-866931739	S3	D		46.0
S1-623941375	S3-458222425	S3	D		45.0
S1-856345108	S2-929330019	S2	D		34.0
S1-788487990	S3-488130921	S3	E	rank 28 <= topk but missing from candidates	
S1-59014161	S3-405236829	S3	B		
S1-845226955	S2-489356029	S2	B		
S1-831995933	S2-279413333	S2	B		
S1-302362735	S2-509125248	S2	D		73.0
S1-880440523	S2-795414452	S2	B		
S1-905643546	S3-2986374	S3	B		
S1-905643546	S3-940760240	S3	B		
S1-172671081	S2-388372102	S2	D		31.0
S1-195059493	S2-304094129	S2	B		
S1-476334504	S2-31583862	S2	D		46.0
S1-427641727	S3-209804966	S3	B		
S1-354364962	S2-261332513	S2	A		
S1-354364962	S2-541563671	S2	E	rank 4 <= topk but missing from candidates	
S1-232581802	S3-493070158	S3	B		
S1-547160871	S3-243204304	S3	D		31.0
S1-547160871	S2-560823013	S2	E	rank 30 <= topk but missing from candidates	
S1-47058669	S3-511497318	S3	D		83.0
S1-385128326	S2-953534533	S2	D		32.0
S1-385128326	S2-202659055	S2	B		
S1-283700313	S2-421717417	S2	A		
S1-450943682	S3-497824413	S3	B		
S1-651798742	S3-565584744	S3	B		
S1-660194803	S3-744192277	S3	D		51.0
S1-936335718	S2-587476379	S2	B		
S1-513085101	S2-632977880	S2	D		38.0
S1-512829085	S2-40015161	S2	B		
S1-575007695	S3-135890586	S3	B		
S1-575007695	S2-987657466	S2	A		
S1-573804015	S2-667072929	S2	D		38.0
S1-30792730	S3-596512060	S3	B		
S1-638179248	S2-690518872	S2	A		
S1-836825191	S3-499608736	S3	A		
S1-26031483	S2-767819301	S2	A		
S1-615653006	S3-394709818	S3	D		49.0
S1-274228712	S3-620581332	S3	B		
S1-658820313	S2-467847657	S2	B		
S1-253839272	S3-848069783	S3	D		70.0
S1-253839272	S2-988300125	S2	D		33.0
S1-45584785	S2-51775602	S2	D		39.0
S1-330305458	S2-378693402	S2	B		
S1-158157925	S2-490930194	S2	B		
S1-896288816	S2-191442869	S2	B		
S1-462009696	S3-979434812	S3	D		44.0
S1-331218790	S3-173765416	S3	B		
S1-900991869	S2-367779311	S2	D		32.0
S1-577114600	S2-575173799	S2	A		
S1-232226739	S3-547681088	S3	D		56.0
S1-325285989	S3-750485417	S3	D		32.0
S1-475390916	S3-337386795	S3	A		
S1-475390916	S2-5055743	S2	B		
S1-142724707	S3-119589382	S3	A		
S1-356580139	S3-146002671	S3	B		
S1-356580139	S3-912251007	S3	B		
S1-812267872	S2-164047492	S2	B		
S1-110587800	S3-684364033	S3	E	rank 26 <= topk but missing from candidates	
S1-519317075	S2-739612920	S2	D		33.0
S1-519317075	S2-357704461	S2	D		32.0
S1-247951871	S3-220844838	S3	B		
S1-894671532	S2-409399773	S2	D		79.0
S1-266816475	S2-829488517	S2	B		
S1-645102243	S2-852499470	S2	B		
S1-951429494	S3-901635030	S3	B		
S1-679314857	S2-434041077	S2	A		
S1-798329016	S2-655787507	S2	B		
S1-287165669	S3-953202817	S3	B		
S1-911276563	S2-424677825	S2	D		34.0
S1-621084436	S3-272665607	S3	B		
S1-264207998	S2-653439383	S2	B		
S1-264207998	S3-71752873	S3	B		
S1-683198427	S3-687865051	S3	D		36.0
S1-683198427	S3-612845405	S3	D		42.0
S1-641429635	S2-988832596	S2	B		
S1-6978955	S3-259107273	S3	B		
S1-419801792	S3-523748445	S3	B		
S1-369532350	S2-89131942	S2	B		
S1-517293852	S2-204275214	S2	A		
S1-120807300	S3-519846382	S3	D		34.0
S1-448070437	S3-549906300	S3	B		
S1-691357078	S3-940510017	S3	B		
S1-450479325	S3-888878944	S3	B		
S1-52881575	S3-998415620	S3	B		
S1-631101449	S2-289517949	S2	D		93.0
S1-57039083	S3-475262887	S3	B		
S1-951360061	S2-940960824	S2	B		
S1-238981008	S3-690156791	S3	B		
S1-162638736	S3-649127227	S3	D		90.0
S1-914173395	S2-668834294	S2	B		
S1-165448569	S2-943175617	S2	B		
S1-332420240	S3-78796949	S3	D		51.0
S1-217643866	S3-263429420	S3	D		34.0
S1-621535279	S3-179919368	S3	D		39.0
S1-997062509	S2-602326523	S2	B		
S1-467133590	S2-630381612	S2	E	rank 27 <= topk but missing from candidates	
S1-619578871	S2-211545118	S2	B		
S1-908733103	S2-169841399	S2	B		
S1-932903285	S2-627649654	S2	D		32.0
S1-541363286	S3-267408673	S3	D		31.0
S1-351543981	S2-1628360	S2	B		
S1-660061765	S2-313408404	S2	E	rank 28 <= topk but missing from candidates	
S1-257244766	S2-889686748	S2	B		
S1-202299002	S3-703132482	S3	B		
S1-326322651	S2-462685100	S2	D		57.0
S1-554752209	S2-312440733	S2	E	rank 8 <= topk but missing from candidates	
S1-53677464	S2-940064963	S2	B		
S1-94487329	S3-922955083	S3	D		38.0
S1-94487329	S2-531247695	S2	A		
S1-393617165	S2-923093056	S2	A		
S1-307802828	S2-163676327	S2	B		
S1-823541677	S3-652387360	S3	D		101.0
S1-66900903	S2-259625324	S2	B		
S1-122208946	S3-526093353	S3	D		45.0
S1-530877998	S3-901487915	S3	A		
S1-761084984	S2-776056288	S2	D		137.0
S1-80272310	S2-477976478	S2	A		
S1-529818561	S3-561563794	S3	B		
S1-791264646	S3-477625356	S3	B		
S1-255572011	S2-764504025	S2	D		36.0
S1-8083479	S2-776828576	S2	B		
S1-251731942	S2-252662706	S2	D		42.0
S1-822846467	S2-461140475	S2	A		
S1-822846467	S2-514438160	S2	B		
S1-566854719	S3-382951600	S3	B		
S1-877224603	S2-458907051	S2	B		
S1-363360528	S3-609666599	S3	B		
S1-218764402	S2-177372291	S2	E	rank 15 <= topk but missing from candidates	
S1-18375001	S3-675964558	S3	D		41.0
S1-986917670	S3-671742338	S3	B		
S1-986917670	S3-421122758	S3	B		
S1-986917670	S3-511441979	S3	B		
S1-986917670	S3-345467728	S3	B		
S1-576290230	S3-196618016	S3	B		
S1-410984964	S3-322578619	S3	B		
S1-510944197	S2-705358297	S2	B		
S1-957430331	S2-9794250	S2	D		81.0
S1-686894634	S3-393376131	S3	B		
S1-201538613	S2-773321758	S2	A		
S1-164924148	S2-949490556	S2	D		76.0
S1-164924148	S3-694486299	S3	D		65.0
S1-203976362	S3-925875524	S3	B		
S1-770198254	S3-479742166	S3	B		
S1-770198254	S3-791976182	S3	B		
S1-770198254	S3-505325375	S3	B		
S1-806157325	S3-386803087	S3	A		
S1-230959677	S3-963732558	S3	D		33.0
S1-892358658	S3-78791906	S3	B		
S1-279892405	S2-846105852	S2	B		
S1-711944743	S3-341599831	S3	B		
S1-279699668	S2-714311173	S2	B		
S1-710555	S2-983072904	S2	B		
S1-898298728	S2-794031775	S2	D		33.0
S1-898298728	S2-440424601	S2	B		
S1-686380596	S2-18353562	S2	B		
S1-706536867	S3-503017063	S3	B		
S1-711051679	S2-729269227	S2	B		
S1-53898557	S3-970135965	S3	B		
S1-581379248	S3-583709890	S3	B		
S1-533208854	S3-833362938	S3	B		
S1-533208854	S3-209498575	S3	B		
S1-635926462	S3-970137064	S3	B		
S1-977965469	S3-625531605	S3	D		46.0
S1-851195630	S3-252096019	S3	B		
S1-264645297	S2-714647256	S2	B		
S1-343162429	S2-975607624	S2	D		83.0
S1-492498325	S3-106841341	S3	B		
S1-638120019	S2-389121103	S2	B		
S1-340657103	S3-77386990	S3	D		43.0
S1-440111110	S3-362094262	S3	A		
S1-149676281	S2-681218131	S2	D		46.0
S1-149676281	S3-974283237	S3	B		
S1-90288441	S2-963397256	S2	D		43.0
S1-155058470	S2-283648233	S2	B		
S1-140536623	S2-169085344	S2	B		
S1-585115495	S2-974129574	S2	B		
S1-923539239	S3-76036999	S3	B		
S1-827473783	S2-94157531	S2	B		
S1-771634343	S2-680721057	S2	B		
S1-362774984	S2-342239377	S2	D		57.0
S1-621700721	S3-42495020	S3	D		78.0
S1-381066747	S3-677436920	S3	B		
S1-938963129	S3-934241620	S3	E	rank 17 <= topk but missing from candidates	
S1-102395927	S3-411787810	S3	B		
S1-304282645	S2-208800865	S2	B		
S1-300158504	S3-324633718	S3	D		52.0
S1-111741067	S2-804860764	S2	A		
S1-111741067	S2-940121883	S2	B		
S1-414621967	S3-398005008	S3	D		42.0
S1-150587215	S3-415164289	S3	B		
S1-15742669	S3-875939554	S3	D		65.0
S1-578534998	S2-277898183	S2	D		52.0
S1-286704844	S2-607143963	S2	A		
S1-715606520	S2-723955281	S2	D		97.0
S1-484087823	S2-687245111	S2	B		
S1-242490204	S2-789181521	S2	B		
S1-661493443	S3-697858501	S3	D		77.0
S1-191049408	S3-318127514	S3	D		35.0
S1-814049342	S3-820936546	S3	B		
S1-336822452	S3-409020267	S3	B		
S1-380570910	S2-918945939	S2	B		
S1-899275442	S2-836847762	S2	D		59.0
S1-499550026	S3-747211757	S3	B		
S1-400444898	S2-631418699	S2	B		
S1-75927199	S3-764824113	S3	B		
S1-272026110	S3-135813954	S3	B		
S1-562590774	S3-421661460	S3	B		
S1-732030052	S3-788415545	S3	B		
S1-561651141	S3-625459175	S3	B		
S1-856557019	S3-311887207	S3	A		
S1-43713452	S3-526460656	S3	B		
S1-190775314	S3-798209601	S3	B		
S1-908064901	S2-134640288	S2	B		
S1-908064901	S3-437992604	S3	B		
S1-747199666	S3-463304447	S3	B		
S1-942064473	S2-332279338	S2	A		
S1-968732863	S2-939380400	S2	A		
S1-126705316	S2-130718248	S2	E	rank 28 <= topk but missing from candidates	
S1-358650019	S3-543934982	S3	D		46.0
S1-214344136	S3-330998039	S3	D		38.0
S1-3078265	S2-726848712	S2	D		61.0
S1-963932022	S2-179750781	S2	B		
S1-213731140	S3-514162255	S3	E	rank 8 <= topk but missing from candidates	
S1-918369275	S3-860725622	S3	B		
S1-1347939	S3-798007031	S3	A		
S1-893343436	S3-248178657	S3	B		
S1-107040812	S2-521828916	S2	D		136.0
S1-107040812	S3-900236892	S3	D		127.0
S1-701137366	S3-183254150	S3	E	rank 16 <= topk but missing from candidates	
S1-800839910	S2-996049968	S2	A		
S1-912567761	S2-626021259	S2	D		167.0
S1-10161003	S3-616392155	S3	B		
S1-92593214	S2-193595031	S2	B		
S1-280104120	S2-110907659	S2	D		81.0
S1-580849782	S3-709707351	S3	D		60.0
S1-580849782	S3-10805487	S3	D		55.0
S1-432733231	S3-324432564	S3	D		33.0
S1-241912503	S2-762497938	S2	B		
S1-652522448	S3-205365193	S3	B		
S1-874075982	S3-549446909	S3	B		
S1-768069349	S2-502986230	S2	B		
S1-869160411	S3-491886165	S3	D		45.0
S1-799652967	S2-264765152	S2	B		
S1-799652967	S2-895007720	S2	B		
S1-818611851	S2-59289477	S2	B		
S1-861674540	S3-452140648	S3	B		
S1-861674540	S3-59196725	S3	B		
S1-708557281	S2-422513700	S2	B		
S1-178147296	S2-876770828	S2	D		35.0
S1-178147296	S2-181106182	S2	D		47.0
S1-940581005	S2-749232206	S2	B		
S1-153678844	S2-270572009	S2	B		
S1-838555120	S3-368697931	S3	E	rank 9 <= topk but missing from candidates	
S1-147239243	S3-908712145	S3	A		
S1-88044513	S2-985241338	S2	D		63.0
S1-724711196	S3-93892964	S3	D		64.0
S1-21718249	S2-973262085	S2	B		
S1-984264530	S2-282190230	S2	B		
S1-579451181	S3-244082054	S3	B		
S1-290823411	S2-198673000	S2	B		
S1-435220355	S2-244646452	S2	A		
S1-302049707	S2-459970672	S2	A		
S1-862938886	S3-854780470	S3	A		
S1-569164792	S2-709687150	S2	E	rank 25 <= topk but missing from candidates	
S1-114187605	S2-951196842	S2	B		
S1-9131771	S3-912155673	S3	D		55.0
S1-43618141	S2-195184047	S2	B		
S1-449542061	S2-984614681	S2	D		44.0
S1-29430275	S2-863784287	S2	B		
S1-336832137	S3-661154988	S3	B		
S1-336832137	S2-436707053	S2	B		
S1-301358966	S3-467276640	S3	B		
S1-301358966	S2-704195036	S2	B		
S1-670376220	S3-754369048	S3	D		44.0
S1-638128667	S3-246730943	S3	B		
S1-375851835	S3-821309336	S3	E	rank 10 <= topk but missing from candidates	
S1-266125558	S2-694448928	S2	D		61.0
S1-373008754	S2-662167100	S2	B		
S1-79138568	S2-490886099	S2	B		
S1-828643846	S3-850240923	S3	E	rank 18 <= topk but missing from candidates	
S1-424420176	S2-289559372	S2	D		93.0
S1-359862114	S2-234755617	S2	D		47.0
S1-567687664	S2-386546714	S2	B		
S1-941472266	S3-354472404	S3	A		
S1-915782418	S3-696975296	S3	D		31.0
S1-726310413	S2-8963342	S2	B		
S1-63726913	S2-313538431	S2	B		
S1-42689111	S2-723401593	S2	B		
S1-42689111	S3-749809952	S3	A		
S1-736450934	S3-480651160	S3	D		61.0
S1-892902845	S3-99298069	S3	B		
S1-861990421	S3-514060934	S3	B		
S1-913519291	S3-247641114	S3	D		58.0
S1-161243886	S2-817929113	S2	B		
S1-692062721	S3-500573443	S3	B		
S1-965611000	S3-956191267	S3	B		
S1-652615985	S3-891572192	S3	B		
S1-950428805	S2-994267794	S2	D		101.0
S1-687149682	S3-212729536	S3	B		
S1-579837763	S2-990819346	S2	B		
S1-770313032	S2-134015925	S2	B		
S1-518294011	S3-962877211	S3	B		
S1-570343869	S3-95095718	S3	E	rank 23 <= topk but missing from candidates	
S1-774615961	S2-352517890	S2	D		81.0
S1-338352408	S3-254668482	S3	A		
S1-230616528	S2-11457408	S2	A		
S1-996608764	S2-921767019	S2	B		
S1-730878753	S2-969318582	S2	B		
S1-309489569	S3-446690847	S3	B		
S1-10657463	S3-900306528	S3	B		
S1-562160660	S2-623028935	S2	B		
S1-61637876	S2-515970269	S2	B		
S1-592557775	S2-861122516	S2	B		
S1-940866007	S2-248954982	S2	B		
S1-7677835	S2-500950400	S2	A		
S1-7677835	S2-202128899	S2	B		
S1-805995112	S3-173962018	S3	B		
S1-911960508	S2-850543550	S2	A		
S1-438369096	S2-137598434	S2	B		
S1-6544796	S3-882567535	S3	B		
S1-784762920	S2-358280663	S2	B		
S1-991612308	S2-177805434	S2	A		
S1-628232236	S3-773094080	S3	D		47.0
S1-573393897	S2-227317729	S2	B		
S1-966442525	S3-401198827	S3	B		
S1-104076062	S3-770161112	S3	B		
S1-347029049	S2-214703297	S2	A		
S1-347029049	S3-644588919	S3	A		
S1-748090950	S2-26897882	S2	A		
S1-789456696	S2-535681166	S2	B		
S1-808004495	S3-736221239	S3	D		33.0
S1-897287491	S3-431463924	S3	B		
S1-791728068	S3-942572378	S3	D		36.0
S1-791728068	S2-58356163	S2	D		35.0
S1-188150912	S2-251320733	S2	B		
S1-206882759	S2-138998356	S2	A		
S1-796444101	S2-822608560	S2	D		43.0
S1-922101199	S3-108962431	S3	B		
S1-10320668	S3-34878182	S3	D		126.0
S1-10320668	S3-18847577	S3	D		129.0
S1-548435355	S3-484673311	S3	D		36.0
S1-635906901	S2-552696559	S2	B		
S1-635906901	S2-96015053	S2	B		
S1-652723555	S2-682295073	S2	B		
S1-300372095	S2-267428307	S2	B		
S1-403434160	S3-372049445	S3	D		42.0
S1-348688231	S3-707090898	S3	B		
S1-928846805	S3-324968306	S3	E	rank 24 <= topk but missing from candidates	
S1-712160441	S3-171656870	S3	D		34.0
S1-62732397	S2-154471209	S2	B		
S1-62732397	S2-882628436	S2	B		
S1-540340069	S3-198197673	S3	B		
S1-916556210	S3-555785502	S3	D		73.0
S1-998460007	S3-766790535	S3	B		
S1-630614146	S2-245047726	S2	B		
S1-311649536	S3-971886149	S3	E	rank 18 <= topk but missing from candidates	
S1-795488019	S3-38145893	S3	B		
S1-688973338	S3-919953435	S3	B		
S1-350148513	S3-544377231	S3	B		
S1-744019483	S2-79532255	S2	D		64.0
S1-545295221	S3-331293000	S3	D		40.0
S1-253188201	S2-688773365	S2	B		
S1-253188201	S3-325656896	S3	B		
S1-69351686	S2-659572841	S2	A		
S1-731055844	S2-908823169	S2	D		53.0
S1-730885501	S3-426535779	S3	B		
S1-346075372	S2-161839193	S2	B		
S1-266857168	S2-489535272	S2	B		
S1-266857168	S2-287743466	S2	B		
S1-41518327	S2-743394598	S2	B		
S1-690101290	S2-644950545	S2	D		48.0
S1-452139107	S3-883844831	S3	B		
S1-926060319	S2-834200309	S2	B		
S1-386609814	S2-119760832	S2	B		
S1-429580416	S3-188089485	S3	E	rank 21 <= topk but missing from candidates	
S1-142319771	S2-776525295	S2	B		
S1-862316231	S2-974008640	S2	B		
S1-862316231	S3-513371249	S3	D		46.0
S1-727094178	S2-563827380	S2	D		52.0
S1-698245376	S3-775667985	S3	B		
S1-834564068	S2-304172858	S2	B		
S1-696735376	S2-558863871	S2	B		
S1-400648521	S2-791724097	S2	B		
S1-926259997	S2-62200054	S2	D		59.0
S1-691825160	S2-127317055	S2	A		
S1-884125630	S3-319382696	S3	B		
S1-914282565	S2-865072107	S2	B		
S1-645681091	S2-116383975	S2	B		
S1-169829439	S2-271042498	S2	A		
S1-527868977	S2-485997739	S2	B		
S1-532029056	S2-578743508	S2	D		52.0
S1-532029056	S3-349577057	S3	D		53.0
S1-971988808	S3-412629425	S3	D		59.0
S1-112921375	S3-427464304	S3	B		
S1-969165789	S3-518340683	S3	D		41.0
S1-681321807	S2-211648641	S2	D		37.0
S1-51868160	S3-745440375	S3	D		33.0
S1-262925774	S2-610444201	S2	D		61.0
S1-40000597	S3-726509000	S3	A		
S1-376880764	S3-179193198	S3	B		
S1-667045037	S2-795043526	S2	D		56.0
S1-667045037	S2-771392755	S2	D		46.0
S1-410469617	S3-866696719	S3	B		
S1-878203864	S3-525451399	S3	D		46.0
S1-293330440	S3-96382926	S3	B		
S1-732363495	S2-380668437	S2	B		
S1-474645317	S3-249805278	S3	B		
S1-445489897	S2-983022260	S2	B		
S1-445489897	S2-649272755	S2	B		
S1-445489897	S3-220697325	S3	D		53.0
S1-442301863	S2-17720705	S2	E	rank 14 <= topk but missing from candidates	
S1-131615183	S3-894336039	S3	D		32.0
S1-79971297	S2-869364288	S2	B		
S1-309057383	S3-4061514	S3	B		
S1-309592781	S3-673884976	S3	B		
S1-548772592	S2-770655456	S2	B		
S1-196337828	S2-296218169	S2	B		
S1-514915611	S2-594316380	S2	D		33.0
S1-377851558	S3-239678869	S3	B		
S1-707620539	S3-854197187	S3	B		
S1-314699983	S2-782391488	S2	D		40.0
S1-538655920	S2-586501531	S2	D		50.0
S1-602090404	S2-355441626	S2	A		
S1-516540160	S2-975123298	S2	D		42.0
S1-516540160	S2-703127913	S2	D		43.0
S1-16757504	S2-16414958	S2	A		
S1-462859063	S2-698004178	S2	A		
S1-875584779	S3-648498224	S3	B		
S1-54348244	S2-671136274	S2	B		
S1-234382569	S2-195610348	S2	B		
S1-753668166	S3-604598175	S3	B		
S1-958041831	S3-44461936	S3	B		
S1-751315364	S3-405534734	S3	E	rank 29 <= topk but missing from candidates	
S1-383457419	S2-424879290	S2	B		
S1-889348689	S3-923914830	S3	E	rank 29 <= topk but missing from candidates	
S1-443609055	S2-295072911	S2	B		
S1-234828339	S2-66366280	S2	B		
S1-230328606	S2-788078405	S2	B		
S1-557965008	S3-733346626	S3	D		41.0
S1-750765384	S3-538211263	S3	D		45.0
S1-164672500	S3-435101066	S3	D		37.0
S1-928533303	S3-937996064	S3	B		
S1-745287242	S3-253871455	S3	B		
S1-918521241	S2-481629662	S2	D		60.0
S1-44469179	S3-385161656	S3	E	rank 24 <= topk but missing from candidates	
S1-224510186	S2-258925376	S2	D		35.0
S1-775336616	S3-14219290	S3	B		
S1-980599014	S2-733603	S2	B		
S1-353546431	S3-892365797	S3	B		
S1-605771087	S3-725426484	S3	B		
S1-605771087	S2-990854024	S2	D		46.0
S1-322825932	S2-482388088	S2	D		41.0
S1-935775346	S2-621908482	S2	B		
S1-189947337	S3-677740143	S3	B		
S1-453193090	S3-625391530	S3	D		74.0
S1-136146379	S3-137039792	S3	B		
S1-787326788	S3-664065693	S3	D		76.0
S1-301797468	S3-167269882	S3	E	rank 28 <= topk but missing from candidates	
S1-61201439	S3-444467523	S3	E	rank 27 <= topk but missing from candidates	
S1-920252057	S2-77014213	S2	D		41.0
S1-798019344	S2-611129824	S2	A		
S1-651251709	S2-152046015	S2	B		
S1-308456038	S2-479357477	S2	D		42.0
S1-308456038	S2-616968102	S2	D		41.0
S1-892434807	S2-182520603	S2	D		65.0
S1-892434807	S3-628625195	S3	B		
S1-723854177	S2-8053134	S2	B		
S1-441193178	S3-674135809	S3	B		
S1-854883309	S3-890879466	S3	B		
S1-780900141	S3-342285948	S3	B		
S1-664723096	S2-863243430	S2	D		44.0
S1-598130073	S3-177677991	S3	B		
S1-434771685	S2-935362660	S2	B		
S1-323199115	S2-544055539	S2	B		
S1-888153384	S3-565240821	S3	D		55.0
S1-99408373	S3-680005306	S3	D		32.0
S1-306438299	S3-659281425	S3	D		71.0
S1-945243516	S2-772541286	S2	B		
S1-395040317	S2-698169177	S2	B		
S1-527005348	S3-579118541	S3	B		
S1-624693230	S2-976889941	S2	D		51.0
S1-311861298	S2-225991221	S2	D		36.0
S1-311861298	S2-971293910	S2	D		35.0
S1-200879028	S2-378649862	S2	A		
S1-808606264	S3-198195068	S3	D		40.0
S1-5782158	S3-920492055	S3	B		
S1-293968490	S3-630137358	S3	D		77.0
S1-283504150	S3-718399727	S3	B		
S1-395392840	S3-91829443	S3	A		
S1-344478871	S2-488114341	S2	A		
S1-537544945	S2-108775436	S2	D		46.0
S1-537544945	S3-938067852	S3	D		45.0
S1-480243216	S2-107453476	S2	D		46.0
S1-783273331	S3-191219779	S3	E	rank 13 <= topk but missing from candidates	
S1-604632145	S2-779504391	S2	B		
S1-813169993	S2-19162108	S2	D		83.0
S1-744457055	S3-330373445	S3	D		70.0
S1-744457055	S3-45505564	S3	B		
S1-290997831	S2-699321380	S2	D		128.0
S1-192921267	S2-565035668	S2	D		39.0
S1-444404668	S3-750318270	S3	B		
S1-535448342	S2-864642606	S2	A		
S1-287070983	S3-315935693	S3	B		
S1-712609482	S3-759226686	S3	B		
S1-206578410	S3-635893504	S3	B		
S1-76153898	S3-107425578	S3	D		68.0
S1-190749200	S3-944952179	S3	E	rank 13 <= topk but missing from candidates	
S1-969994413	S3-481748159	S3	D		64.0
S1-376868539	S3-526873494	S3	D		93.0
S1-206017073	S2-278856325	S2	D		38.0
S1-495685213	S2-532633300	S2	B		
S1-387130385	S2-910720561	S2	B		
S1-958964798	S2-831522058	S2	B		
S1-698278331	S2-156944037	S2	D		54.0
S1-560072248	S2-165141622	S2	B		
S1-28187417	S3-476757114	S3	B		
S1-873820775	S2-978187032	S2	B		
S1-420039402	S3-972857968	S3	B		
S1-420039402	S3-343567764	S3	A		
S1-559340091	S2-598841684	S2	B		
